30000;0;0;0x0000;02 Illegal Data Address
30001;0;0;0x0000;02 Illegal Data Address
30002;0;0;0x0000;02 Illegal Data Address
30003;0;0;0x0000;02 Illegal Data Address
30004;0;0;0x0000;02 Illegal Data Address
30005;0;0;0x0000;02 Illegal Data Address
30006;0;0;0x0000;02 Illegal Data Address
30007;0;0;0x0000;02 Illegal Data Address
30008;0;0;0x0000;02 Illegal Data Address
30009;0;0;0x0000;02 Illegal Data Address
30010;0;0;0x0000;02 Illegal Data Address
30011;0;0;0x0000;02 Illegal Data Address
30012;0;0;0x0000;02 Illegal Data Address
30013;0;0;0x0000;02 Illegal Data Address
30014;0;0;0x0000;02 Illegal Data Address
30015;0;0;0x0000;02 Illegal Data Address
30016;0;0;0x0000;02 Illegal Data Address
30017;0;0;0x0000;02 Illegal Data Address
30018;0;0;0x0000;02 Illegal Data Address
30019;0;0;0x0000;02 Illegal Data Address
30020;0;0;0x0000;02 Illegal Data Address
30021;0;0;0x0000;02 Illegal Data Address
30022;0;0;0x0000;02 Illegal Data Address
30023;0;0;0x0000;02 Illegal Data Address
30024;0;0;0x0000;02 Illegal Data Address
30025;0;0;0x0000;02 Illegal Data Address
30026;0;0;0x0000;02 Illegal Data Address
30027;0;0;0x0000;02 Illegal Data Address
30028;0;0;0x0000;02 Illegal Data Address
30029;0;0;0x0000;02 Illegal Data Address
30030;0;0;0x0000;02 Illegal Data Address
30031;0;0;0x0000;02 Illegal Data Address
30032;0;0;0x0000;02 Illegal Data Address
30033;0;0;0x0000;02 Illegal Data Address
30034;0;0;0x0000;02 Illegal Data Address
30035;0;0;0x0000;02 Illegal Data Address
30036;0;0;0x0000;02 Illegal Data Address
30037;0;0;0x0000;02 Illegal Data Address
30038;0;0;0x0000;02 Illegal Data Address
30039;0;0;0x0000;02 Illegal Data Address
30040;0;0;0x0000;02 Illegal Data Address
30041;0;0;0x0000;02 Illegal Data Address
30042;0;0;0x0000;02 Illegal Data Address
30043;0;0;0x0000;02 Illegal Data Address
30044;0;0;0x0000;02 Illegal Data Address
30045;0;0;0x0000;02 Illegal Data Address
30046;0;0;0x0000;02 Illegal Data Address
30047;0;0;0x0000;02 Illegal Data Address
30048;0;0;0x0000;02 Illegal Data Address
30049;0;0;0x0000;02 Illegal Data Address
30050;0;0;0x0000;02 Illegal Data Address
30051;0;0;0x0000;02 Illegal Data Address
30052;0;0;0x0000;02 Illegal Data Address
30053;0;0;0x0000;02 Illegal Data Address
30054;0;0;0x0000;02 Illegal Data Address
30055;0;0;0x0000;02 Illegal Data Address
30056;0;0;0x0000;02 Illegal Data Address
30057;0;0;0x0000;02 Illegal Data Address
30058;0;0;0x0000;02 Illegal Data Address
30059;0;0;0x0000;02 Illegal Data Address
30060;0;0;0x0000;02 Illegal Data Address
30061;0;0;0x0000;02 Illegal Data Address
30062;0;0;0x0000;02 Illegal Data Address
30063;0;0;0x0000;02 Illegal Data Address
30064;0;0;0x0000;02 Illegal Data Address
30065;0;0;0x0000;02 Illegal Data Address
30066;0;0;0x0000;02 Illegal Data Address
30067;0;0;0x0000;02 Illegal Data Address
30068;0;0;0x0000;02 Illegal Data Address
30069;0;0;0x0000;02 Illegal Data Address
30070;0;0;0x0000;02 Illegal Data Address
30071;0;0;0x0000;02 Illegal Data Address
30072;0;0;0x0000;02 Illegal Data Address
30073;0;0;0x0000;02 Illegal Data Address
30074;0;0;0x0000;02 Illegal Data Address
30075;0;0;0x0000;02 Illegal Data Address
30076;0;0;0x0000;02 Illegal Data Address
30077;0;0;0x0000;02 Illegal Data Address
30078;0;0;0x0000;02 Illegal Data Address
30079;0;0;0x0000;02 Illegal Data Address
30080;0;0;0x0000;02 Illegal Data Address
30081;0;0;0x0000;02 Illegal Data Address
30082;0;0;0x0000;02 Illegal Data Address
30083;0;0;0x0000;02 Illegal Data Address
30084;0;0;0x0000;02 Illegal Data Address
30085;0;0;0x0000;02 Illegal Data Address
30086;0;0;0x0000;02 Illegal Data Address
30087;0;0;0x0000;02 Illegal Data Address
30088;0;0;0x0000;02 Illegal Data Address
30089;0;0;0x0000;02 Illegal Data Address
30090;0;0;0x0000;02 Illegal Data Address
30091;0;0;0x0000;02 Illegal Data Address
30092;0;0;0x0000;02 Illegal Data Address
30093;0;0;0x0000;02 Illegal Data Address
30094;0;0;0x0000;02 Illegal Data Address
30095;0;0;0x0000;02 Illegal Data Address
30096;0;0;0x0000;02 Illegal Data Address
30097;0;0;0x0000;02 Illegal Data Address
30098;0;0;0x0000;02 Illegal Data Address
30099;0;0;0x0000;02 Illegal Data Address
30100;0;0;0x0000;02 Illegal Data Address
30101;0;0;0x0000;02 Illegal Data Address
30102;0;0;0x0000;02 Illegal Data Address
30103;0;0;0x0000;02 Illegal Data Address
30104;0;0;0x0000;02 Illegal Data Address
30105;0;0;0x0000;02 Illegal Data Address
30106;0;0;0x0000;02 Illegal Data Address
30107;0;0;0x0000;02 Illegal Data Address
30108;0;0;0x0000;02 Illegal Data Address
30109;0;0;0x0000;02 Illegal Data Address
30110;0;0;0x0000;02 Illegal Data Address
30111;0;0;0x0000;02 Illegal Data Address
30112;0;0;0x0000;02 Illegal Data Address
30113;0;0;0x0000;02 Illegal Data Address
30114;0;0;0x0000;02 Illegal Data Address
30115;0;0;0x0000;02 Illegal Data Address
30116;0;0;0x0000;02 Illegal Data Address
30117;0;0;0x0000;02 Illegal Data Address
30118;0;0;0x0000;02 Illegal Data Address
30119;0;0;0x0000;02 Illegal Data Address
30120;0;0;0x0000;02 Illegal Data Address
30121;0;0;0x0000;02 Illegal Data Address
30122;0;0;0x0000;02 Illegal Data Address
30123;0;0;0x0000;02 Illegal Data Address
30124;0;0;0x0000;02 Illegal Data Address
30125;0;0;0x0000;02 Illegal Data Address
30126;0;0;0x0000;02 Illegal Data Address
30127;0;0;0x0000;02 Illegal Data Address
30128;0;0;0x0000;02 Illegal Data Address
30129;0;0;0x0000;02 Illegal Data Address
30130;0;0;0x0000;02 Illegal Data Address
30131;0;0;0x0000;02 Illegal Data Address
30132;0;0;0x0000;02 Illegal Data Address
30133;0;0;0x0000;02 Illegal Data Address
30134;0;0;0x0000;02 Illegal Data Address
30135;0;0;0x0000;02 Illegal Data Address
30136;0;0;0x0000;02 Illegal Data Address
30137;0;0;0x0000;02 Illegal Data Address
30138;0;0;0x0000;02 Illegal Data Address
30139;0;0;0x0000;02 Illegal Data Address
30140;0;0;0x0000;02 Illegal Data Address
30141;0;0;0x0000;02 Illegal Data Address
30142;0;0;0x0000;02 Illegal Data Address
30143;0;0;0x0000;02 Illegal Data Address
30144;0;0;0x0000;02 Illegal Data Address
30145;0;0;0x0000;02 Illegal Data Address
30146;0;0;0x0000;02 Illegal Data Address
30147;0;0;0x0000;02 Illegal Data Address
30148;0;0;0x0000;02 Illegal Data Address
30149;0;0;0x0000;02 Illegal Data Address
30150;0;0;0x0000;02 Illegal Data Address
30151;0;0;0x0000;02 Illegal Data Address
30152;0;0;0x0000;02 Illegal Data Address
30153;0;0;0x0000;02 Illegal Data Address
30154;0;0;0x0000;02 Illegal Data Address
30155;0;0;0x0000;02 Illegal Data Address
30156;0;0;0x0000;02 Illegal Data Address
30157;0;0;0x0000;02 Illegal Data Address
30158;0;0;0x0000;02 Illegal Data Address
30159;0;0;0x0000;02 Illegal Data Address
30160;0;0;0x0000;02 Illegal Data Address
30161;0;0;0x0000;02 Illegal Data Address
30162;0;0;0x0000;02 Illegal Data Address
30163;0;0;0x0000;02 Illegal Data Address
30164;0;0;0x0000;02 Illegal Data Address
30165;0;0;0x0000;02 Illegal Data Address
30166;0;0;0x0000;02 Illegal Data Address
30167;0;0;0x0000;02 Illegal Data Address
30168;0;0;0x0000;02 Illegal Data Address
30169;0;0;0x0000;02 Illegal Data Address
30170;0;0;0x0000;02 Illegal Data Address
30171;0;0;0x0000;02 Illegal Data Address
30172;0;0;0x0000;02 Illegal Data Address
30173;0;0;0x0000;02 Illegal Data Address
30174;0;0;0x0000;02 Illegal Data Address
30175;0;0;0x0000;02 Illegal Data Address
30176;0;0;0x0000;02 Illegal Data Address
30177;0;0;0x0000;02 Illegal Data Address
30178;0;0;0x0000;02 Illegal Data Address
30179;0;0;0x0000;02 Illegal Data Address
30180;0;0;0x0000;02 Illegal Data Address
30181;0;0;0x0000;02 Illegal Data Address
30182;0;0;0x0000;02 Illegal Data Address
30183;0;0;0x0000;02 Illegal Data Address
30184;0;0;0x0000;02 Illegal Data Address
30185;0;0;0x0000;02 Illegal Data Address
30186;0;0;0x0000;02 Illegal Data Address
30187;0;0;0x0000;02 Illegal Data Address
30188;0;0;0x0000;02 Illegal Data Address
30189;0;0;0x0000;02 Illegal Data Address
30190;0;0;0x0000;02 Illegal Data Address
30191;0;0;0x0000;02 Illegal Data Address
30192;0;0;0x0000;02 Illegal Data Address
30193;0;0;0x0000;02 Illegal Data Address
30194;0;0;0x0000;02 Illegal Data Address
30195;0;0;0x0000;02 Illegal Data Address
30196;0;0;0x0000;02 Illegal Data Address
30197;0;0;0x0000;02 Illegal Data Address
30198;0;0;0x0000;02 Illegal Data Address
30199;0;0;0x0000;02 Illegal Data Address
30200;0;0;0x0000;02 Illegal Data Address
30201;0;0;0x0000;02 Illegal Data Address
30202;0;0;0x0000;02 Illegal Data Address
30203;0;0;0x0000;02 Illegal Data Address
30204;0;0;0x0000;02 Illegal Data Address
30205;0;0;0x0000;02 Illegal Data Address
30206;0;0;0x0000;02 Illegal Data Address
30207;0;0;0x0000;02 Illegal Data Address
30208;0;0;0x0000;02 Illegal Data Address
30209;0;0;0x0000;02 Illegal Data Address
30210;0;0;0x0000;02 Illegal Data Address
30211;0;0;0x0000;02 Illegal Data Address
30212;0;0;0x0000;02 Illegal Data Address
30213;0;0;0x0000;02 Illegal Data Address
30214;0;0;0x0000;02 Illegal Data Address
30215;0;0;0x0000;02 Illegal Data Address
30216;0;0;0x0000;02 Illegal Data Address
30217;0;0;0x0000;02 Illegal Data Address
30218;0;0;0x0000;02 Illegal Data Address
30219;0;0;0x0000;02 Illegal Data Address
30220;0;0;0x0000;02 Illegal Data Address
30221;0;0;0x0000;02 Illegal Data Address
30222;0;0;0x0000;02 Illegal Data Address
30223;0;0;0x0000;02 Illegal Data Address
30224;0;0;0x0000;02 Illegal Data Address
30225;0;0;0x0000;02 Illegal Data Address
30226;0;0;0x0000;02 Illegal Data Address
30227;0;0;0x0000;02 Illegal Data Address
30228;0;0;0x0000;02 Illegal Data Address
30229;0;0;0x0000;02 Illegal Data Address
30230;0;0;0x0000;02 Illegal Data Address
30231;0;0;0x0000;02 Illegal Data Address
30232;0;0;0x0000;02 Illegal Data Address
30233;0;0;0x0000;02 Illegal Data Address
30234;0;0;0x0000;02 Illegal Data Address
30235;0;0;0x0000;02 Illegal Data Address
30236;0;0;0x0000;02 Illegal Data Address
30237;0;0;0x0000;02 Illegal Data Address
30238;0;0;0x0000;02 Illegal Data Address
30239;0;0;0x0000;02 Illegal Data Address
30240;0;0;0x0000;02 Illegal Data Address
30241;0;0;0x0000;02 Illegal Data Address
30242;0;0;0x0000;02 Illegal Data Address
30243;0;0;0x0000;02 Illegal Data Address
30244;0;0;0x0000;02 Illegal Data Address
30245;0;0;0x0000;02 Illegal Data Address
30246;0;0;0x0000;02 Illegal Data Address
30247;0;0;0x0000;02 Illegal Data Address
30248;0;0;0x0000;02 Illegal Data Address
30249;0;0;0x0000;02 Illegal Data Address
30250;0;0;0x0000;02 Illegal Data Address
30251;0;0;0x0000;02 Illegal Data Address
30252;0;0;0x0000;02 Illegal Data Address
30253;0;0;0x0000;02 Illegal Data Address
30254;0;0;0x0000;02 Illegal Data Address
30255;0;0;0x0000;02 Illegal Data Address
30256;0;0;0x0000;02 Illegal Data Address
30257;0;0;0x0000;02 Illegal Data Address
30258;0;0;0x0000;02 Illegal Data Address
30259;0;0;0x0000;02 Illegal Data Address
30260;0;0;0x0000;02 Illegal Data Address
30261;0;0;0x0000;02 Illegal Data Address
30262;0;0;0x0000;02 Illegal Data Address
30263;0;0;0x0000;02 Illegal Data Address
30264;0;0;0x0000;02 Illegal Data Address
30265;0;0;0x0000;02 Illegal Data Address
30266;0;0;0x0000;02 Illegal Data Address
30267;0;0;0x0000;02 Illegal Data Address
30268;0;0;0x0000;02 Illegal Data Address
30269;0;0;0x0000;02 Illegal Data Address
30270;0;0;0x0000;02 Illegal Data Address
30271;0;0;0x0000;02 Illegal Data Address
30272;0;0;0x0000;02 Illegal Data Address
30273;0;0;0x0000;02 Illegal Data Address
30274;0;0;0x0000;02 Illegal Data Address
30275;0;0;0x0000;02 Illegal Data Address
30276;0;0;0x0000;02 Illegal Data Address
30277;0;0;0x0000;02 Illegal Data Address
30278;0;0;0x0000;02 Illegal Data Address
30279;0;0;0x0000;02 Illegal Data Address
30280;0;0;0x0000;02 Illegal Data Address
30281;0;0;0x0000;02 Illegal Data Address
30282;0;0;0x0000;02 Illegal Data Address
30283;0;0;0x0000;02 Illegal Data Address
30284;0;0;0x0000;02 Illegal Data Address
30285;0;0;0x0000;02 Illegal Data Address
30286;0;0;0x0000;02 Illegal Data Address
30287;0;0;0x0000;02 Illegal Data Address
30288;0;0;0x0000;02 Illegal Data Address
30289;0;0;0x0000;02 Illegal Data Address
30290;0;0;0x0000;02 Illegal Data Address
30291;0;0;0x0000;02 Illegal Data Address
30292;0;0;0x0000;02 Illegal Data Address
30293;0;0;0x0000;02 Illegal Data Address
30294;0;0;0x0000;02 Illegal Data Address
30295;0;0;0x0000;02 Illegal Data Address
30296;0;0;0x0000;02 Illegal Data Address
30297;0;0;0x0000;02 Illegal Data Address
30298;0;0;0x0000;02 Illegal Data Address
30299;0;0;0x0000;02 Illegal Data Address
30300;0;0;0x0000;02 Illegal Data Address
30301;0;0;0x0000;02 Illegal Data Address
30302;0;0;0x0000;02 Illegal Data Address
30303;0;0;0x0000;02 Illegal Data Address
30304;0;0;0x0000;02 Illegal Data Address
30305;0;0;0x0000;02 Illegal Data Address
30306;0;0;0x0000;02 Illegal Data Address
30307;0;0;0x0000;02 Illegal Data Address
30308;0;0;0x0000;02 Illegal Data Address
30309;0;0;0x0000;02 Illegal Data Address
30310;0;0;0x0000;02 Illegal Data Address
30311;0;0;0x0000;02 Illegal Data Address
30312;0;0;0x0000;02 Illegal Data Address
30313;0;0;0x0000;02 Illegal Data Address
30314;0;0;0x0000;02 Illegal Data Address
30315;0;0;0x0000;02 Illegal Data Address
30316;0;0;0x0000;02 Illegal Data Address
30317;0;0;0x0000;02 Illegal Data Address
30318;0;0;0x0000;02 Illegal Data Address
30319;0;0;0x0000;02 Illegal Data Address
30320;0;0;0x0000;02 Illegal Data Address
30321;0;0;0x0000;02 Illegal Data Address
30322;0;0;0x0000;02 Illegal Data Address
30323;0;0;0x0000;02 Illegal Data Address
30324;0;0;0x0000;02 Illegal Data Address
30325;0;0;0x0000;02 Illegal Data Address
30326;0;0;0x0000;02 Illegal Data Address
30327;0;0;0x0000;02 Illegal Data Address
30328;0;0;0x0000;02 Illegal Data Address
30329;0;0;0x0000;02 Illegal Data Address
30330;0;0;0x0000;02 Illegal Data Address
30331;0;0;0x0000;02 Illegal Data Address
30332;0;0;0x0000;02 Illegal Data Address
30333;0;0;0x0000;02 Illegal Data Address
30334;0;0;0x0000;02 Illegal Data Address
30335;0;0;0x0000;02 Illegal Data Address
30336;0;0;0x0000;02 Illegal Data Address
30337;0;0;0x0000;02 Illegal Data Address
30338;0;0;0x0000;02 Illegal Data Address
30339;0;0;0x0000;02 Illegal Data Address
30340;0;0;0x0000;02 Illegal Data Address
30341;0;0;0x0000;02 Illegal Data Address
30342;0;0;0x0000;02 Illegal Data Address
30343;0;0;0x0000;02 Illegal Data Address
30344;0;0;0x0000;02 Illegal Data Address
30345;0;0;0x0000;02 Illegal Data Address
30346;0;0;0x0000;02 Illegal Data Address
30347;0;0;0x0000;02 Illegal Data Address
30348;0;0;0x0000;02 Illegal Data Address
30349;0;0;0x0000;02 Illegal Data Address
30350;0;0;0x0000;02 Illegal Data Address
30351;0;0;0x0000;02 Illegal Data Address
30352;0;0;0x0000;02 Illegal Data Address
30353;0;0;0x0000;02 Illegal Data Address
30354;0;0;0x0000;02 Illegal Data Address
30355;0;0;0x0000;02 Illegal Data Address
30356;0;0;0x0000;02 Illegal Data Address
30357;0;0;0x0000;02 Illegal Data Address
30358;0;0;0x0000;02 Illegal Data Address
30359;0;0;0x0000;02 Illegal Data Address
30360;0;0;0x0000;02 Illegal Data Address
30361;0;0;0x0000;02 Illegal Data Address
30362;0;0;0x0000;02 Illegal Data Address
30363;0;0;0x0000;02 Illegal Data Address
30364;0;0;0x0000;02 Illegal Data Address
30365;0;0;0x0000;02 Illegal Data Address
30366;0;0;0x0000;02 Illegal Data Address
30367;0;0;0x0000;02 Illegal Data Address
30368;0;0;0x0000;02 Illegal Data Address
30369;0;0;0x0000;02 Illegal Data Address
30370;0;0;0x0000;02 Illegal Data Address
30371;0;0;0x0000;02 Illegal Data Address
30372;0;0;0x0000;02 Illegal Data Address
30373;0;0;0x0000;02 Illegal Data Address
30374;0;0;0x0000;02 Illegal Data Address
30375;0;0;0x0000;02 Illegal Data Address
30376;0;0;0x0000;02 Illegal Data Address
30377;0;0;0x0000;02 Illegal Data Address
30378;0;0;0x0000;02 Illegal Data Address
30379;0;0;0x0000;02 Illegal Data Address
30380;0;0;0x0000;02 Illegal Data Address
30381;0;0;0x0000;02 Illegal Data Address
30382;0;0;0x0000;02 Illegal Data Address
30383;0;0;0x0000;02 Illegal Data Address
30384;0;0;0x0000;02 Illegal Data Address
30385;0;0;0x0000;02 Illegal Data Address
30386;0;0;0x0000;02 Illegal Data Address
30387;0;0;0x0000;02 Illegal Data Address
30388;0;0;0x0000;02 Illegal Data Address
30389;0;0;0x0000;02 Illegal Data Address
30390;0;0;0x0000;02 Illegal Data Address
30391;0;0;0x0000;02 Illegal Data Address
30392;0;0;0x0000;02 Illegal Data Address
30393;0;0;0x0000;02 Illegal Data Address
30394;0;0;0x0000;02 Illegal Data Address
30395;0;0;0x0000;02 Illegal Data Address
30396;0;0;0x0000;02 Illegal Data Address
30397;0;0;0x0000;02 Illegal Data Address
30398;0;0;0x0000;02 Illegal Data Address
30399;0;0;0x0000;02 Illegal Data Address
30400;0;0;0x0000;02 Illegal Data Address
30401;0;0;0x0000;02 Illegal Data Address
30402;0;0;0x0000;02 Illegal Data Address
30403;0;0;0x0000;02 Illegal Data Address
30404;0;0;0x0000;02 Illegal Data Address
30405;0;0;0x0000;02 Illegal Data Address
30406;0;0;0x0000;02 Illegal Data Address
30407;0;0;0x0000;02 Illegal Data Address
30408;0;0;0x0000;02 Illegal Data Address
30409;0;0;0x0000;02 Illegal Data Address
30410;0;0;0x0000;02 Illegal Data Address
30411;0;0;0x0000;02 Illegal Data Address
30412;0;0;0x0000;02 Illegal Data Address
30413;0;0;0x0000;02 Illegal Data Address
30414;0;0;0x0000;02 Illegal Data Address
30415;0;0;0x0000;02 Illegal Data Address
30416;0;0;0x0000;02 Illegal Data Address
30417;0;0;0x0000;02 Illegal Data Address
30418;0;0;0x0000;02 Illegal Data Address
30419;0;0;0x0000;02 Illegal Data Address
30420;0;0;0x0000;02 Illegal Data Address
30421;0;0;0x0000;02 Illegal Data Address
30422;0;0;0x0000;02 Illegal Data Address
30423;0;0;0x0000;02 Illegal Data Address
30424;0;0;0x0000;02 Illegal Data Address
30425;0;0;0x0000;02 Illegal Data Address
30426;0;0;0x0000;02 Illegal Data Address
30427;0;0;0x0000;02 Illegal Data Address
30428;0;0;0x0000;02 Illegal Data Address
30429;0;0;0x0000;02 Illegal Data Address
30430;0;0;0x0000;02 Illegal Data Address
30431;0;0;0x0000;02 Illegal Data Address
30432;0;0;0x0000;02 Illegal Data Address
30433;0;0;0x0000;02 Illegal Data Address
30434;0;0;0x0000;02 Illegal Data Address
30435;0;0;0x0000;02 Illegal Data Address
30436;0;0;0x0000;02 Illegal Data Address
30437;0;0;0x0000;02 Illegal Data Address
30438;0;0;0x0000;02 Illegal Data Address
30439;0;0;0x0000;02 Illegal Data Address
30440;0;0;0x0000;02 Illegal Data Address
30441;0;0;0x0000;02 Illegal Data Address
30442;0;0;0x0000;02 Illegal Data Address
30443;0;0;0x0000;02 Illegal Data Address
30444;0;0;0x0000;02 Illegal Data Address
30445;0;0;0x0000;02 Illegal Data Address
30446;0;0;0x0000;02 Illegal Data Address
30447;0;0;0x0000;02 Illegal Data Address
30448;0;0;0x0000;02 Illegal Data Address
30449;0;0;0x0000;02 Illegal Data Address
30450;0;0;0x0000;02 Illegal Data Address
30451;0;0;0x0000;02 Illegal Data Address
30452;0;0;0x0000;02 Illegal Data Address
30453;0;0;0x0000;02 Illegal Data Address
30454;0;0;0x0000;02 Illegal Data Address
30455;0;0;0x0000;02 Illegal Data Address
30456;0;0;0x0000;02 Illegal Data Address
30457;0;0;0x0000;02 Illegal Data Address
30458;0;0;0x0000;02 Illegal Data Address
30459;0;0;0x0000;02 Illegal Data Address
30460;0;0;0x0000;02 Illegal Data Address
30461;0;0;0x0000;02 Illegal Data Address
30462;0;0;0x0000;02 Illegal Data Address
30463;0;0;0x0000;02 Illegal Data Address
30464;0;0;0x0000;02 Illegal Data Address
30465;0;0;0x0000;02 Illegal Data Address
30466;0;0;0x0000;02 Illegal Data Address
30467;0;0;0x0000;02 Illegal Data Address
30468;0;0;0x0000;02 Illegal Data Address
30469;0;0;0x0000;02 Illegal Data Address
30470;0;0;0x0000;02 Illegal Data Address
30471;0;0;0x0000;02 Illegal Data Address
30472;0;0;0x0000;02 Illegal Data Address
30473;0;0;0x0000;02 Illegal Data Address
30474;0;0;0x0000;02 Illegal Data Address
30475;0;0;0x0000;02 Illegal Data Address
30476;0;0;0x0000;02 Illegal Data Address
30477;0;0;0x0000;02 Illegal Data Address
30478;0;0;0x0000;02 Illegal Data Address
30479;0;0;0x0000;02 Illegal Data Address
30480;0;0;0x0000;02 Illegal Data Address
30481;0;0;0x0000;02 Illegal Data Address
30482;0;0;0x0000;02 Illegal Data Address
30483;0;0;0x0000;02 Illegal Data Address
30484;0;0;0x0000;02 Illegal Data Address
30485;0;0;0x0000;02 Illegal Data Address
30486;0;0;0x0000;02 Illegal Data Address
30487;0;0;0x0000;02 Illegal Data Address
30488;0;0;0x0000;02 Illegal Data Address
30489;0;0;0x0000;02 Illegal Data Address
30490;0;0;0x0000;02 Illegal Data Address
30491;0;0;0x0000;02 Illegal Data Address
30492;0;0;0x0000;02 Illegal Data Address
30493;0;0;0x0000;02 Illegal Data Address
30494;0;0;0x0000;02 Illegal Data Address
30495;0;0;0x0000;02 Illegal Data Address
30496;0;0;0x0000;02 Illegal Data Address
30497;0;0;0x0000;02 Illegal Data Address
30498;0;0;0x0000;02 Illegal Data Address
30499;0;0;0x0000;02 Illegal Data Address
30500;0;0;0x0000;02 Illegal Data Address
30501;0;0;0x0000;02 Illegal Data Address
30502;0;0;0x0000;02 Illegal Data Address
30503;0;0;0x0000;02 Illegal Data Address
30504;0;0;0x0000;02 Illegal Data Address
30505;0;0;0x0000;02 Illegal Data Address
30506;0;0;0x0000;02 Illegal Data Address
30507;0;0;0x0000;02 Illegal Data Address
30508;0;0;0x0000;02 Illegal Data Address
30509;0;0;0x0000;02 Illegal Data Address
30510;0;0;0x0000;02 Illegal Data Address
30511;0;0;0x0000;02 Illegal Data Address
30512;0;0;0x0000;02 Illegal Data Address
30513;0;0;0x0000;02 Illegal Data Address
30514;0;0;0x0000;02 Illegal Data Address
30515;0;0;0x0000;02 Illegal Data Address
30516;0;0;0x0000;02 Illegal Data Address
30517;0;0;0x0000;02 Illegal Data Address
30518;0;0;0x0000;02 Illegal Data Address
30519;0;0;0x0000;02 Illegal Data Address
30520;0;0;0x0000;02 Illegal Data Address
30521;0;0;0x0000;02 Illegal Data Address
30522;0;0;0x0000;02 Illegal Data Address
30523;0;0;0x0000;02 Illegal Data Address
30524;0;0;0x0000;02 Illegal Data Address
30525;0;0;0x0000;02 Illegal Data Address
30526;0;0;0x0000;02 Illegal Data Address
30527;0;0;0x0000;02 Illegal Data Address
30528;0;0;0x0000;02 Illegal Data Address
30529;0;0;0x0000;02 Illegal Data Address
30530;0;0;0x0000;02 Illegal Data Address
30531;0;0;0x0000;02 Illegal Data Address
30532;0;0;0x0000;02 Illegal Data Address
30533;0;0;0x0000;02 Illegal Data Address
30534;0;0;0x0000;02 Illegal Data Address
30535;0;0;0x0000;02 Illegal Data Address
30536;0;0;0x0000;02 Illegal Data Address
30537;0;0;0x0000;02 Illegal Data Address
30538;0;0;0x0000;02 Illegal Data Address
30539;0;0;0x0000;02 Illegal Data Address
30540;0;0;0x0000;02 Illegal Data Address
30541;0;0;0x0000;02 Illegal Data Address
30542;0;0;0x0000;02 Illegal Data Address
30543;0;0;0x0000;02 Illegal Data Address
30544;0;0;0x0000;02 Illegal Data Address
30545;0;0;0x0000;02 Illegal Data Address
30546;0;0;0x0000;02 Illegal Data Address
30547;0;0;0x0000;02 Illegal Data Address
30548;0;0;0x0000;02 Illegal Data Address
30549;0;0;0x0000;02 Illegal Data Address
30550;0;0;0x0000;02 Illegal Data Address
30551;0;0;0x0000;02 Illegal Data Address
30552;0;0;0x0000;02 Illegal Data Address
30553;0;0;0x0000;02 Illegal Data Address
30554;0;0;0x0000;02 Illegal Data Address
30555;0;0;0x0000;02 Illegal Data Address
30556;0;0;0x0000;02 Illegal Data Address
30557;0;0;0x0000;02 Illegal Data Address
30558;0;0;0x0000;02 Illegal Data Address
30559;0;0;0x0000;02 Illegal Data Address
30560;0;0;0x0000;02 Illegal Data Address
30561;0;0;0x0000;02 Illegal Data Address
30562;0;0;0x0000;02 Illegal Data Address
30563;0;0;0x0000;02 Illegal Data Address
30564;0;0;0x0000;02 Illegal Data Address
30565;0;0;0x0000;02 Illegal Data Address
30566;0;0;0x0000;02 Illegal Data Address
30567;0;0;0x0000;02 Illegal Data Address
30568;0;0;0x0000;02 Illegal Data Address
30569;0;0;0x0000;02 Illegal Data Address
30570;0;0;0x0000;02 Illegal Data Address
30571;0;0;0x0000;02 Illegal Data Address
30572;0;0;0x0000;02 Illegal Data Address
30573;0;0;0x0000;02 Illegal Data Address
30574;0;0;0x0000;02 Illegal Data Address
30575;0;0;0x0000;02 Illegal Data Address
30576;0;0;0x0000;02 Illegal Data Address
30577;0;0;0x0000;02 Illegal Data Address
30578;0;0;0x0000;02 Illegal Data Address
30579;0;0;0x0000;02 Illegal Data Address
30580;0;0;0x0000;02 Illegal Data Address
30581;0;0;0x0000;02 Illegal Data Address
30582;0;0;0x0000;02 Illegal Data Address
30583;0;0;0x0000;02 Illegal Data Address
30584;0;0;0x0000;02 Illegal Data Address
30585;0;0;0x0000;02 Illegal Data Address
30586;0;0;0x0000;02 Illegal Data Address
30587;0;0;0x0000;02 Illegal Data Address
30588;0;0;0x0000;02 Illegal Data Address
30589;0;0;0x0000;02 Illegal Data Address
30590;0;0;0x0000;02 Illegal Data Address
30591;0;0;0x0000;02 Illegal Data Address
30592;0;0;0x0000;02 Illegal Data Address
30593;0;0;0x0000;02 Illegal Data Address
30594;0;0;0x0000;02 Illegal Data Address
30595;0;0;0x0000;02 Illegal Data Address
30596;0;0;0x0000;02 Illegal Data Address
30597;0;0;0x0000;02 Illegal Data Address
30598;0;0;0x0000;02 Illegal Data Address
30599;0;0;0x0000;02 Illegal Data Address
30600;0;0;0x0000;02 Illegal Data Address
30601;0;0;0x0000;02 Illegal Data Address
30602;0;0;0x0000;02 Illegal Data Address
30603;0;0;0x0000;02 Illegal Data Address
30604;0;0;0x0000;02 Illegal Data Address
30605;0;0;0x0000;02 Illegal Data Address
30606;0;0;0x0000;02 Illegal Data Address
30607;0;0;0x0000;02 Illegal Data Address
30608;0;0;0x0000;02 Illegal Data Address
30609;0;0;0x0000;02 Illegal Data Address
30610;0;0;0x0000;02 Illegal Data Address
30611;0;0;0x0000;02 Illegal Data Address
30612;0;0;0x0000;02 Illegal Data Address
30613;0;0;0x0000;02 Illegal Data Address
30614;0;0;0x0000;02 Illegal Data Address
30615;0;0;0x0000;02 Illegal Data Address
30616;0;0;0x0000;02 Illegal Data Address
30617;0;0;0x0000;02 Illegal Data Address
30618;0;0;0x0000;02 Illegal Data Address
30619;0;0;0x0000;02 Illegal Data Address
30620;0;0;0x0000;02 Illegal Data Address
30621;0;0;0x0000;02 Illegal Data Address
30622;0;0;0x0000;02 Illegal Data Address
30623;0;0;0x0000;02 Illegal Data Address
30624;0;0;0x0000;02 Illegal Data Address
30625;0;0;0x0000;02 Illegal Data Address
30626;0;0;0x0000;02 Illegal Data Address
30627;0;0;0x0000;02 Illegal Data Address
30628;0;0;0x0000;02 Illegal Data Address
30629;0;0;0x0000;02 Illegal Data Address
30630;0;0;0x0000;02 Illegal Data Address
30631;0;0;0x0000;02 Illegal Data Address
30632;0;0;0x0000;02 Illegal Data Address
30633;0;0;0x0000;02 Illegal Data Address
30634;0;0;0x0000;02 Illegal Data Address
30635;0;0;0x0000;02 Illegal Data Address
30636;0;0;0x0000;02 Illegal Data Address
30637;0;0;0x0000;02 Illegal Data Address
30638;0;0;0x0000;02 Illegal Data Address
30639;0;0;0x0000;02 Illegal Data Address
30640;0;0;0x0000;02 Illegal Data Address
30641;0;0;0x0000;02 Illegal Data Address
30642;0;0;0x0000;02 Illegal Data Address
30643;0;0;0x0000;02 Illegal Data Address
30644;0;0;0x0000;02 Illegal Data Address
30645;0;0;0x0000;02 Illegal Data Address
30646;0;0;0x0000;02 Illegal Data Address
30647;0;0;0x0000;02 Illegal Data Address
30648;0;0;0x0000;02 Illegal Data Address
30649;0;0;0x0000;02 Illegal Data Address
30650;0;0;0x0000;02 Illegal Data Address
30651;0;0;0x0000;02 Illegal Data Address
30652;0;0;0x0000;02 Illegal Data Address
30653;0;0;0x0000;02 Illegal Data Address
30654;0;0;0x0000;02 Illegal Data Address
30655;0;0;0x0000;02 Illegal Data Address
30656;0;0;0x0000;02 Illegal Data Address
30657;0;0;0x0000;02 Illegal Data Address
30658;0;0;0x0000;02 Illegal Data Address
30659;0;0;0x0000;02 Illegal Data Address
30660;0;0;0x0000;02 Illegal Data Address
30661;0;0;0x0000;02 Illegal Data Address
30662;0;0;0x0000;02 Illegal Data Address
30663;0;0;0x0000;02 Illegal Data Address
30664;0;0;0x0000;02 Illegal Data Address
30665;0;0;0x0000;02 Illegal Data Address
30666;0;0;0x0000;02 Illegal Data Address
30667;0;0;0x0000;02 Illegal Data Address
30668;0;0;0x0000;02 Illegal Data Address
30669;0;0;0x0000;02 Illegal Data Address
30670;0;0;0x0000;02 Illegal Data Address
30671;0;0;0x0000;02 Illegal Data Address
30672;0;0;0x0000;02 Illegal Data Address
30673;0;0;0x0000;02 Illegal Data Address
30674;0;0;0x0000;02 Illegal Data Address
30675;0;0;0x0000;02 Illegal Data Address
30676;0;0;0x0000;02 Illegal Data Address
30677;0;0;0x0000;02 Illegal Data Address
30678;0;0;0x0000;02 Illegal Data Address
30679;0;0;0x0000;02 Illegal Data Address
30680;0;0;0x0000;02 Illegal Data Address
30681;0;0;0x0000;02 Illegal Data Address
30682;0;0;0x0000;02 Illegal Data Address
30683;0;0;0x0000;02 Illegal Data Address
30684;0;0;0x0000;02 Illegal Data Address
30685;0;0;0x0000;02 Illegal Data Address
30686;0;0;0x0000;02 Illegal Data Address
30687;0;0;0x0000;02 Illegal Data Address
30688;0;0;0x0000;02 Illegal Data Address
30689;0;0;0x0000;02 Illegal Data Address
30690;0;0;0x0000;02 Illegal Data Address
30691;0;0;0x0000;02 Illegal Data Address
30692;0;0;0x0000;02 Illegal Data Address
30693;0;0;0x0000;02 Illegal Data Address
30694;0;0;0x0000;02 Illegal Data Address
30695;0;0;0x0000;02 Illegal Data Address
30696;0;0;0x0000;02 Illegal Data Address
30697;0;0;0x0000;02 Illegal Data Address
30698;0;0;0x0000;02 Illegal Data Address
30699;0;0;0x0000;02 Illegal Data Address
30700;0;0;0x0000;02 Illegal Data Address
30701;0;0;0x0000;02 Illegal Data Address
30702;0;0;0x0000;02 Illegal Data Address
30703;0;0;0x0000;02 Illegal Data Address
30704;0;0;0x0000;02 Illegal Data Address
30705;0;0;0x0000;02 Illegal Data Address
30706;0;0;0x0000;02 Illegal Data Address
30707;0;0;0x0000;02 Illegal Data Address
30708;0;0;0x0000;02 Illegal Data Address
30709;0;0;0x0000;02 Illegal Data Address
30710;0;0;0x0000;02 Illegal Data Address
30711;0;0;0x0000;02 Illegal Data Address
30712;0;0;0x0000;02 Illegal Data Address
30713;0;0;0x0000;02 Illegal Data Address
30714;0;0;0x0000;02 Illegal Data Address
30715;0;0;0x0000;02 Illegal Data Address
30716;0;0;0x0000;02 Illegal Data Address
30717;0;0;0x0000;02 Illegal Data Address
30718;0;0;0x0000;02 Illegal Data Address
30719;0;0;0x0000;02 Illegal Data Address
30720;0;0;0x0000;02 Illegal Data Address
30721;0;0;0x0000;02 Illegal Data Address
30722;0;0;0x0000;02 Illegal Data Address
30723;0;0;0x0000;02 Illegal Data Address
30724;0;0;0x0000;02 Illegal Data Address
30725;0;0;0x0000;02 Illegal Data Address
30726;0;0;0x0000;02 Illegal Data Address
30727;0;0;0x0000;02 Illegal Data Address
30728;0;0;0x0000;02 Illegal Data Address
30729;0;0;0x0000;02 Illegal Data Address
30730;0;0;0x0000;02 Illegal Data Address
30731;0;0;0x0000;02 Illegal Data Address
30732;0;0;0x0000;02 Illegal Data Address
30733;0;0;0x0000;02 Illegal Data Address
30734;0;0;0x0000;02 Illegal Data Address
30735;0;0;0x0000;02 Illegal Data Address
30736;0;0;0x0000;02 Illegal Data Address
30737;0;0;0x0000;02 Illegal Data Address
30738;0;0;0x0000;02 Illegal Data Address
30739;0;0;0x0000;02 Illegal Data Address
30740;0;0;0x0000;02 Illegal Data Address
30741;0;0;0x0000;02 Illegal Data Address
30742;0;0;0x0000;02 Illegal Data Address
30743;0;0;0x0000;02 Illegal Data Address
30744;0;0;0x0000;02 Illegal Data Address
30745;0;0;0x0000;02 Illegal Data Address
30746;0;0;0x0000;02 Illegal Data Address
30747;0;0;0x0000;02 Illegal Data Address
30748;0;0;0x0000;02 Illegal Data Address
30749;0;0;0x0000;02 Illegal Data Address
30750;0;0;0x0000;02 Illegal Data Address
30751;0;0;0x0000;02 Illegal Data Address
30752;0;0;0x0000;02 Illegal Data Address
30753;0;0;0x0000;02 Illegal Data Address
30754;0;0;0x0000;02 Illegal Data Address
30755;0;0;0x0000;02 Illegal Data Address
30756;0;0;0x0000;02 Illegal Data Address
30757;0;0;0x0000;02 Illegal Data Address
30758;0;0;0x0000;02 Illegal Data Address
30759;0;0;0x0000;02 Illegal Data Address
30760;0;0;0x0000;02 Illegal Data Address
30761;0;0;0x0000;02 Illegal Data Address
30762;0;0;0x0000;02 Illegal Data Address
30763;0;0;0x0000;02 Illegal Data Address
30764;0;0;0x0000;02 Illegal Data Address
30765;0;0;0x0000;02 Illegal Data Address
30766;0;0;0x0000;02 Illegal Data Address
30767;0;0;0x0000;02 Illegal Data Address
30768;0;0;0x0000;02 Illegal Data Address
30769;0;0;0x0000;02 Illegal Data Address
30770;0;0;0x0000;02 Illegal Data Address
30771;0;0;0x0000;02 Illegal Data Address
30772;0;0;0x0000;02 Illegal Data Address
30773;0;0;0x0000;02 Illegal Data Address
30774;0;0;0x0000;02 Illegal Data Address
30775;0;0;0x0000;02 Illegal Data Address
30776;0;0;0x0000;02 Illegal Data Address
30777;0;0;0x0000;02 Illegal Data Address
30778;0;0;0x0000;02 Illegal Data Address
30779;0;0;0x0000;02 Illegal Data Address
30780;0;0;0x0000;02 Illegal Data Address
30781;0;0;0x0000;02 Illegal Data Address
30782;0;0;0x0000;02 Illegal Data Address
30783;0;0;0x0000;02 Illegal Data Address
30784;0;0;0x0000;02 Illegal Data Address
30785;0;0;0x0000;02 Illegal Data Address
30786;0;0;0x0000;02 Illegal Data Address
30787;0;0;0x0000;02 Illegal Data Address
30788;0;0;0x0000;02 Illegal Data Address
30789;0;0;0x0000;02 Illegal Data Address
30790;0;0;0x0000;02 Illegal Data Address
30791;0;0;0x0000;02 Illegal Data Address
30792;0;0;0x0000;02 Illegal Data Address
30793;0;0;0x0000;02 Illegal Data Address
30794;0;0;0x0000;02 Illegal Data Address
30795;0;0;0x0000;02 Illegal Data Address
30796;0;0;0x0000;02 Illegal Data Address
30797;0;0;0x0000;02 Illegal Data Address
30798;0;0;0x0000;02 Illegal Data Address
30799;0;0;0x0000;02 Illegal Data Address
30800;0;0;0x0000;02 Illegal Data Address
30801;0;0;0x0000;02 Illegal Data Address
30802;0;0;0x0000;02 Illegal Data Address
30803;0;0;0x0000;02 Illegal Data Address
30804;0;0;0x0000;02 Illegal Data Address
30805;0;0;0x0000;02 Illegal Data Address
30806;0;0;0x0000;02 Illegal Data Address
30807;0;0;0x0000;02 Illegal Data Address
30808;0;0;0x0000;02 Illegal Data Address
30809;0;0;0x0000;02 Illegal Data Address
30810;0;0;0x0000;02 Illegal Data Address
30811;0;0;0x0000;02 Illegal Data Address
30812;0;0;0x0000;02 Illegal Data Address
30813;0;0;0x0000;02 Illegal Data Address
30814;0;0;0x0000;02 Illegal Data Address
30815;0;0;0x0000;02 Illegal Data Address
30816;0;0;0x0000;02 Illegal Data Address
30817;0;0;0x0000;02 Illegal Data Address
30818;0;0;0x0000;02 Illegal Data Address
30819;0;0;0x0000;02 Illegal Data Address
30820;0;0;0x0000;02 Illegal Data Address
30821;0;0;0x0000;02 Illegal Data Address
30822;0;0;0x0000;02 Illegal Data Address
30823;0;0;0x0000;02 Illegal Data Address
30824;0;0;0x0000;02 Illegal Data Address
30825;0;0;0x0000;02 Illegal Data Address
30826;0;0;0x0000;02 Illegal Data Address
30827;0;0;0x0000;02 Illegal Data Address
30828;0;0;0x0000;02 Illegal Data Address
30829;0;0;0x0000;02 Illegal Data Address
30830;0;0;0x0000;02 Illegal Data Address
30831;0;0;0x0000;02 Illegal Data Address
30832;0;0;0x0000;02 Illegal Data Address
30833;0;0;0x0000;02 Illegal Data Address
30834;0;0;0x0000;02 Illegal Data Address
30835;0;0;0x0000;02 Illegal Data Address
30836;0;0;0x0000;02 Illegal Data Address
30837;0;0;0x0000;02 Illegal Data Address
30838;0;0;0x0000;02 Illegal Data Address
30839;0;0;0x0000;02 Illegal Data Address
30840;0;0;0x0000;02 Illegal Data Address
30841;0;0;0x0000;02 Illegal Data Address
30842;0;0;0x0000;02 Illegal Data Address
30843;0;0;0x0000;02 Illegal Data Address
30844;0;0;0x0000;02 Illegal Data Address
30845;0;0;0x0000;02 Illegal Data Address
30846;0;0;0x0000;02 Illegal Data Address
30847;0;0;0x0000;02 Illegal Data Address
30848;0;0;0x0000;02 Illegal Data Address
30849;0;0;0x0000;02 Illegal Data Address
30850;0;0;0x0000;02 Illegal Data Address
30851;0;0;0x0000;02 Illegal Data Address
30852;0;0;0x0000;02 Illegal Data Address
30853;0;0;0x0000;02 Illegal Data Address
30854;0;0;0x0000;02 Illegal Data Address
30855;0;0;0x0000;02 Illegal Data Address
30856;0;0;0x0000;02 Illegal Data Address
30857;0;0;0x0000;02 Illegal Data Address
30858;0;0;0x0000;02 Illegal Data Address
30859;0;0;0x0000;02 Illegal Data Address
30860;0;0;0x0000;02 Illegal Data Address
30861;0;0;0x0000;02 Illegal Data Address
30862;0;0;0x0000;02 Illegal Data Address
30863;0;0;0x0000;02 Illegal Data Address
30864;0;0;0x0000;02 Illegal Data Address
30865;0;0;0x0000;02 Illegal Data Address
30866;0;0;0x0000;02 Illegal Data Address
30867;0;0;0x0000;02 Illegal Data Address
30868;0;0;0x0000;02 Illegal Data Address
30869;0;0;0x0000;02 Illegal Data Address
30870;0;0;0x0000;02 Illegal Data Address
30871;0;0;0x0000;02 Illegal Data Address
30872;0;0;0x0000;02 Illegal Data Address
30873;0;0;0x0000;02 Illegal Data Address
30874;0;0;0x0000;02 Illegal Data Address
30875;0;0;0x0000;02 Illegal Data Address
30876;0;0;0x0000;02 Illegal Data Address
30877;0;0;0x0000;02 Illegal Data Address
30878;0;0;0x0000;02 Illegal Data Address
30879;0;0;0x0000;02 Illegal Data Address
30880;0;0;0x0000;02 Illegal Data Address
30881;0;0;0x0000;02 Illegal Data Address
30882;0;0;0x0000;02 Illegal Data Address
30883;0;0;0x0000;02 Illegal Data Address
30884;0;0;0x0000;02 Illegal Data Address
30885;0;0;0x0000;02 Illegal Data Address
30886;0;0;0x0000;02 Illegal Data Address
30887;0;0;0x0000;02 Illegal Data Address
30888;0;0;0x0000;02 Illegal Data Address
30889;0;0;0x0000;02 Illegal Data Address
30890;0;0;0x0000;02 Illegal Data Address
30891;0;0;0x0000;02 Illegal Data Address
30892;0;0;0x0000;02 Illegal Data Address
30893;0;0;0x0000;02 Illegal Data Address
30894;0;0;0x0000;02 Illegal Data Address
30895;0;0;0x0000;02 Illegal Data Address
30896;0;0;0x0000;02 Illegal Data Address
30897;0;0;0x0000;02 Illegal Data Address
30898;0;0;0x0000;02 Illegal Data Address
30899;0;0;0x0000;02 Illegal Data Address
30900;0;0;0x0000;02 Illegal Data Address
30901;0;0;0x0000;02 Illegal Data Address
30902;0;0;0x0000;02 Illegal Data Address
30903;0;0;0x0000;02 Illegal Data Address
30904;0;0;0x0000;02 Illegal Data Address
30905;0;0;0x0000;02 Illegal Data Address
30906;0;0;0x0000;02 Illegal Data Address
30907;0;0;0x0000;02 Illegal Data Address
30908;0;0;0x0000;02 Illegal Data Address
30909;0;0;0x0000;02 Illegal Data Address
30910;0;0;0x0000;02 Illegal Data Address
30911;0;0;0x0000;02 Illegal Data Address
30912;0;0;0x0000;02 Illegal Data Address
30913;0;0;0x0000;02 Illegal Data Address
30914;0;0;0x0000;02 Illegal Data Address
30915;0;0;0x0000;02 Illegal Data Address
30916;0;0;0x0000;02 Illegal Data Address
30917;0;0;0x0000;02 Illegal Data Address
30918;0;0;0x0000;02 Illegal Data Address
30919;0;0;0x0000;02 Illegal Data Address
30920;0;0;0x0000;02 Illegal Data Address
30921;0;0;0x0000;02 Illegal Data Address
30922;0;0;0x0000;02 Illegal Data Address
30923;0;0;0x0000;02 Illegal Data Address
30924;0;0;0x0000;02 Illegal Data Address
30925;0;0;0x0000;02 Illegal Data Address
30926;0;0;0x0000;02 Illegal Data Address
30927;0;0;0x0000;02 Illegal Data Address
30928;0;0;0x0000;02 Illegal Data Address
30929;0;0;0x0000;02 Illegal Data Address
30930;0;0;0x0000;02 Illegal Data Address
30931;0;0;0x0000;02 Illegal Data Address
30932;0;0;0x0000;02 Illegal Data Address
30933;0;0;0x0000;02 Illegal Data Address
30934;0;0;0x0000;02 Illegal Data Address
30935;0;0;0x0000;02 Illegal Data Address
30936;0;0;0x0000;02 Illegal Data Address
30937;0;0;0x0000;02 Illegal Data Address
30938;0;0;0x0000;02 Illegal Data Address
30939;0;0;0x0000;02 Illegal Data Address
30940;0;0;0x0000;02 Illegal Data Address
30941;0;0;0x0000;02 Illegal Data Address
30942;0;0;0x0000;02 Illegal Data Address
30943;0;0;0x0000;02 Illegal Data Address
30944;0;0;0x0000;02 Illegal Data Address
30945;0;0;0x0000;02 Illegal Data Address
30946;0;0;0x0000;02 Illegal Data Address
30947;0;0;0x0000;02 Illegal Data Address
30948;0;0;0x0000;02 Illegal Data Address
30949;0;0;0x0000;02 Illegal Data Address
30950;0;0;0x0000;02 Illegal Data Address
30951;0;0;0x0000;02 Illegal Data Address
30952;0;0;0x0000;02 Illegal Data Address
30953;0;0;0x0000;02 Illegal Data Address
30954;0;0;0x0000;02 Illegal Data Address
30955;0;0;0x0000;02 Illegal Data Address
30956;0;0;0x0000;02 Illegal Data Address
30957;0;0;0x0000;02 Illegal Data Address
30958;0;0;0x0000;02 Illegal Data Address
30959;0;0;0x0000;02 Illegal Data Address
30960;0;0;0x0000;02 Illegal Data Address
30961;0;0;0x0000;02 Illegal Data Address
30962;0;0;0x0000;02 Illegal Data Address
30963;0;0;0x0000;02 Illegal Data Address
30964;0;0;0x0000;02 Illegal Data Address
30965;0;0;0x0000;02 Illegal Data Address
30966;0;0;0x0000;02 Illegal Data Address
30967;0;0;0x0000;02 Illegal Data Address
30968;0;0;0x0000;02 Illegal Data Address
30969;0;0;0x0000;02 Illegal Data Address
30970;0;0;0x0000;02 Illegal Data Address
30971;0;0;0x0000;02 Illegal Data Address
30972;0;0;0x0000;02 Illegal Data Address
30973;0;0;0x0000;02 Illegal Data Address
30974;0;0;0x0000;02 Illegal Data Address
30975;0;0;0x0000;02 Illegal Data Address
30976;0;0;0x0000;02 Illegal Data Address
30977;0;0;0x0000;02 Illegal Data Address
30978;0;0;0x0000;02 Illegal Data Address
30979;0;0;0x0000;02 Illegal Data Address
30980;0;0;0x0000;02 Illegal Data Address
30981;0;0;0x0000;02 Illegal Data Address
30982;0;0;0x0000;02 Illegal Data Address
30983;0;0;0x0000;02 Illegal Data Address
30984;0;0;0x0000;02 Illegal Data Address
30985;0;0;0x0000;02 Illegal Data Address
30986;0;0;0x0000;02 Illegal Data Address
30987;0;0;0x0000;02 Illegal Data Address
30988;0;0;0x0000;02 Illegal Data Address
30989;0;0;0x0000;02 Illegal Data Address
30990;0;0;0x0000;02 Illegal Data Address
30991;0;0;0x0000;02 Illegal Data Address
30992;0;0;0x0000;02 Illegal Data Address
30993;0;0;0x0000;02 Illegal Data Address
30994;0;0;0x0000;02 Illegal Data Address
30995;0;0;0x0000;02 Illegal Data Address
30996;0;0;0x0000;02 Illegal Data Address
30997;0;0;0x0000;02 Illegal Data Address
30998;0;0;0x0000;02 Illegal Data Address
30999;0;0;0x0000;02 Illegal Data Address
31000;0;0;0x0000;02 Illegal Data Address
31001;0;0;0x0000;02 Illegal Data Address
31002;0;0;0x0000;02 Illegal Data Address
31003;0;0;0x0000;02 Illegal Data Address
31004;0;0;0x0000;02 Illegal Data Address
31005;0;0;0x0000;02 Illegal Data Address
31006;0;0;0x0000;02 Illegal Data Address
31007;0;0;0x0000;02 Illegal Data Address
31008;0;0;0x0000;02 Illegal Data Address
31009;0;0;0x0000;02 Illegal Data Address
31010;0;0;0x0000;02 Illegal Data Address
31011;0;0;0x0000;02 Illegal Data Address
31012;0;0;0x0000;02 Illegal Data Address
31013;0;0;0x0000;02 Illegal Data Address
31014;0;0;0x0000;02 Illegal Data Address
31015;0;0;0x0000;02 Illegal Data Address
31016;0;0;0x0000;02 Illegal Data Address
31017;0;0;0x0000;02 Illegal Data Address
31018;0;0;0x0000;02 Illegal Data Address
31019;0;0;0x0000;02 Illegal Data Address
31020;0;0;0x0000;02 Illegal Data Address
31021;0;0;0x0000;02 Illegal Data Address
31022;0;0;0x0000;02 Illegal Data Address
31023;0;0;0x0000;02 Illegal Data Address
31024;0;0;0x0000;02 Illegal Data Address
31025;0;0;0x0000;02 Illegal Data Address
31026;0;0;0x0000;02 Illegal Data Address
31027;0;0;0x0000;02 Illegal Data Address
31028;0;0;0x0000;02 Illegal Data Address
31029;0;0;0x0000;02 Illegal Data Address
31030;0;0;0x0000;02 Illegal Data Address
31031;0;0;0x0000;02 Illegal Data Address
31032;0;0;0x0000;02 Illegal Data Address
31033;0;0;0x0000;02 Illegal Data Address
31034;0;0;0x0000;02 Illegal Data Address
31035;0;0;0x0000;02 Illegal Data Address
31036;0;0;0x0000;02 Illegal Data Address
31037;0;0;0x0000;02 Illegal Data Address
31038;0;0;0x0000;02 Illegal Data Address
31039;0;0;0x0000;02 Illegal Data Address
31040;0;0;0x0000;02 Illegal Data Address
31041;0;0;0x0000;02 Illegal Data Address
31042;0;0;0x0000;02 Illegal Data Address
31043;0;0;0x0000;02 Illegal Data Address
31044;0;0;0x0000;02 Illegal Data Address
31045;0;0;0x0000;02 Illegal Data Address
31046;0;0;0x0000;02 Illegal Data Address
31047;0;0;0x0000;02 Illegal Data Address
31048;0;0;0x0000;02 Illegal Data Address
31049;0;0;0x0000;02 Illegal Data Address
31050;0;0;0x0000;02 Illegal Data Address
31051;0;0;0x0000;02 Illegal Data Address
31052;0;0;0x0000;02 Illegal Data Address
31053;0;0;0x0000;02 Illegal Data Address
31054;0;0;0x0000;02 Illegal Data Address
31055;0;0;0x0000;02 Illegal Data Address
31056;0;0;0x0000;02 Illegal Data Address
31057;0;0;0x0000;02 Illegal Data Address
31058;0;0;0x0000;02 Illegal Data Address
31059;0;0;0x0000;02 Illegal Data Address
31060;0;0;0x0000;02 Illegal Data Address
31061;0;0;0x0000;02 Illegal Data Address
31062;0;0;0x0000;02 Illegal Data Address
31063;0;0;0x0000;02 Illegal Data Address
31064;0;0;0x0000;02 Illegal Data Address
31065;0;0;0x0000;02 Illegal Data Address
31066;0;0;0x0000;02 Illegal Data Address
31067;0;0;0x0000;02 Illegal Data Address
31068;0;0;0x0000;02 Illegal Data Address
31069;0;0;0x0000;02 Illegal Data Address
31070;0;0;0x0000;02 Illegal Data Address
31071;0;0;0x0000;02 Illegal Data Address
31072;0;0;0x0000;02 Illegal Data Address
31073;0;0;0x0000;02 Illegal Data Address
31074;0;0;0x0000;02 Illegal Data Address
31075;0;0;0x0000;02 Illegal Data Address
31076;0;0;0x0000;02 Illegal Data Address
31077;0;0;0x0000;02 Illegal Data Address
31078;0;0;0x0000;02 Illegal Data Address
31079;0;0;0x0000;02 Illegal Data Address
31080;0;0;0x0000;02 Illegal Data Address
31081;0;0;0x0000;02 Illegal Data Address
31082;0;0;0x0000;02 Illegal Data Address
31083;0;0;0x0000;02 Illegal Data Address
31084;0;0;0x0000;02 Illegal Data Address
31085;0;0;0x0000;02 Illegal Data Address
31086;0;0;0x0000;02 Illegal Data Address
31087;0;0;0x0000;02 Illegal Data Address
31088;0;0;0x0000;02 Illegal Data Address
31089;0;0;0x0000;02 Illegal Data Address
31090;0;0;0x0000;02 Illegal Data Address
31091;0;0;0x0000;02 Illegal Data Address
31092;0;0;0x0000;02 Illegal Data Address
31093;0;0;0x0000;02 Illegal Data Address
31094;0;0;0x0000;02 Illegal Data Address
31095;0;0;0x0000;02 Illegal Data Address
31096;0;0;0x0000;02 Illegal Data Address
31097;0;0;0x0000;02 Illegal Data Address
31098;0;0;0x0000;02 Illegal Data Address
31099;0;0;0x0000;02 Illegal Data Address
31100;0;0;0x0000;02 Illegal Data Address
31101;0;0;0x0000;02 Illegal Data Address
31102;0;0;0x0000;02 Illegal Data Address
31103;0;0;0x0000;02 Illegal Data Address
31104;0;0;0x0000;02 Illegal Data Address
31105;0;0;0x0000;02 Illegal Data Address
31106;0;0;0x0000;02 Illegal Data Address
31107;0;0;0x0000;02 Illegal Data Address
31108;0;0;0x0000;02 Illegal Data Address
31109;0;0;0x0000;02 Illegal Data Address
31110;0;0;0x0000;02 Illegal Data Address
31111;0;0;0x0000;02 Illegal Data Address
31112;0;0;0x0000;02 Illegal Data Address
31113;0;0;0x0000;02 Illegal Data Address
31114;0;0;0x0000;02 Illegal Data Address
31115;0;0;0x0000;02 Illegal Data Address
31116;0;0;0x0000;02 Illegal Data Address
31117;0;0;0x0000;02 Illegal Data Address
31118;0;0;0x0000;02 Illegal Data Address
31119;0;0;0x0000;02 Illegal Data Address
31120;0;0;0x0000;02 Illegal Data Address
31121;0;0;0x0000;02 Illegal Data Address
31122;0;0;0x0000;02 Illegal Data Address
31123;0;0;0x0000;02 Illegal Data Address
31124;0;0;0x0000;02 Illegal Data Address
31125;0;0;0x0000;02 Illegal Data Address
31126;0;0;0x0000;02 Illegal Data Address
31127;0;0;0x0000;02 Illegal Data Address
31128;0;0;0x0000;02 Illegal Data Address
31129;0;0;0x0000;02 Illegal Data Address
31130;0;0;0x0000;02 Illegal Data Address
31131;0;0;0x0000;02 Illegal Data Address
31132;0;0;0x0000;02 Illegal Data Address
31133;0;0;0x0000;02 Illegal Data Address
31134;0;0;0x0000;02 Illegal Data Address
31135;0;0;0x0000;02 Illegal Data Address
31136;0;0;0x0000;02 Illegal Data Address
31137;0;0;0x0000;02 Illegal Data Address
31138;0;0;0x0000;02 Illegal Data Address
31139;0;0;0x0000;02 Illegal Data Address
31140;0;0;0x0000;02 Illegal Data Address
31141;0;0;0x0000;02 Illegal Data Address
31142;0;0;0x0000;02 Illegal Data Address
31143;0;0;0x0000;02 Illegal Data Address
31144;0;0;0x0000;02 Illegal Data Address
31145;0;0;0x0000;02 Illegal Data Address
31146;0;0;0x0000;02 Illegal Data Address
31147;0;0;0x0000;02 Illegal Data Address
31148;0;0;0x0000;02 Illegal Data Address
31149;0;0;0x0000;02 Illegal Data Address
31150;0;0;0x0000;02 Illegal Data Address
31151;0;0;0x0000;02 Illegal Data Address
31152;0;0;0x0000;02 Illegal Data Address
31153;0;0;0x0000;02 Illegal Data Address
31154;0;0;0x0000;02 Illegal Data Address
31155;0;0;0x0000;02 Illegal Data Address
31156;0;0;0x0000;02 Illegal Data Address
31157;0;0;0x0000;02 Illegal Data Address
31158;0;0;0x0000;02 Illegal Data Address
31159;0;0;0x0000;02 Illegal Data Address
31160;0;0;0x0000;02 Illegal Data Address
31161;0;0;0x0000;02 Illegal Data Address
31162;0;0;0x0000;02 Illegal Data Address
31163;0;0;0x0000;02 Illegal Data Address
31164;0;0;0x0000;02 Illegal Data Address
31165;0;0;0x0000;02 Illegal Data Address
31166;0;0;0x0000;02 Illegal Data Address
31167;0;0;0x0000;02 Illegal Data Address
31168;0;0;0x0000;02 Illegal Data Address
31169;0;0;0x0000;02 Illegal Data Address
31170;0;0;0x0000;02 Illegal Data Address
31171;0;0;0x0000;02 Illegal Data Address
31172;0;0;0x0000;02 Illegal Data Address
31173;0;0;0x0000;02 Illegal Data Address
31174;0;0;0x0000;02 Illegal Data Address
31175;0;0;0x0000;02 Illegal Data Address
31176;0;0;0x0000;02 Illegal Data Address
31177;0;0;0x0000;02 Illegal Data Address
31178;0;0;0x0000;02 Illegal Data Address
31179;0;0;0x0000;02 Illegal Data Address
31180;0;0;0x0000;02 Illegal Data Address
31181;0;0;0x0000;02 Illegal Data Address
31182;0;0;0x0000;02 Illegal Data Address
31183;0;0;0x0000;02 Illegal Data Address
31184;0;0;0x0000;02 Illegal Data Address
31185;0;0;0x0000;02 Illegal Data Address
31186;0;0;0x0000;02 Illegal Data Address
31187;0;0;0x0000;02 Illegal Data Address
31188;0;0;0x0000;02 Illegal Data Address
31189;0;0;0x0000;02 Illegal Data Address
31190;0;0;0x0000;02 Illegal Data Address
31191;0;0;0x0000;02 Illegal Data Address
31192;0;0;0x0000;02 Illegal Data Address
31193;0;0;0x0000;02 Illegal Data Address
31194;0;0;0x0000;02 Illegal Data Address
31195;0;0;0x0000;02 Illegal Data Address
31196;0;0;0x0000;02 Illegal Data Address
31197;0;0;0x0000;02 Illegal Data Address
31198;0;0;0x0000;02 Illegal Data Address
31199;0;0;0x0000;02 Illegal Data Address
31200;0;0;0x0000;02 Illegal Data Address
31201;0;0;0x0000;02 Illegal Data Address
31202;0;0;0x0000;02 Illegal Data Address
31203;0;0;0x0000;02 Illegal Data Address
31204;0;0;0x0000;02 Illegal Data Address
31205;0;0;0x0000;02 Illegal Data Address
31206;0;0;0x0000;02 Illegal Data Address
31207;0;0;0x0000;02 Illegal Data Address
31208;0;0;0x0000;02 Illegal Data Address
31209;0;0;0x0000;02 Illegal Data Address
31210;0;0;0x0000;02 Illegal Data Address
31211;0;0;0x0000;02 Illegal Data Address
31212;0;0;0x0000;02 Illegal Data Address
31213;0;0;0x0000;02 Illegal Data Address
31214;0;0;0x0000;02 Illegal Data Address
31215;0;0;0x0000;02 Illegal Data Address
31216;0;0;0x0000;02 Illegal Data Address
31217;0;0;0x0000;02 Illegal Data Address
31218;0;0;0x0000;02 Illegal Data Address
31219;0;0;0x0000;02 Illegal Data Address
31220;0;0;0x0000;02 Illegal Data Address
31221;0;0;0x0000;02 Illegal Data Address
31222;0;0;0x0000;02 Illegal Data Address
31223;0;0;0x0000;02 Illegal Data Address
31224;0;0;0x0000;02 Illegal Data Address
31225;0;0;0x0000;02 Illegal Data Address
31226;0;0;0x0000;02 Illegal Data Address
31227;0;0;0x0000;02 Illegal Data Address
31228;0;0;0x0000;02 Illegal Data Address
31229;0;0;0x0000;02 Illegal Data Address
31230;0;0;0x0000;02 Illegal Data Address
31231;0;0;0x0000;02 Illegal Data Address
31232;0;0;0x0000;02 Illegal Data Address
31233;0;0;0x0000;02 Illegal Data Address
31234;0;0;0x0000;02 Illegal Data Address
31235;0;0;0x0000;02 Illegal Data Address
31236;0;0;0x0000;02 Illegal Data Address
31237;0;0;0x0000;02 Illegal Data Address
31238;0;0;0x0000;02 Illegal Data Address
31239;0;0;0x0000;02 Illegal Data Address
31240;0;0;0x0000;02 Illegal Data Address
31241;0;0;0x0000;02 Illegal Data Address
31242;0;0;0x0000;02 Illegal Data Address
31243;0;0;0x0000;02 Illegal Data Address
31244;0;0;0x0000;02 Illegal Data Address
31245;0;0;0x0000;02 Illegal Data Address
31246;0;0;0x0000;02 Illegal Data Address
31247;0;0;0x0000;02 Illegal Data Address
31248;0;0;0x0000;02 Illegal Data Address
31249;0;0;0x0000;02 Illegal Data Address
31250;0;0;0x0000;02 Illegal Data Address
31251;0;0;0x0000;02 Illegal Data Address
31252;0;0;0x0000;02 Illegal Data Address
31253;0;0;0x0000;02 Illegal Data Address
31254;0;0;0x0000;02 Illegal Data Address
31255;0;0;0x0000;02 Illegal Data Address
31256;0;0;0x0000;02 Illegal Data Address
31257;0;0;0x0000;02 Illegal Data Address
31258;0;0;0x0000;02 Illegal Data Address
31259;0;0;0x0000;02 Illegal Data Address
31260;0;0;0x0000;02 Illegal Data Address
31261;0;0;0x0000;02 Illegal Data Address
31262;0;0;0x0000;02 Illegal Data Address
31263;0;0;0x0000;02 Illegal Data Address
31264;0;0;0x0000;02 Illegal Data Address
31265;0;0;0x0000;02 Illegal Data Address
31266;0;0;0x0000;02 Illegal Data Address
31267;0;0;0x0000;02 Illegal Data Address
31268;0;0;0x0000;02 Illegal Data Address
31269;0;0;0x0000;02 Illegal Data Address
31270;0;0;0x0000;02 Illegal Data Address
31271;0;0;0x0000;02 Illegal Data Address
31272;0;0;0x0000;02 Illegal Data Address
31273;0;0;0x0000;02 Illegal Data Address
31274;0;0;0x0000;02 Illegal Data Address
31275;0;0;0x0000;02 Illegal Data Address
31276;0;0;0x0000;02 Illegal Data Address
31277;0;0;0x0000;02 Illegal Data Address
31278;0;0;0x0000;02 Illegal Data Address
31279;0;0;0x0000;02 Illegal Data Address
31280;0;0;0x0000;02 Illegal Data Address
31281;0;0;0x0000;02 Illegal Data Address
31282;0;0;0x0000;02 Illegal Data Address
31283;0;0;0x0000;02 Illegal Data Address
31284;0;0;0x0000;02 Illegal Data Address
31285;0;0;0x0000;02 Illegal Data Address
31286;0;0;0x0000;02 Illegal Data Address
31287;0;0;0x0000;02 Illegal Data Address
31288;0;0;0x0000;02 Illegal Data Address
31289;0;0;0x0000;02 Illegal Data Address
31290;0;0;0x0000;02 Illegal Data Address
31291;0;0;0x0000;02 Illegal Data Address
31292;0;0;0x0000;02 Illegal Data Address
31293;0;0;0x0000;02 Illegal Data Address
31294;0;0;0x0000;02 Illegal Data Address
31295;0;0;0x0000;02 Illegal Data Address
31296;0;0;0x0000;02 Illegal Data Address
31297;0;0;0x0000;02 Illegal Data Address
31298;0;0;0x0000;02 Illegal Data Address
31299;0;0;0x0000;02 Illegal Data Address
31300;0;0;0x0000;02 Illegal Data Address
31301;0;0;0x0000;02 Illegal Data Address
31302;0;0;0x0000;02 Illegal Data Address
31303;0;0;0x0000;02 Illegal Data Address
31304;0;0;0x0000;02 Illegal Data Address
31305;0;0;0x0000;02 Illegal Data Address
31306;0;0;0x0000;02 Illegal Data Address
31307;0;0;0x0000;02 Illegal Data Address
31308;0;0;0x0000;02 Illegal Data Address
31309;0;0;0x0000;02 Illegal Data Address
31310;0;0;0x0000;02 Illegal Data Address
31311;0;0;0x0000;02 Illegal Data Address
31312;0;0;0x0000;02 Illegal Data Address
31313;0;0;0x0000;02 Illegal Data Address
31314;0;0;0x0000;02 Illegal Data Address
31315;0;0;0x0000;02 Illegal Data Address
31316;0;0;0x0000;02 Illegal Data Address
31317;0;0;0x0000;02 Illegal Data Address
31318;0;0;0x0000;02 Illegal Data Address
31319;0;0;0x0000;02 Illegal Data Address
31320;0;0;0x0000;02 Illegal Data Address
31321;0;0;0x0000;02 Illegal Data Address
31322;0;0;0x0000;02 Illegal Data Address
31323;0;0;0x0000;02 Illegal Data Address
31324;0;0;0x0000;02 Illegal Data Address
31325;0;0;0x0000;02 Illegal Data Address
31326;0;0;0x0000;02 Illegal Data Address
31327;0;0;0x0000;02 Illegal Data Address
31328;0;0;0x0000;02 Illegal Data Address
31329;0;0;0x0000;02 Illegal Data Address
31330;0;0;0x0000;02 Illegal Data Address
31331;0;0;0x0000;02 Illegal Data Address
31332;0;0;0x0000;02 Illegal Data Address
31333;0;0;0x0000;02 Illegal Data Address
31334;0;0;0x0000;02 Illegal Data Address
31335;0;0;0x0000;02 Illegal Data Address
31336;0;0;0x0000;02 Illegal Data Address
31337;0;0;0x0000;02 Illegal Data Address
31338;0;0;0x0000;02 Illegal Data Address
31339;0;0;0x0000;02 Illegal Data Address
31340;0;0;0x0000;02 Illegal Data Address
31341;0;0;0x0000;02 Illegal Data Address
31342;0;0;0x0000;02 Illegal Data Address
31343;0;0;0x0000;02 Illegal Data Address
31344;0;0;0x0000;02 Illegal Data Address
31345;0;0;0x0000;02 Illegal Data Address
31346;0;0;0x0000;02 Illegal Data Address
31347;0;0;0x0000;02 Illegal Data Address
31348;0;0;0x0000;02 Illegal Data Address
31349;0;0;0x0000;02 Illegal Data Address
31350;0;0;0x0000;02 Illegal Data Address
31351;0;0;0x0000;02 Illegal Data Address
31352;0;0;0x0000;02 Illegal Data Address
31353;0;0;0x0000;02 Illegal Data Address
31354;0;0;0x0000;02 Illegal Data Address
31355;0;0;0x0000;02 Illegal Data Address
31356;0;0;0x0000;02 Illegal Data Address
31357;0;0;0x0000;02 Illegal Data Address
31358;0;0;0x0000;02 Illegal Data Address
31359;0;0;0x0000;02 Illegal Data Address
31360;0;0;0x0000;02 Illegal Data Address
31361;0;0;0x0000;02 Illegal Data Address
31362;0;0;0x0000;02 Illegal Data Address
31363;0;0;0x0000;02 Illegal Data Address
31364;0;0;0x0000;02 Illegal Data Address
31365;0;0;0x0000;02 Illegal Data Address
31366;0;0;0x0000;02 Illegal Data Address
31367;0;0;0x0000;02 Illegal Data Address
31368;0;0;0x0000;02 Illegal Data Address
31369;0;0;0x0000;02 Illegal Data Address
31370;0;0;0x0000;02 Illegal Data Address
31371;0;0;0x0000;02 Illegal Data Address
31372;0;0;0x0000;02 Illegal Data Address
31373;0;0;0x0000;02 Illegal Data Address
31374;0;0;0x0000;02 Illegal Data Address
31375;0;0;0x0000;02 Illegal Data Address
31376;0;0;0x0000;02 Illegal Data Address
31377;0;0;0x0000;02 Illegal Data Address
31378;0;0;0x0000;02 Illegal Data Address
31379;0;0;0x0000;02 Illegal Data Address
31380;0;0;0x0000;02 Illegal Data Address
31381;0;0;0x0000;02 Illegal Data Address
31382;0;0;0x0000;02 Illegal Data Address
31383;0;0;0x0000;02 Illegal Data Address
31384;0;0;0x0000;02 Illegal Data Address
31385;0;0;0x0000;02 Illegal Data Address
31386;0;0;0x0000;02 Illegal Data Address
31387;0;0;0x0000;02 Illegal Data Address
31388;0;0;0x0000;02 Illegal Data Address
31389;0;0;0x0000;02 Illegal Data Address
31390;0;0;0x0000;02 Illegal Data Address
31391;0;0;0x0000;02 Illegal Data Address
31392;0;0;0x0000;02 Illegal Data Address
31393;0;0;0x0000;02 Illegal Data Address
31394;0;0;0x0000;02 Illegal Data Address
31395;0;0;0x0000;02 Illegal Data Address
31396;0;0;0x0000;02 Illegal Data Address
31397;0;0;0x0000;02 Illegal Data Address
31398;0;0;0x0000;02 Illegal Data Address
31399;0;0;0x0000;02 Illegal Data Address
31400;0;0;0x0000;02 Illegal Data Address
31401;0;0;0x0000;02 Illegal Data Address
31402;0;0;0x0000;02 Illegal Data Address
31403;0;0;0x0000;02 Illegal Data Address
31404;0;0;0x0000;02 Illegal Data Address
31405;0;0;0x0000;02 Illegal Data Address
31406;0;0;0x0000;02 Illegal Data Address
31407;0;0;0x0000;02 Illegal Data Address
31408;0;0;0x0000;02 Illegal Data Address
31409;0;0;0x0000;02 Illegal Data Address
31410;0;0;0x0000;02 Illegal Data Address
31411;0;0;0x0000;02 Illegal Data Address
31412;0;0;0x0000;02 Illegal Data Address
31413;0;0;0x0000;02 Illegal Data Address
31414;0;0;0x0000;02 Illegal Data Address
31415;0;0;0x0000;02 Illegal Data Address
31416;0;0;0x0000;02 Illegal Data Address
31417;0;0;0x0000;02 Illegal Data Address
31418;0;0;0x0000;02 Illegal Data Address
31419;0;0;0x0000;02 Illegal Data Address
31420;0;0;0x0000;02 Illegal Data Address
31421;0;0;0x0000;02 Illegal Data Address
31422;0;0;0x0000;02 Illegal Data Address
31423;0;0;0x0000;02 Illegal Data Address
31424;0;0;0x0000;02 Illegal Data Address
31425;0;0;0x0000;02 Illegal Data Address
31426;0;0;0x0000;02 Illegal Data Address
31427;0;0;0x0000;02 Illegal Data Address
31428;0;0;0x0000;02 Illegal Data Address
31429;0;0;0x0000;02 Illegal Data Address
31430;0;0;0x0000;02 Illegal Data Address
31431;0;0;0x0000;02 Illegal Data Address
31432;0;0;0x0000;02 Illegal Data Address
31433;0;0;0x0000;02 Illegal Data Address
31434;0;0;0x0000;02 Illegal Data Address
31435;0;0;0x0000;02 Illegal Data Address
31436;0;0;0x0000;02 Illegal Data Address
31437;0;0;0x0000;02 Illegal Data Address
31438;0;0;0x0000;02 Illegal Data Address
31439;0;0;0x0000;02 Illegal Data Address
31440;0;0;0x0000;02 Illegal Data Address
31441;0;0;0x0000;02 Illegal Data Address
31442;0;0;0x0000;02 Illegal Data Address
31443;0;0;0x0000;02 Illegal Data Address
31444;0;0;0x0000;02 Illegal Data Address
31445;0;0;0x0000;02 Illegal Data Address
31446;0;0;0x0000;02 Illegal Data Address
31447;0;0;0x0000;02 Illegal Data Address
31448;0;0;0x0000;02 Illegal Data Address
31449;0;0;0x0000;02 Illegal Data Address
31450;0;0;0x0000;02 Illegal Data Address
31451;0;0;0x0000;02 Illegal Data Address
31452;0;0;0x0000;02 Illegal Data Address
31453;0;0;0x0000;02 Illegal Data Address
31454;0;0;0x0000;02 Illegal Data Address
31455;0;0;0x0000;02 Illegal Data Address
31456;0;0;0x0000;02 Illegal Data Address
31457;0;0;0x0000;02 Illegal Data Address
31458;0;0;0x0000;02 Illegal Data Address
31459;0;0;0x0000;02 Illegal Data Address
31460;0;0;0x0000;02 Illegal Data Address
31461;0;0;0x0000;02 Illegal Data Address
31462;0;0;0x0000;02 Illegal Data Address
31463;0;0;0x0000;02 Illegal Data Address
31464;0;0;0x0000;02 Illegal Data Address
31465;0;0;0x0000;02 Illegal Data Address
31466;0;0;0x0000;02 Illegal Data Address
31467;0;0;0x0000;02 Illegal Data Address
31468;0;0;0x0000;02 Illegal Data Address
31469;0;0;0x0000;02 Illegal Data Address
31470;0;0;0x0000;02 Illegal Data Address
31471;0;0;0x0000;02 Illegal Data Address
31472;0;0;0x0000;02 Illegal Data Address
31473;0;0;0x0000;02 Illegal Data Address
31474;0;0;0x0000;02 Illegal Data Address
31475;0;0;0x0000;02 Illegal Data Address
31476;0;0;0x0000;02 Illegal Data Address
31477;0;0;0x0000;02 Illegal Data Address
31478;0;0;0x0000;02 Illegal Data Address
31479;0;0;0x0000;02 Illegal Data Address
31480;0;0;0x0000;02 Illegal Data Address
31481;0;0;0x0000;02 Illegal Data Address
31482;0;0;0x0000;02 Illegal Data Address
31483;0;0;0x0000;02 Illegal Data Address
31484;0;0;0x0000;02 Illegal Data Address
31485;0;0;0x0000;02 Illegal Data Address
31486;0;0;0x0000;02 Illegal Data Address
31487;0;0;0x0000;02 Illegal Data Address
31488;0;0;0x0000;02 Illegal Data Address
31489;0;0;0x0000;02 Illegal Data Address
31490;0;0;0x0000;02 Illegal Data Address
31491;0;0;0x0000;02 Illegal Data Address
31492;0;0;0x0000;02 Illegal Data Address
31493;0;0;0x0000;02 Illegal Data Address
31494;0;0;0x0000;02 Illegal Data Address
31495;0;0;0x0000;02 Illegal Data Address
31496;0;0;0x0000;02 Illegal Data Address
31497;0;0;0x0000;02 Illegal Data Address
31498;0;0;0x0000;02 Illegal Data Address
31499;0;0;0x0000;02 Illegal Data Address
31500;0;0;0x0000;02 Illegal Data Address
31501;0;0;0x0000;02 Illegal Data Address
31502;0;0;0x0000;02 Illegal Data Address
31503;0;0;0x0000;02 Illegal Data Address
31504;0;0;0x0000;02 Illegal Data Address
31505;0;0;0x0000;02 Illegal Data Address
31506;0;0;0x0000;02 Illegal Data Address
31507;0;0;0x0000;02 Illegal Data Address
31508;0;0;0x0000;02 Illegal Data Address
31509;0;0;0x0000;02 Illegal Data Address
31510;0;0;0x0000;02 Illegal Data Address
31511;0;0;0x0000;02 Illegal Data Address
31512;0;0;0x0000;02 Illegal Data Address
31513;0;0;0x0000;02 Illegal Data Address
31514;0;0;0x0000;02 Illegal Data Address
31515;0;0;0x0000;02 Illegal Data Address
31516;0;0;0x0000;02 Illegal Data Address
31517;0;0;0x0000;02 Illegal Data Address
31518;0;0;0x0000;02 Illegal Data Address
31519;0;0;0x0000;02 Illegal Data Address
31520;0;0;0x0000;02 Illegal Data Address
31521;0;0;0x0000;02 Illegal Data Address
31522;0;0;0x0000;02 Illegal Data Address
31523;0;0;0x0000;02 Illegal Data Address
31524;0;0;0x0000;02 Illegal Data Address
31525;0;0;0x0000;02 Illegal Data Address
31526;0;0;0x0000;02 Illegal Data Address
31527;0;0;0x0000;02 Illegal Data Address
31528;0;0;0x0000;02 Illegal Data Address
31529;0;0;0x0000;02 Illegal Data Address
31530;0;0;0x0000;02 Illegal Data Address
31531;0;0;0x0000;02 Illegal Data Address
31532;0;0;0x0000;02 Illegal Data Address
31533;0;0;0x0000;02 Illegal Data Address
31534;0;0;0x0000;02 Illegal Data Address
31535;0;0;0x0000;02 Illegal Data Address
31536;0;0;0x0000;02 Illegal Data Address
31537;0;0;0x0000;02 Illegal Data Address
31538;0;0;0x0000;02 Illegal Data Address
31539;0;0;0x0000;02 Illegal Data Address
31540;0;0;0x0000;02 Illegal Data Address
31541;0;0;0x0000;02 Illegal Data Address
31542;0;0;0x0000;02 Illegal Data Address
31543;0;0;0x0000;02 Illegal Data Address
31544;0;0;0x0000;02 Illegal Data Address
31545;0;0;0x0000;02 Illegal Data Address
31546;0;0;0x0000;02 Illegal Data Address
31547;0;0;0x0000;02 Illegal Data Address
31548;0;0;0x0000;02 Illegal Data Address
31549;0;0;0x0000;02 Illegal Data Address
31550;0;0;0x0000;02 Illegal Data Address
31551;0;0;0x0000;02 Illegal Data Address
31552;0;0;0x0000;02 Illegal Data Address
31553;0;0;0x0000;02 Illegal Data Address
31554;0;0;0x0000;02 Illegal Data Address
31555;0;0;0x0000;02 Illegal Data Address
31556;0;0;0x0000;02 Illegal Data Address
31557;0;0;0x0000;02 Illegal Data Address
31558;0;0;0x0000;02 Illegal Data Address
31559;0;0;0x0000;02 Illegal Data Address
31560;0;0;0x0000;02 Illegal Data Address
31561;0;0;0x0000;02 Illegal Data Address
31562;0;0;0x0000;02 Illegal Data Address
31563;0;0;0x0000;02 Illegal Data Address
31564;0;0;0x0000;02 Illegal Data Address
31565;0;0;0x0000;02 Illegal Data Address
31566;0;0;0x0000;02 Illegal Data Address
31567;0;0;0x0000;02 Illegal Data Address
31568;0;0;0x0000;02 Illegal Data Address
31569;0;0;0x0000;02 Illegal Data Address
31570;0;0;0x0000;02 Illegal Data Address
31571;0;0;0x0000;02 Illegal Data Address
31572;0;0;0x0000;02 Illegal Data Address
31573;0;0;0x0000;02 Illegal Data Address
31574;0;0;0x0000;02 Illegal Data Address
31575;0;0;0x0000;02 Illegal Data Address
31576;0;0;0x0000;02 Illegal Data Address
31577;0;0;0x0000;02 Illegal Data Address
31578;0;0;0x0000;02 Illegal Data Address
31579;0;0;0x0000;02 Illegal Data Address
31580;0;0;0x0000;02 Illegal Data Address
31581;0;0;0x0000;02 Illegal Data Address
31582;0;0;0x0000;02 Illegal Data Address
31583;0;0;0x0000;02 Illegal Data Address
31584;0;0;0x0000;02 Illegal Data Address
31585;0;0;0x0000;02 Illegal Data Address
31586;0;0;0x0000;02 Illegal Data Address
31587;0;0;0x0000;02 Illegal Data Address
31588;0;0;0x0000;02 Illegal Data Address
31589;0;0;0x0000;02 Illegal Data Address
31590;0;0;0x0000;02 Illegal Data Address
31591;0;0;0x0000;02 Illegal Data Address
31592;0;0;0x0000;02 Illegal Data Address
31593;0;0;0x0000;02 Illegal Data Address
31594;0;0;0x0000;02 Illegal Data Address
31595;0;0;0x0000;02 Illegal Data Address
31596;0;0;0x0000;02 Illegal Data Address
31597;0;0;0x0000;02 Illegal Data Address
31598;0;0;0x0000;02 Illegal Data Address
31599;0;0;0x0000;02 Illegal Data Address
31600;0;0;0x0000;02 Illegal Data Address
31601;0;0;0x0000;02 Illegal Data Address
31602;0;0;0x0000;02 Illegal Data Address
31603;0;0;0x0000;02 Illegal Data Address
31604;0;0;0x0000;02 Illegal Data Address
31605;0;0;0x0000;02 Illegal Data Address
31606;0;0;0x0000;02 Illegal Data Address
31607;0;0;0x0000;02 Illegal Data Address
31608;0;0;0x0000;02 Illegal Data Address
31609;0;0;0x0000;02 Illegal Data Address
31610;0;0;0x0000;02 Illegal Data Address
31611;0;0;0x0000;02 Illegal Data Address
31612;0;0;0x0000;02 Illegal Data Address
31613;0;0;0x0000;02 Illegal Data Address
31614;0;0;0x0000;02 Illegal Data Address
31615;0;0;0x0000;02 Illegal Data Address
31616;0;0;0x0000;02 Illegal Data Address
31617;0;0;0x0000;02 Illegal Data Address
31618;0;0;0x0000;02 Illegal Data Address
31619;0;0;0x0000;02 Illegal Data Address
31620;0;0;0x0000;02 Illegal Data Address
31621;0;0;0x0000;02 Illegal Data Address
31622;0;0;0x0000;02 Illegal Data Address
31623;0;0;0x0000;02 Illegal Data Address
31624;0;0;0x0000;02 Illegal Data Address
31625;0;0;0x0000;02 Illegal Data Address
31626;0;0;0x0000;02 Illegal Data Address
31627;0;0;0x0000;02 Illegal Data Address
31628;0;0;0x0000;02 Illegal Data Address
31629;0;0;0x0000;02 Illegal Data Address
31630;0;0;0x0000;02 Illegal Data Address
31631;0;0;0x0000;02 Illegal Data Address
31632;0;0;0x0000;02 Illegal Data Address
31633;0;0;0x0000;02 Illegal Data Address
31634;0;0;0x0000;02 Illegal Data Address
31635;0;0;0x0000;02 Illegal Data Address
31636;0;0;0x0000;02 Illegal Data Address
31637;0;0;0x0000;02 Illegal Data Address
31638;0;0;0x0000;02 Illegal Data Address
31639;0;0;0x0000;02 Illegal Data Address
31640;0;0;0x0000;02 Illegal Data Address
31641;0;0;0x0000;02 Illegal Data Address
31642;0;0;0x0000;02 Illegal Data Address
31643;0;0;0x0000;02 Illegal Data Address
31644;0;0;0x0000;02 Illegal Data Address
31645;0;0;0x0000;02 Illegal Data Address
31646;0;0;0x0000;02 Illegal Data Address
31647;0;0;0x0000;02 Illegal Data Address
31648;0;0;0x0000;02 Illegal Data Address
31649;0;0;0x0000;02 Illegal Data Address
31650;0;0;0x0000;02 Illegal Data Address
31651;0;0;0x0000;02 Illegal Data Address
31652;0;0;0x0000;02 Illegal Data Address
31653;0;0;0x0000;02 Illegal Data Address
31654;0;0;0x0000;02 Illegal Data Address
31655;0;0;0x0000;02 Illegal Data Address
31656;0;0;0x0000;02 Illegal Data Address
31657;0;0;0x0000;02 Illegal Data Address
31658;0;0;0x0000;02 Illegal Data Address
31659;0;0;0x0000;02 Illegal Data Address
31660;0;0;0x0000;02 Illegal Data Address
31661;0;0;0x0000;02 Illegal Data Address
31662;0;0;0x0000;02 Illegal Data Address
31663;0;0;0x0000;02 Illegal Data Address
31664;0;0;0x0000;02 Illegal Data Address
31665;0;0;0x0000;02 Illegal Data Address
31666;0;0;0x0000;02 Illegal Data Address
31667;0;0;0x0000;02 Illegal Data Address
31668;0;0;0x0000;02 Illegal Data Address
31669;0;0;0x0000;02 Illegal Data Address
31670;0;0;0x0000;02 Illegal Data Address
31671;0;0;0x0000;02 Illegal Data Address
31672;0;0;0x0000;02 Illegal Data Address
31673;0;0;0x0000;02 Illegal Data Address
31674;0;0;0x0000;02 Illegal Data Address
31675;0;0;0x0000;02 Illegal Data Address
31676;0;0;0x0000;02 Illegal Data Address
31677;0;0;0x0000;02 Illegal Data Address
31678;0;0;0x0000;02 Illegal Data Address
31679;0;0;0x0000;02 Illegal Data Address
31680;0;0;0x0000;02 Illegal Data Address
31681;0;0;0x0000;02 Illegal Data Address
31682;0;0;0x0000;02 Illegal Data Address
31683;0;0;0x0000;02 Illegal Data Address
31684;0;0;0x0000;02 Illegal Data Address
31685;0;0;0x0000;02 Illegal Data Address
31686;0;0;0x0000;02 Illegal Data Address
31687;0;0;0x0000;02 Illegal Data Address
31688;0;0;0x0000;02 Illegal Data Address
31689;0;0;0x0000;02 Illegal Data Address
31690;0;0;0x0000;02 Illegal Data Address
31691;0;0;0x0000;02 Illegal Data Address
31692;0;0;0x0000;02 Illegal Data Address
31693;0;0;0x0000;02 Illegal Data Address
31694;0;0;0x0000;02 Illegal Data Address
31695;0;0;0x0000;02 Illegal Data Address
31696;0;0;0x0000;02 Illegal Data Address
31697;0;0;0x0000;02 Illegal Data Address
31698;0;0;0x0000;02 Illegal Data Address
31699;0;0;0x0000;02 Illegal Data Address
31700;0;0;0x0000;02 Illegal Data Address
31701;0;0;0x0000;02 Illegal Data Address
31702;0;0;0x0000;02 Illegal Data Address
31703;0;0;0x0000;02 Illegal Data Address
31704;0;0;0x0000;02 Illegal Data Address
31705;0;0;0x0000;02 Illegal Data Address
31706;0;0;0x0000;02 Illegal Data Address
31707;0;0;0x0000;02 Illegal Data Address
31708;0;0;0x0000;02 Illegal Data Address
31709;0;0;0x0000;02 Illegal Data Address
31710;0;0;0x0000;02 Illegal Data Address
31711;0;0;0x0000;02 Illegal Data Address
31712;0;0;0x0000;02 Illegal Data Address
31713;0;0;0x0000;02 Illegal Data Address
31714;0;0;0x0000;02 Illegal Data Address
31715;0;0;0x0000;02 Illegal Data Address
31716;0;0;0x0000;02 Illegal Data Address
31717;0;0;0x0000;02 Illegal Data Address
31718;0;0;0x0000;02 Illegal Data Address
31719;0;0;0x0000;02 Illegal Data Address
31720;0;0;0x0000;02 Illegal Data Address
31721;0;0;0x0000;02 Illegal Data Address
31722;0;0;0x0000;02 Illegal Data Address
31723;0;0;0x0000;02 Illegal Data Address
31724;0;0;0x0000;02 Illegal Data Address
31725;0;0;0x0000;02 Illegal Data Address
31726;0;0;0x0000;02 Illegal Data Address
31727;0;0;0x0000;02 Illegal Data Address
31728;0;0;0x0000;02 Illegal Data Address
31729;0;0;0x0000;02 Illegal Data Address
31730;0;0;0x0000;02 Illegal Data Address
31731;0;0;0x0000;02 Illegal Data Address
31732;0;0;0x0000;02 Illegal Data Address
31733;0;0;0x0000;02 Illegal Data Address
31734;0;0;0x0000;02 Illegal Data Address
31735;0;0;0x0000;02 Illegal Data Address
31736;0;0;0x0000;02 Illegal Data Address
31737;0;0;0x0000;02 Illegal Data Address
31738;0;0;0x0000;02 Illegal Data Address
31739;0;0;0x0000;02 Illegal Data Address
31740;0;0;0x0000;02 Illegal Data Address
31741;0;0;0x0000;02 Illegal Data Address
31742;0;0;0x0000;02 Illegal Data Address
31743;0;0;0x0000;02 Illegal Data Address
31744;0;0;0x0000;02 Illegal Data Address
31745;0;0;0x0000;02 Illegal Data Address
31746;0;0;0x0000;02 Illegal Data Address
31747;0;0;0x0000;02 Illegal Data Address
31748;0;0;0x0000;02 Illegal Data Address
31749;0;0;0x0000;02 Illegal Data Address
31750;0;0;0x0000;02 Illegal Data Address
31751;0;0;0x0000;02 Illegal Data Address
31752;0;0;0x0000;02 Illegal Data Address
31753;0;0;0x0000;02 Illegal Data Address
31754;0;0;0x0000;02 Illegal Data Address
31755;0;0;0x0000;02 Illegal Data Address
31756;0;0;0x0000;02 Illegal Data Address
31757;0;0;0x0000;02 Illegal Data Address
31758;0;0;0x0000;02 Illegal Data Address
31759;0;0;0x0000;02 Illegal Data Address
31760;0;0;0x0000;02 Illegal Data Address
31761;0;0;0x0000;02 Illegal Data Address
31762;0;0;0x0000;02 Illegal Data Address
31763;0;0;0x0000;02 Illegal Data Address
31764;0;0;0x0000;02 Illegal Data Address
31765;0;0;0x0000;02 Illegal Data Address
31766;0;0;0x0000;02 Illegal Data Address
31767;0;0;0x0000;02 Illegal Data Address
31768;0;0;0x0000;02 Illegal Data Address
31769;0;0;0x0000;02 Illegal Data Address
31770;0;0;0x0000;02 Illegal Data Address
31771;0;0;0x0000;02 Illegal Data Address
31772;0;0;0x0000;02 Illegal Data Address
31773;0;0;0x0000;02 Illegal Data Address
31774;0;0;0x0000;02 Illegal Data Address
31775;0;0;0x0000;02 Illegal Data Address
31776;0;0;0x0000;02 Illegal Data Address
31777;0;0;0x0000;02 Illegal Data Address
31778;0;0;0x0000;02 Illegal Data Address
31779;0;0;0x0000;02 Illegal Data Address
31780;0;0;0x0000;02 Illegal Data Address
31781;0;0;0x0000;02 Illegal Data Address
31782;0;0;0x0000;02 Illegal Data Address
31783;0;0;0x0000;02 Illegal Data Address
31784;0;0;0x0000;02 Illegal Data Address
31785;0;0;0x0000;02 Illegal Data Address
31786;0;0;0x0000;02 Illegal Data Address
31787;0;0;0x0000;02 Illegal Data Address
31788;0;0;0x0000;02 Illegal Data Address
31789;0;0;0x0000;02 Illegal Data Address
31790;0;0;0x0000;02 Illegal Data Address
31791;0;0;0x0000;02 Illegal Data Address
31792;0;0;0x0000;02 Illegal Data Address
31793;0;0;0x0000;02 Illegal Data Address
31794;0;0;0x0000;02 Illegal Data Address
31795;0;0;0x0000;02 Illegal Data Address
31796;0;0;0x0000;02 Illegal Data Address
31797;0;0;0x0000;02 Illegal Data Address
31798;0;0;0x0000;02 Illegal Data Address
31799;0;0;0x0000;02 Illegal Data Address
31800;0;0;0x0000;02 Illegal Data Address
31801;0;0;0x0000;02 Illegal Data Address
31802;0;0;0x0000;02 Illegal Data Address
31803;0;0;0x0000;02 Illegal Data Address
31804;0;0;0x0000;02 Illegal Data Address
31805;0;0;0x0000;02 Illegal Data Address
31806;0;0;0x0000;02 Illegal Data Address
31807;0;0;0x0000;02 Illegal Data Address
31808;0;0;0x0000;02 Illegal Data Address
31809;0;0;0x0000;02 Illegal Data Address
31810;0;0;0x0000;02 Illegal Data Address
31811;0;0;0x0000;02 Illegal Data Address
31812;0;0;0x0000;02 Illegal Data Address
31813;0;0;0x0000;02 Illegal Data Address
31814;0;0;0x0000;02 Illegal Data Address
31815;0;0;0x0000;02 Illegal Data Address
31816;0;0;0x0000;02 Illegal Data Address
31817;0;0;0x0000;02 Illegal Data Address
31818;0;0;0x0000;02 Illegal Data Address
31819;0;0;0x0000;02 Illegal Data Address
31820;0;0;0x0000;02 Illegal Data Address
31821;0;0;0x0000;02 Illegal Data Address
31822;0;0;0x0000;02 Illegal Data Address
31823;0;0;0x0000;02 Illegal Data Address
31824;0;0;0x0000;02 Illegal Data Address
31825;0;0;0x0000;02 Illegal Data Address
31826;0;0;0x0000;02 Illegal Data Address
31827;0;0;0x0000;02 Illegal Data Address
31828;0;0;0x0000;02 Illegal Data Address
31829;0;0;0x0000;02 Illegal Data Address
31830;0;0;0x0000;02 Illegal Data Address
31831;0;0;0x0000;02 Illegal Data Address
31832;0;0;0x0000;02 Illegal Data Address
31833;0;0;0x0000;02 Illegal Data Address
31834;0;0;0x0000;02 Illegal Data Address
31835;0;0;0x0000;02 Illegal Data Address
31836;0;0;0x0000;02 Illegal Data Address
31837;0;0;0x0000;02 Illegal Data Address
31838;0;0;0x0000;02 Illegal Data Address
31839;0;0;0x0000;02 Illegal Data Address
31840;0;0;0x0000;02 Illegal Data Address
31841;0;0;0x0000;02 Illegal Data Address
31842;0;0;0x0000;02 Illegal Data Address
31843;0;0;0x0000;02 Illegal Data Address
31844;0;0;0x0000;02 Illegal Data Address
31845;0;0;0x0000;02 Illegal Data Address
31846;0;0;0x0000;02 Illegal Data Address
31847;0;0;0x0000;02 Illegal Data Address
31848;0;0;0x0000;02 Illegal Data Address
31849;0;0;0x0000;02 Illegal Data Address
31850;0;0;0x0000;02 Illegal Data Address
31851;0;0;0x0000;02 Illegal Data Address
31852;0;0;0x0000;02 Illegal Data Address
31853;0;0;0x0000;02 Illegal Data Address
31854;0;0;0x0000;02 Illegal Data Address
31855;0;0;0x0000;02 Illegal Data Address
31856;0;0;0x0000;02 Illegal Data Address
31857;0;0;0x0000;02 Illegal Data Address
31858;0;0;0x0000;02 Illegal Data Address
31859;0;0;0x0000;02 Illegal Data Address
31860;0;0;0x0000;02 Illegal Data Address
31861;0;0;0x0000;02 Illegal Data Address
31862;0;0;0x0000;02 Illegal Data Address
31863;0;0;0x0000;02 Illegal Data Address
31864;0;0;0x0000;02 Illegal Data Address
31865;0;0;0x0000;02 Illegal Data Address
31866;0;0;0x0000;02 Illegal Data Address
31867;0;0;0x0000;02 Illegal Data Address
31868;0;0;0x0000;02 Illegal Data Address
31869;0;0;0x0000;02 Illegal Data Address
31870;0;0;0x0000;02 Illegal Data Address
31871;0;0;0x0000;02 Illegal Data Address
31872;0;0;0x0000;02 Illegal Data Address
31873;0;0;0x0000;02 Illegal Data Address
31874;0;0;0x0000;02 Illegal Data Address
31875;0;0;0x0000;02 Illegal Data Address
31876;0;0;0x0000;02 Illegal Data Address
31877;0;0;0x0000;02 Illegal Data Address
31878;0;0;0x0000;02 Illegal Data Address
31879;0;0;0x0000;02 Illegal Data Address
31880;0;0;0x0000;02 Illegal Data Address
31881;0;0;0x0000;02 Illegal Data Address
31882;0;0;0x0000;02 Illegal Data Address
31883;0;0;0x0000;02 Illegal Data Address
31884;0;0;0x0000;02 Illegal Data Address
31885;0;0;0x0000;02 Illegal Data Address
31886;0;0;0x0000;02 Illegal Data Address
31887;0;0;0x0000;02 Illegal Data Address
31888;0;0;0x0000;02 Illegal Data Address
31889;0;0;0x0000;02 Illegal Data Address
31890;0;0;0x0000;02 Illegal Data Address
31891;0;0;0x0000;02 Illegal Data Address
31892;0;0;0x0000;02 Illegal Data Address
31893;0;0;0x0000;02 Illegal Data Address
31894;0;0;0x0000;02 Illegal Data Address
31895;0;0;0x0000;02 Illegal Data Address
31896;0;0;0x0000;02 Illegal Data Address
31897;0;0;0x0000;02 Illegal Data Address
31898;0;0;0x0000;02 Illegal Data Address
31899;0;0;0x0000;02 Illegal Data Address
31900;0;0;0x0000;02 Illegal Data Address
31901;0;0;0x0000;02 Illegal Data Address
31902;0;0;0x0000;02 Illegal Data Address
31903;0;0;0x0000;02 Illegal Data Address
31904;0;0;0x0000;02 Illegal Data Address
31905;0;0;0x0000;02 Illegal Data Address
31906;0;0;0x0000;02 Illegal Data Address
31907;0;0;0x0000;02 Illegal Data Address
31908;0;0;0x0000;02 Illegal Data Address
31909;0;0;0x0000;02 Illegal Data Address
31910;0;0;0x0000;02 Illegal Data Address
31911;0;0;0x0000;02 Illegal Data Address
31912;0;0;0x0000;02 Illegal Data Address
31913;0;0;0x0000;02 Illegal Data Address
31914;0;0;0x0000;02 Illegal Data Address
31915;0;0;0x0000;02 Illegal Data Address
31916;0;0;0x0000;02 Illegal Data Address
31917;0;0;0x0000;02 Illegal Data Address
31918;0;0;0x0000;02 Illegal Data Address
31919;0;0;0x0000;02 Illegal Data Address
31920;0;0;0x0000;02 Illegal Data Address
31921;0;0;0x0000;02 Illegal Data Address
31922;0;0;0x0000;02 Illegal Data Address
31923;0;0;0x0000;02 Illegal Data Address
31924;0;0;0x0000;02 Illegal Data Address
31925;0;0;0x0000;02 Illegal Data Address
31926;0;0;0x0000;02 Illegal Data Address
31927;0;0;0x0000;02 Illegal Data Address
31928;0;0;0x0000;02 Illegal Data Address
31929;0;0;0x0000;02 Illegal Data Address
31930;0;0;0x0000;02 Illegal Data Address
31931;0;0;0x0000;02 Illegal Data Address
31932;0;0;0x0000;02 Illegal Data Address
31933;0;0;0x0000;02 Illegal Data Address
31934;0;0;0x0000;02 Illegal Data Address
31935;0;0;0x0000;02 Illegal Data Address
31936;0;0;0x0000;02 Illegal Data Address
31937;0;0;0x0000;02 Illegal Data Address
31938;0;0;0x0000;02 Illegal Data Address
31939;0;0;0x0000;02 Illegal Data Address
31940;0;0;0x0000;02 Illegal Data Address
31941;0;0;0x0000;02 Illegal Data Address
31942;0;0;0x0000;02 Illegal Data Address
31943;0;0;0x0000;02 Illegal Data Address
31944;0;0;0x0000;02 Illegal Data Address
31945;0;0;0x0000;02 Illegal Data Address
31946;0;0;0x0000;02 Illegal Data Address
31947;0;0;0x0000;02 Illegal Data Address
31948;0;0;0x0000;02 Illegal Data Address
31949;0;0;0x0000;02 Illegal Data Address
31950;0;0;0x0000;02 Illegal Data Address
31951;0;0;0x0000;02 Illegal Data Address
31952;0;0;0x0000;02 Illegal Data Address
31953;0;0;0x0000;02 Illegal Data Address
31954;0;0;0x0000;02 Illegal Data Address
31955;0;0;0x0000;02 Illegal Data Address
31956;0;0;0x0000;02 Illegal Data Address
31957;0;0;0x0000;02 Illegal Data Address
31958;0;0;0x0000;02 Illegal Data Address
31959;0;0;0x0000;02 Illegal Data Address
31960;0;0;0x0000;02 Illegal Data Address
31961;0;0;0x0000;02 Illegal Data Address
31962;0;0;0x0000;02 Illegal Data Address
31963;0;0;0x0000;02 Illegal Data Address
31964;0;0;0x0000;02 Illegal Data Address
31965;0;0;0x0000;02 Illegal Data Address
31966;0;0;0x0000;02 Illegal Data Address
31967;0;0;0x0000;02 Illegal Data Address
31968;0;0;0x0000;02 Illegal Data Address
31969;0;0;0x0000;02 Illegal Data Address
31970;0;0;0x0000;02 Illegal Data Address
31971;0;0;0x0000;02 Illegal Data Address
31972;0;0;0x0000;02 Illegal Data Address
31973;0;0;0x0000;02 Illegal Data Address
31974;0;0;0x0000;02 Illegal Data Address
31975;0;0;0x0000;02 Illegal Data Address
31976;0;0;0x0000;02 Illegal Data Address
31977;0;0;0x0000;02 Illegal Data Address
31978;0;0;0x0000;02 Illegal Data Address
31979;0;0;0x0000;02 Illegal Data Address
31980;0;0;0x0000;02 Illegal Data Address
31981;0;0;0x0000;02 Illegal Data Address
31982;0;0;0x0000;02 Illegal Data Address
31983;0;0;0x0000;02 Illegal Data Address
31984;0;0;0x0000;02 Illegal Data Address
31985;0;0;0x0000;02 Illegal Data Address
31986;0;0;0x0000;02 Illegal Data Address
31987;0;0;0x0000;02 Illegal Data Address
31988;0;0;0x0000;02 Illegal Data Address
31989;0;0;0x0000;02 Illegal Data Address
31990;0;0;0x0000;02 Illegal Data Address
31991;0;0;0x0000;02 Illegal Data Address
31992;0;0;0x0000;02 Illegal Data Address
31993;0;0;0x0000;02 Illegal Data Address
31994;0;0;0x0000;02 Illegal Data Address
31995;0;0;0x0000;02 Illegal Data Address
31996;0;0;0x0000;02 Illegal Data Address
31997;0;0;0x0000;02 Illegal Data Address
31998;0;0;0x0000;02 Illegal Data Address
31999;0;0;0x0000;02 Illegal Data Address
32000;0;0;0x0000;02 Illegal Data Address
32001;0;0;0x0000;02 Illegal Data Address
32002;0;0;0x0000;02 Illegal Data Address
32003;0;0;0x0000;02 Illegal Data Address
32004;0;0;0x0000;02 Illegal Data Address
32005;0;0;0x0000;02 Illegal Data Address
32006;0;0;0x0000;02 Illegal Data Address
32007;0;0;0x0000;02 Illegal Data Address
32008;0;0;0x0000;02 Illegal Data Address
32009;0;0;0x0000;02 Illegal Data Address
32010;0;0;0x0000;02 Illegal Data Address
32011;0;0;0x0000;02 Illegal Data Address
32012;0;0;0x0000;02 Illegal Data Address
32013;0;0;0x0000;02 Illegal Data Address
32014;0;0;0x0000;02 Illegal Data Address
32015;0;0;0x0000;02 Illegal Data Address
32016;0;0;0x0000;02 Illegal Data Address
32017;0;0;0x0000;02 Illegal Data Address
32018;0;0;0x0000;02 Illegal Data Address
32019;0;0;0x0000;02 Illegal Data Address
32020;0;0;0x0000;02 Illegal Data Address
32021;0;0;0x0000;02 Illegal Data Address
32022;0;0;0x0000;02 Illegal Data Address
32023;0;0;0x0000;02 Illegal Data Address
32024;0;0;0x0000;02 Illegal Data Address
32025;0;0;0x0000;02 Illegal Data Address
32026;0;0;0x0000;02 Illegal Data Address
32027;0;0;0x0000;02 Illegal Data Address
32028;0;0;0x0000;02 Illegal Data Address
32029;0;0;0x0000;02 Illegal Data Address
32030;0;0;0x0000;02 Illegal Data Address
32031;0;0;0x0000;02 Illegal Data Address
32032;0;0;0x0000;02 Illegal Data Address
32033;0;0;0x0000;02 Illegal Data Address
32034;0;0;0x0000;02 Illegal Data Address
32035;0;0;0x0000;02 Illegal Data Address
32036;0;0;0x0000;02 Illegal Data Address
32037;0;0;0x0000;02 Illegal Data Address
32038;0;0;0x0000;02 Illegal Data Address
32039;0;0;0x0000;02 Illegal Data Address
32040;0;0;0x0000;02 Illegal Data Address
32041;0;0;0x0000;02 Illegal Data Address
32042;0;0;0x0000;02 Illegal Data Address
32043;0;0;0x0000;02 Illegal Data Address
32044;0;0;0x0000;02 Illegal Data Address
32045;0;0;0x0000;02 Illegal Data Address
32046;0;0;0x0000;02 Illegal Data Address
32047;0;0;0x0000;02 Illegal Data Address
32048;0;0;0x0000;02 Illegal Data Address
32049;0;0;0x0000;02 Illegal Data Address
32050;0;0;0x0000;02 Illegal Data Address
32051;0;0;0x0000;02 Illegal Data Address
32052;0;0;0x0000;02 Illegal Data Address
32053;0;0;0x0000;02 Illegal Data Address
32054;0;0;0x0000;02 Illegal Data Address
32055;0;0;0x0000;02 Illegal Data Address
32056;0;0;0x0000;02 Illegal Data Address
32057;0;0;0x0000;02 Illegal Data Address
32058;0;0;0x0000;02 Illegal Data Address
32059;0;0;0x0000;02 Illegal Data Address
32060;0;0;0x0000;02 Illegal Data Address
32061;0;0;0x0000;02 Illegal Data Address
32062;0;0;0x0000;02 Illegal Data Address
32063;0;0;0x0000;02 Illegal Data Address
32064;0;0;0x0000;02 Illegal Data Address
32065;0;0;0x0000;02 Illegal Data Address
32066;0;0;0x0000;02 Illegal Data Address
32067;0;0;0x0000;02 Illegal Data Address
32068;0;0;0x0000;02 Illegal Data Address
32069;0;0;0x0000;02 Illegal Data Address
32070;0;0;0x0000;02 Illegal Data Address
32071;0;0;0x0000;02 Illegal Data Address
32072;0;0;0x0000;02 Illegal Data Address
32073;0;0;0x0000;02 Illegal Data Address
32074;0;0;0x0000;02 Illegal Data Address
32075;0;0;0x0000;02 Illegal Data Address
32076;0;0;0x0000;02 Illegal Data Address
32077;0;0;0x0000;02 Illegal Data Address
32078;0;0;0x0000;02 Illegal Data Address
32079;0;0;0x0000;02 Illegal Data Address
32080;0;0;0x0000;02 Illegal Data Address
32081;0;0;0x0000;02 Illegal Data Address
32082;0;0;0x0000;02 Illegal Data Address
32083;0;0;0x0000;02 Illegal Data Address
32084;0;0;0x0000;02 Illegal Data Address
32085;0;0;0x0000;02 Illegal Data Address
32086;0;0;0x0000;02 Illegal Data Address
32087;0;0;0x0000;02 Illegal Data Address
32088;0;0;0x0000;02 Illegal Data Address
32089;0;0;0x0000;02 Illegal Data Address
32090;0;0;0x0000;02 Illegal Data Address
32091;0;0;0x0000;02 Illegal Data Address
32092;0;0;0x0000;02 Illegal Data Address
32093;0;0;0x0000;02 Illegal Data Address
32094;0;0;0x0000;02 Illegal Data Address
32095;0;0;0x0000;02 Illegal Data Address
32096;0;0;0x0000;02 Illegal Data Address
32097;0;0;0x0000;02 Illegal Data Address
32098;0;0;0x0000;02 Illegal Data Address
32099;0;0;0x0000;02 Illegal Data Address
32100;0;0;0x0000;02 Illegal Data Address
32101;0;0;0x0000;02 Illegal Data Address
32102;0;0;0x0000;02 Illegal Data Address
32103;0;0;0x0000;02 Illegal Data Address
32104;0;0;0x0000;02 Illegal Data Address
32105;0;0;0x0000;02 Illegal Data Address
32106;0;0;0x0000;02 Illegal Data Address
32107;0;0;0x0000;02 Illegal Data Address
32108;0;0;0x0000;02 Illegal Data Address
32109;0;0;0x0000;02 Illegal Data Address
32110;0;0;0x0000;02 Illegal Data Address
32111;0;0;0x0000;02 Illegal Data Address
32112;0;0;0x0000;02 Illegal Data Address
32113;0;0;0x0000;02 Illegal Data Address
32114;0;0;0x0000;02 Illegal Data Address
32115;0;0;0x0000;02 Illegal Data Address
32116;0;0;0x0000;02 Illegal Data Address
32117;0;0;0x0000;02 Illegal Data Address
32118;0;0;0x0000;02 Illegal Data Address
32119;0;0;0x0000;02 Illegal Data Address
32120;0;0;0x0000;02 Illegal Data Address
32121;0;0;0x0000;02 Illegal Data Address
32122;0;0;0x0000;02 Illegal Data Address
32123;0;0;0x0000;02 Illegal Data Address
32124;0;0;0x0000;02 Illegal Data Address
32125;0;0;0x0000;02 Illegal Data Address
32126;0;0;0x0000;02 Illegal Data Address
32127;0;0;0x0000;02 Illegal Data Address
32128;0;0;0x0000;02 Illegal Data Address
32129;0;0;0x0000;02 Illegal Data Address
32130;0;0;0x0000;02 Illegal Data Address
32131;0;0;0x0000;02 Illegal Data Address
32132;0;0;0x0000;02 Illegal Data Address
32133;0;0;0x0000;02 Illegal Data Address
32134;0;0;0x0000;02 Illegal Data Address
32135;0;0;0x0000;02 Illegal Data Address
32136;0;0;0x0000;02 Illegal Data Address
32137;0;0;0x0000;02 Illegal Data Address
32138;0;0;0x0000;02 Illegal Data Address
32139;0;0;0x0000;02 Illegal Data Address
32140;0;0;0x0000;02 Illegal Data Address
32141;0;0;0x0000;02 Illegal Data Address
32142;0;0;0x0000;02 Illegal Data Address
32143;0;0;0x0000;02 Illegal Data Address
32144;0;0;0x0000;02 Illegal Data Address
32145;0;0;0x0000;02 Illegal Data Address
32146;0;0;0x0000;02 Illegal Data Address
32147;0;0;0x0000;02 Illegal Data Address
32148;0;0;0x0000;02 Illegal Data Address
32149;0;0;0x0000;02 Illegal Data Address
32150;0;0;0x0000;02 Illegal Data Address
32151;0;0;0x0000;02 Illegal Data Address
32152;0;0;0x0000;02 Illegal Data Address
32153;0;0;0x0000;02 Illegal Data Address
32154;0;0;0x0000;02 Illegal Data Address
32155;0;0;0x0000;02 Illegal Data Address
32156;0;0;0x0000;02 Illegal Data Address
32157;0;0;0x0000;02 Illegal Data Address
32158;0;0;0x0000;02 Illegal Data Address
32159;0;0;0x0000;02 Illegal Data Address
32160;0;0;0x0000;02 Illegal Data Address
32161;0;0;0x0000;02 Illegal Data Address
32162;0;0;0x0000;02 Illegal Data Address
32163;0;0;0x0000;02 Illegal Data Address
32164;0;0;0x0000;02 Illegal Data Address
32165;0;0;0x0000;02 Illegal Data Address
32166;0;0;0x0000;02 Illegal Data Address
32167;0;0;0x0000;02 Illegal Data Address
32168;0;0;0x0000;02 Illegal Data Address
32169;0;0;0x0000;02 Illegal Data Address
32170;0;0;0x0000;02 Illegal Data Address
32171;0;0;0x0000;02 Illegal Data Address
32172;0;0;0x0000;02 Illegal Data Address
32173;0;0;0x0000;02 Illegal Data Address
32174;0;0;0x0000;02 Illegal Data Address
32175;0;0;0x0000;02 Illegal Data Address
32176;0;0;0x0000;02 Illegal Data Address
32177;0;0;0x0000;02 Illegal Data Address
32178;0;0;0x0000;02 Illegal Data Address
32179;0;0;0x0000;02 Illegal Data Address
32180;0;0;0x0000;02 Illegal Data Address
32181;0;0;0x0000;02 Illegal Data Address
32182;0;0;0x0000;02 Illegal Data Address
32183;0;0;0x0000;02 Illegal Data Address
32184;0;0;0x0000;02 Illegal Data Address
32185;0;0;0x0000;02 Illegal Data Address
32186;0;0;0x0000;02 Illegal Data Address
32187;0;0;0x0000;02 Illegal Data Address
32188;0;0;0x0000;02 Illegal Data Address
32189;0;0;0x0000;02 Illegal Data Address
32190;0;0;0x0000;02 Illegal Data Address
32191;0;0;0x0000;02 Illegal Data Address
32192;0;0;0x0000;02 Illegal Data Address
32193;0;0;0x0000;02 Illegal Data Address
32194;0;0;0x0000;02 Illegal Data Address
32195;0;0;0x0000;02 Illegal Data Address
32196;0;0;0x0000;02 Illegal Data Address
32197;0;0;0x0000;02 Illegal Data Address
32198;0;0;0x0000;02 Illegal Data Address
32199;0;0;0x0000;02 Illegal Data Address
32200;0;0;0x0000;02 Illegal Data Address
32201;0;0;0x0000;02 Illegal Data Address
32202;0;0;0x0000;02 Illegal Data Address
32203;0;0;0x0000;02 Illegal Data Address
32204;0;0;0x0000;02 Illegal Data Address
32205;0;0;0x0000;02 Illegal Data Address
32206;0;0;0x0000;02 Illegal Data Address
32207;0;0;0x0000;02 Illegal Data Address
32208;0;0;0x0000;02 Illegal Data Address
32209;0;0;0x0000;02 Illegal Data Address
32210;0;0;0x0000;02 Illegal Data Address
32211;0;0;0x0000;02 Illegal Data Address
32212;0;0;0x0000;02 Illegal Data Address
32213;0;0;0x0000;02 Illegal Data Address
32214;0;0;0x0000;02 Illegal Data Address
32215;0;0;0x0000;02 Illegal Data Address
32216;0;0;0x0000;02 Illegal Data Address
32217;0;0;0x0000;02 Illegal Data Address
32218;0;0;0x0000;02 Illegal Data Address
32219;0;0;0x0000;02 Illegal Data Address
32220;0;0;0x0000;02 Illegal Data Address
32221;0;0;0x0000;02 Illegal Data Address
32222;0;0;0x0000;02 Illegal Data Address
32223;0;0;0x0000;02 Illegal Data Address
32224;0;0;0x0000;02 Illegal Data Address
32225;0;0;0x0000;02 Illegal Data Address
32226;0;0;0x0000;02 Illegal Data Address
32227;0;0;0x0000;02 Illegal Data Address
32228;0;0;0x0000;02 Illegal Data Address
32229;0;0;0x0000;02 Illegal Data Address
32230;0;0;0x0000;02 Illegal Data Address
32231;0;0;0x0000;02 Illegal Data Address
32232;0;0;0x0000;02 Illegal Data Address
32233;0;0;0x0000;02 Illegal Data Address
32234;0;0;0x0000;02 Illegal Data Address
32235;0;0;0x0000;02 Illegal Data Address
32236;0;0;0x0000;02 Illegal Data Address
32237;0;0;0x0000;02 Illegal Data Address
32238;0;0;0x0000;02 Illegal Data Address
32239;0;0;0x0000;02 Illegal Data Address
32240;0;0;0x0000;02 Illegal Data Address
32241;0;0;0x0000;02 Illegal Data Address
32242;0;0;0x0000;02 Illegal Data Address
32243;0;0;0x0000;02 Illegal Data Address
32244;0;0;0x0000;02 Illegal Data Address
32245;0;0;0x0000;02 Illegal Data Address
32246;0;0;0x0000;02 Illegal Data Address
32247;0;0;0x0000;02 Illegal Data Address
32248;0;0;0x0000;02 Illegal Data Address
32249;0;0;0x0000;02 Illegal Data Address
32250;0;0;0x0000;02 Illegal Data Address
32251;0;0;0x0000;02 Illegal Data Address
32252;0;0;0x0000;02 Illegal Data Address
32253;0;0;0x0000;02 Illegal Data Address
32254;0;0;0x0000;02 Illegal Data Address
32255;0;0;0x0000;02 Illegal Data Address
32256;0;0;0x0000;02 Illegal Data Address
32257;0;0;0x0000;02 Illegal Data Address
32258;0;0;0x0000;02 Illegal Data Address
32259;0;0;0x0000;02 Illegal Data Address
32260;0;0;0x0000;02 Illegal Data Address
32261;0;0;0x0000;02 Illegal Data Address
32262;0;0;0x0000;02 Illegal Data Address
32263;0;0;0x0000;02 Illegal Data Address
32264;0;0;0x0000;02 Illegal Data Address
32265;0;0;0x0000;02 Illegal Data Address
32266;0;0;0x0000;02 Illegal Data Address
32267;0;0;0x0000;02 Illegal Data Address
32268;0;0;0x0000;02 Illegal Data Address
32269;0;0;0x0000;02 Illegal Data Address
32270;0;0;0x0000;02 Illegal Data Address
32271;0;0;0x0000;02 Illegal Data Address
32272;0;0;0x0000;02 Illegal Data Address
32273;0;0;0x0000;02 Illegal Data Address
32274;0;0;0x0000;02 Illegal Data Address
32275;0;0;0x0000;02 Illegal Data Address
32276;0;0;0x0000;02 Illegal Data Address
32277;0;0;0x0000;02 Illegal Data Address
32278;0;0;0x0000;02 Illegal Data Address
32279;0;0;0x0000;02 Illegal Data Address
32280;0;0;0x0000;02 Illegal Data Address
32281;0;0;0x0000;02 Illegal Data Address
32282;0;0;0x0000;02 Illegal Data Address
32283;0;0;0x0000;02 Illegal Data Address
32284;0;0;0x0000;02 Illegal Data Address
32285;0;0;0x0000;02 Illegal Data Address
32286;0;0;0x0000;02 Illegal Data Address
32287;0;0;0x0000;02 Illegal Data Address
32288;0;0;0x0000;02 Illegal Data Address
32289;0;0;0x0000;02 Illegal Data Address
32290;0;0;0x0000;02 Illegal Data Address
32291;0;0;0x0000;02 Illegal Data Address
32292;0;0;0x0000;02 Illegal Data Address
32293;0;0;0x0000;02 Illegal Data Address
32294;0;0;0x0000;02 Illegal Data Address
32295;0;0;0x0000;02 Illegal Data Address
32296;0;0;0x0000;02 Illegal Data Address
32297;0;0;0x0000;02 Illegal Data Address
32298;0;0;0x0000;02 Illegal Data Address
32299;0;0;0x0000;02 Illegal Data Address
32300;0;0;0x0000;02 Illegal Data Address
32301;0;0;0x0000;02 Illegal Data Address
32302;0;0;0x0000;02 Illegal Data Address
32303;0;0;0x0000;02 Illegal Data Address
32304;0;0;0x0000;02 Illegal Data Address
32305;0;0;0x0000;02 Illegal Data Address
32306;0;0;0x0000;02 Illegal Data Address
32307;0;0;0x0000;02 Illegal Data Address
32308;0;0;0x0000;02 Illegal Data Address
32309;0;0;0x0000;02 Illegal Data Address
32310;0;0;0x0000;02 Illegal Data Address
32311;0;0;0x0000;02 Illegal Data Address
32312;0;0;0x0000;02 Illegal Data Address
32313;0;0;0x0000;02 Illegal Data Address
32314;0;0;0x0000;02 Illegal Data Address
32315;0;0;0x0000;02 Illegal Data Address
32316;0;0;0x0000;02 Illegal Data Address
32317;0;0;0x0000;02 Illegal Data Address
32318;0;0;0x0000;02 Illegal Data Address
32319;0;0;0x0000;02 Illegal Data Address
32320;0;0;0x0000;02 Illegal Data Address
32321;0;0;0x0000;02 Illegal Data Address
32322;0;0;0x0000;02 Illegal Data Address
32323;0;0;0x0000;02 Illegal Data Address
32324;0;0;0x0000;02 Illegal Data Address
32325;0;0;0x0000;02 Illegal Data Address
32326;0;0;0x0000;02 Illegal Data Address
32327;0;0;0x0000;02 Illegal Data Address
32328;0;0;0x0000;02 Illegal Data Address
32329;0;0;0x0000;02 Illegal Data Address
32330;0;0;0x0000;02 Illegal Data Address
32331;0;0;0x0000;02 Illegal Data Address
32332;0;0;0x0000;02 Illegal Data Address
32333;0;0;0x0000;02 Illegal Data Address
32334;0;0;0x0000;02 Illegal Data Address
32335;0;0;0x0000;02 Illegal Data Address
32336;0;0;0x0000;02 Illegal Data Address
32337;0;0;0x0000;02 Illegal Data Address
32338;0;0;0x0000;02 Illegal Data Address
32339;0;0;0x0000;02 Illegal Data Address
32340;0;0;0x0000;02 Illegal Data Address
32341;0;0;0x0000;02 Illegal Data Address
32342;0;0;0x0000;02 Illegal Data Address
32343;0;0;0x0000;02 Illegal Data Address
32344;0;0;0x0000;02 Illegal Data Address
32345;0;0;0x0000;02 Illegal Data Address
32346;0;0;0x0000;02 Illegal Data Address
32347;0;0;0x0000;02 Illegal Data Address
32348;0;0;0x0000;02 Illegal Data Address
32349;0;0;0x0000;02 Illegal Data Address
32350;0;0;0x0000;02 Illegal Data Address
32351;0;0;0x0000;02 Illegal Data Address
32352;0;0;0x0000;02 Illegal Data Address
32353;0;0;0x0000;02 Illegal Data Address
32354;0;0;0x0000;02 Illegal Data Address
32355;0;0;0x0000;02 Illegal Data Address
32356;0;0;0x0000;02 Illegal Data Address
32357;0;0;0x0000;02 Illegal Data Address
32358;0;0;0x0000;02 Illegal Data Address
32359;0;0;0x0000;02 Illegal Data Address
32360;0;0;0x0000;02 Illegal Data Address
32361;0;0;0x0000;02 Illegal Data Address
32362;0;0;0x0000;02 Illegal Data Address
32363;0;0;0x0000;02 Illegal Data Address
32364;0;0;0x0000;02 Illegal Data Address
32365;0;0;0x0000;02 Illegal Data Address
32366;0;0;0x0000;02 Illegal Data Address
32367;0;0;0x0000;02 Illegal Data Address
32368;0;0;0x0000;02 Illegal Data Address
32369;0;0;0x0000;02 Illegal Data Address
32370;0;0;0x0000;02 Illegal Data Address
32371;0;0;0x0000;02 Illegal Data Address
32372;0;0;0x0000;02 Illegal Data Address
32373;0;0;0x0000;02 Illegal Data Address
32374;0;0;0x0000;02 Illegal Data Address
32375;0;0;0x0000;02 Illegal Data Address
32376;0;0;0x0000;02 Illegal Data Address
32377;0;0;0x0000;02 Illegal Data Address
32378;0;0;0x0000;02 Illegal Data Address
32379;0;0;0x0000;02 Illegal Data Address
32380;0;0;0x0000;02 Illegal Data Address
32381;0;0;0x0000;02 Illegal Data Address
32382;0;0;0x0000;02 Illegal Data Address
32383;0;0;0x0000;02 Illegal Data Address
32384;0;0;0x0000;02 Illegal Data Address
32385;0;0;0x0000;02 Illegal Data Address
32386;0;0;0x0000;02 Illegal Data Address
32387;0;0;0x0000;02 Illegal Data Address
32388;0;0;0x0000;02 Illegal Data Address
32389;0;0;0x0000;02 Illegal Data Address
32390;0;0;0x0000;02 Illegal Data Address
32391;0;0;0x0000;02 Illegal Data Address
32392;0;0;0x0000;02 Illegal Data Address
32393;0;0;0x0000;02 Illegal Data Address
32394;0;0;0x0000;02 Illegal Data Address
32395;0;0;0x0000;02 Illegal Data Address
32396;0;0;0x0000;02 Illegal Data Address
32397;0;0;0x0000;02 Illegal Data Address
32398;0;0;0x0000;02 Illegal Data Address
32399;0;0;0x0000;02 Illegal Data Address
32400;0;0;0x0000;02 Illegal Data Address
32401;0;0;0x0000;02 Illegal Data Address
32402;0;0;0x0000;02 Illegal Data Address
32403;0;0;0x0000;02 Illegal Data Address
32404;0;0;0x0000;02 Illegal Data Address
32405;0;0;0x0000;02 Illegal Data Address
32406;0;0;0x0000;02 Illegal Data Address
32407;0;0;0x0000;02 Illegal Data Address
32408;0;0;0x0000;02 Illegal Data Address
32409;0;0;0x0000;02 Illegal Data Address
32410;0;0;0x0000;02 Illegal Data Address
32411;0;0;0x0000;02 Illegal Data Address
32412;0;0;0x0000;02 Illegal Data Address
32413;0;0;0x0000;02 Illegal Data Address
32414;0;0;0x0000;02 Illegal Data Address
32415;0;0;0x0000;02 Illegal Data Address
32416;0;0;0x0000;02 Illegal Data Address
32417;0;0;0x0000;02 Illegal Data Address
32418;0;0;0x0000;02 Illegal Data Address
32419;0;0;0x0000;02 Illegal Data Address
32420;0;0;0x0000;02 Illegal Data Address
32421;0;0;0x0000;02 Illegal Data Address
32422;0;0;0x0000;02 Illegal Data Address
32423;0;0;0x0000;02 Illegal Data Address
32424;0;0;0x0000;02 Illegal Data Address
32425;0;0;0x0000;02 Illegal Data Address
32426;0;0;0x0000;02 Illegal Data Address
32427;0;0;0x0000;02 Illegal Data Address
32428;0;0;0x0000;02 Illegal Data Address
32429;0;0;0x0000;02 Illegal Data Address
32430;0;0;0x0000;02 Illegal Data Address
32431;0;0;0x0000;02 Illegal Data Address
32432;0;0;0x0000;02 Illegal Data Address
32433;0;0;0x0000;02 Illegal Data Address
32434;0;0;0x0000;02 Illegal Data Address
32435;0;0;0x0000;02 Illegal Data Address
32436;0;0;0x0000;02 Illegal Data Address
32437;0;0;0x0000;02 Illegal Data Address
32438;0;0;0x0000;02 Illegal Data Address
32439;0;0;0x0000;02 Illegal Data Address
32440;0;0;0x0000;02 Illegal Data Address
32441;0;0;0x0000;02 Illegal Data Address
32442;0;0;0x0000;02 Illegal Data Address
32443;0;0;0x0000;02 Illegal Data Address
32444;0;0;0x0000;02 Illegal Data Address
32445;0;0;0x0000;02 Illegal Data Address
32446;0;0;0x0000;02 Illegal Data Address
32447;0;0;0x0000;02 Illegal Data Address
32448;0;0;0x0000;02 Illegal Data Address
32449;0;0;0x0000;02 Illegal Data Address
32450;0;0;0x0000;02 Illegal Data Address
32451;0;0;0x0000;02 Illegal Data Address
32452;0;0;0x0000;02 Illegal Data Address
32453;0;0;0x0000;02 Illegal Data Address
32454;0;0;0x0000;02 Illegal Data Address
32455;0;0;0x0000;02 Illegal Data Address
32456;0;0;0x0000;02 Illegal Data Address
32457;0;0;0x0000;02 Illegal Data Address
32458;0;0;0x0000;02 Illegal Data Address
32459;0;0;0x0000;02 Illegal Data Address
32460;0;0;0x0000;02 Illegal Data Address
32461;0;0;0x0000;02 Illegal Data Address
32462;0;0;0x0000;02 Illegal Data Address
32463;0;0;0x0000;02 Illegal Data Address
32464;0;0;0x0000;02 Illegal Data Address
32465;0;0;0x0000;02 Illegal Data Address
32466;0;0;0x0000;02 Illegal Data Address
32467;0;0;0x0000;02 Illegal Data Address
32468;0;0;0x0000;02 Illegal Data Address
32469;0;0;0x0000;02 Illegal Data Address
32470;0;0;0x0000;02 Illegal Data Address
32471;0;0;0x0000;02 Illegal Data Address
32472;0;0;0x0000;02 Illegal Data Address
32473;0;0;0x0000;02 Illegal Data Address
32474;0;0;0x0000;02 Illegal Data Address
32475;0;0;0x0000;02 Illegal Data Address
32476;0;0;0x0000;02 Illegal Data Address
32477;0;0;0x0000;02 Illegal Data Address
32478;0;0;0x0000;02 Illegal Data Address
32479;0;0;0x0000;02 Illegal Data Address
32480;0;0;0x0000;02 Illegal Data Address
32481;0;0;0x0000;02 Illegal Data Address
32482;0;0;0x0000;02 Illegal Data Address
32483;0;0;0x0000;02 Illegal Data Address
32484;0;0;0x0000;02 Illegal Data Address
32485;0;0;0x0000;02 Illegal Data Address
32486;0;0;0x0000;02 Illegal Data Address
32487;0;0;0x0000;02 Illegal Data Address
32488;0;0;0x0000;02 Illegal Data Address
32489;0;0;0x0000;02 Illegal Data Address
32490;0;0;0x0000;02 Illegal Data Address
32491;0;0;0x0000;02 Illegal Data Address
32492;0;0;0x0000;02 Illegal Data Address
32493;0;0;0x0000;02 Illegal Data Address
32494;0;0;0x0000;02 Illegal Data Address
32495;0;0;0x0000;02 Illegal Data Address
32496;0;0;0x0000;02 Illegal Data Address
32497;0;0;0x0000;02 Illegal Data Address
32498;0;0;0x0000;02 Illegal Data Address
32499;0;0;0x0000;02 Illegal Data Address
32500;0;0;0x0000;02 Illegal Data Address
32501;0;0;0x0000;02 Illegal Data Address
32502;0;0;0x0000;02 Illegal Data Address
32503;0;0;0x0000;02 Illegal Data Address
32504;0;0;0x0000;02 Illegal Data Address
32505;0;0;0x0000;02 Illegal Data Address
32506;0;0;0x0000;02 Illegal Data Address
32507;0;0;0x0000;02 Illegal Data Address
32508;0;0;0x0000;02 Illegal Data Address
32509;0;0;0x0000;02 Illegal Data Address
32510;0;0;0x0000;02 Illegal Data Address
32511;0;0;0x0000;02 Illegal Data Address
32512;0;0;0x0000;02 Illegal Data Address
32513;0;0;0x0000;02 Illegal Data Address
32514;0;0;0x0000;02 Illegal Data Address
32515;0;0;0x0000;02 Illegal Data Address
32516;0;0;0x0000;02 Illegal Data Address
32517;0;0;0x0000;02 Illegal Data Address
32518;0;0;0x0000;02 Illegal Data Address
32519;0;0;0x0000;02 Illegal Data Address
32520;0;0;0x0000;02 Illegal Data Address
32521;0;0;0x0000;02 Illegal Data Address
32522;0;0;0x0000;02 Illegal Data Address
32523;0;0;0x0000;02 Illegal Data Address
32524;0;0;0x0000;02 Illegal Data Address
32525;0;0;0x0000;02 Illegal Data Address
32526;0;0;0x0000;02 Illegal Data Address
32527;0;0;0x0000;02 Illegal Data Address
32528;0;0;0x0000;02 Illegal Data Address
32529;0;0;0x0000;02 Illegal Data Address
32530;0;0;0x0000;02 Illegal Data Address
32531;0;0;0x0000;02 Illegal Data Address
32532;0;0;0x0000;02 Illegal Data Address
32533;0;0;0x0000;02 Illegal Data Address
32534;0;0;0x0000;02 Illegal Data Address
32535;0;0;0x0000;02 Illegal Data Address
32536;0;0;0x0000;02 Illegal Data Address
32537;0;0;0x0000;02 Illegal Data Address
32538;0;0;0x0000;02 Illegal Data Address
32539;0;0;0x0000;02 Illegal Data Address
32540;0;0;0x0000;02 Illegal Data Address
32541;0;0;0x0000;02 Illegal Data Address
32542;0;0;0x0000;02 Illegal Data Address
32543;0;0;0x0000;02 Illegal Data Address
32544;0;0;0x0000;02 Illegal Data Address
32545;0;0;0x0000;02 Illegal Data Address
32546;0;0;0x0000;02 Illegal Data Address
32547;0;0;0x0000;02 Illegal Data Address
32548;0;0;0x0000;02 Illegal Data Address
32549;0;0;0x0000;02 Illegal Data Address
32550;0;0;0x0000;02 Illegal Data Address
32551;0;0;0x0000;02 Illegal Data Address
32552;0;0;0x0000;02 Illegal Data Address
32553;0;0;0x0000;02 Illegal Data Address
32554;0;0;0x0000;02 Illegal Data Address
32555;0;0;0x0000;02 Illegal Data Address
32556;0;0;0x0000;02 Illegal Data Address
32557;0;0;0x0000;02 Illegal Data Address
32558;0;0;0x0000;02 Illegal Data Address
32559;0;0;0x0000;02 Illegal Data Address
32560;0;0;0x0000;02 Illegal Data Address
32561;0;0;0x0000;02 Illegal Data Address
32562;0;0;0x0000;02 Illegal Data Address
32563;0;0;0x0000;02 Illegal Data Address
32564;0;0;0x0000;02 Illegal Data Address
32565;0;0;0x0000;02 Illegal Data Address
32566;0;0;0x0000;02 Illegal Data Address
32567;0;0;0x0000;02 Illegal Data Address
32568;0;0;0x0000;02 Illegal Data Address
32569;0;0;0x0000;02 Illegal Data Address
32570;0;0;0x0000;02 Illegal Data Address
32571;0;0;0x0000;02 Illegal Data Address
32572;0;0;0x0000;02 Illegal Data Address
32573;0;0;0x0000;02 Illegal Data Address
32574;0;0;0x0000;02 Illegal Data Address
32575;0;0;0x0000;02 Illegal Data Address
32576;0;0;0x0000;02 Illegal Data Address
32577;0;0;0x0000;02 Illegal Data Address
32578;0;0;0x0000;02 Illegal Data Address
32579;0;0;0x0000;02 Illegal Data Address
32580;0;0;0x0000;02 Illegal Data Address
32581;0;0;0x0000;02 Illegal Data Address
32582;0;0;0x0000;02 Illegal Data Address
32583;0;0;0x0000;02 Illegal Data Address
32584;0;0;0x0000;02 Illegal Data Address
32585;0;0;0x0000;02 Illegal Data Address
32586;0;0;0x0000;02 Illegal Data Address
32587;0;0;0x0000;02 Illegal Data Address
32588;0;0;0x0000;02 Illegal Data Address
32589;0;0;0x0000;02 Illegal Data Address
32590;0;0;0x0000;02 Illegal Data Address
32591;0;0;0x0000;02 Illegal Data Address
32592;0;0;0x0000;02 Illegal Data Address
32593;0;0;0x0000;02 Illegal Data Address
32594;0;0;0x0000;02 Illegal Data Address
32595;0;0;0x0000;02 Illegal Data Address
32596;0;0;0x0000;02 Illegal Data Address
32597;0;0;0x0000;02 Illegal Data Address
32598;0;0;0x0000;02 Illegal Data Address
32599;0;0;0x0000;02 Illegal Data Address
32600;0;0;0x0000;02 Illegal Data Address
32601;0;0;0x0000;02 Illegal Data Address
32602;0;0;0x0000;02 Illegal Data Address
32603;0;0;0x0000;02 Illegal Data Address
32604;0;0;0x0000;02 Illegal Data Address
32605;0;0;0x0000;02 Illegal Data Address
32606;0;0;0x0000;02 Illegal Data Address
32607;0;0;0x0000;02 Illegal Data Address
32608;0;0;0x0000;02 Illegal Data Address
32609;0;0;0x0000;02 Illegal Data Address
32610;0;0;0x0000;02 Illegal Data Address
32611;0;0;0x0000;02 Illegal Data Address
32612;0;0;0x0000;02 Illegal Data Address
32613;0;0;0x0000;02 Illegal Data Address
32614;0;0;0x0000;02 Illegal Data Address
32615;0;0;0x0000;02 Illegal Data Address
32616;0;0;0x0000;02 Illegal Data Address
32617;0;0;0x0000;02 Illegal Data Address
32618;0;0;0x0000;02 Illegal Data Address
32619;0;0;0x0000;02 Illegal Data Address
32620;0;0;0x0000;02 Illegal Data Address
32621;0;0;0x0000;02 Illegal Data Address
32622;0;0;0x0000;02 Illegal Data Address
32623;0;0;0x0000;02 Illegal Data Address
32624;0;0;0x0000;02 Illegal Data Address
32625;0;0;0x0000;02 Illegal Data Address
32626;0;0;0x0000;02 Illegal Data Address
32627;0;0;0x0000;02 Illegal Data Address
32628;0;0;0x0000;02 Illegal Data Address
32629;0;0;0x0000;02 Illegal Data Address
32630;0;0;0x0000;02 Illegal Data Address
32631;0;0;0x0000;02 Illegal Data Address
32632;0;0;0x0000;02 Illegal Data Address
32633;0;0;0x0000;02 Illegal Data Address
32634;0;0;0x0000;02 Illegal Data Address
32635;0;0;0x0000;02 Illegal Data Address
32636;0;0;0x0000;02 Illegal Data Address
32637;0;0;0x0000;02 Illegal Data Address
32638;0;0;0x0000;02 Illegal Data Address
32639;0;0;0x0000;02 Illegal Data Address
32640;0;0;0x0000;02 Illegal Data Address
32641;0;0;0x0000;02 Illegal Data Address
32642;0;0;0x0000;02 Illegal Data Address
32643;0;0;0x0000;02 Illegal Data Address
32644;0;0;0x0000;02 Illegal Data Address
32645;0;0;0x0000;02 Illegal Data Address
32646;0;0;0x0000;02 Illegal Data Address
32647;0;0;0x0000;02 Illegal Data Address
32648;0;0;0x0000;02 Illegal Data Address
32649;0;0;0x0000;02 Illegal Data Address
32650;0;0;0x0000;02 Illegal Data Address
32651;0;0;0x0000;02 Illegal Data Address
32652;0;0;0x0000;02 Illegal Data Address
32653;0;0;0x0000;02 Illegal Data Address
32654;0;0;0x0000;02 Illegal Data Address
32655;0;0;0x0000;02 Illegal Data Address
32656;0;0;0x0000;02 Illegal Data Address
32657;0;0;0x0000;02 Illegal Data Address
32658;0;0;0x0000;02 Illegal Data Address
32659;0;0;0x0000;02 Illegal Data Address
32660;0;0;0x0000;02 Illegal Data Address
32661;0;0;0x0000;02 Illegal Data Address
32662;0;0;0x0000;02 Illegal Data Address
32663;0;0;0x0000;02 Illegal Data Address
32664;0;0;0x0000;02 Illegal Data Address
32665;0;0;0x0000;02 Illegal Data Address
32666;0;0;0x0000;02 Illegal Data Address
32667;0;0;0x0000;02 Illegal Data Address
32668;0;0;0x0000;02 Illegal Data Address
32669;0;0;0x0000;02 Illegal Data Address
32670;0;0;0x0000;02 Illegal Data Address
32671;0;0;0x0000;02 Illegal Data Address
32672;0;0;0x0000;02 Illegal Data Address
32673;0;0;0x0000;02 Illegal Data Address
32674;0;0;0x0000;02 Illegal Data Address
32675;0;0;0x0000;02 Illegal Data Address
32676;0;0;0x0000;02 Illegal Data Address
32677;0;0;0x0000;02 Illegal Data Address
32678;0;0;0x0000;02 Illegal Data Address
32679;0;0;0x0000;02 Illegal Data Address
32680;0;0;0x0000;02 Illegal Data Address
32681;0;0;0x0000;02 Illegal Data Address
32682;0;0;0x0000;02 Illegal Data Address
32683;0;0;0x0000;02 Illegal Data Address
32684;0;0;0x0000;02 Illegal Data Address
32685;0;0;0x0000;02 Illegal Data Address
32686;0;0;0x0000;02 Illegal Data Address
32687;0;0;0x0000;02 Illegal Data Address
32688;0;0;0x0000;02 Illegal Data Address
32689;0;0;0x0000;02 Illegal Data Address
32690;0;0;0x0000;02 Illegal Data Address
32691;0;0;0x0000;02 Illegal Data Address
32692;0;0;0x0000;02 Illegal Data Address
32693;0;0;0x0000;02 Illegal Data Address
32694;0;0;0x0000;02 Illegal Data Address
32695;0;0;0x0000;02 Illegal Data Address
32696;0;0;0x0000;02 Illegal Data Address
32697;0;0;0x0000;02 Illegal Data Address
32698;0;0;0x0000;02 Illegal Data Address
32699;0;0;0x0000;02 Illegal Data Address
32700;0;0;0x0000;02 Illegal Data Address
32701;0;0;0x0000;02 Illegal Data Address
32702;0;0;0x0000;02 Illegal Data Address
32703;0;0;0x0000;02 Illegal Data Address
32704;0;0;0x0000;02 Illegal Data Address
32705;0;0;0x0000;02 Illegal Data Address
32706;0;0;0x0000;02 Illegal Data Address
32707;0;0;0x0000;02 Illegal Data Address
32708;0;0;0x0000;02 Illegal Data Address
32709;0;0;0x0000;02 Illegal Data Address
32710;0;0;0x0000;02 Illegal Data Address
32711;0;0;0x0000;02 Illegal Data Address
32712;0;0;0x0000;02 Illegal Data Address
32713;0;0;0x0000;02 Illegal Data Address
32714;0;0;0x0000;02 Illegal Data Address
32715;0;0;0x0000;02 Illegal Data Address
32716;0;0;0x0000;02 Illegal Data Address
32717;0;0;0x0000;02 Illegal Data Address
32718;0;0;0x0000;02 Illegal Data Address
32719;0;0;0x0000;02 Illegal Data Address
32720;0;0;0x0000;02 Illegal Data Address
32721;0;0;0x0000;02 Illegal Data Address
32722;0;0;0x0000;02 Illegal Data Address
32723;0;0;0x0000;02 Illegal Data Address
32724;0;0;0x0000;02 Illegal Data Address
32725;0;0;0x0000;02 Illegal Data Address
32726;0;0;0x0000;02 Illegal Data Address
32727;0;0;0x0000;02 Illegal Data Address
32728;0;0;0x0000;02 Illegal Data Address
32729;0;0;0x0000;02 Illegal Data Address
32730;0;0;0x0000;02 Illegal Data Address
32731;0;0;0x0000;02 Illegal Data Address
32732;0;0;0x0000;02 Illegal Data Address
32733;0;0;0x0000;02 Illegal Data Address
32734;0;0;0x0000;02 Illegal Data Address
32735;0;0;0x0000;02 Illegal Data Address
32736;0;0;0x0000;02 Illegal Data Address
32737;0;0;0x0000;02 Illegal Data Address
32738;0;0;0x0000;02 Illegal Data Address
32739;0;0;0x0000;02 Illegal Data Address
32740;0;0;0x0000;02 Illegal Data Address
32741;0;0;0x0000;02 Illegal Data Address
32742;0;0;0x0000;02 Illegal Data Address
32743;0;0;0x0000;02 Illegal Data Address
32744;0;0;0x0000;02 Illegal Data Address
32745;0;0;0x0000;02 Illegal Data Address
32746;0;0;0x0000;02 Illegal Data Address
32747;0;0;0x0000;02 Illegal Data Address
32748;0;0;0x0000;02 Illegal Data Address
32749;0;0;0x0000;02 Illegal Data Address
32750;0;0;0x0000;02 Illegal Data Address
32751;0;0;0x0000;02 Illegal Data Address
32752;0;0;0x0000;02 Illegal Data Address
32753;0;0;0x0000;02 Illegal Data Address
32754;0;0;0x0000;02 Illegal Data Address
32755;0;0;0x0000;02 Illegal Data Address
32756;0;0;0x0000;02 Illegal Data Address
32757;0;0;0x0000;02 Illegal Data Address
32758;0;0;0x0000;02 Illegal Data Address
32759;0;0;0x0000;02 Illegal Data Address
32760;0;0;0x0000;02 Illegal Data Address
32761;0;0;0x0000;02 Illegal Data Address
32762;0;0;0x0000;02 Illegal Data Address
32763;0;0;0x0000;02 Illegal Data Address
32764;0;0;0x0000;02 Illegal Data Address
32765;0;0;0x0000;02 Illegal Data Address
32766;0;0;0x0000;02 Illegal Data Address
32767;0;0;0x0000;02 Illegal Data Address
32768;0;0;0x0000;02 Illegal Data Address
32769;0;0;0x0000;02 Illegal Data Address
32770;0;0;0x0000;02 Illegal Data Address
32771;0;0;0x0000;02 Illegal Data Address
32772;0;0;0x0000;02 Illegal Data Address
32773;0;0;0x0000;02 Illegal Data Address
32774;0;0;0x0000;02 Illegal Data Address
32775;0;0;0x0000;02 Illegal Data Address
32776;0;0;0x0000;02 Illegal Data Address
32777;0;0;0x0000;02 Illegal Data Address
32778;0;0;0x0000;02 Illegal Data Address
32779;0;0;0x0000;02 Illegal Data Address
32780;0;0;0x0000;02 Illegal Data Address
32781;0;0;0x0000;02 Illegal Data Address
32782;0;0;0x0000;02 Illegal Data Address
32783;0;0;0x0000;02 Illegal Data Address
32784;0;0;0x0000;02 Illegal Data Address
32785;0;0;0x0000;02 Illegal Data Address
32786;0;0;0x0000;02 Illegal Data Address
32787;0;0;0x0000;02 Illegal Data Address
32788;0;0;0x0000;02 Illegal Data Address
32789;0;0;0x0000;02 Illegal Data Address
32790;0;0;0x0000;02 Illegal Data Address
32791;0;0;0x0000;02 Illegal Data Address
32792;0;0;0x0000;02 Illegal Data Address
32793;0;0;0x0000;02 Illegal Data Address
32794;0;0;0x0000;02 Illegal Data Address
32795;0;0;0x0000;02 Illegal Data Address
32796;0;0;0x0000;02 Illegal Data Address
32797;0;0;0x0000;02 Illegal Data Address
32798;0;0;0x0000;02 Illegal Data Address
32799;0;0;0x0000;02 Illegal Data Address
32800;0;0;0x0000;02 Illegal Data Address
32801;0;0;0x0000;02 Illegal Data Address
32802;0;0;0x0000;02 Illegal Data Address
32803;0;0;0x0000;02 Illegal Data Address
32804;0;0;0x0000;02 Illegal Data Address
32805;0;0;0x0000;02 Illegal Data Address
32806;0;0;0x0000;02 Illegal Data Address
32807;0;0;0x0000;02 Illegal Data Address
32808;0;0;0x0000;02 Illegal Data Address
32809;0;0;0x0000;02 Illegal Data Address
32810;0;0;0x0000;02 Illegal Data Address
32811;0;0;0x0000;02 Illegal Data Address
32812;0;0;0x0000;02 Illegal Data Address
32813;0;0;0x0000;02 Illegal Data Address
32814;0;0;0x0000;02 Illegal Data Address
32815;0;0;0x0000;02 Illegal Data Address
32816;0;0;0x0000;02 Illegal Data Address
32817;0;0;0x0000;02 Illegal Data Address
32818;0;0;0x0000;02 Illegal Data Address
32819;0;0;0x0000;02 Illegal Data Address
32820;0;0;0x0000;02 Illegal Data Address
32821;0;0;0x0000;02 Illegal Data Address
32822;0;0;0x0000;02 Illegal Data Address
32823;0;0;0x0000;02 Illegal Data Address
32824;0;0;0x0000;02 Illegal Data Address
32825;0;0;0x0000;02 Illegal Data Address
32826;0;0;0x0000;02 Illegal Data Address
32827;0;0;0x0000;02 Illegal Data Address
32828;0;0;0x0000;02 Illegal Data Address
32829;0;0;0x0000;02 Illegal Data Address
32830;0;0;0x0000;02 Illegal Data Address
32831;0;0;0x0000;02 Illegal Data Address
32832;0;0;0x0000;02 Illegal Data Address
32833;0;0;0x0000;02 Illegal Data Address
32834;0;0;0x0000;02 Illegal Data Address
32835;0;0;0x0000;02 Illegal Data Address
32836;0;0;0x0000;02 Illegal Data Address
32837;0;0;0x0000;02 Illegal Data Address
32838;0;0;0x0000;02 Illegal Data Address
32839;0;0;0x0000;02 Illegal Data Address
32840;0;0;0x0000;02 Illegal Data Address
32841;0;0;0x0000;02 Illegal Data Address
32842;0;0;0x0000;02 Illegal Data Address
32843;0;0;0x0000;02 Illegal Data Address
32844;0;0;0x0000;02 Illegal Data Address
32845;0;0;0x0000;02 Illegal Data Address
32846;0;0;0x0000;02 Illegal Data Address
32847;0;0;0x0000;02 Illegal Data Address
32848;0;0;0x0000;02 Illegal Data Address
32849;0;0;0x0000;02 Illegal Data Address
32850;0;0;0x0000;02 Illegal Data Address
32851;0;0;0x0000;02 Illegal Data Address
32852;0;0;0x0000;02 Illegal Data Address
32853;0;0;0x0000;02 Illegal Data Address
32854;0;0;0x0000;02 Illegal Data Address
32855;0;0;0x0000;02 Illegal Data Address
32856;0;0;0x0000;02 Illegal Data Address
32857;0;0;0x0000;02 Illegal Data Address
32858;0;0;0x0000;02 Illegal Data Address
32859;0;0;0x0000;02 Illegal Data Address
32860;0;0;0x0000;02 Illegal Data Address
32861;0;0;0x0000;02 Illegal Data Address
32862;0;0;0x0000;02 Illegal Data Address
32863;0;0;0x0000;02 Illegal Data Address
32864;0;0;0x0000;02 Illegal Data Address
32865;0;0;0x0000;02 Illegal Data Address
32866;0;0;0x0000;02 Illegal Data Address
32867;0;0;0x0000;02 Illegal Data Address
32868;0;0;0x0000;02 Illegal Data Address
32869;0;0;0x0000;02 Illegal Data Address
32870;0;0;0x0000;02 Illegal Data Address
32871;0;0;0x0000;02 Illegal Data Address
32872;0;0;0x0000;02 Illegal Data Address
32873;0;0;0x0000;02 Illegal Data Address
32874;0;0;0x0000;02 Illegal Data Address
32875;0;0;0x0000;02 Illegal Data Address
32876;0;0;0x0000;02 Illegal Data Address
32877;0;0;0x0000;02 Illegal Data Address
32878;0;0;0x0000;02 Illegal Data Address
32879;0;0;0x0000;02 Illegal Data Address
32880;0;0;0x0000;02 Illegal Data Address
32881;0;0;0x0000;02 Illegal Data Address
32882;0;0;0x0000;02 Illegal Data Address
32883;0;0;0x0000;02 Illegal Data Address
32884;0;0;0x0000;02 Illegal Data Address
32885;0;0;0x0000;02 Illegal Data Address
32886;0;0;0x0000;02 Illegal Data Address
32887;0;0;0x0000;02 Illegal Data Address
32888;0;0;0x0000;02 Illegal Data Address
32889;0;0;0x0000;02 Illegal Data Address
32890;0;0;0x0000;02 Illegal Data Address
32891;0;0;0x0000;02 Illegal Data Address
32892;0;0;0x0000;02 Illegal Data Address
32893;0;0;0x0000;02 Illegal Data Address
32894;0;0;0x0000;02 Illegal Data Address
32895;0;0;0x0000;02 Illegal Data Address
32896;0;0;0x0000;02 Illegal Data Address
32897;0;0;0x0000;02 Illegal Data Address
32898;0;0;0x0000;02 Illegal Data Address
32899;0;0;0x0000;02 Illegal Data Address
32900;0;0;0x0000;02 Illegal Data Address
32901;0;0;0x0000;02 Illegal Data Address
32902;0;0;0x0000;02 Illegal Data Address
32903;0;0;0x0000;02 Illegal Data Address
32904;0;0;0x0000;02 Illegal Data Address
32905;0;0;0x0000;02 Illegal Data Address
32906;0;0;0x0000;02 Illegal Data Address
32907;0;0;0x0000;02 Illegal Data Address
32908;0;0;0x0000;02 Illegal Data Address
32909;0;0;0x0000;02 Illegal Data Address
32910;0;0;0x0000;02 Illegal Data Address
32911;0;0;0x0000;02 Illegal Data Address
32912;0;0;0x0000;02 Illegal Data Address
32913;0;0;0x0000;02 Illegal Data Address
32914;0;0;0x0000;02 Illegal Data Address
32915;0;0;0x0000;02 Illegal Data Address
32916;0;0;0x0000;02 Illegal Data Address
32917;0;0;0x0000;02 Illegal Data Address
32918;0;0;0x0000;02 Illegal Data Address
32919;0;0;0x0000;02 Illegal Data Address
32920;0;0;0x0000;02 Illegal Data Address
32921;0;0;0x0000;02 Illegal Data Address
32922;0;0;0x0000;02 Illegal Data Address
32923;0;0;0x0000;02 Illegal Data Address
32924;0;0;0x0000;02 Illegal Data Address
32925;0;0;0x0000;02 Illegal Data Address
32926;0;0;0x0000;02 Illegal Data Address
32927;0;0;0x0000;02 Illegal Data Address
32928;0;0;0x0000;02 Illegal Data Address
32929;0;0;0x0000;02 Illegal Data Address
32930;0;0;0x0000;02 Illegal Data Address
32931;0;0;0x0000;02 Illegal Data Address
32932;0;0;0x0000;02 Illegal Data Address
32933;0;0;0x0000;02 Illegal Data Address
32934;0;0;0x0000;02 Illegal Data Address
32935;0;0;0x0000;02 Illegal Data Address
32936;0;0;0x0000;02 Illegal Data Address
32937;0;0;0x0000;02 Illegal Data Address
32938;0;0;0x0000;02 Illegal Data Address
32939;0;0;0x0000;02 Illegal Data Address
32940;0;0;0x0000;02 Illegal Data Address
32941;0;0;0x0000;02 Illegal Data Address
32942;0;0;0x0000;02 Illegal Data Address
32943;0;0;0x0000;02 Illegal Data Address
32944;0;0;0x0000;02 Illegal Data Address
32945;0;0;0x0000;02 Illegal Data Address
32946;0;0;0x0000;02 Illegal Data Address
32947;0;0;0x0000;02 Illegal Data Address
32948;0;0;0x0000;02 Illegal Data Address
32949;0;0;0x0000;02 Illegal Data Address
32950;0;0;0x0000;02 Illegal Data Address
32951;0;0;0x0000;02 Illegal Data Address
32952;0;0;0x0000;02 Illegal Data Address
32953;0;0;0x0000;02 Illegal Data Address
32954;0;0;0x0000;02 Illegal Data Address
32955;0;0;0x0000;02 Illegal Data Address
32956;0;0;0x0000;02 Illegal Data Address
32957;0;0;0x0000;02 Illegal Data Address
32958;0;0;0x0000;02 Illegal Data Address
32959;0;0;0x0000;02 Illegal Data Address
32960;0;0;0x0000;02 Illegal Data Address
32961;0;0;0x0000;02 Illegal Data Address
32962;0;0;0x0000;02 Illegal Data Address
32963;0;0;0x0000;02 Illegal Data Address
32964;0;0;0x0000;02 Illegal Data Address
32965;0;0;0x0000;02 Illegal Data Address
32966;0;0;0x0000;02 Illegal Data Address
32967;0;0;0x0000;02 Illegal Data Address
32968;0;0;0x0000;02 Illegal Data Address
32969;0;0;0x0000;02 Illegal Data Address
32970;0;0;0x0000;02 Illegal Data Address
32971;0;0;0x0000;02 Illegal Data Address
32972;0;0;0x0000;02 Illegal Data Address
32973;0;0;0x0000;02 Illegal Data Address
32974;0;0;0x0000;02 Illegal Data Address
32975;0;0;0x0000;02 Illegal Data Address
32976;0;0;0x0000;02 Illegal Data Address
32977;0;0;0x0000;02 Illegal Data Address
32978;0;0;0x0000;02 Illegal Data Address
32979;0;0;0x0000;02 Illegal Data Address
32980;0;0;0x0000;02 Illegal Data Address
32981;0;0;0x0000;02 Illegal Data Address
32982;0;0;0x0000;02 Illegal Data Address
32983;0;0;0x0000;02 Illegal Data Address
32984;0;0;0x0000;02 Illegal Data Address
32985;0;0;0x0000;02 Illegal Data Address
32986;0;0;0x0000;02 Illegal Data Address
32987;0;0;0x0000;02 Illegal Data Address
32988;0;0;0x0000;02 Illegal Data Address
32989;0;0;0x0000;02 Illegal Data Address
32990;0;0;0x0000;02 Illegal Data Address
32991;0;0;0x0000;02 Illegal Data Address
32992;0;0;0x0000;02 Illegal Data Address
32993;0;0;0x0000;02 Illegal Data Address
32994;0;0;0x0000;02 Illegal Data Address
32995;0;0;0x0000;02 Illegal Data Address
32996;0;0;0x0000;02 Illegal Data Address
32997;0;0;0x0000;02 Illegal Data Address
32998;0;0;0x0000;02 Illegal Data Address
32999;0;0;0x0000;02 Illegal Data Address
33000;0;0;0x0000;02 Illegal Data Address
33001;0;0;0x0000;02 Illegal Data Address
33002;0;0;0x0000;02 Illegal Data Address
33003;0;0;0x0000;02 Illegal Data Address
33004;0;0;0x0000;02 Illegal Data Address
33005;0;0;0x0000;02 Illegal Data Address
33006;0;0;0x0000;02 Illegal Data Address
33007;0;0;0x0000;02 Illegal Data Address
33008;0;0;0x0000;02 Illegal Data Address
33009;0;0;0x0000;02 Illegal Data Address
33010;0;0;0x0000;02 Illegal Data Address
33011;0;0;0x0000;02 Illegal Data Address
33012;0;0;0x0000;02 Illegal Data Address
33013;0;0;0x0000;02 Illegal Data Address
33014;0;0;0x0000;02 Illegal Data Address
33015;0;0;0x0000;02 Illegal Data Address
33016;0;0;0x0000;02 Illegal Data Address
33017;0;0;0x0000;02 Illegal Data Address
33018;0;0;0x0000;02 Illegal Data Address
33019;0;0;0x0000;02 Illegal Data Address
33020;0;0;0x0000;02 Illegal Data Address
33021;0;0;0x0000;02 Illegal Data Address
33022;0;0;0x0000;02 Illegal Data Address
33023;0;0;0x0000;02 Illegal Data Address
33024;0;0;0x0000;02 Illegal Data Address
33025;0;0;0x0000;02 Illegal Data Address
33026;0;0;0x0000;02 Illegal Data Address
33027;0;0;0x0000;02 Illegal Data Address
33028;0;0;0x0000;02 Illegal Data Address
33029;0;0;0x0000;02 Illegal Data Address
33030;0;0;0x0000;02 Illegal Data Address
33031;0;0;0x0000;02 Illegal Data Address
33032;0;0;0x0000;02 Illegal Data Address
33033;0;0;0x0000;02 Illegal Data Address
33034;0;0;0x0000;02 Illegal Data Address
33035;0;0;0x0000;02 Illegal Data Address
33036;0;0;0x0000;02 Illegal Data Address
33037;0;0;0x0000;02 Illegal Data Address
33038;0;0;0x0000;02 Illegal Data Address
33039;0;0;0x0000;02 Illegal Data Address
33040;0;0;0x0000;02 Illegal Data Address
33041;0;0;0x0000;02 Illegal Data Address
33042;0;0;0x0000;02 Illegal Data Address
33043;0;0;0x0000;02 Illegal Data Address
33044;0;0;0x0000;02 Illegal Data Address
33045;0;0;0x0000;02 Illegal Data Address
33046;0;0;0x0000;02 Illegal Data Address
33047;0;0;0x0000;02 Illegal Data Address
33048;0;0;0x0000;02 Illegal Data Address
33049;0;0;0x0000;02 Illegal Data Address
33050;0;0;0x0000;02 Illegal Data Address
33051;0;0;0x0000;02 Illegal Data Address
33052;0;0;0x0000;02 Illegal Data Address
33053;0;0;0x0000;02 Illegal Data Address
33054;0;0;0x0000;02 Illegal Data Address
33055;0;0;0x0000;02 Illegal Data Address
33056;0;0;0x0000;02 Illegal Data Address
33057;0;0;0x0000;02 Illegal Data Address
33058;0;0;0x0000;02 Illegal Data Address
33059;0;0;0x0000;02 Illegal Data Address
33060;0;0;0x0000;02 Illegal Data Address
33061;0;0;0x0000;02 Illegal Data Address
33062;0;0;0x0000;02 Illegal Data Address
33063;0;0;0x0000;02 Illegal Data Address
33064;0;0;0x0000;02 Illegal Data Address
33065;0;0;0x0000;02 Illegal Data Address
33066;0;0;0x0000;02 Illegal Data Address
33067;0;0;0x0000;02 Illegal Data Address
33068;0;0;0x0000;02 Illegal Data Address
33069;0;0;0x0000;02 Illegal Data Address
33070;0;0;0x0000;02 Illegal Data Address
33071;0;0;0x0000;02 Illegal Data Address
33072;0;0;0x0000;02 Illegal Data Address
33073;0;0;0x0000;02 Illegal Data Address
33074;0;0;0x0000;02 Illegal Data Address
33075;0;0;0x0000;02 Illegal Data Address
33076;0;0;0x0000;02 Illegal Data Address
33077;0;0;0x0000;02 Illegal Data Address
33078;0;0;0x0000;02 Illegal Data Address
33079;0;0;0x0000;02 Illegal Data Address
33080;0;0;0x0000;02 Illegal Data Address
33081;0;0;0x0000;02 Illegal Data Address
33082;0;0;0x0000;02 Illegal Data Address
33083;0;0;0x0000;02 Illegal Data Address
33084;0;0;0x0000;02 Illegal Data Address
33085;0;0;0x0000;02 Illegal Data Address
33086;0;0;0x0000;02 Illegal Data Address
33087;0;0;0x0000;02 Illegal Data Address
33088;0;0;0x0000;02 Illegal Data Address
33089;0;0;0x0000;02 Illegal Data Address
33090;0;0;0x0000;02 Illegal Data Address
33091;0;0;0x0000;02 Illegal Data Address
33092;0;0;0x0000;02 Illegal Data Address
33093;0;0;0x0000;02 Illegal Data Address
33094;0;0;0x0000;02 Illegal Data Address
33095;0;0;0x0000;02 Illegal Data Address
33096;0;0;0x0000;02 Illegal Data Address
33097;0;0;0x0000;02 Illegal Data Address
33098;0;0;0x0000;02 Illegal Data Address
33099;0;0;0x0000;02 Illegal Data Address
33100;0;0;0x0000;02 Illegal Data Address
33101;0;0;0x0000;02 Illegal Data Address
33102;0;0;0x0000;02 Illegal Data Address
33103;0;0;0x0000;02 Illegal Data Address
33104;0;0;0x0000;02 Illegal Data Address
33105;0;0;0x0000;02 Illegal Data Address
33106;0;0;0x0000;02 Illegal Data Address
33107;0;0;0x0000;02 Illegal Data Address
33108;0;0;0x0000;02 Illegal Data Address
33109;0;0;0x0000;02 Illegal Data Address
33110;0;0;0x0000;02 Illegal Data Address
33111;0;0;0x0000;02 Illegal Data Address
33112;0;0;0x0000;02 Illegal Data Address
33113;0;0;0x0000;02 Illegal Data Address
33114;0;0;0x0000;02 Illegal Data Address
33115;0;0;0x0000;02 Illegal Data Address
33116;0;0;0x0000;02 Illegal Data Address
33117;0;0;0x0000;02 Illegal Data Address
33118;0;0;0x0000;02 Illegal Data Address
33119;0;0;0x0000;02 Illegal Data Address
33120;0;0;0x0000;02 Illegal Data Address
33121;0;0;0x0000;02 Illegal Data Address
33122;0;0;0x0000;02 Illegal Data Address
33123;0;0;0x0000;02 Illegal Data Address
33124;0;0;0x0000;02 Illegal Data Address
33125;0;0;0x0000;02 Illegal Data Address
33126;0;0;0x0000;02 Illegal Data Address
33127;0;0;0x0000;02 Illegal Data Address
33128;0;0;0x0000;02 Illegal Data Address
33129;0;0;0x0000;02 Illegal Data Address
33130;0;0;0x0000;02 Illegal Data Address
33131;0;0;0x0000;02 Illegal Data Address
33132;0;0;0x0000;02 Illegal Data Address
33133;0;0;0x0000;02 Illegal Data Address
33134;0;0;0x0000;02 Illegal Data Address
33135;0;0;0x0000;02 Illegal Data Address
33136;0;0;0x0000;02 Illegal Data Address
33137;0;0;0x0000;02 Illegal Data Address
33138;0;0;0x0000;02 Illegal Data Address
33139;0;0;0x0000;02 Illegal Data Address
33140;0;0;0x0000;02 Illegal Data Address
33141;0;0;0x0000;02 Illegal Data Address
33142;0;0;0x0000;02 Illegal Data Address
33143;0;0;0x0000;02 Illegal Data Address
33144;0;0;0x0000;02 Illegal Data Address
33145;0;0;0x0000;02 Illegal Data Address
33146;0;0;0x0000;02 Illegal Data Address
33147;0;0;0x0000;02 Illegal Data Address
33148;0;0;0x0000;02 Illegal Data Address
33149;0;0;0x0000;02 Illegal Data Address
33150;0;0;0x0000;02 Illegal Data Address
33151;0;0;0x0000;02 Illegal Data Address
33152;0;0;0x0000;02 Illegal Data Address
33153;0;0;0x0000;02 Illegal Data Address
33154;0;0;0x0000;02 Illegal Data Address
33155;0;0;0x0000;02 Illegal Data Address
33156;0;0;0x0000;02 Illegal Data Address
33157;0;0;0x0000;02 Illegal Data Address
33158;0;0;0x0000;02 Illegal Data Address
33159;0;0;0x0000;02 Illegal Data Address
33160;0;0;0x0000;02 Illegal Data Address
33161;0;0;0x0000;02 Illegal Data Address
33162;0;0;0x0000;02 Illegal Data Address
33163;0;0;0x0000;02 Illegal Data Address
33164;0;0;0x0000;02 Illegal Data Address
33165;0;0;0x0000;02 Illegal Data Address
33166;0;0;0x0000;02 Illegal Data Address
33167;0;0;0x0000;02 Illegal Data Address
33168;0;0;0x0000;02 Illegal Data Address
33169;0;0;0x0000;02 Illegal Data Address
33170;0;0;0x0000;02 Illegal Data Address
33171;0;0;0x0000;02 Illegal Data Address
33172;0;0;0x0000;02 Illegal Data Address
33173;0;0;0x0000;02 Illegal Data Address
33174;0;0;0x0000;02 Illegal Data Address
33175;0;0;0x0000;02 Illegal Data Address
33176;0;0;0x0000;02 Illegal Data Address
33177;0;0;0x0000;02 Illegal Data Address
33178;0;0;0x0000;02 Illegal Data Address
33179;0;0;0x0000;02 Illegal Data Address
33180;0;0;0x0000;02 Illegal Data Address
33181;0;0;0x0000;02 Illegal Data Address
33182;0;0;0x0000;02 Illegal Data Address
33183;0;0;0x0000;02 Illegal Data Address
33184;0;0;0x0000;02 Illegal Data Address
33185;0;0;0x0000;02 Illegal Data Address
33186;0;0;0x0000;02 Illegal Data Address
33187;0;0;0x0000;02 Illegal Data Address
33188;0;0;0x0000;02 Illegal Data Address
33189;0;0;0x0000;02 Illegal Data Address
33190;0;0;0x0000;02 Illegal Data Address
33191;0;0;0x0000;02 Illegal Data Address
33192;0;0;0x0000;02 Illegal Data Address
33193;0;0;0x0000;02 Illegal Data Address
33194;0;0;0x0000;02 Illegal Data Address
33195;0;0;0x0000;02 Illegal Data Address
33196;0;0;0x0000;02 Illegal Data Address
33197;0;0;0x0000;02 Illegal Data Address
33198;0;0;0x0000;02 Illegal Data Address
33199;0;0;0x0000;02 Illegal Data Address
33200;0;0;0x0000;02 Illegal Data Address
33201;0;0;0x0000;02 Illegal Data Address
33202;0;0;0x0000;02 Illegal Data Address
33203;0;0;0x0000;02 Illegal Data Address
33204;0;0;0x0000;02 Illegal Data Address
33205;0;0;0x0000;02 Illegal Data Address
33206;0;0;0x0000;02 Illegal Data Address
33207;0;0;0x0000;02 Illegal Data Address
33208;0;0;0x0000;02 Illegal Data Address
33209;0;0;0x0000;02 Illegal Data Address
33210;0;0;0x0000;02 Illegal Data Address
33211;0;0;0x0000;02 Illegal Data Address
33212;0;0;0x0000;02 Illegal Data Address
33213;0;0;0x0000;02 Illegal Data Address
33214;0;0;0x0000;02 Illegal Data Address
33215;0;0;0x0000;02 Illegal Data Address
33216;0;0;0x0000;02 Illegal Data Address
33217;0;0;0x0000;02 Illegal Data Address
33218;0;0;0x0000;02 Illegal Data Address
33219;0;0;0x0000;02 Illegal Data Address
33220;0;0;0x0000;02 Illegal Data Address
33221;0;0;0x0000;02 Illegal Data Address
33222;0;0;0x0000;02 Illegal Data Address
33223;0;0;0x0000;02 Illegal Data Address
33224;0;0;0x0000;02 Illegal Data Address
33225;0;0;0x0000;02 Illegal Data Address
33226;0;0;0x0000;02 Illegal Data Address
33227;0;0;0x0000;02 Illegal Data Address
33228;0;0;0x0000;02 Illegal Data Address
33229;0;0;0x0000;02 Illegal Data Address
33230;0;0;0x0000;02 Illegal Data Address
33231;0;0;0x0000;02 Illegal Data Address
33232;0;0;0x0000;02 Illegal Data Address
33233;0;0;0x0000;02 Illegal Data Address
33234;0;0;0x0000;02 Illegal Data Address
33235;0;0;0x0000;02 Illegal Data Address
33236;0;0;0x0000;02 Illegal Data Address
33237;0;0;0x0000;02 Illegal Data Address
33238;0;0;0x0000;02 Illegal Data Address
33239;0;0;0x0000;02 Illegal Data Address
33240;0;0;0x0000;02 Illegal Data Address
33241;0;0;0x0000;02 Illegal Data Address
33242;0;0;0x0000;02 Illegal Data Address
33243;0;0;0x0000;02 Illegal Data Address
33244;0;0;0x0000;02 Illegal Data Address
33245;0;0;0x0000;02 Illegal Data Address
33246;0;0;0x0000;02 Illegal Data Address
33247;0;0;0x0000;02 Illegal Data Address
33248;0;0;0x0000;02 Illegal Data Address
33249;0;0;0x0000;02 Illegal Data Address
33250;0;0;0x0000;02 Illegal Data Address
33251;0;0;0x0000;02 Illegal Data Address
33252;0;0;0x0000;02 Illegal Data Address
33253;0;0;0x0000;02 Illegal Data Address
33254;0;0;0x0000;02 Illegal Data Address
33255;0;0;0x0000;02 Illegal Data Address
33256;0;0;0x0000;02 Illegal Data Address
33257;0;0;0x0000;02 Illegal Data Address
33258;0;0;0x0000;02 Illegal Data Address
33259;0;0;0x0000;02 Illegal Data Address
33260;0;0;0x0000;02 Illegal Data Address
33261;0;0;0x0000;02 Illegal Data Address
33262;0;0;0x0000;02 Illegal Data Address
33263;0;0;0x0000;02 Illegal Data Address
33264;0;0;0x0000;02 Illegal Data Address
33265;0;0;0x0000;02 Illegal Data Address
33266;0;0;0x0000;02 Illegal Data Address
33267;0;0;0x0000;02 Illegal Data Address
33268;0;0;0x0000;02 Illegal Data Address
33269;0;0;0x0000;02 Illegal Data Address
33270;0;0;0x0000;02 Illegal Data Address
33271;0;0;0x0000;02 Illegal Data Address
33272;0;0;0x0000;02 Illegal Data Address
33273;0;0;0x0000;02 Illegal Data Address
33274;0;0;0x0000;02 Illegal Data Address
33275;0;0;0x0000;02 Illegal Data Address
33276;0;0;0x0000;02 Illegal Data Address
33277;0;0;0x0000;02 Illegal Data Address
33278;0;0;0x0000;02 Illegal Data Address
33279;0;0;0x0000;02 Illegal Data Address
33280;0;0;0x0000;02 Illegal Data Address
33281;0;0;0x0000;02 Illegal Data Address
33282;0;0;0x0000;02 Illegal Data Address
33283;0;0;0x0000;02 Illegal Data Address
33284;0;0;0x0000;02 Illegal Data Address
33285;0;0;0x0000;02 Illegal Data Address
33286;0;0;0x0000;02 Illegal Data Address
33287;0;0;0x0000;02 Illegal Data Address
33288;0;0;0x0000;02 Illegal Data Address
33289;0;0;0x0000;02 Illegal Data Address
33290;0;0;0x0000;02 Illegal Data Address
33291;0;0;0x0000;02 Illegal Data Address
33292;0;0;0x0000;02 Illegal Data Address
33293;0;0;0x0000;02 Illegal Data Address
33294;0;0;0x0000;02 Illegal Data Address
33295;0;0;0x0000;02 Illegal Data Address
33296;0;0;0x0000;02 Illegal Data Address
33297;0;0;0x0000;02 Illegal Data Address
33298;0;0;0x0000;02 Illegal Data Address
33299;0;0;0x0000;02 Illegal Data Address
33300;0;0;0x0000;02 Illegal Data Address
33301;0;0;0x0000;02 Illegal Data Address
33302;0;0;0x0000;02 Illegal Data Address
33303;0;0;0x0000;02 Illegal Data Address
33304;0;0;0x0000;02 Illegal Data Address
33305;0;0;0x0000;02 Illegal Data Address
33306;0;0;0x0000;02 Illegal Data Address
33307;0;0;0x0000;02 Illegal Data Address
33308;0;0;0x0000;02 Illegal Data Address
33309;0;0;0x0000;02 Illegal Data Address
33310;0;0;0x0000;02 Illegal Data Address
33311;0;0;0x0000;02 Illegal Data Address
33312;0;0;0x0000;02 Illegal Data Address
33313;0;0;0x0000;02 Illegal Data Address
33314;0;0;0x0000;02 Illegal Data Address
33315;0;0;0x0000;02 Illegal Data Address
33316;0;0;0x0000;02 Illegal Data Address
33317;0;0;0x0000;02 Illegal Data Address
33318;0;0;0x0000;02 Illegal Data Address
33319;0;0;0x0000;02 Illegal Data Address
33320;0;0;0x0000;02 Illegal Data Address
33321;0;0;0x0000;02 Illegal Data Address
33322;0;0;0x0000;02 Illegal Data Address
33323;0;0;0x0000;02 Illegal Data Address
33324;0;0;0x0000;02 Illegal Data Address
33325;0;0;0x0000;02 Illegal Data Address
33326;0;0;0x0000;02 Illegal Data Address
33327;0;0;0x0000;02 Illegal Data Address
33328;0;0;0x0000;02 Illegal Data Address
33329;0;0;0x0000;02 Illegal Data Address
33330;0;0;0x0000;02 Illegal Data Address
33331;0;0;0x0000;02 Illegal Data Address
33332;0;0;0x0000;02 Illegal Data Address
33333;0;0;0x0000;02 Illegal Data Address
33334;0;0;0x0000;02 Illegal Data Address
33335;0;0;0x0000;02 Illegal Data Address
33336;0;0;0x0000;02 Illegal Data Address
33337;0;0;0x0000;02 Illegal Data Address
33338;0;0;0x0000;02 Illegal Data Address
33339;0;0;0x0000;02 Illegal Data Address
33340;0;0;0x0000;02 Illegal Data Address
33341;0;0;0x0000;02 Illegal Data Address
33342;0;0;0x0000;02 Illegal Data Address
33343;0;0;0x0000;02 Illegal Data Address
33344;0;0;0x0000;02 Illegal Data Address
33345;0;0;0x0000;02 Illegal Data Address
33346;0;0;0x0000;02 Illegal Data Address
33347;0;0;0x0000;02 Illegal Data Address
33348;0;0;0x0000;02 Illegal Data Address
33349;0;0;0x0000;02 Illegal Data Address
33350;0;0;0x0000;02 Illegal Data Address
33351;0;0;0x0000;02 Illegal Data Address
33352;0;0;0x0000;02 Illegal Data Address
33353;0;0;0x0000;02 Illegal Data Address
33354;0;0;0x0000;02 Illegal Data Address
33355;0;0;0x0000;02 Illegal Data Address
33356;0;0;0x0000;02 Illegal Data Address
33357;0;0;0x0000;02 Illegal Data Address
33358;0;0;0x0000;02 Illegal Data Address
33359;0;0;0x0000;02 Illegal Data Address
33360;0;0;0x0000;02 Illegal Data Address
33361;0;0;0x0000;02 Illegal Data Address
33362;0;0;0x0000;02 Illegal Data Address
33363;0;0;0x0000;02 Illegal Data Address
33364;0;0;0x0000;02 Illegal Data Address
33365;0;0;0x0000;02 Illegal Data Address
33366;0;0;0x0000;02 Illegal Data Address
33367;0;0;0x0000;02 Illegal Data Address
33368;0;0;0x0000;02 Illegal Data Address
33369;0;0;0x0000;02 Illegal Data Address
33370;0;0;0x0000;02 Illegal Data Address
33371;0;0;0x0000;02 Illegal Data Address
33372;0;0;0x0000;02 Illegal Data Address
33373;0;0;0x0000;02 Illegal Data Address
33374;0;0;0x0000;02 Illegal Data Address
33375;0;0;0x0000;02 Illegal Data Address
33376;0;0;0x0000;02 Illegal Data Address
33377;0;0;0x0000;02 Illegal Data Address
33378;0;0;0x0000;02 Illegal Data Address
33379;0;0;0x0000;02 Illegal Data Address
33380;0;0;0x0000;02 Illegal Data Address
33381;0;0;0x0000;02 Illegal Data Address
33382;0;0;0x0000;02 Illegal Data Address
33383;0;0;0x0000;02 Illegal Data Address
33384;0;0;0x0000;02 Illegal Data Address
33385;0;0;0x0000;02 Illegal Data Address
33386;0;0;0x0000;02 Illegal Data Address
33387;0;0;0x0000;02 Illegal Data Address
33388;0;0;0x0000;02 Illegal Data Address
33389;0;0;0x0000;02 Illegal Data Address
33390;0;0;0x0000;02 Illegal Data Address
33391;0;0;0x0000;02 Illegal Data Address
33392;0;0;0x0000;02 Illegal Data Address
33393;0;0;0x0000;02 Illegal Data Address
33394;0;0;0x0000;02 Illegal Data Address
33395;0;0;0x0000;02 Illegal Data Address
33396;0;0;0x0000;02 Illegal Data Address
33397;0;0;0x0000;02 Illegal Data Address
33398;0;0;0x0000;02 Illegal Data Address
33399;0;0;0x0000;02 Illegal Data Address
33400;0;0;0x0000;02 Illegal Data Address
33401;0;0;0x0000;02 Illegal Data Address
33402;0;0;0x0000;02 Illegal Data Address
33403;0;0;0x0000;02 Illegal Data Address
33404;0;0;0x0000;02 Illegal Data Address
33405;0;0;0x0000;02 Illegal Data Address
33406;0;0;0x0000;02 Illegal Data Address
33407;0;0;0x0000;02 Illegal Data Address
33408;0;0;0x0000;02 Illegal Data Address
33409;0;0;0x0000;02 Illegal Data Address
33410;0;0;0x0000;02 Illegal Data Address
33411;0;0;0x0000;02 Illegal Data Address
33412;0;0;0x0000;02 Illegal Data Address
33413;0;0;0x0000;02 Illegal Data Address
33414;0;0;0x0000;02 Illegal Data Address
33415;0;0;0x0000;02 Illegal Data Address
33416;0;0;0x0000;02 Illegal Data Address
33417;0;0;0x0000;02 Illegal Data Address
33418;0;0;0x0000;02 Illegal Data Address
33419;0;0;0x0000;02 Illegal Data Address
33420;0;0;0x0000;02 Illegal Data Address
33421;0;0;0x0000;02 Illegal Data Address
33422;0;0;0x0000;02 Illegal Data Address
33423;0;0;0x0000;02 Illegal Data Address
33424;0;0;0x0000;02 Illegal Data Address
33425;0;0;0x0000;02 Illegal Data Address
33426;0;0;0x0000;02 Illegal Data Address
33427;0;0;0x0000;02 Illegal Data Address
33428;0;0;0x0000;02 Illegal Data Address
33429;0;0;0x0000;02 Illegal Data Address
33430;0;0;0x0000;02 Illegal Data Address
33431;0;0;0x0000;02 Illegal Data Address
33432;0;0;0x0000;02 Illegal Data Address
33433;0;0;0x0000;02 Illegal Data Address
33434;0;0;0x0000;02 Illegal Data Address
33435;0;0;0x0000;02 Illegal Data Address
33436;0;0;0x0000;02 Illegal Data Address
33437;0;0;0x0000;02 Illegal Data Address
33438;0;0;0x0000;02 Illegal Data Address
33439;0;0;0x0000;02 Illegal Data Address
33440;0;0;0x0000;02 Illegal Data Address
33441;0;0;0x0000;02 Illegal Data Address
33442;0;0;0x0000;02 Illegal Data Address
33443;0;0;0x0000;02 Illegal Data Address
33444;0;0;0x0000;02 Illegal Data Address
33445;0;0;0x0000;02 Illegal Data Address
33446;0;0;0x0000;02 Illegal Data Address
33447;0;0;0x0000;02 Illegal Data Address
33448;0;0;0x0000;02 Illegal Data Address
33449;0;0;0x0000;02 Illegal Data Address
33450;0;0;0x0000;02 Illegal Data Address
33451;0;0;0x0000;02 Illegal Data Address
33452;0;0;0x0000;02 Illegal Data Address
33453;0;0;0x0000;02 Illegal Data Address
33454;0;0;0x0000;02 Illegal Data Address
33455;0;0;0x0000;02 Illegal Data Address
33456;0;0;0x0000;02 Illegal Data Address
33457;0;0;0x0000;02 Illegal Data Address
33458;0;0;0x0000;02 Illegal Data Address
33459;0;0;0x0000;02 Illegal Data Address
33460;0;0;0x0000;02 Illegal Data Address
33461;0;0;0x0000;02 Illegal Data Address
33462;0;0;0x0000;02 Illegal Data Address
33463;0;0;0x0000;02 Illegal Data Address
33464;0;0;0x0000;02 Illegal Data Address
33465;0;0;0x0000;02 Illegal Data Address
33466;0;0;0x0000;02 Illegal Data Address
33467;0;0;0x0000;02 Illegal Data Address
33468;0;0;0x0000;02 Illegal Data Address
33469;0;0;0x0000;02 Illegal Data Address
33470;0;0;0x0000;02 Illegal Data Address
33471;0;0;0x0000;02 Illegal Data Address
33472;0;0;0x0000;02 Illegal Data Address
33473;0;0;0x0000;02 Illegal Data Address
33474;0;0;0x0000;02 Illegal Data Address
33475;0;0;0x0000;02 Illegal Data Address
33476;0;0;0x0000;02 Illegal Data Address
33477;0;0;0x0000;02 Illegal Data Address
33478;0;0;0x0000;02 Illegal Data Address
33479;0;0;0x0000;02 Illegal Data Address
33480;0;0;0x0000;02 Illegal Data Address
33481;0;0;0x0000;02 Illegal Data Address
33482;0;0;0x0000;02 Illegal Data Address
33483;0;0;0x0000;02 Illegal Data Address
33484;0;0;0x0000;02 Illegal Data Address
33485;0;0;0x0000;02 Illegal Data Address
33486;0;0;0x0000;02 Illegal Data Address
33487;0;0;0x0000;02 Illegal Data Address
33488;0;0;0x0000;02 Illegal Data Address
33489;0;0;0x0000;02 Illegal Data Address
33490;0;0;0x0000;02 Illegal Data Address
33491;0;0;0x0000;02 Illegal Data Address
33492;0;0;0x0000;02 Illegal Data Address
33493;0;0;0x0000;02 Illegal Data Address
33494;0;0;0x0000;02 Illegal Data Address
33495;0;0;0x0000;02 Illegal Data Address
33496;0;0;0x0000;02 Illegal Data Address
33497;0;0;0x0000;02 Illegal Data Address
33498;0;0;0x0000;02 Illegal Data Address
33499;0;0;0x0000;02 Illegal Data Address
33500;0;0;0x0000;02 Illegal Data Address
33501;0;0;0x0000;02 Illegal Data Address
33502;0;0;0x0000;02 Illegal Data Address
33503;0;0;0x0000;02 Illegal Data Address
33504;0;0;0x0000;02 Illegal Data Address
33505;0;0;0x0000;02 Illegal Data Address
33506;0;0;0x0000;02 Illegal Data Address
33507;0;0;0x0000;02 Illegal Data Address
33508;0;0;0x0000;02 Illegal Data Address
33509;0;0;0x0000;02 Illegal Data Address
33510;0;0;0x0000;02 Illegal Data Address
33511;0;0;0x0000;02 Illegal Data Address
33512;0;0;0x0000;02 Illegal Data Address
33513;0;0;0x0000;02 Illegal Data Address
33514;0;0;0x0000;02 Illegal Data Address
33515;0;0;0x0000;02 Illegal Data Address
33516;0;0;0x0000;02 Illegal Data Address
33517;0;0;0x0000;02 Illegal Data Address
33518;0;0;0x0000;02 Illegal Data Address
33519;0;0;0x0000;02 Illegal Data Address
33520;0;0;0x0000;02 Illegal Data Address
33521;0;0;0x0000;02 Illegal Data Address
33522;0;0;0x0000;02 Illegal Data Address
33523;0;0;0x0000;02 Illegal Data Address
33524;0;0;0x0000;02 Illegal Data Address
33525;0;0;0x0000;02 Illegal Data Address
33526;0;0;0x0000;02 Illegal Data Address
33527;0;0;0x0000;02 Illegal Data Address
33528;0;0;0x0000;02 Illegal Data Address
33529;0;0;0x0000;02 Illegal Data Address
33530;0;0;0x0000;02 Illegal Data Address
33531;0;0;0x0000;02 Illegal Data Address
33532;0;0;0x0000;02 Illegal Data Address
33533;0;0;0x0000;02 Illegal Data Address
33534;0;0;0x0000;02 Illegal Data Address
33535;0;0;0x0000;02 Illegal Data Address
33536;0;0;0x0000;02 Illegal Data Address
33537;0;0;0x0000;02 Illegal Data Address
33538;0;0;0x0000;02 Illegal Data Address
33539;0;0;0x0000;02 Illegal Data Address
33540;0;0;0x0000;02 Illegal Data Address
33541;0;0;0x0000;02 Illegal Data Address
33542;0;0;0x0000;02 Illegal Data Address
33543;0;0;0x0000;02 Illegal Data Address
33544;0;0;0x0000;02 Illegal Data Address
33545;0;0;0x0000;02 Illegal Data Address
33546;0;0;0x0000;02 Illegal Data Address
33547;0;0;0x0000;02 Illegal Data Address
33548;0;0;0x0000;02 Illegal Data Address
33549;0;0;0x0000;02 Illegal Data Address
33550;0;0;0x0000;02 Illegal Data Address
33551;0;0;0x0000;02 Illegal Data Address
33552;0;0;0x0000;02 Illegal Data Address
33553;0;0;0x0000;02 Illegal Data Address
33554;0;0;0x0000;02 Illegal Data Address
33555;0;0;0x0000;02 Illegal Data Address
33556;0;0;0x0000;02 Illegal Data Address
33557;0;0;0x0000;02 Illegal Data Address
33558;0;0;0x0000;02 Illegal Data Address
33559;0;0;0x0000;02 Illegal Data Address
33560;0;0;0x0000;02 Illegal Data Address
33561;0;0;0x0000;02 Illegal Data Address
33562;0;0;0x0000;02 Illegal Data Address
33563;0;0;0x0000;02 Illegal Data Address
33564;0;0;0x0000;02 Illegal Data Address
33565;0;0;0x0000;02 Illegal Data Address
33566;0;0;0x0000;02 Illegal Data Address
33567;0;0;0x0000;02 Illegal Data Address
33568;0;0;0x0000;02 Illegal Data Address
33569;0;0;0x0000;02 Illegal Data Address
33570;0;0;0x0000;02 Illegal Data Address
33571;0;0;0x0000;02 Illegal Data Address
33572;0;0;0x0000;02 Illegal Data Address
33573;0;0;0x0000;02 Illegal Data Address
33574;0;0;0x0000;02 Illegal Data Address
33575;0;0;0x0000;02 Illegal Data Address
33576;0;0;0x0000;02 Illegal Data Address
33577;0;0;0x0000;02 Illegal Data Address
33578;0;0;0x0000;02 Illegal Data Address
33579;0;0;0x0000;02 Illegal Data Address
33580;0;0;0x0000;02 Illegal Data Address
33581;0;0;0x0000;02 Illegal Data Address
33582;0;0;0x0000;02 Illegal Data Address
33583;0;0;0x0000;02 Illegal Data Address
33584;0;0;0x0000;02 Illegal Data Address
33585;0;0;0x0000;02 Illegal Data Address
33586;0;0;0x0000;02 Illegal Data Address
33587;0;0;0x0000;02 Illegal Data Address
33588;0;0;0x0000;02 Illegal Data Address
33589;0;0;0x0000;02 Illegal Data Address
33590;0;0;0x0000;02 Illegal Data Address
33591;0;0;0x0000;02 Illegal Data Address
33592;0;0;0x0000;02 Illegal Data Address
33593;0;0;0x0000;02 Illegal Data Address
33594;0;0;0x0000;02 Illegal Data Address
33595;0;0;0x0000;02 Illegal Data Address
33596;0;0;0x0000;02 Illegal Data Address
33597;0;0;0x0000;02 Illegal Data Address
33598;0;0;0x0000;02 Illegal Data Address
33599;0;0;0x0000;02 Illegal Data Address
33600;0;0;0x0000;02 Illegal Data Address
33601;0;0;0x0000;02 Illegal Data Address
33602;0;0;0x0000;02 Illegal Data Address
33603;0;0;0x0000;02 Illegal Data Address
33604;0;0;0x0000;02 Illegal Data Address
33605;0;0;0x0000;02 Illegal Data Address
33606;0;0;0x0000;02 Illegal Data Address
33607;0;0;0x0000;02 Illegal Data Address
33608;0;0;0x0000;02 Illegal Data Address
33609;0;0;0x0000;02 Illegal Data Address
33610;0;0;0x0000;02 Illegal Data Address
33611;0;0;0x0000;02 Illegal Data Address
33612;0;0;0x0000;02 Illegal Data Address
33613;0;0;0x0000;02 Illegal Data Address
33614;0;0;0x0000;02 Illegal Data Address
33615;0;0;0x0000;02 Illegal Data Address
33616;0;0;0x0000;02 Illegal Data Address
33617;0;0;0x0000;02 Illegal Data Address
33618;0;0;0x0000;02 Illegal Data Address
33619;0;0;0x0000;02 Illegal Data Address
33620;0;0;0x0000;02 Illegal Data Address
33621;0;0;0x0000;02 Illegal Data Address
33622;0;0;0x0000;02 Illegal Data Address
33623;0;0;0x0000;02 Illegal Data Address
33624;0;0;0x0000;02 Illegal Data Address
33625;0;0;0x0000;02 Illegal Data Address
33626;0;0;0x0000;02 Illegal Data Address
33627;0;0;0x0000;02 Illegal Data Address
33628;0;0;0x0000;02 Illegal Data Address
33629;0;0;0x0000;02 Illegal Data Address
33630;0;0;0x0000;02 Illegal Data Address
33631;0;0;0x0000;02 Illegal Data Address
33632;0;0;0x0000;02 Illegal Data Address
33633;0;0;0x0000;02 Illegal Data Address
33634;0;0;0x0000;02 Illegal Data Address
33635;0;0;0x0000;02 Illegal Data Address
33636;0;0;0x0000;02 Illegal Data Address
33637;0;0;0x0000;02 Illegal Data Address
33638;0;0;0x0000;02 Illegal Data Address
33639;0;0;0x0000;02 Illegal Data Address
33640;0;0;0x0000;02 Illegal Data Address
33641;0;0;0x0000;02 Illegal Data Address
33642;0;0;0x0000;02 Illegal Data Address
33643;0;0;0x0000;02 Illegal Data Address
33644;0;0;0x0000;02 Illegal Data Address
33645;0;0;0x0000;02 Illegal Data Address
33646;0;0;0x0000;02 Illegal Data Address
33647;0;0;0x0000;02 Illegal Data Address
33648;0;0;0x0000;02 Illegal Data Address
33649;0;0;0x0000;02 Illegal Data Address
33650;0;0;0x0000;02 Illegal Data Address
33651;0;0;0x0000;02 Illegal Data Address
33652;0;0;0x0000;02 Illegal Data Address
33653;0;0;0x0000;02 Illegal Data Address
33654;0;0;0x0000;02 Illegal Data Address
33655;0;0;0x0000;02 Illegal Data Address
33656;0;0;0x0000;02 Illegal Data Address
33657;0;0;0x0000;02 Illegal Data Address
33658;0;0;0x0000;02 Illegal Data Address
33659;0;0;0x0000;02 Illegal Data Address
33660;0;0;0x0000;02 Illegal Data Address
33661;0;0;0x0000;02 Illegal Data Address
33662;0;0;0x0000;02 Illegal Data Address
33663;0;0;0x0000;02 Illegal Data Address
33664;0;0;0x0000;02 Illegal Data Address
33665;0;0;0x0000;02 Illegal Data Address
33666;0;0;0x0000;02 Illegal Data Address
33667;0;0;0x0000;02 Illegal Data Address
33668;0;0;0x0000;02 Illegal Data Address
33669;0;0;0x0000;02 Illegal Data Address
33670;0;0;0x0000;02 Illegal Data Address
33671;0;0;0x0000;02 Illegal Data Address
33672;0;0;0x0000;02 Illegal Data Address
33673;0;0;0x0000;02 Illegal Data Address
33674;0;0;0x0000;02 Illegal Data Address
33675;0;0;0x0000;02 Illegal Data Address
33676;0;0;0x0000;02 Illegal Data Address
33677;0;0;0x0000;02 Illegal Data Address
33678;0;0;0x0000;02 Illegal Data Address
33679;0;0;0x0000;02 Illegal Data Address
33680;0;0;0x0000;02 Illegal Data Address
33681;0;0;0x0000;02 Illegal Data Address
33682;0;0;0x0000;02 Illegal Data Address
33683;0;0;0x0000;02 Illegal Data Address
33684;0;0;0x0000;02 Illegal Data Address
33685;0;0;0x0000;02 Illegal Data Address
33686;0;0;0x0000;02 Illegal Data Address
33687;0;0;0x0000;02 Illegal Data Address
33688;0;0;0x0000;02 Illegal Data Address
33689;0;0;0x0000;02 Illegal Data Address
33690;0;0;0x0000;02 Illegal Data Address
33691;0;0;0x0000;02 Illegal Data Address
33692;0;0;0x0000;02 Illegal Data Address
33693;0;0;0x0000;02 Illegal Data Address
33694;0;0;0x0000;02 Illegal Data Address
33695;0;0;0x0000;02 Illegal Data Address
33696;0;0;0x0000;02 Illegal Data Address
33697;0;0;0x0000;02 Illegal Data Address
33698;0;0;0x0000;02 Illegal Data Address
33699;0;0;0x0000;02 Illegal Data Address
33700;0;0;0x0000;02 Illegal Data Address
33701;0;0;0x0000;02 Illegal Data Address
33702;0;0;0x0000;02 Illegal Data Address
33703;0;0;0x0000;02 Illegal Data Address
33704;0;0;0x0000;02 Illegal Data Address
33705;0;0;0x0000;02 Illegal Data Address
33706;0;0;0x0000;02 Illegal Data Address
33707;0;0;0x0000;02 Illegal Data Address
33708;0;0;0x0000;02 Illegal Data Address
33709;0;0;0x0000;02 Illegal Data Address
33710;0;0;0x0000;02 Illegal Data Address
33711;0;0;0x0000;02 Illegal Data Address
33712;0;0;0x0000;02 Illegal Data Address
33713;0;0;0x0000;02 Illegal Data Address
33714;0;0;0x0000;02 Illegal Data Address
33715;0;0;0x0000;02 Illegal Data Address
33716;0;0;0x0000;02 Illegal Data Address
33717;0;0;0x0000;02 Illegal Data Address
33718;0;0;0x0000;02 Illegal Data Address
33719;0;0;0x0000;02 Illegal Data Address
33720;0;0;0x0000;02 Illegal Data Address
33721;0;0;0x0000;02 Illegal Data Address
33722;0;0;0x0000;02 Illegal Data Address
33723;0;0;0x0000;02 Illegal Data Address
33724;0;0;0x0000;02 Illegal Data Address
33725;0;0;0x0000;02 Illegal Data Address
33726;0;0;0x0000;02 Illegal Data Address
33727;0;0;0x0000;02 Illegal Data Address
33728;0;0;0x0000;02 Illegal Data Address
33729;0;0;0x0000;02 Illegal Data Address
33730;0;0;0x0000;02 Illegal Data Address
33731;0;0;0x0000;02 Illegal Data Address
33732;0;0;0x0000;02 Illegal Data Address
33733;0;0;0x0000;02 Illegal Data Address
33734;0;0;0x0000;02 Illegal Data Address
33735;0;0;0x0000;02 Illegal Data Address
33736;0;0;0x0000;02 Illegal Data Address
33737;0;0;0x0000;02 Illegal Data Address
33738;0;0;0x0000;02 Illegal Data Address
33739;0;0;0x0000;02 Illegal Data Address
33740;0;0;0x0000;02 Illegal Data Address
33741;0;0;0x0000;02 Illegal Data Address
33742;0;0;0x0000;02 Illegal Data Address
33743;0;0;0x0000;02 Illegal Data Address
33744;0;0;0x0000;02 Illegal Data Address
33745;0;0;0x0000;02 Illegal Data Address
33746;0;0;0x0000;02 Illegal Data Address
33747;0;0;0x0000;02 Illegal Data Address
33748;0;0;0x0000;02 Illegal Data Address
33749;0;0;0x0000;02 Illegal Data Address
33750;0;0;0x0000;02 Illegal Data Address
33751;0;0;0x0000;02 Illegal Data Address
33752;0;0;0x0000;02 Illegal Data Address
33753;0;0;0x0000;02 Illegal Data Address
33754;0;0;0x0000;02 Illegal Data Address
33755;0;0;0x0000;02 Illegal Data Address
33756;0;0;0x0000;02 Illegal Data Address
33757;0;0;0x0000;02 Illegal Data Address
33758;0;0;0x0000;02 Illegal Data Address
33759;0;0;0x0000;02 Illegal Data Address
33760;0;0;0x0000;02 Illegal Data Address
33761;0;0;0x0000;02 Illegal Data Address
33762;0;0;0x0000;02 Illegal Data Address
33763;0;0;0x0000;02 Illegal Data Address
33764;0;0;0x0000;02 Illegal Data Address
33765;0;0;0x0000;02 Illegal Data Address
33766;0;0;0x0000;02 Illegal Data Address
33767;0;0;0x0000;02 Illegal Data Address
33768;0;0;0x0000;02 Illegal Data Address
33769;0;0;0x0000;02 Illegal Data Address
33770;0;0;0x0000;02 Illegal Data Address
33771;0;0;0x0000;02 Illegal Data Address
33772;0;0;0x0000;02 Illegal Data Address
33773;0;0;0x0000;02 Illegal Data Address
33774;0;0;0x0000;02 Illegal Data Address
33775;0;0;0x0000;02 Illegal Data Address
33776;0;0;0x0000;02 Illegal Data Address
33777;0;0;0x0000;02 Illegal Data Address
33778;0;0;0x0000;02 Illegal Data Address
33779;0;0;0x0000;02 Illegal Data Address
33780;0;0;0x0000;02 Illegal Data Address
33781;0;0;0x0000;02 Illegal Data Address
33782;0;0;0x0000;02 Illegal Data Address
33783;0;0;0x0000;02 Illegal Data Address
33784;0;0;0x0000;02 Illegal Data Address
33785;0;0;0x0000;02 Illegal Data Address
33786;0;0;0x0000;02 Illegal Data Address
33787;0;0;0x0000;02 Illegal Data Address
33788;0;0;0x0000;02 Illegal Data Address
33789;0;0;0x0000;02 Illegal Data Address
33790;0;0;0x0000;02 Illegal Data Address
33791;0;0;0x0000;02 Illegal Data Address
33792;0;0;0x0000;02 Illegal Data Address
33793;0;0;0x0000;02 Illegal Data Address
33794;0;0;0x0000;02 Illegal Data Address
33795;0;0;0x0000;02 Illegal Data Address
33796;0;0;0x0000;02 Illegal Data Address
33797;0;0;0x0000;02 Illegal Data Address
33798;0;0;0x0000;02 Illegal Data Address
33799;0;0;0x0000;02 Illegal Data Address
33800;0;0;0x0000;02 Illegal Data Address
33801;0;0;0x0000;02 Illegal Data Address
33802;0;0;0x0000;02 Illegal Data Address
33803;0;0;0x0000;02 Illegal Data Address
33804;0;0;0x0000;02 Illegal Data Address
33805;0;0;0x0000;02 Illegal Data Address
33806;0;0;0x0000;02 Illegal Data Address
33807;0;0;0x0000;02 Illegal Data Address
33808;0;0;0x0000;02 Illegal Data Address
33809;0;0;0x0000;02 Illegal Data Address
33810;0;0;0x0000;02 Illegal Data Address
33811;0;0;0x0000;02 Illegal Data Address
33812;0;0;0x0000;02 Illegal Data Address
33813;0;0;0x0000;02 Illegal Data Address
33814;0;0;0x0000;02 Illegal Data Address
33815;0;0;0x0000;02 Illegal Data Address
33816;0;0;0x0000;02 Illegal Data Address
33817;0;0;0x0000;02 Illegal Data Address
33818;0;0;0x0000;02 Illegal Data Address
33819;0;0;0x0000;02 Illegal Data Address
33820;0;0;0x0000;02 Illegal Data Address
33821;0;0;0x0000;02 Illegal Data Address
33822;0;0;0x0000;02 Illegal Data Address
33823;0;0;0x0000;02 Illegal Data Address
33824;0;0;0x0000;02 Illegal Data Address
33825;0;0;0x0000;02 Illegal Data Address
33826;0;0;0x0000;02 Illegal Data Address
33827;0;0;0x0000;02 Illegal Data Address
33828;0;0;0x0000;02 Illegal Data Address
33829;0;0;0x0000;02 Illegal Data Address
33830;0;0;0x0000;02 Illegal Data Address
33831;0;0;0x0000;02 Illegal Data Address
33832;0;0;0x0000;02 Illegal Data Address
33833;0;0;0x0000;02 Illegal Data Address
33834;0;0;0x0000;02 Illegal Data Address
33835;0;0;0x0000;02 Illegal Data Address
33836;0;0;0x0000;02 Illegal Data Address
33837;0;0;0x0000;02 Illegal Data Address
33838;0;0;0x0000;02 Illegal Data Address
33839;0;0;0x0000;02 Illegal Data Address
33840;0;0;0x0000;02 Illegal Data Address
33841;0;0;0x0000;02 Illegal Data Address
33842;0;0;0x0000;02 Illegal Data Address
33843;0;0;0x0000;02 Illegal Data Address
33844;0;0;0x0000;02 Illegal Data Address
33845;0;0;0x0000;02 Illegal Data Address
33846;0;0;0x0000;02 Illegal Data Address
33847;0;0;0x0000;02 Illegal Data Address
33848;0;0;0x0000;02 Illegal Data Address
33849;0;0;0x0000;02 Illegal Data Address
33850;0;0;0x0000;02 Illegal Data Address
33851;0;0;0x0000;02 Illegal Data Address
33852;0;0;0x0000;02 Illegal Data Address
33853;0;0;0x0000;02 Illegal Data Address
33854;0;0;0x0000;02 Illegal Data Address
33855;0;0;0x0000;02 Illegal Data Address
33856;0;0;0x0000;02 Illegal Data Address
33857;0;0;0x0000;02 Illegal Data Address
33858;0;0;0x0000;02 Illegal Data Address
33859;0;0;0x0000;02 Illegal Data Address
33860;0;0;0x0000;02 Illegal Data Address
33861;0;0;0x0000;02 Illegal Data Address
33862;0;0;0x0000;02 Illegal Data Address
33863;0;0;0x0000;02 Illegal Data Address
33864;0;0;0x0000;02 Illegal Data Address
33865;0;0;0x0000;02 Illegal Data Address
33866;0;0;0x0000;02 Illegal Data Address
33867;0;0;0x0000;02 Illegal Data Address
33868;0;0;0x0000;02 Illegal Data Address
33869;0;0;0x0000;02 Illegal Data Address
33870;0;0;0x0000;02 Illegal Data Address
33871;0;0;0x0000;02 Illegal Data Address
33872;0;0;0x0000;02 Illegal Data Address
33873;0;0;0x0000;02 Illegal Data Address
33874;0;0;0x0000;02 Illegal Data Address
33875;0;0;0x0000;02 Illegal Data Address
33876;0;0;0x0000;02 Illegal Data Address
33877;0;0;0x0000;02 Illegal Data Address
33878;0;0;0x0000;02 Illegal Data Address
33879;0;0;0x0000;02 Illegal Data Address
33880;0;0;0x0000;02 Illegal Data Address
33881;0;0;0x0000;02 Illegal Data Address
33882;0;0;0x0000;02 Illegal Data Address
33883;0;0;0x0000;02 Illegal Data Address
33884;0;0;0x0000;02 Illegal Data Address
33885;0;0;0x0000;02 Illegal Data Address
33886;0;0;0x0000;02 Illegal Data Address
33887;0;0;0x0000;02 Illegal Data Address
33888;0;0;0x0000;02 Illegal Data Address
33889;0;0;0x0000;02 Illegal Data Address
33890;0;0;0x0000;02 Illegal Data Address
33891;0;0;0x0000;02 Illegal Data Address
33892;0;0;0x0000;02 Illegal Data Address
33893;0;0;0x0000;02 Illegal Data Address
33894;0;0;0x0000;02 Illegal Data Address
33895;0;0;0x0000;02 Illegal Data Address
33896;0;0;0x0000;02 Illegal Data Address
33897;0;0;0x0000;02 Illegal Data Address
33898;0;0;0x0000;02 Illegal Data Address
33899;0;0;0x0000;02 Illegal Data Address
33900;0;0;0x0000;02 Illegal Data Address
33901;0;0;0x0000;02 Illegal Data Address
33902;0;0;0x0000;02 Illegal Data Address
33903;0;0;0x0000;02 Illegal Data Address
33904;0;0;0x0000;02 Illegal Data Address
33905;0;0;0x0000;02 Illegal Data Address
33906;0;0;0x0000;02 Illegal Data Address
33907;0;0;0x0000;02 Illegal Data Address
33908;0;0;0x0000;02 Illegal Data Address
33909;0;0;0x0000;02 Illegal Data Address
33910;0;0;0x0000;02 Illegal Data Address
33911;0;0;0x0000;02 Illegal Data Address
33912;0;0;0x0000;02 Illegal Data Address
33913;0;0;0x0000;02 Illegal Data Address
33914;0;0;0x0000;02 Illegal Data Address
33915;0;0;0x0000;02 Illegal Data Address
33916;0;0;0x0000;02 Illegal Data Address
33917;0;0;0x0000;02 Illegal Data Address
33918;0;0;0x0000;02 Illegal Data Address
33919;0;0;0x0000;02 Illegal Data Address
33920;0;0;0x0000;02 Illegal Data Address
33921;0;0;0x0000;02 Illegal Data Address
33922;0;0;0x0000;02 Illegal Data Address
33923;0;0;0x0000;02 Illegal Data Address
33924;0;0;0x0000;02 Illegal Data Address
33925;0;0;0x0000;02 Illegal Data Address
33926;0;0;0x0000;02 Illegal Data Address
33927;0;0;0x0000;02 Illegal Data Address
33928;0;0;0x0000;02 Illegal Data Address
33929;0;0;0x0000;02 Illegal Data Address
33930;0;0;0x0000;02 Illegal Data Address
33931;0;0;0x0000;02 Illegal Data Address
33932;0;0;0x0000;02 Illegal Data Address
33933;0;0;0x0000;02 Illegal Data Address
33934;0;0;0x0000;02 Illegal Data Address
33935;0;0;0x0000;02 Illegal Data Address
33936;0;0;0x0000;02 Illegal Data Address
33937;0;0;0x0000;02 Illegal Data Address
33938;0;0;0x0000;02 Illegal Data Address
33939;0;0;0x0000;02 Illegal Data Address
33940;0;0;0x0000;02 Illegal Data Address
33941;0;0;0x0000;02 Illegal Data Address
33942;0;0;0x0000;02 Illegal Data Address
33943;0;0;0x0000;02 Illegal Data Address
33944;0;0;0x0000;02 Illegal Data Address
33945;0;0;0x0000;02 Illegal Data Address
33946;0;0;0x0000;02 Illegal Data Address
33947;0;0;0x0000;02 Illegal Data Address
33948;0;0;0x0000;02 Illegal Data Address
33949;0;0;0x0000;02 Illegal Data Address
33950;0;0;0x0000;02 Illegal Data Address
33951;0;0;0x0000;02 Illegal Data Address
33952;0;0;0x0000;02 Illegal Data Address
33953;0;0;0x0000;02 Illegal Data Address
33954;0;0;0x0000;02 Illegal Data Address
33955;0;0;0x0000;02 Illegal Data Address
33956;0;0;0x0000;02 Illegal Data Address
33957;0;0;0x0000;02 Illegal Data Address
33958;0;0;0x0000;02 Illegal Data Address
33959;0;0;0x0000;02 Illegal Data Address
33960;0;0;0x0000;02 Illegal Data Address
33961;0;0;0x0000;02 Illegal Data Address
33962;0;0;0x0000;02 Illegal Data Address
33963;0;0;0x0000;02 Illegal Data Address
33964;0;0;0x0000;02 Illegal Data Address
33965;0;0;0x0000;02 Illegal Data Address
33966;0;0;0x0000;02 Illegal Data Address
33967;0;0;0x0000;02 Illegal Data Address
33968;0;0;0x0000;02 Illegal Data Address
33969;0;0;0x0000;02 Illegal Data Address
33970;0;0;0x0000;02 Illegal Data Address
33971;0;0;0x0000;02 Illegal Data Address
33972;0;0;0x0000;02 Illegal Data Address
33973;0;0;0x0000;02 Illegal Data Address
33974;0;0;0x0000;02 Illegal Data Address
33975;0;0;0x0000;02 Illegal Data Address
33976;0;0;0x0000;02 Illegal Data Address
33977;0;0;0x0000;02 Illegal Data Address
33978;0;0;0x0000;02 Illegal Data Address
33979;0;0;0x0000;02 Illegal Data Address
33980;0;0;0x0000;02 Illegal Data Address
33981;0;0;0x0000;02 Illegal Data Address
33982;0;0;0x0000;02 Illegal Data Address
33983;0;0;0x0000;02 Illegal Data Address
33984;0;0;0x0000;02 Illegal Data Address
33985;0;0;0x0000;02 Illegal Data Address
33986;0;0;0x0000;02 Illegal Data Address
33987;0;0;0x0000;02 Illegal Data Address
33988;0;0;0x0000;02 Illegal Data Address
33989;0;0;0x0000;02 Illegal Data Address
33990;0;0;0x0000;02 Illegal Data Address
33991;0;0;0x0000;02 Illegal Data Address
33992;0;0;0x0000;02 Illegal Data Address
33993;0;0;0x0000;02 Illegal Data Address
33994;0;0;0x0000;02 Illegal Data Address
33995;0;0;0x0000;02 Illegal Data Address
33996;0;0;0x0000;02 Illegal Data Address
33997;0;0;0x0000;02 Illegal Data Address
33998;0;0;0x0000;02 Illegal Data Address
33999;0;0;0x0000;02 Illegal Data Address
34000;0;0;0x0000;02 Illegal Data Address
34001;0;0;0x0000;02 Illegal Data Address
34002;0;0;0x0000;02 Illegal Data Address
34003;0;0;0x0000;02 Illegal Data Address
34004;0;0;0x0000;02 Illegal Data Address
34005;0;0;0x0000;02 Illegal Data Address
34006;0;0;0x0000;02 Illegal Data Address
34007;0;0;0x0000;02 Illegal Data Address
34008;0;0;0x0000;02 Illegal Data Address
34009;0;0;0x0000;02 Illegal Data Address
34010;0;0;0x0000;02 Illegal Data Address
34011;0;0;0x0000;02 Illegal Data Address
34012;0;0;0x0000;02 Illegal Data Address
34013;0;0;0x0000;02 Illegal Data Address
34014;0;0;0x0000;02 Illegal Data Address
34015;0;0;0x0000;02 Illegal Data Address
34016;0;0;0x0000;02 Illegal Data Address
34017;0;0;0x0000;02 Illegal Data Address
34018;0;0;0x0000;02 Illegal Data Address
34019;0;0;0x0000;02 Illegal Data Address
34020;0;0;0x0000;02 Illegal Data Address
34021;0;0;0x0000;02 Illegal Data Address
34022;0;0;0x0000;02 Illegal Data Address
34023;0;0;0x0000;02 Illegal Data Address
34024;0;0;0x0000;02 Illegal Data Address
34025;0;0;0x0000;02 Illegal Data Address
34026;0;0;0x0000;02 Illegal Data Address
34027;0;0;0x0000;02 Illegal Data Address
34028;0;0;0x0000;02 Illegal Data Address
34029;0;0;0x0000;02 Illegal Data Address
34030;0;0;0x0000;02 Illegal Data Address
34031;0;0;0x0000;02 Illegal Data Address
34032;0;0;0x0000;02 Illegal Data Address
34033;0;0;0x0000;02 Illegal Data Address
34034;0;0;0x0000;02 Illegal Data Address
34035;0;0;0x0000;02 Illegal Data Address
34036;0;0;0x0000;02 Illegal Data Address
34037;0;0;0x0000;02 Illegal Data Address
34038;0;0;0x0000;02 Illegal Data Address
34039;0;0;0x0000;02 Illegal Data Address
34040;0;0;0x0000;02 Illegal Data Address
34041;0;0;0x0000;02 Illegal Data Address
34042;0;0;0x0000;02 Illegal Data Address
34043;0;0;0x0000;02 Illegal Data Address
34044;0;0;0x0000;02 Illegal Data Address
34045;0;0;0x0000;02 Illegal Data Address
34046;0;0;0x0000;02 Illegal Data Address
34047;0;0;0x0000;02 Illegal Data Address
34048;0;0;0x0000;02 Illegal Data Address
34049;0;0;0x0000;02 Illegal Data Address
34050;0;0;0x0000;02 Illegal Data Address
34051;0;0;0x0000;02 Illegal Data Address
34052;0;0;0x0000;02 Illegal Data Address
34053;0;0;0x0000;02 Illegal Data Address
34054;0;0;0x0000;02 Illegal Data Address
34055;0;0;0x0000;02 Illegal Data Address
34056;0;0;0x0000;02 Illegal Data Address
34057;0;0;0x0000;02 Illegal Data Address
34058;0;0;0x0000;02 Illegal Data Address
34059;0;0;0x0000;02 Illegal Data Address
34060;0;0;0x0000;02 Illegal Data Address
34061;0;0;0x0000;02 Illegal Data Address
34062;0;0;0x0000;02 Illegal Data Address
34063;0;0;0x0000;02 Illegal Data Address
34064;0;0;0x0000;02 Illegal Data Address
34065;0;0;0x0000;02 Illegal Data Address
34066;0;0;0x0000;02 Illegal Data Address
34067;0;0;0x0000;02 Illegal Data Address
34068;0;0;0x0000;02 Illegal Data Address
34069;0;0;0x0000;02 Illegal Data Address
34070;0;0;0x0000;02 Illegal Data Address
34071;0;0;0x0000;02 Illegal Data Address
34072;0;0;0x0000;02 Illegal Data Address
34073;0;0;0x0000;02 Illegal Data Address
34074;0;0;0x0000;02 Illegal Data Address
34075;0;0;0x0000;02 Illegal Data Address
34076;0;0;0x0000;02 Illegal Data Address
34077;0;0;0x0000;02 Illegal Data Address
34078;0;0;0x0000;02 Illegal Data Address
34079;0;0;0x0000;02 Illegal Data Address
34080;0;0;0x0000;02 Illegal Data Address
34081;0;0;0x0000;02 Illegal Data Address
34082;0;0;0x0000;02 Illegal Data Address
34083;0;0;0x0000;02 Illegal Data Address
34084;0;0;0x0000;02 Illegal Data Address
34085;0;0;0x0000;02 Illegal Data Address
34086;0;0;0x0000;02 Illegal Data Address
34087;0;0;0x0000;02 Illegal Data Address
34088;0;0;0x0000;02 Illegal Data Address
34089;0;0;0x0000;02 Illegal Data Address
34090;0;0;0x0000;02 Illegal Data Address
34091;0;0;0x0000;02 Illegal Data Address
34092;0;0;0x0000;02 Illegal Data Address
34093;0;0;0x0000;02 Illegal Data Address
34094;0;0;0x0000;02 Illegal Data Address
34095;0;0;0x0000;02 Illegal Data Address
34096;0;0;0x0000;02 Illegal Data Address
34097;0;0;0x0000;02 Illegal Data Address
34098;0;0;0x0000;02 Illegal Data Address
34099;0;0;0x0000;02 Illegal Data Address
34100;0;0;0x0000;02 Illegal Data Address
34101;0;0;0x0000;02 Illegal Data Address
34102;0;0;0x0000;02 Illegal Data Address
34103;0;0;0x0000;02 Illegal Data Address
34104;0;0;0x0000;02 Illegal Data Address
34105;0;0;0x0000;02 Illegal Data Address
34106;0;0;0x0000;02 Illegal Data Address
34107;0;0;0x0000;02 Illegal Data Address
34108;0;0;0x0000;02 Illegal Data Address
34109;0;0;0x0000;02 Illegal Data Address
34110;0;0;0x0000;02 Illegal Data Address
34111;0;0;0x0000;02 Illegal Data Address
34112;0;0;0x0000;02 Illegal Data Address
34113;0;0;0x0000;02 Illegal Data Address
34114;0;0;0x0000;02 Illegal Data Address
34115;0;0;0x0000;02 Illegal Data Address
34116;0;0;0x0000;02 Illegal Data Address
34117;0;0;0x0000;02 Illegal Data Address
34118;0;0;0x0000;02 Illegal Data Address
34119;0;0;0x0000;02 Illegal Data Address
34120;0;0;0x0000;02 Illegal Data Address
34121;0;0;0x0000;02 Illegal Data Address
34122;0;0;0x0000;02 Illegal Data Address
34123;0;0;0x0000;02 Illegal Data Address
34124;0;0;0x0000;02 Illegal Data Address
34125;0;0;0x0000;02 Illegal Data Address
34126;0;0;0x0000;02 Illegal Data Address
34127;0;0;0x0000;02 Illegal Data Address
34128;0;0;0x0000;02 Illegal Data Address
34129;0;0;0x0000;02 Illegal Data Address
34130;0;0;0x0000;02 Illegal Data Address
34131;0;0;0x0000;02 Illegal Data Address
34132;0;0;0x0000;02 Illegal Data Address
34133;0;0;0x0000;02 Illegal Data Address
34134;0;0;0x0000;02 Illegal Data Address
34135;0;0;0x0000;02 Illegal Data Address
34136;0;0;0x0000;02 Illegal Data Address
34137;0;0;0x0000;02 Illegal Data Address
34138;0;0;0x0000;02 Illegal Data Address
34139;0;0;0x0000;02 Illegal Data Address
34140;0;0;0x0000;02 Illegal Data Address
34141;0;0;0x0000;02 Illegal Data Address
34142;0;0;0x0000;02 Illegal Data Address
34143;0;0;0x0000;02 Illegal Data Address
34144;0;0;0x0000;02 Illegal Data Address
34145;0;0;0x0000;02 Illegal Data Address
34146;0;0;0x0000;02 Illegal Data Address
34147;0;0;0x0000;02 Illegal Data Address
34148;0;0;0x0000;02 Illegal Data Address
34149;0;0;0x0000;02 Illegal Data Address
34150;0;0;0x0000;02 Illegal Data Address
34151;0;0;0x0000;02 Illegal Data Address
34152;0;0;0x0000;02 Illegal Data Address
34153;0;0;0x0000;02 Illegal Data Address
34154;0;0;0x0000;02 Illegal Data Address
34155;0;0;0x0000;02 Illegal Data Address
34156;0;0;0x0000;02 Illegal Data Address
34157;0;0;0x0000;02 Illegal Data Address
34158;0;0;0x0000;02 Illegal Data Address
34159;0;0;0x0000;02 Illegal Data Address
34160;0;0;0x0000;02 Illegal Data Address
34161;0;0;0x0000;02 Illegal Data Address
34162;0;0;0x0000;02 Illegal Data Address
34163;0;0;0x0000;02 Illegal Data Address
34164;0;0;0x0000;02 Illegal Data Address
34165;0;0;0x0000;02 Illegal Data Address
34166;0;0;0x0000;02 Illegal Data Address
34167;0;0;0x0000;02 Illegal Data Address
34168;0;0;0x0000;02 Illegal Data Address
34169;0;0;0x0000;02 Illegal Data Address
34170;0;0;0x0000;02 Illegal Data Address
34171;0;0;0x0000;02 Illegal Data Address
34172;0;0;0x0000;02 Illegal Data Address
34173;0;0;0x0000;02 Illegal Data Address
34174;0;0;0x0000;02 Illegal Data Address
34175;0;0;0x0000;02 Illegal Data Address
34176;0;0;0x0000;02 Illegal Data Address
34177;0;0;0x0000;02 Illegal Data Address
34178;0;0;0x0000;02 Illegal Data Address
34179;0;0;0x0000;02 Illegal Data Address
34180;0;0;0x0000;02 Illegal Data Address
34181;0;0;0x0000;02 Illegal Data Address
34182;0;0;0x0000;02 Illegal Data Address
34183;0;0;0x0000;02 Illegal Data Address
34184;0;0;0x0000;02 Illegal Data Address
34185;0;0;0x0000;02 Illegal Data Address
34186;0;0;0x0000;02 Illegal Data Address
34187;0;0;0x0000;02 Illegal Data Address
34188;0;0;0x0000;02 Illegal Data Address
34189;0;0;0x0000;02 Illegal Data Address
34190;0;0;0x0000;02 Illegal Data Address
34191;0;0;0x0000;02 Illegal Data Address
34192;0;0;0x0000;02 Illegal Data Address
34193;0;0;0x0000;02 Illegal Data Address
34194;0;0;0x0000;02 Illegal Data Address
34195;0;0;0x0000;02 Illegal Data Address
34196;0;0;0x0000;02 Illegal Data Address
34197;0;0;0x0000;02 Illegal Data Address
34198;0;0;0x0000;02 Illegal Data Address
34199;0;0;0x0000;02 Illegal Data Address
34200;0;0;0x0000;02 Illegal Data Address
34201;0;0;0x0000;02 Illegal Data Address
34202;0;0;0x0000;02 Illegal Data Address
34203;0;0;0x0000;02 Illegal Data Address
34204;0;0;0x0000;02 Illegal Data Address
34205;0;0;0x0000;02 Illegal Data Address
34206;0;0;0x0000;02 Illegal Data Address
34207;0;0;0x0000;02 Illegal Data Address
34208;0;0;0x0000;02 Illegal Data Address
34209;0;0;0x0000;02 Illegal Data Address
34210;0;0;0x0000;02 Illegal Data Address
34211;0;0;0x0000;02 Illegal Data Address
34212;0;0;0x0000;02 Illegal Data Address
34213;0;0;0x0000;02 Illegal Data Address
34214;0;0;0x0000;02 Illegal Data Address
34215;0;0;0x0000;02 Illegal Data Address
34216;0;0;0x0000;02 Illegal Data Address
34217;0;0;0x0000;02 Illegal Data Address
34218;0;0;0x0000;02 Illegal Data Address
34219;0;0;0x0000;02 Illegal Data Address
34220;0;0;0x0000;02 Illegal Data Address
34221;0;0;0x0000;02 Illegal Data Address
34222;0;0;0x0000;02 Illegal Data Address
34223;0;0;0x0000;02 Illegal Data Address
34224;0;0;0x0000;02 Illegal Data Address
34225;0;0;0x0000;02 Illegal Data Address
34226;0;0;0x0000;02 Illegal Data Address
34227;0;0;0x0000;02 Illegal Data Address
34228;0;0;0x0000;02 Illegal Data Address
34229;0;0;0x0000;02 Illegal Data Address
34230;0;0;0x0000;02 Illegal Data Address
34231;0;0;0x0000;02 Illegal Data Address
34232;0;0;0x0000;02 Illegal Data Address
34233;0;0;0x0000;02 Illegal Data Address
34234;0;0;0x0000;02 Illegal Data Address
34235;0;0;0x0000;02 Illegal Data Address
34236;0;0;0x0000;02 Illegal Data Address
34237;0;0;0x0000;02 Illegal Data Address
34238;0;0;0x0000;02 Illegal Data Address
34239;0;0;0x0000;02 Illegal Data Address
34240;0;0;0x0000;02 Illegal Data Address
34241;0;0;0x0000;02 Illegal Data Address
34242;0;0;0x0000;02 Illegal Data Address
34243;0;0;0x0000;02 Illegal Data Address
34244;0;0;0x0000;02 Illegal Data Address
34245;0;0;0x0000;02 Illegal Data Address
34246;0;0;0x0000;02 Illegal Data Address
34247;0;0;0x0000;02 Illegal Data Address
34248;0;0;0x0000;02 Illegal Data Address
34249;0;0;0x0000;02 Illegal Data Address
34250;0;0;0x0000;02 Illegal Data Address
34251;0;0;0x0000;02 Illegal Data Address
34252;0;0;0x0000;02 Illegal Data Address
34253;0;0;0x0000;02 Illegal Data Address
34254;0;0;0x0000;02 Illegal Data Address
34255;0;0;0x0000;02 Illegal Data Address
34256;0;0;0x0000;02 Illegal Data Address
34257;0;0;0x0000;02 Illegal Data Address
34258;0;0;0x0000;02 Illegal Data Address
34259;0;0;0x0000;02 Illegal Data Address
34260;0;0;0x0000;02 Illegal Data Address
34261;0;0;0x0000;02 Illegal Data Address
34262;0;0;0x0000;02 Illegal Data Address
34263;0;0;0x0000;02 Illegal Data Address
34264;0;0;0x0000;02 Illegal Data Address
34265;0;0;0x0000;02 Illegal Data Address
34266;0;0;0x0000;02 Illegal Data Address
34267;0;0;0x0000;02 Illegal Data Address
34268;0;0;0x0000;02 Illegal Data Address
34269;0;0;0x0000;02 Illegal Data Address
34270;0;0;0x0000;02 Illegal Data Address
34271;0;0;0x0000;02 Illegal Data Address
34272;0;0;0x0000;02 Illegal Data Address
34273;0;0;0x0000;02 Illegal Data Address
34274;0;0;0x0000;02 Illegal Data Address
34275;0;0;0x0000;02 Illegal Data Address
34276;0;0;0x0000;02 Illegal Data Address
34277;0;0;0x0000;02 Illegal Data Address
34278;0;0;0x0000;02 Illegal Data Address
34279;0;0;0x0000;02 Illegal Data Address
34280;0;0;0x0000;02 Illegal Data Address
34281;0;0;0x0000;02 Illegal Data Address
34282;0;0;0x0000;02 Illegal Data Address
34283;0;0;0x0000;02 Illegal Data Address
34284;0;0;0x0000;02 Illegal Data Address
34285;0;0;0x0000;02 Illegal Data Address
34286;0;0;0x0000;02 Illegal Data Address
34287;0;0;0x0000;02 Illegal Data Address
34288;0;0;0x0000;02 Illegal Data Address
34289;0;0;0x0000;02 Illegal Data Address
34290;0;0;0x0000;02 Illegal Data Address
34291;0;0;0x0000;02 Illegal Data Address
34292;0;0;0x0000;02 Illegal Data Address
34293;0;0;0x0000;02 Illegal Data Address
34294;0;0;0x0000;02 Illegal Data Address
34295;0;0;0x0000;02 Illegal Data Address
34296;0;0;0x0000;02 Illegal Data Address
34297;0;0;0x0000;02 Illegal Data Address
34298;0;0;0x0000;02 Illegal Data Address
34299;0;0;0x0000;02 Illegal Data Address
34300;0;0;0x0000;02 Illegal Data Address
34301;0;0;0x0000;02 Illegal Data Address
34302;0;0;0x0000;02 Illegal Data Address
34303;0;0;0x0000;02 Illegal Data Address
34304;0;0;0x0000;02 Illegal Data Address
34305;0;0;0x0000;02 Illegal Data Address
34306;0;0;0x0000;02 Illegal Data Address
34307;0;0;0x0000;02 Illegal Data Address
34308;0;0;0x0000;02 Illegal Data Address
34309;0;0;0x0000;02 Illegal Data Address
34310;0;0;0x0000;02 Illegal Data Address
34311;0;0;0x0000;02 Illegal Data Address
34312;0;0;0x0000;02 Illegal Data Address
34313;0;0;0x0000;02 Illegal Data Address
34314;0;0;0x0000;02 Illegal Data Address
34315;0;0;0x0000;02 Illegal Data Address
34316;0;0;0x0000;02 Illegal Data Address
34317;0;0;0x0000;02 Illegal Data Address
34318;0;0;0x0000;02 Illegal Data Address
34319;0;0;0x0000;02 Illegal Data Address
34320;0;0;0x0000;02 Illegal Data Address
34321;0;0;0x0000;02 Illegal Data Address
34322;0;0;0x0000;02 Illegal Data Address
34323;0;0;0x0000;02 Illegal Data Address
34324;0;0;0x0000;02 Illegal Data Address
34325;0;0;0x0000;02 Illegal Data Address
34326;0;0;0x0000;02 Illegal Data Address
34327;0;0;0x0000;02 Illegal Data Address
34328;0;0;0x0000;02 Illegal Data Address
34329;0;0;0x0000;02 Illegal Data Address
34330;0;0;0x0000;02 Illegal Data Address
34331;0;0;0x0000;02 Illegal Data Address
34332;0;0;0x0000;02 Illegal Data Address
34333;0;0;0x0000;02 Illegal Data Address
34334;0;0;0x0000;02 Illegal Data Address
34335;0;0;0x0000;02 Illegal Data Address
34336;0;0;0x0000;02 Illegal Data Address
34337;0;0;0x0000;02 Illegal Data Address
34338;0;0;0x0000;02 Illegal Data Address
34339;0;0;0x0000;02 Illegal Data Address
34340;0;0;0x0000;02 Illegal Data Address
34341;0;0;0x0000;02 Illegal Data Address
34342;0;0;0x0000;02 Illegal Data Address
34343;0;0;0x0000;02 Illegal Data Address
34344;0;0;0x0000;02 Illegal Data Address
34345;0;0;0x0000;02 Illegal Data Address
34346;0;0;0x0000;02 Illegal Data Address
34347;0;0;0x0000;02 Illegal Data Address
34348;0;0;0x0000;02 Illegal Data Address
34349;0;0;0x0000;02 Illegal Data Address
34350;0;0;0x0000;02 Illegal Data Address
34351;0;0;0x0000;02 Illegal Data Address
34352;0;0;0x0000;02 Illegal Data Address
34353;0;0;0x0000;02 Illegal Data Address
34354;0;0;0x0000;02 Illegal Data Address
34355;0;0;0x0000;02 Illegal Data Address
34356;0;0;0x0000;02 Illegal Data Address
34357;0;0;0x0000;02 Illegal Data Address
34358;0;0;0x0000;02 Illegal Data Address
34359;0;0;0x0000;02 Illegal Data Address
34360;0;0;0x0000;02 Illegal Data Address
34361;0;0;0x0000;02 Illegal Data Address
34362;0;0;0x0000;02 Illegal Data Address
34363;0;0;0x0000;02 Illegal Data Address
34364;0;0;0x0000;02 Illegal Data Address
34365;0;0;0x0000;02 Illegal Data Address
34366;0;0;0x0000;02 Illegal Data Address
34367;0;0;0x0000;02 Illegal Data Address
34368;0;0;0x0000;02 Illegal Data Address
34369;0;0;0x0000;02 Illegal Data Address
34370;0;0;0x0000;02 Illegal Data Address
34371;0;0;0x0000;02 Illegal Data Address
34372;0;0;0x0000;02 Illegal Data Address
34373;0;0;0x0000;02 Illegal Data Address
34374;0;0;0x0000;02 Illegal Data Address
34375;0;0;0x0000;02 Illegal Data Address
34376;0;0;0x0000;02 Illegal Data Address
34377;0;0;0x0000;02 Illegal Data Address
34378;0;0;0x0000;02 Illegal Data Address
34379;0;0;0x0000;02 Illegal Data Address
34380;0;0;0x0000;02 Illegal Data Address
34381;0;0;0x0000;02 Illegal Data Address
34382;0;0;0x0000;02 Illegal Data Address
34383;0;0;0x0000;02 Illegal Data Address
34384;0;0;0x0000;02 Illegal Data Address
34385;0;0;0x0000;02 Illegal Data Address
34386;0;0;0x0000;02 Illegal Data Address
34387;0;0;0x0000;02 Illegal Data Address
34388;0;0;0x0000;02 Illegal Data Address
34389;0;0;0x0000;02 Illegal Data Address
34390;0;0;0x0000;02 Illegal Data Address
34391;0;0;0x0000;02 Illegal Data Address
34392;0;0;0x0000;02 Illegal Data Address
34393;0;0;0x0000;02 Illegal Data Address
34394;0;0;0x0000;02 Illegal Data Address
34395;0;0;0x0000;02 Illegal Data Address
34396;0;0;0x0000;02 Illegal Data Address
34397;0;0;0x0000;02 Illegal Data Address
34398;0;0;0x0000;02 Illegal Data Address
34399;0;0;0x0000;02 Illegal Data Address
34400;0;0;0x0000;02 Illegal Data Address
34401;0;0;0x0000;02 Illegal Data Address
34402;0;0;0x0000;02 Illegal Data Address
34403;0;0;0x0000;02 Illegal Data Address
34404;0;0;0x0000;02 Illegal Data Address
34405;0;0;0x0000;02 Illegal Data Address
34406;0;0;0x0000;02 Illegal Data Address
34407;0;0;0x0000;02 Illegal Data Address
34408;0;0;0x0000;02 Illegal Data Address
34409;0;0;0x0000;02 Illegal Data Address
34410;0;0;0x0000;02 Illegal Data Address
34411;0;0;0x0000;02 Illegal Data Address
34412;0;0;0x0000;02 Illegal Data Address
34413;0;0;0x0000;02 Illegal Data Address
34414;0;0;0x0000;02 Illegal Data Address
34415;0;0;0x0000;02 Illegal Data Address
34416;0;0;0x0000;02 Illegal Data Address
34417;0;0;0x0000;02 Illegal Data Address
34418;0;0;0x0000;02 Illegal Data Address
34419;0;0;0x0000;02 Illegal Data Address
34420;0;0;0x0000;02 Illegal Data Address
34421;0;0;0x0000;02 Illegal Data Address
34422;0;0;0x0000;02 Illegal Data Address
34423;0;0;0x0000;02 Illegal Data Address
34424;0;0;0x0000;02 Illegal Data Address
34425;0;0;0x0000;02 Illegal Data Address
34426;0;0;0x0000;02 Illegal Data Address
34427;0;0;0x0000;02 Illegal Data Address
34428;0;0;0x0000;02 Illegal Data Address
34429;0;0;0x0000;02 Illegal Data Address
34430;0;0;0x0000;02 Illegal Data Address
34431;0;0;0x0000;02 Illegal Data Address
34432;0;0;0x0000;02 Illegal Data Address
34433;0;0;0x0000;02 Illegal Data Address
34434;0;0;0x0000;02 Illegal Data Address
34435;0;0;0x0000;02 Illegal Data Address
34436;0;0;0x0000;02 Illegal Data Address
34437;0;0;0x0000;02 Illegal Data Address
34438;0;0;0x0000;02 Illegal Data Address
34439;0;0;0x0000;02 Illegal Data Address
34440;0;0;0x0000;02 Illegal Data Address
34441;0;0;0x0000;02 Illegal Data Address
34442;0;0;0x0000;02 Illegal Data Address
34443;0;0;0x0000;02 Illegal Data Address
34444;0;0;0x0000;02 Illegal Data Address
34445;0;0;0x0000;02 Illegal Data Address
34446;0;0;0x0000;02 Illegal Data Address
34447;0;0;0x0000;02 Illegal Data Address
34448;0;0;0x0000;02 Illegal Data Address
34449;0;0;0x0000;02 Illegal Data Address
34450;0;0;0x0000;02 Illegal Data Address
34451;0;0;0x0000;02 Illegal Data Address
34452;0;0;0x0000;02 Illegal Data Address
34453;0;0;0x0000;02 Illegal Data Address
34454;0;0;0x0000;02 Illegal Data Address
34455;0;0;0x0000;02 Illegal Data Address
34456;0;0;0x0000;02 Illegal Data Address
34457;0;0;0x0000;02 Illegal Data Address
34458;0;0;0x0000;02 Illegal Data Address
34459;0;0;0x0000;02 Illegal Data Address
34460;0;0;0x0000;02 Illegal Data Address
34461;0;0;0x0000;02 Illegal Data Address
34462;0;0;0x0000;02 Illegal Data Address
34463;0;0;0x0000;02 Illegal Data Address
34464;0;0;0x0000;02 Illegal Data Address
34465;0;0;0x0000;02 Illegal Data Address
34466;0;0;0x0000;02 Illegal Data Address
34467;0;0;0x0000;02 Illegal Data Address
34468;0;0;0x0000;02 Illegal Data Address
34469;0;0;0x0000;02 Illegal Data Address
34470;0;0;0x0000;02 Illegal Data Address
34471;0;0;0x0000;02 Illegal Data Address
34472;0;0;0x0000;02 Illegal Data Address
34473;0;0;0x0000;02 Illegal Data Address
34474;0;0;0x0000;02 Illegal Data Address
34475;0;0;0x0000;02 Illegal Data Address
34476;0;0;0x0000;02 Illegal Data Address
34477;0;0;0x0000;02 Illegal Data Address
34478;0;0;0x0000;02 Illegal Data Address
34479;0;0;0x0000;02 Illegal Data Address
34480;0;0;0x0000;02 Illegal Data Address
34481;0;0;0x0000;02 Illegal Data Address
34482;0;0;0x0000;02 Illegal Data Address
34483;0;0;0x0000;02 Illegal Data Address
34484;0;0;0x0000;02 Illegal Data Address
34485;0;0;0x0000;02 Illegal Data Address
34486;0;0;0x0000;02 Illegal Data Address
34487;0;0;0x0000;02 Illegal Data Address
34488;0;0;0x0000;02 Illegal Data Address
34489;0;0;0x0000;02 Illegal Data Address
34490;0;0;0x0000;02 Illegal Data Address
34491;0;0;0x0000;02 Illegal Data Address
34492;0;0;0x0000;02 Illegal Data Address
34493;0;0;0x0000;02 Illegal Data Address
34494;0;0;0x0000;02 Illegal Data Address
34495;0;0;0x0000;02 Illegal Data Address
34496;0;0;0x0000;02 Illegal Data Address
34497;0;0;0x0000;02 Illegal Data Address
34498;0;0;0x0000;02 Illegal Data Address
34499;0;0;0x0000;02 Illegal Data Address
34500;0;0;0x0000;02 Illegal Data Address
34501;0;0;0x0000;02 Illegal Data Address
34502;0;0;0x0000;02 Illegal Data Address
34503;0;0;0x0000;02 Illegal Data Address
34504;0;0;0x0000;02 Illegal Data Address
34505;0;0;0x0000;02 Illegal Data Address
34506;0;0;0x0000;02 Illegal Data Address
34507;0;0;0x0000;02 Illegal Data Address
34508;0;0;0x0000;02 Illegal Data Address
34509;0;0;0x0000;02 Illegal Data Address
34510;0;0;0x0000;02 Illegal Data Address
34511;0;0;0x0000;02 Illegal Data Address
34512;0;0;0x0000;02 Illegal Data Address
34513;0;0;0x0000;02 Illegal Data Address
34514;0;0;0x0000;02 Illegal Data Address
34515;0;0;0x0000;02 Illegal Data Address
34516;0;0;0x0000;02 Illegal Data Address
34517;0;0;0x0000;02 Illegal Data Address
34518;0;0;0x0000;02 Illegal Data Address
34519;0;0;0x0000;02 Illegal Data Address
34520;0;0;0x0000;02 Illegal Data Address
34521;0;0;0x0000;02 Illegal Data Address
34522;0;0;0x0000;02 Illegal Data Address
34523;0;0;0x0000;02 Illegal Data Address
34524;0;0;0x0000;02 Illegal Data Address
34525;0;0;0x0000;02 Illegal Data Address
34526;0;0;0x0000;02 Illegal Data Address
34527;0;0;0x0000;02 Illegal Data Address
34528;0;0;0x0000;02 Illegal Data Address
34529;0;0;0x0000;02 Illegal Data Address
34530;0;0;0x0000;02 Illegal Data Address
34531;0;0;0x0000;02 Illegal Data Address
34532;0;0;0x0000;02 Illegal Data Address
34533;0;0;0x0000;02 Illegal Data Address
34534;0;0;0x0000;02 Illegal Data Address
34535;0;0;0x0000;02 Illegal Data Address
34536;0;0;0x0000;02 Illegal Data Address
34537;0;0;0x0000;02 Illegal Data Address
34538;0;0;0x0000;02 Illegal Data Address
34539;0;0;0x0000;02 Illegal Data Address
34540;0;0;0x0000;02 Illegal Data Address
34541;0;0;0x0000;02 Illegal Data Address
34542;0;0;0x0000;02 Illegal Data Address
34543;0;0;0x0000;02 Illegal Data Address
34544;0;0;0x0000;02 Illegal Data Address
34545;0;0;0x0000;02 Illegal Data Address
34546;0;0;0x0000;02 Illegal Data Address
34547;0;0;0x0000;02 Illegal Data Address
34548;0;0;0x0000;02 Illegal Data Address
34549;0;0;0x0000;02 Illegal Data Address
34550;0;0;0x0000;02 Illegal Data Address
34551;0;0;0x0000;02 Illegal Data Address
34552;0;0;0x0000;02 Illegal Data Address
34553;0;0;0x0000;02 Illegal Data Address
34554;0;0;0x0000;02 Illegal Data Address
34555;0;0;0x0000;02 Illegal Data Address
34556;0;0;0x0000;02 Illegal Data Address
34557;0;0;0x0000;02 Illegal Data Address
34558;0;0;0x0000;02 Illegal Data Address
34559;0;0;0x0000;02 Illegal Data Address
34560;0;0;0x0000;02 Illegal Data Address
34561;0;0;0x0000;02 Illegal Data Address
34562;0;0;0x0000;02 Illegal Data Address
34563;0;0;0x0000;02 Illegal Data Address
34564;0;0;0x0000;02 Illegal Data Address
34565;0;0;0x0000;02 Illegal Data Address
34566;0;0;0x0000;02 Illegal Data Address
34567;0;0;0x0000;02 Illegal Data Address
34568;0;0;0x0000;02 Illegal Data Address
34569;0;0;0x0000;02 Illegal Data Address
34570;0;0;0x0000;02 Illegal Data Address
34571;0;0;0x0000;02 Illegal Data Address
34572;0;0;0x0000;02 Illegal Data Address
34573;0;0;0x0000;02 Illegal Data Address
34574;0;0;0x0000;02 Illegal Data Address
34575;0;0;0x0000;02 Illegal Data Address
34576;0;0;0x0000;02 Illegal Data Address
34577;0;0;0x0000;02 Illegal Data Address
34578;0;0;0x0000;02 Illegal Data Address
34579;0;0;0x0000;02 Illegal Data Address
34580;0;0;0x0000;02 Illegal Data Address
34581;0;0;0x0000;02 Illegal Data Address
34582;0;0;0x0000;02 Illegal Data Address
34583;0;0;0x0000;02 Illegal Data Address
34584;0;0;0x0000;02 Illegal Data Address
34585;0;0;0x0000;02 Illegal Data Address
34586;0;0;0x0000;02 Illegal Data Address
34587;0;0;0x0000;02 Illegal Data Address
34588;0;0;0x0000;02 Illegal Data Address
34589;0;0;0x0000;02 Illegal Data Address
34590;0;0;0x0000;02 Illegal Data Address
34591;0;0;0x0000;02 Illegal Data Address
34592;0;0;0x0000;02 Illegal Data Address
34593;0;0;0x0000;02 Illegal Data Address
34594;0;0;0x0000;02 Illegal Data Address
34595;0;0;0x0000;02 Illegal Data Address
34596;0;0;0x0000;02 Illegal Data Address
34597;0;0;0x0000;02 Illegal Data Address
34598;0;0;0x0000;02 Illegal Data Address
34599;0;0;0x0000;02 Illegal Data Address
34600;0;0;0x0000;02 Illegal Data Address
34601;0;0;0x0000;02 Illegal Data Address
34602;0;0;0x0000;02 Illegal Data Address
34603;0;0;0x0000;02 Illegal Data Address
34604;0;0;0x0000;02 Illegal Data Address
34605;0;0;0x0000;02 Illegal Data Address
34606;0;0;0x0000;02 Illegal Data Address
34607;0;0;0x0000;02 Illegal Data Address
34608;0;0;0x0000;02 Illegal Data Address
34609;0;0;0x0000;02 Illegal Data Address
34610;0;0;0x0000;02 Illegal Data Address
34611;0;0;0x0000;02 Illegal Data Address
34612;0;0;0x0000;02 Illegal Data Address
34613;0;0;0x0000;02 Illegal Data Address
34614;0;0;0x0000;02 Illegal Data Address
34615;0;0;0x0000;02 Illegal Data Address
34616;0;0;0x0000;02 Illegal Data Address
34617;0;0;0x0000;02 Illegal Data Address
34618;0;0;0x0000;02 Illegal Data Address
34619;0;0;0x0000;02 Illegal Data Address
34620;0;0;0x0000;02 Illegal Data Address
34621;0;0;0x0000;02 Illegal Data Address
34622;0;0;0x0000;02 Illegal Data Address
34623;0;0;0x0000;02 Illegal Data Address
34624;0;0;0x0000;02 Illegal Data Address
34625;0;0;0x0000;02 Illegal Data Address
34626;0;0;0x0000;02 Illegal Data Address
34627;0;0;0x0000;02 Illegal Data Address
34628;0;0;0x0000;02 Illegal Data Address
34629;0;0;0x0000;02 Illegal Data Address
34630;0;0;0x0000;02 Illegal Data Address
34631;0;0;0x0000;02 Illegal Data Address
34632;0;0;0x0000;02 Illegal Data Address
34633;0;0;0x0000;02 Illegal Data Address
34634;0;0;0x0000;02 Illegal Data Address
34635;0;0;0x0000;02 Illegal Data Address
34636;0;0;0x0000;02 Illegal Data Address
34637;0;0;0x0000;02 Illegal Data Address
34638;0;0;0x0000;02 Illegal Data Address
34639;0;0;0x0000;02 Illegal Data Address
34640;0;0;0x0000;02 Illegal Data Address
34641;0;0;0x0000;02 Illegal Data Address
34642;0;0;0x0000;02 Illegal Data Address
34643;0;0;0x0000;02 Illegal Data Address
34644;0;0;0x0000;02 Illegal Data Address
34645;0;0;0x0000;02 Illegal Data Address
34646;0;0;0x0000;02 Illegal Data Address
34647;0;0;0x0000;02 Illegal Data Address
34648;0;0;0x0000;02 Illegal Data Address
34649;0;0;0x0000;02 Illegal Data Address
34650;0;0;0x0000;02 Illegal Data Address
34651;0;0;0x0000;02 Illegal Data Address
34652;0;0;0x0000;02 Illegal Data Address
34653;0;0;0x0000;02 Illegal Data Address
34654;0;0;0x0000;02 Illegal Data Address
34655;0;0;0x0000;02 Illegal Data Address
34656;0;0;0x0000;02 Illegal Data Address
34657;0;0;0x0000;02 Illegal Data Address
34658;0;0;0x0000;02 Illegal Data Address
34659;0;0;0x0000;02 Illegal Data Address
34660;0;0;0x0000;02 Illegal Data Address
34661;0;0;0x0000;02 Illegal Data Address
34662;0;0;0x0000;02 Illegal Data Address
34663;0;0;0x0000;02 Illegal Data Address
34664;0;0;0x0000;02 Illegal Data Address
34665;0;0;0x0000;02 Illegal Data Address
34666;0;0;0x0000;02 Illegal Data Address
34667;0;0;0x0000;02 Illegal Data Address
34668;0;0;0x0000;02 Illegal Data Address
34669;0;0;0x0000;02 Illegal Data Address
34670;0;0;0x0000;02 Illegal Data Address
34671;0;0;0x0000;02 Illegal Data Address
34672;0;0;0x0000;02 Illegal Data Address
34673;0;0;0x0000;02 Illegal Data Address
34674;0;0;0x0000;02 Illegal Data Address
34675;0;0;0x0000;02 Illegal Data Address
34676;0;0;0x0000;02 Illegal Data Address
34677;0;0;0x0000;02 Illegal Data Address
34678;0;0;0x0000;02 Illegal Data Address
34679;0;0;0x0000;02 Illegal Data Address
34680;0;0;0x0000;02 Illegal Data Address
34681;0;0;0x0000;02 Illegal Data Address
34682;0;0;0x0000;02 Illegal Data Address
34683;0;0;0x0000;02 Illegal Data Address
34684;0;0;0x0000;02 Illegal Data Address
34685;0;0;0x0000;02 Illegal Data Address
34686;0;0;0x0000;02 Illegal Data Address
34687;0;0;0x0000;02 Illegal Data Address
34688;0;0;0x0000;02 Illegal Data Address
34689;0;0;0x0000;02 Illegal Data Address
34690;0;0;0x0000;02 Illegal Data Address
34691;0;0;0x0000;02 Illegal Data Address
34692;0;0;0x0000;02 Illegal Data Address
34693;0;0;0x0000;02 Illegal Data Address
34694;0;0;0x0000;02 Illegal Data Address
34695;0;0;0x0000;02 Illegal Data Address
34696;0;0;0x0000;02 Illegal Data Address
34697;0;0;0x0000;02 Illegal Data Address
34698;0;0;0x0000;02 Illegal Data Address
34699;0;0;0x0000;02 Illegal Data Address
34700;0;0;0x0000;02 Illegal Data Address
34701;0;0;0x0000;02 Illegal Data Address
34702;0;0;0x0000;02 Illegal Data Address
34703;0;0;0x0000;02 Illegal Data Address
34704;0;0;0x0000;02 Illegal Data Address
34705;0;0;0x0000;02 Illegal Data Address
34706;0;0;0x0000;02 Illegal Data Address
34707;0;0;0x0000;02 Illegal Data Address
34708;0;0;0x0000;02 Illegal Data Address
34709;0;0;0x0000;02 Illegal Data Address
34710;0;0;0x0000;02 Illegal Data Address
34711;0;0;0x0000;02 Illegal Data Address
34712;0;0;0x0000;02 Illegal Data Address
34713;0;0;0x0000;02 Illegal Data Address
34714;0;0;0x0000;02 Illegal Data Address
34715;0;0;0x0000;02 Illegal Data Address
34716;0;0;0x0000;02 Illegal Data Address
34717;0;0;0x0000;02 Illegal Data Address
34718;0;0;0x0000;02 Illegal Data Address
34719;0;0;0x0000;02 Illegal Data Address
34720;0;0;0x0000;02 Illegal Data Address
34721;0;0;0x0000;02 Illegal Data Address
34722;0;0;0x0000;02 Illegal Data Address
34723;0;0;0x0000;02 Illegal Data Address
34724;0;0;0x0000;02 Illegal Data Address
34725;0;0;0x0000;02 Illegal Data Address
34726;0;0;0x0000;02 Illegal Data Address
34727;0;0;0x0000;02 Illegal Data Address
34728;0;0;0x0000;02 Illegal Data Address
34729;0;0;0x0000;02 Illegal Data Address
34730;0;0;0x0000;02 Illegal Data Address
34731;0;0;0x0000;02 Illegal Data Address
34732;0;0;0x0000;02 Illegal Data Address
34733;0;0;0x0000;02 Illegal Data Address
34734;0;0;0x0000;02 Illegal Data Address
34735;0;0;0x0000;02 Illegal Data Address
34736;0;0;0x0000;02 Illegal Data Address
34737;0;0;0x0000;02 Illegal Data Address
34738;0;0;0x0000;02 Illegal Data Address
34739;0;0;0x0000;02 Illegal Data Address
34740;0;0;0x0000;02 Illegal Data Address
34741;0;0;0x0000;02 Illegal Data Address
34742;0;0;0x0000;02 Illegal Data Address
34743;0;0;0x0000;02 Illegal Data Address
34744;0;0;0x0000;02 Illegal Data Address
34745;0;0;0x0000;02 Illegal Data Address
34746;0;0;0x0000;02 Illegal Data Address
34747;0;0;0x0000;02 Illegal Data Address
34748;0;0;0x0000;02 Illegal Data Address
34749;0;0;0x0000;02 Illegal Data Address
34750;0;0;0x0000;02 Illegal Data Address
34751;0;0;0x0000;02 Illegal Data Address
34752;0;0;0x0000;02 Illegal Data Address
34753;0;0;0x0000;02 Illegal Data Address
34754;0;0;0x0000;02 Illegal Data Address
34755;0;0;0x0000;02 Illegal Data Address
34756;0;0;0x0000;02 Illegal Data Address
34757;0;0;0x0000;02 Illegal Data Address
34758;0;0;0x0000;02 Illegal Data Address
34759;0;0;0x0000;02 Illegal Data Address
34760;0;0;0x0000;02 Illegal Data Address
34761;0;0;0x0000;02 Illegal Data Address
34762;0;0;0x0000;02 Illegal Data Address
34763;0;0;0x0000;02 Illegal Data Address
34764;0;0;0x0000;02 Illegal Data Address
34765;0;0;0x0000;02 Illegal Data Address
34766;0;0;0x0000;02 Illegal Data Address
34767;0;0;0x0000;02 Illegal Data Address
34768;0;0;0x0000;02 Illegal Data Address
34769;0;0;0x0000;02 Illegal Data Address
34770;0;0;0x0000;02 Illegal Data Address
34771;0;0;0x0000;02 Illegal Data Address
34772;0;0;0x0000;02 Illegal Data Address
34773;0;0;0x0000;02 Illegal Data Address
34774;0;0;0x0000;02 Illegal Data Address
34775;0;0;0x0000;02 Illegal Data Address
34776;0;0;0x0000;02 Illegal Data Address
34777;0;0;0x0000;02 Illegal Data Address
34778;0;0;0x0000;02 Illegal Data Address
34779;0;0;0x0000;02 Illegal Data Address
34780;0;0;0x0000;02 Illegal Data Address
34781;0;0;0x0000;02 Illegal Data Address
34782;0;0;0x0000;02 Illegal Data Address
34783;0;0;0x0000;02 Illegal Data Address
34784;0;0;0x0000;02 Illegal Data Address
34785;0;0;0x0000;02 Illegal Data Address
34786;0;0;0x0000;02 Illegal Data Address
34787;0;0;0x0000;02 Illegal Data Address
34788;0;0;0x0000;02 Illegal Data Address
34789;0;0;0x0000;02 Illegal Data Address
34790;0;0;0x0000;02 Illegal Data Address
34791;0;0;0x0000;02 Illegal Data Address
34792;0;0;0x0000;02 Illegal Data Address
34793;0;0;0x0000;02 Illegal Data Address
34794;0;0;0x0000;02 Illegal Data Address
34795;0;0;0x0000;02 Illegal Data Address
34796;0;0;0x0000;02 Illegal Data Address
34797;0;0;0x0000;02 Illegal Data Address
34798;0;0;0x0000;02 Illegal Data Address
34799;0;0;0x0000;02 Illegal Data Address
34800;0;0;0x0000;02 Illegal Data Address
34801;0;0;0x0000;02 Illegal Data Address
34802;0;0;0x0000;02 Illegal Data Address
34803;0;0;0x0000;02 Illegal Data Address
34804;0;0;0x0000;02 Illegal Data Address
34805;0;0;0x0000;02 Illegal Data Address
34806;0;0;0x0000;02 Illegal Data Address
34807;0;0;0x0000;02 Illegal Data Address
34808;0;0;0x0000;02 Illegal Data Address
34809;0;0;0x0000;02 Illegal Data Address
34810;0;0;0x0000;02 Illegal Data Address
34811;0;0;0x0000;02 Illegal Data Address
34812;0;0;0x0000;02 Illegal Data Address
34813;0;0;0x0000;02 Illegal Data Address
34814;0;0;0x0000;02 Illegal Data Address
34815;0;0;0x0000;02 Illegal Data Address
34816;0;0;0x0000;02 Illegal Data Address
34817;0;0;0x0000;02 Illegal Data Address
34818;0;0;0x0000;02 Illegal Data Address
34819;0;0;0x0000;02 Illegal Data Address
34820;0;0;0x0000;02 Illegal Data Address
34821;0;0;0x0000;02 Illegal Data Address
34822;0;0;0x0000;02 Illegal Data Address
34823;0;0;0x0000;02 Illegal Data Address
34824;0;0;0x0000;02 Illegal Data Address
34825;0;0;0x0000;02 Illegal Data Address
34826;0;0;0x0000;02 Illegal Data Address
34827;0;0;0x0000;02 Illegal Data Address
34828;0;0;0x0000;02 Illegal Data Address
34829;0;0;0x0000;02 Illegal Data Address
34830;0;0;0x0000;02 Illegal Data Address
34831;0;0;0x0000;02 Illegal Data Address
34832;0;0;0x0000;02 Illegal Data Address
34833;0;0;0x0000;02 Illegal Data Address
34834;0;0;0x0000;02 Illegal Data Address
34835;0;0;0x0000;02 Illegal Data Address
34836;0;0;0x0000;02 Illegal Data Address
34837;0;0;0x0000;02 Illegal Data Address
34838;0;0;0x0000;02 Illegal Data Address
34839;0;0;0x0000;02 Illegal Data Address
34840;0;0;0x0000;02 Illegal Data Address
34841;0;0;0x0000;02 Illegal Data Address
34842;0;0;0x0000;02 Illegal Data Address
34843;0;0;0x0000;02 Illegal Data Address
34844;0;0;0x0000;02 Illegal Data Address
34845;0;0;0x0000;02 Illegal Data Address
34846;0;0;0x0000;02 Illegal Data Address
34847;0;0;0x0000;02 Illegal Data Address
34848;0;0;0x0000;02 Illegal Data Address
34849;0;0;0x0000;02 Illegal Data Address
34850;0;0;0x0000;02 Illegal Data Address
34851;0;0;0x0000;02 Illegal Data Address
34852;0;0;0x0000;02 Illegal Data Address
34853;0;0;0x0000;02 Illegal Data Address
34854;0;0;0x0000;02 Illegal Data Address
34855;0;0;0x0000;02 Illegal Data Address
34856;0;0;0x0000;02 Illegal Data Address
34857;0;0;0x0000;02 Illegal Data Address
34858;0;0;0x0000;02 Illegal Data Address
34859;0;0;0x0000;02 Illegal Data Address
34860;0;0;0x0000;02 Illegal Data Address
34861;0;0;0x0000;02 Illegal Data Address
34862;0;0;0x0000;02 Illegal Data Address
34863;0;0;0x0000;02 Illegal Data Address
34864;0;0;0x0000;02 Illegal Data Address
34865;0;0;0x0000;02 Illegal Data Address
34866;0;0;0x0000;02 Illegal Data Address
34867;0;0;0x0000;02 Illegal Data Address
34868;0;0;0x0000;02 Illegal Data Address
34869;0;0;0x0000;02 Illegal Data Address
34870;0;0;0x0000;02 Illegal Data Address
34871;0;0;0x0000;02 Illegal Data Address
34872;0;0;0x0000;02 Illegal Data Address
34873;0;0;0x0000;02 Illegal Data Address
34874;0;0;0x0000;02 Illegal Data Address
34875;0;0;0x0000;02 Illegal Data Address
34876;0;0;0x0000;02 Illegal Data Address
34877;0;0;0x0000;02 Illegal Data Address
34878;0;0;0x0000;02 Illegal Data Address
34879;0;0;0x0000;02 Illegal Data Address
34880;0;0;0x0000;02 Illegal Data Address
34881;0;0;0x0000;02 Illegal Data Address
34882;0;0;0x0000;02 Illegal Data Address
34883;0;0;0x0000;02 Illegal Data Address
34884;0;0;0x0000;02 Illegal Data Address
34885;0;0;0x0000;02 Illegal Data Address
34886;0;0;0x0000;02 Illegal Data Address
34887;0;0;0x0000;02 Illegal Data Address
34888;0;0;0x0000;02 Illegal Data Address
34889;0;0;0x0000;02 Illegal Data Address
34890;0;0;0x0000;02 Illegal Data Address
34891;0;0;0x0000;02 Illegal Data Address
34892;0;0;0x0000;02 Illegal Data Address
34893;0;0;0x0000;02 Illegal Data Address
34894;0;0;0x0000;02 Illegal Data Address
34895;0;0;0x0000;02 Illegal Data Address
34896;0;0;0x0000;02 Illegal Data Address
34897;0;0;0x0000;02 Illegal Data Address
34898;0;0;0x0000;02 Illegal Data Address
34899;0;0;0x0000;02 Illegal Data Address
34900;0;0;0x0000;02 Illegal Data Address
34901;0;0;0x0000;02 Illegal Data Address
34902;0;0;0x0000;02 Illegal Data Address
34903;0;0;0x0000;02 Illegal Data Address
34904;0;0;0x0000;02 Illegal Data Address
34905;0;0;0x0000;02 Illegal Data Address
34906;0;0;0x0000;02 Illegal Data Address
34907;0;0;0x0000;02 Illegal Data Address
34908;0;0;0x0000;02 Illegal Data Address
34909;0;0;0x0000;02 Illegal Data Address
34910;0;0;0x0000;02 Illegal Data Address
34911;0;0;0x0000;02 Illegal Data Address
34912;0;0;0x0000;02 Illegal Data Address
34913;0;0;0x0000;02 Illegal Data Address
34914;0;0;0x0000;02 Illegal Data Address
34915;0;0;0x0000;02 Illegal Data Address
34916;0;0;0x0000;02 Illegal Data Address
34917;0;0;0x0000;02 Illegal Data Address
34918;0;0;0x0000;02 Illegal Data Address
34919;0;0;0x0000;02 Illegal Data Address
34920;0;0;0x0000;02 Illegal Data Address
34921;0;0;0x0000;02 Illegal Data Address
34922;0;0;0x0000;02 Illegal Data Address
34923;0;0;0x0000;02 Illegal Data Address
34924;0;0;0x0000;02 Illegal Data Address
34925;0;0;0x0000;02 Illegal Data Address
34926;0;0;0x0000;02 Illegal Data Address
34927;0;0;0x0000;02 Illegal Data Address
34928;0;0;0x0000;02 Illegal Data Address
34929;0;0;0x0000;02 Illegal Data Address
34930;0;0;0x0000;02 Illegal Data Address
34931;0;0;0x0000;02 Illegal Data Address
34932;0;0;0x0000;02 Illegal Data Address
34933;0;0;0x0000;02 Illegal Data Address
34934;0;0;0x0000;02 Illegal Data Address
34935;0;0;0x0000;02 Illegal Data Address
34936;0;0;0x0000;02 Illegal Data Address
34937;0;0;0x0000;02 Illegal Data Address
34938;0;0;0x0000;02 Illegal Data Address
34939;0;0;0x0000;02 Illegal Data Address
34940;0;0;0x0000;02 Illegal Data Address
34941;0;0;0x0000;02 Illegal Data Address
34942;0;0;0x0000;02 Illegal Data Address
34943;0;0;0x0000;02 Illegal Data Address
34944;0;0;0x0000;02 Illegal Data Address
34945;0;0;0x0000;02 Illegal Data Address
34946;0;0;0x0000;02 Illegal Data Address
34947;0;0;0x0000;02 Illegal Data Address
34948;0;0;0x0000;02 Illegal Data Address
34949;0;0;0x0000;02 Illegal Data Address
34950;0;0;0x0000;02 Illegal Data Address
34951;0;0;0x0000;02 Illegal Data Address
34952;0;0;0x0000;02 Illegal Data Address
34953;0;0;0x0000;02 Illegal Data Address
34954;0;0;0x0000;02 Illegal Data Address
34955;0;0;0x0000;02 Illegal Data Address
34956;0;0;0x0000;02 Illegal Data Address
34957;0;0;0x0000;02 Illegal Data Address
34958;0;0;0x0000;02 Illegal Data Address
34959;0;0;0x0000;02 Illegal Data Address
34960;0;0;0x0000;02 Illegal Data Address
34961;0;0;0x0000;02 Illegal Data Address
34962;0;0;0x0000;02 Illegal Data Address
34963;0;0;0x0000;02 Illegal Data Address
34964;0;0;0x0000;02 Illegal Data Address
34965;0;0;0x0000;02 Illegal Data Address
34966;0;0;0x0000;02 Illegal Data Address
34967;0;0;0x0000;02 Illegal Data Address
34968;0;0;0x0000;02 Illegal Data Address
34969;0;0;0x0000;02 Illegal Data Address
34970;0;0;0x0000;02 Illegal Data Address
34971;0;0;0x0000;02 Illegal Data Address
34972;0;0;0x0000;02 Illegal Data Address
34973;0;0;0x0000;02 Illegal Data Address
34974;0;0;0x0000;02 Illegal Data Address
34975;0;0;0x0000;02 Illegal Data Address
34976;0;0;0x0000;02 Illegal Data Address
34977;0;0;0x0000;02 Illegal Data Address
34978;0;0;0x0000;02 Illegal Data Address
34979;0;0;0x0000;02 Illegal Data Address
34980;0;0;0x0000;02 Illegal Data Address
34981;0;0;0x0000;02 Illegal Data Address
34982;0;0;0x0000;02 Illegal Data Address
34983;0;0;0x0000;02 Illegal Data Address
34984;0;0;0x0000;02 Illegal Data Address
34985;0;0;0x0000;02 Illegal Data Address
34986;0;0;0x0000;02 Illegal Data Address
34987;0;0;0x0000;02 Illegal Data Address
34988;0;0;0x0000;02 Illegal Data Address
34989;0;0;0x0000;02 Illegal Data Address
34990;0;0;0x0000;02 Illegal Data Address
34991;0;0;0x0000;02 Illegal Data Address
34992;0;0;0x0000;02 Illegal Data Address
34993;0;0;0x0000;02 Illegal Data Address
34994;0;0;0x0000;02 Illegal Data Address
34995;0;0;0x0000;02 Illegal Data Address
34996;0;0;0x0000;02 Illegal Data Address
34997;0;0;0x0000;02 Illegal Data Address
34998;0;0;0x0000;02 Illegal Data Address
34999;0;0;0x0000;02 Illegal Data Address
35000;0;0;0x0000;02 Illegal Data Address
35001;0;0;0x0000;02 Illegal Data Address
35002;0;0;0x0000;02 Illegal Data Address
35003;0;0;0x0000;02 Illegal Data Address
35004;0;0;0x0000;02 Illegal Data Address
35005;0;0;0x0000;02 Illegal Data Address
35006;0;0;0x0000;02 Illegal Data Address
35007;0;0;0x0000;02 Illegal Data Address
35008;0;0;0x0000;02 Illegal Data Address
35009;0;0;0x0000;02 Illegal Data Address
35010;0;0;0x0000;02 Illegal Data Address
35011;0;0;0x0000;02 Illegal Data Address
35012;0;0;0x0000;02 Illegal Data Address
35013;0;0;0x0000;02 Illegal Data Address
35014;0;0;0x0000;02 Illegal Data Address
35015;0;0;0x0000;02 Illegal Data Address
35016;0;0;0x0000;02 Illegal Data Address
35017;0;0;0x0000;02 Illegal Data Address
35018;0;0;0x0000;02 Illegal Data Address
35019;0;0;0x0000;02 Illegal Data Address
35020;0;0;0x0000;02 Illegal Data Address
35021;0;0;0x0000;02 Illegal Data Address
35022;0;0;0x0000;02 Illegal Data Address
35023;0;0;0x0000;02 Illegal Data Address
35024;0;0;0x0000;02 Illegal Data Address
35025;0;0;0x0000;02 Illegal Data Address
35026;0;0;0x0000;02 Illegal Data Address
35027;0;0;0x0000;02 Illegal Data Address
35028;0;0;0x0000;02 Illegal Data Address
35029;0;0;0x0000;02 Illegal Data Address
35030;0;0;0x0000;02 Illegal Data Address
35031;0;0;0x0000;02 Illegal Data Address
35032;0;0;0x0000;02 Illegal Data Address
35033;0;0;0x0000;02 Illegal Data Address
35034;0;0;0x0000;02 Illegal Data Address
35035;0;0;0x0000;02 Illegal Data Address
35036;0;0;0x0000;02 Illegal Data Address
35037;0;0;0x0000;02 Illegal Data Address
35038;0;0;0x0000;02 Illegal Data Address
35039;0;0;0x0000;02 Illegal Data Address
35040;0;0;0x0000;02 Illegal Data Address
35041;0;0;0x0000;02 Illegal Data Address
35042;0;0;0x0000;02 Illegal Data Address
35043;0;0;0x0000;02 Illegal Data Address
35044;0;0;0x0000;02 Illegal Data Address
35045;0;0;0x0000;02 Illegal Data Address
35046;0;0;0x0000;02 Illegal Data Address
35047;0;0;0x0000;02 Illegal Data Address
35048;0;0;0x0000;02 Illegal Data Address
35049;0;0;0x0000;02 Illegal Data Address
35050;0;0;0x0000;02 Illegal Data Address
35051;0;0;0x0000;02 Illegal Data Address
35052;0;0;0x0000;02 Illegal Data Address
35053;0;0;0x0000;02 Illegal Data Address
35054;0;0;0x0000;02 Illegal Data Address
35055;0;0;0x0000;02 Illegal Data Address
35056;0;0;0x0000;02 Illegal Data Address
35057;0;0;0x0000;02 Illegal Data Address
35058;0;0;0x0000;02 Illegal Data Address
35059;0;0;0x0000;02 Illegal Data Address
35060;0;0;0x0000;02 Illegal Data Address
35061;0;0;0x0000;02 Illegal Data Address
35062;0;0;0x0000;02 Illegal Data Address
35063;0;0;0x0000;02 Illegal Data Address
35064;0;0;0x0000;02 Illegal Data Address
35065;0;0;0x0000;02 Illegal Data Address
35066;0;0;0x0000;02 Illegal Data Address
35067;0;0;0x0000;02 Illegal Data Address
35068;0;0;0x0000;02 Illegal Data Address
35069;0;0;0x0000;02 Illegal Data Address
35070;0;0;0x0000;02 Illegal Data Address
35071;0;0;0x0000;02 Illegal Data Address
35072;0;0;0x0000;02 Illegal Data Address
35073;0;0;0x0000;02 Illegal Data Address
35074;0;0;0x0000;02 Illegal Data Address
35075;0;0;0x0000;02 Illegal Data Address
35076;0;0;0x0000;02 Illegal Data Address
35077;0;0;0x0000;02 Illegal Data Address
35078;0;0;0x0000;02 Illegal Data Address
35079;0;0;0x0000;02 Illegal Data Address
35080;0;0;0x0000;02 Illegal Data Address
35081;0;0;0x0000;02 Illegal Data Address
35082;0;0;0x0000;02 Illegal Data Address
35083;0;0;0x0000;02 Illegal Data Address
35084;0;0;0x0000;02 Illegal Data Address
35085;0;0;0x0000;02 Illegal Data Address
35086;0;0;0x0000;02 Illegal Data Address
35087;0;0;0x0000;02 Illegal Data Address
35088;0;0;0x0000;02 Illegal Data Address
35089;0;0;0x0000;02 Illegal Data Address
35090;0;0;0x0000;02 Illegal Data Address
35091;0;0;0x0000;02 Illegal Data Address
35092;0;0;0x0000;02 Illegal Data Address
35093;0;0;0x0000;02 Illegal Data Address
35094;0;0;0x0000;02 Illegal Data Address
35095;0;0;0x0000;02 Illegal Data Address
35096;0;0;0x0000;02 Illegal Data Address
35097;0;0;0x0000;02 Illegal Data Address
35098;0;0;0x0000;02 Illegal Data Address
35099;0;0;0x0000;02 Illegal Data Address
35100;0;0;0x0000;02 Illegal Data Address
35101;0;0;0x0000;02 Illegal Data Address
35102;0;0;0x0000;02 Illegal Data Address
35103;0;0;0x0000;02 Illegal Data Address
35104;0;0;0x0000;02 Illegal Data Address
35105;0;0;0x0000;02 Illegal Data Address
35106;0;0;0x0000;02 Illegal Data Address
35107;0;0;0x0000;02 Illegal Data Address
35108;0;0;0x0000;02 Illegal Data Address
35109;0;0;0x0000;02 Illegal Data Address
35110;0;0;0x0000;02 Illegal Data Address
35111;0;0;0x0000;02 Illegal Data Address
35112;0;0;0x0000;02 Illegal Data Address
35113;0;0;0x0000;02 Illegal Data Address
35114;0;0;0x0000;02 Illegal Data Address
35115;0;0;0x0000;02 Illegal Data Address
35116;0;0;0x0000;02 Illegal Data Address
35117;0;0;0x0000;02 Illegal Data Address
35118;0;0;0x0000;02 Illegal Data Address
35119;0;0;0x0000;02 Illegal Data Address
35120;0;0;0x0000;02 Illegal Data Address
35121;0;0;0x0000;02 Illegal Data Address
35122;0;0;0x0000;02 Illegal Data Address
35123;0;0;0x0000;02 Illegal Data Address
35124;0;0;0x0000;02 Illegal Data Address
35125;0;0;0x0000;02 Illegal Data Address
35126;0;0;0x0000;02 Illegal Data Address
35127;0;0;0x0000;02 Illegal Data Address
35128;0;0;0x0000;02 Illegal Data Address
35129;0;0;0x0000;02 Illegal Data Address
35130;0;0;0x0000;02 Illegal Data Address
35131;0;0;0x0000;02 Illegal Data Address
35132;0;0;0x0000;02 Illegal Data Address
35133;0;0;0x0000;02 Illegal Data Address
35134;0;0;0x0000;02 Illegal Data Address
35135;0;0;0x0000;02 Illegal Data Address
35136;0;0;0x0000;02 Illegal Data Address
35137;0;0;0x0000;02 Illegal Data Address
35138;0;0;0x0000;02 Illegal Data Address
35139;0;0;0x0000;02 Illegal Data Address
35140;0;0;0x0000;02 Illegal Data Address
35141;0;0;0x0000;02 Illegal Data Address
35142;0;0;0x0000;02 Illegal Data Address
35143;0;0;0x0000;02 Illegal Data Address
35144;0;0;0x0000;02 Illegal Data Address
35145;0;0;0x0000;02 Illegal Data Address
35146;0;0;0x0000;02 Illegal Data Address
35147;0;0;0x0000;02 Illegal Data Address
35148;0;0;0x0000;02 Illegal Data Address
35149;0;0;0x0000;02 Illegal Data Address
35150;0;0;0x0000;02 Illegal Data Address
35151;0;0;0x0000;02 Illegal Data Address
35152;0;0;0x0000;02 Illegal Data Address
35153;0;0;0x0000;02 Illegal Data Address
35154;0;0;0x0000;02 Illegal Data Address
35155;0;0;0x0000;02 Illegal Data Address
35156;0;0;0x0000;02 Illegal Data Address
35157;0;0;0x0000;02 Illegal Data Address
35158;0;0;0x0000;02 Illegal Data Address
35159;0;0;0x0000;02 Illegal Data Address
35160;0;0;0x0000;02 Illegal Data Address
35161;0;0;0x0000;02 Illegal Data Address
35162;0;0;0x0000;02 Illegal Data Address
35163;0;0;0x0000;02 Illegal Data Address
35164;0;0;0x0000;02 Illegal Data Address
35165;0;0;0x0000;02 Illegal Data Address
35166;0;0;0x0000;02 Illegal Data Address
35167;0;0;0x0000;02 Illegal Data Address
35168;0;0;0x0000;02 Illegal Data Address
35169;0;0;0x0000;02 Illegal Data Address
35170;0;0;0x0000;02 Illegal Data Address
35171;0;0;0x0000;02 Illegal Data Address
35172;0;0;0x0000;02 Illegal Data Address
35173;0;0;0x0000;02 Illegal Data Address
35174;0;0;0x0000;02 Illegal Data Address
35175;0;0;0x0000;02 Illegal Data Address
35176;0;0;0x0000;02 Illegal Data Address
35177;0;0;0x0000;02 Illegal Data Address
35178;0;0;0x0000;02 Illegal Data Address
35179;0;0;0x0000;02 Illegal Data Address
35180;0;0;0x0000;02 Illegal Data Address
35181;0;0;0x0000;02 Illegal Data Address
35182;0;0;0x0000;02 Illegal Data Address
35183;0;0;0x0000;02 Illegal Data Address
35184;0;0;0x0000;02 Illegal Data Address
35185;0;0;0x0000;02 Illegal Data Address
35186;0;0;0x0000;02 Illegal Data Address
35187;0;0;0x0000;02 Illegal Data Address
35188;0;0;0x0000;02 Illegal Data Address
35189;0;0;0x0000;02 Illegal Data Address
35190;0;0;0x0000;02 Illegal Data Address
35191;0;0;0x0000;02 Illegal Data Address
35192;0;0;0x0000;02 Illegal Data Address
35193;0;0;0x0000;02 Illegal Data Address
35194;0;0;0x0000;02 Illegal Data Address
35195;0;0;0x0000;02 Illegal Data Address
35196;0;0;0x0000;02 Illegal Data Address
35197;0;0;0x0000;02 Illegal Data Address
35198;0;0;0x0000;02 Illegal Data Address
35199;0;0;0x0000;02 Illegal Data Address
35200;0;0;0x0000;02 Illegal Data Address
35201;0;0;0x0000;02 Illegal Data Address
35202;0;0;0x0000;02 Illegal Data Address
35203;0;0;0x0000;02 Illegal Data Address
35204;0;0;0x0000;02 Illegal Data Address
35205;0;0;0x0000;02 Illegal Data Address
35206;0;0;0x0000;02 Illegal Data Address
35207;0;0;0x0000;02 Illegal Data Address
35208;0;0;0x0000;02 Illegal Data Address
35209;0;0;0x0000;02 Illegal Data Address
35210;0;0;0x0000;02 Illegal Data Address
35211;0;0;0x0000;02 Illegal Data Address
35212;0;0;0x0000;02 Illegal Data Address
35213;0;0;0x0000;02 Illegal Data Address
35214;0;0;0x0000;02 Illegal Data Address
35215;0;0;0x0000;02 Illegal Data Address
35216;0;0;0x0000;02 Illegal Data Address
35217;0;0;0x0000;02 Illegal Data Address
35218;0;0;0x0000;02 Illegal Data Address
35219;0;0;0x0000;02 Illegal Data Address
35220;0;0;0x0000;02 Illegal Data Address
35221;0;0;0x0000;02 Illegal Data Address
35222;0;0;0x0000;02 Illegal Data Address
35223;0;0;0x0000;02 Illegal Data Address
35224;0;0;0x0000;02 Illegal Data Address
35225;0;0;0x0000;02 Illegal Data Address
35226;0;0;0x0000;02 Illegal Data Address
35227;0;0;0x0000;02 Illegal Data Address
35228;0;0;0x0000;02 Illegal Data Address
35229;0;0;0x0000;02 Illegal Data Address
35230;0;0;0x0000;02 Illegal Data Address
35231;0;0;0x0000;02 Illegal Data Address
35232;0;0;0x0000;02 Illegal Data Address
35233;0;0;0x0000;02 Illegal Data Address
35234;0;0;0x0000;02 Illegal Data Address
35235;0;0;0x0000;02 Illegal Data Address
35236;0;0;0x0000;02 Illegal Data Address
35237;0;0;0x0000;02 Illegal Data Address
35238;0;0;0x0000;02 Illegal Data Address
35239;0;0;0x0000;02 Illegal Data Address
35240;0;0;0x0000;02 Illegal Data Address
35241;0;0;0x0000;02 Illegal Data Address
35242;0;0;0x0000;02 Illegal Data Address
35243;0;0;0x0000;02 Illegal Data Address
35244;0;0;0x0000;02 Illegal Data Address
35245;0;0;0x0000;02 Illegal Data Address
35246;0;0;0x0000;02 Illegal Data Address
35247;0;0;0x0000;02 Illegal Data Address
35248;0;0;0x0000;02 Illegal Data Address
35249;0;0;0x0000;02 Illegal Data Address
35250;0;0;0x0000;02 Illegal Data Address
35251;0;0;0x0000;02 Illegal Data Address
35252;0;0;0x0000;02 Illegal Data Address
35253;0;0;0x0000;02 Illegal Data Address
35254;0;0;0x0000;02 Illegal Data Address
35255;0;0;0x0000;02 Illegal Data Address
35256;0;0;0x0000;02 Illegal Data Address
35257;0;0;0x0000;02 Illegal Data Address
35258;0;0;0x0000;02 Illegal Data Address
35259;0;0;0x0000;02 Illegal Data Address
35260;0;0;0x0000;02 Illegal Data Address
35261;0;0;0x0000;02 Illegal Data Address
35262;0;0;0x0000;02 Illegal Data Address
35263;0;0;0x0000;02 Illegal Data Address
35264;0;0;0x0000;02 Illegal Data Address
35265;0;0;0x0000;02 Illegal Data Address
35266;0;0;0x0000;02 Illegal Data Address
35267;0;0;0x0000;02 Illegal Data Address
35268;0;0;0x0000;02 Illegal Data Address
35269;0;0;0x0000;02 Illegal Data Address
35270;0;0;0x0000;02 Illegal Data Address
35271;0;0;0x0000;02 Illegal Data Address
35272;0;0;0x0000;02 Illegal Data Address
35273;0;0;0x0000;02 Illegal Data Address
35274;0;0;0x0000;02 Illegal Data Address
35275;0;0;0x0000;02 Illegal Data Address
35276;0;0;0x0000;02 Illegal Data Address
35277;0;0;0x0000;02 Illegal Data Address
35278;0;0;0x0000;02 Illegal Data Address
35279;0;0;0x0000;02 Illegal Data Address
35280;0;0;0x0000;02 Illegal Data Address
35281;0;0;0x0000;02 Illegal Data Address
35282;0;0;0x0000;02 Illegal Data Address
35283;0;0;0x0000;02 Illegal Data Address
35284;0;0;0x0000;02 Illegal Data Address
35285;0;0;0x0000;02 Illegal Data Address
35286;0;0;0x0000;02 Illegal Data Address
35287;0;0;0x0000;02 Illegal Data Address
35288;0;0;0x0000;02 Illegal Data Address
35289;0;0;0x0000;02 Illegal Data Address
35290;0;0;0x0000;02 Illegal Data Address
35291;0;0;0x0000;02 Illegal Data Address
35292;0;0;0x0000;02 Illegal Data Address
35293;0;0;0x0000;02 Illegal Data Address
35294;0;0;0x0000;02 Illegal Data Address
35295;0;0;0x0000;02 Illegal Data Address
35296;0;0;0x0000;02 Illegal Data Address
35297;0;0;0x0000;02 Illegal Data Address
35298;0;0;0x0000;02 Illegal Data Address
35299;0;0;0x0000;02 Illegal Data Address
35300;0;0;0x0000;02 Illegal Data Address
35301;0;0;0x0000;02 Illegal Data Address
35302;0;0;0x0000;02 Illegal Data Address
35303;0;0;0x0000;02 Illegal Data Address
35304;0;0;0x0000;02 Illegal Data Address
35305;0;0;0x0000;02 Illegal Data Address
35306;0;0;0x0000;02 Illegal Data Address
35307;0;0;0x0000;02 Illegal Data Address
35308;0;0;0x0000;02 Illegal Data Address
35309;0;0;0x0000;02 Illegal Data Address
35310;0;0;0x0000;02 Illegal Data Address
35311;0;0;0x0000;02 Illegal Data Address
35312;0;0;0x0000;02 Illegal Data Address
35313;0;0;0x0000;02 Illegal Data Address
35314;0;0;0x0000;02 Illegal Data Address
35315;0;0;0x0000;02 Illegal Data Address
35316;0;0;0x0000;02 Illegal Data Address
35317;0;0;0x0000;02 Illegal Data Address
35318;0;0;0x0000;02 Illegal Data Address
35319;0;0;0x0000;02 Illegal Data Address
35320;0;0;0x0000;02 Illegal Data Address
35321;0;0;0x0000;02 Illegal Data Address
35322;0;0;0x0000;02 Illegal Data Address
35323;0;0;0x0000;02 Illegal Data Address
35324;0;0;0x0000;02 Illegal Data Address
35325;0;0;0x0000;02 Illegal Data Address
35326;0;0;0x0000;02 Illegal Data Address
35327;0;0;0x0000;02 Illegal Data Address
35328;0;0;0x0000;02 Illegal Data Address
35329;0;0;0x0000;02 Illegal Data Address
35330;0;0;0x0000;02 Illegal Data Address
35331;0;0;0x0000;02 Illegal Data Address
35332;0;0;0x0000;02 Illegal Data Address
35333;0;0;0x0000;02 Illegal Data Address
35334;0;0;0x0000;02 Illegal Data Address
35335;0;0;0x0000;02 Illegal Data Address
35336;0;0;0x0000;02 Illegal Data Address
35337;0;0;0x0000;02 Illegal Data Address
35338;0;0;0x0000;02 Illegal Data Address
35339;0;0;0x0000;02 Illegal Data Address
35340;0;0;0x0000;02 Illegal Data Address
35341;0;0;0x0000;02 Illegal Data Address
35342;0;0;0x0000;02 Illegal Data Address
35343;0;0;0x0000;02 Illegal Data Address
35344;0;0;0x0000;02 Illegal Data Address
35345;0;0;0x0000;02 Illegal Data Address
35346;0;0;0x0000;02 Illegal Data Address
35347;0;0;0x0000;02 Illegal Data Address
35348;0;0;0x0000;02 Illegal Data Address
35349;0;0;0x0000;02 Illegal Data Address
35350;0;0;0x0000;02 Illegal Data Address
35351;0;0;0x0000;02 Illegal Data Address
35352;0;0;0x0000;02 Illegal Data Address
35353;0;0;0x0000;02 Illegal Data Address
35354;0;0;0x0000;02 Illegal Data Address
35355;0;0;0x0000;02 Illegal Data Address
35356;0;0;0x0000;02 Illegal Data Address
35357;0;0;0x0000;02 Illegal Data Address
35358;0;0;0x0000;02 Illegal Data Address
35359;0;0;0x0000;02 Illegal Data Address
35360;0;0;0x0000;02 Illegal Data Address
35361;0;0;0x0000;02 Illegal Data Address
35362;0;0;0x0000;02 Illegal Data Address
35363;0;0;0x0000;02 Illegal Data Address
35364;0;0;0x0000;02 Illegal Data Address
35365;0;0;0x0000;02 Illegal Data Address
35366;0;0;0x0000;02 Illegal Data Address
35367;0;0;0x0000;02 Illegal Data Address
35368;0;0;0x0000;02 Illegal Data Address
35369;0;0;0x0000;02 Illegal Data Address
35370;0;0;0x0000;02 Illegal Data Address
35371;0;0;0x0000;02 Illegal Data Address
35372;0;0;0x0000;02 Illegal Data Address
35373;0;0;0x0000;02 Illegal Data Address
35374;0;0;0x0000;02 Illegal Data Address
35375;0;0;0x0000;02 Illegal Data Address
35376;0;0;0x0000;02 Illegal Data Address
35377;0;0;0x0000;02 Illegal Data Address
35378;0;0;0x0000;02 Illegal Data Address
35379;0;0;0x0000;02 Illegal Data Address
35380;0;0;0x0000;02 Illegal Data Address
35381;0;0;0x0000;02 Illegal Data Address
35382;0;0;0x0000;02 Illegal Data Address
35383;0;0;0x0000;02 Illegal Data Address
35384;0;0;0x0000;02 Illegal Data Address
35385;0;0;0x0000;02 Illegal Data Address
35386;0;0;0x0000;02 Illegal Data Address
35387;0;0;0x0000;02 Illegal Data Address
35388;0;0;0x0000;02 Illegal Data Address
35389;0;0;0x0000;02 Illegal Data Address
35390;0;0;0x0000;02 Illegal Data Address
35391;0;0;0x0000;02 Illegal Data Address
35392;0;0;0x0000;02 Illegal Data Address
35393;0;0;0x0000;02 Illegal Data Address
35394;0;0;0x0000;02 Illegal Data Address
35395;0;0;0x0000;02 Illegal Data Address
35396;0;0;0x0000;02 Illegal Data Address
35397;0;0;0x0000;02 Illegal Data Address
35398;0;0;0x0000;02 Illegal Data Address
35399;0;0;0x0000;02 Illegal Data Address
35400;0;0;0x0000;02 Illegal Data Address
35401;0;0;0x0000;02 Illegal Data Address
35402;0;0;0x0000;02 Illegal Data Address
35403;0;0;0x0000;02 Illegal Data Address
35404;0;0;0x0000;02 Illegal Data Address
35405;0;0;0x0000;02 Illegal Data Address
35406;0;0;0x0000;02 Illegal Data Address
35407;0;0;0x0000;02 Illegal Data Address
35408;0;0;0x0000;02 Illegal Data Address
35409;0;0;0x0000;02 Illegal Data Address
35410;0;0;0x0000;02 Illegal Data Address
35411;0;0;0x0000;02 Illegal Data Address
35412;0;0;0x0000;02 Illegal Data Address
35413;0;0;0x0000;02 Illegal Data Address
35414;0;0;0x0000;02 Illegal Data Address
35415;0;0;0x0000;02 Illegal Data Address
35416;0;0;0x0000;02 Illegal Data Address
35417;0;0;0x0000;02 Illegal Data Address
35418;0;0;0x0000;02 Illegal Data Address
35419;0;0;0x0000;02 Illegal Data Address
35420;0;0;0x0000;02 Illegal Data Address
35421;0;0;0x0000;02 Illegal Data Address
35422;0;0;0x0000;02 Illegal Data Address
35423;0;0;0x0000;02 Illegal Data Address
35424;0;0;0x0000;02 Illegal Data Address
35425;0;0;0x0000;02 Illegal Data Address
35426;0;0;0x0000;02 Illegal Data Address
35427;0;0;0x0000;02 Illegal Data Address
35428;0;0;0x0000;02 Illegal Data Address
35429;0;0;0x0000;02 Illegal Data Address
35430;0;0;0x0000;02 Illegal Data Address
35431;0;0;0x0000;02 Illegal Data Address
35432;0;0;0x0000;02 Illegal Data Address
35433;0;0;0x0000;02 Illegal Data Address
35434;0;0;0x0000;02 Illegal Data Address
35435;0;0;0x0000;02 Illegal Data Address
35436;0;0;0x0000;02 Illegal Data Address
35437;0;0;0x0000;02 Illegal Data Address
35438;0;0;0x0000;02 Illegal Data Address
35439;0;0;0x0000;02 Illegal Data Address
35440;0;0;0x0000;02 Illegal Data Address
35441;0;0;0x0000;02 Illegal Data Address
35442;0;0;0x0000;02 Illegal Data Address
35443;0;0;0x0000;02 Illegal Data Address
35444;0;0;0x0000;02 Illegal Data Address
35445;0;0;0x0000;02 Illegal Data Address
35446;0;0;0x0000;02 Illegal Data Address
35447;0;0;0x0000;02 Illegal Data Address
35448;0;0;0x0000;02 Illegal Data Address
35449;0;0;0x0000;02 Illegal Data Address
35450;0;0;0x0000;02 Illegal Data Address
35451;0;0;0x0000;02 Illegal Data Address
35452;0;0;0x0000;02 Illegal Data Address
35453;0;0;0x0000;02 Illegal Data Address
35454;0;0;0x0000;02 Illegal Data Address
35455;0;0;0x0000;02 Illegal Data Address
35456;0;0;0x0000;02 Illegal Data Address
35457;0;0;0x0000;02 Illegal Data Address
35458;0;0;0x0000;02 Illegal Data Address
35459;0;0;0x0000;02 Illegal Data Address
35460;0;0;0x0000;02 Illegal Data Address
35461;0;0;0x0000;02 Illegal Data Address
35462;0;0;0x0000;02 Illegal Data Address
35463;0;0;0x0000;02 Illegal Data Address
35464;0;0;0x0000;02 Illegal Data Address
35465;0;0;0x0000;02 Illegal Data Address
35466;0;0;0x0000;02 Illegal Data Address
35467;0;0;0x0000;02 Illegal Data Address
35468;0;0;0x0000;02 Illegal Data Address
35469;0;0;0x0000;02 Illegal Data Address
35470;0;0;0x0000;02 Illegal Data Address
35471;0;0;0x0000;02 Illegal Data Address
35472;0;0;0x0000;02 Illegal Data Address
35473;0;0;0x0000;02 Illegal Data Address
35474;0;0;0x0000;02 Illegal Data Address
35475;0;0;0x0000;02 Illegal Data Address
35476;0;0;0x0000;02 Illegal Data Address
35477;0;0;0x0000;02 Illegal Data Address
35478;0;0;0x0000;02 Illegal Data Address
35479;0;0;0x0000;02 Illegal Data Address
35480;0;0;0x0000;02 Illegal Data Address
35481;0;0;0x0000;02 Illegal Data Address
35482;0;0;0x0000;02 Illegal Data Address
35483;0;0;0x0000;02 Illegal Data Address
35484;0;0;0x0000;02 Illegal Data Address
35485;0;0;0x0000;02 Illegal Data Address
35486;0;0;0x0000;02 Illegal Data Address
35487;0;0;0x0000;02 Illegal Data Address
35488;0;0;0x0000;02 Illegal Data Address
35489;0;0;0x0000;02 Illegal Data Address
35490;0;0;0x0000;02 Illegal Data Address
35491;0;0;0x0000;02 Illegal Data Address
35492;0;0;0x0000;02 Illegal Data Address
35493;0;0;0x0000;02 Illegal Data Address
35494;0;0;0x0000;02 Illegal Data Address
35495;0;0;0x0000;02 Illegal Data Address
35496;0;0;0x0000;02 Illegal Data Address
35497;0;0;0x0000;02 Illegal Data Address
35498;0;0;0x0000;02 Illegal Data Address
35499;0;0;0x0000;02 Illegal Data Address
35500;0;0;0x0000;02 Illegal Data Address
35501;0;0;0x0000;02 Illegal Data Address
35502;0;0;0x0000;02 Illegal Data Address
35503;0;0;0x0000;02 Illegal Data Address
35504;0;0;0x0000;02 Illegal Data Address
35505;0;0;0x0000;02 Illegal Data Address
35506;0;0;0x0000;02 Illegal Data Address
35507;0;0;0x0000;02 Illegal Data Address
35508;0;0;0x0000;02 Illegal Data Address
35509;0;0;0x0000;02 Illegal Data Address
35510;0;0;0x0000;02 Illegal Data Address
35511;0;0;0x0000;02 Illegal Data Address
35512;0;0;0x0000;02 Illegal Data Address
35513;0;0;0x0000;02 Illegal Data Address
35514;0;0;0x0000;02 Illegal Data Address
35515;0;0;0x0000;02 Illegal Data Address
35516;0;0;0x0000;02 Illegal Data Address
35517;0;0;0x0000;02 Illegal Data Address
35518;0;0;0x0000;02 Illegal Data Address
35519;0;0;0x0000;02 Illegal Data Address
35520;0;0;0x0000;02 Illegal Data Address
35521;0;0;0x0000;02 Illegal Data Address
35522;0;0;0x0000;02 Illegal Data Address
35523;0;0;0x0000;02 Illegal Data Address
35524;0;0;0x0000;02 Illegal Data Address
35525;0;0;0x0000;02 Illegal Data Address
35526;0;0;0x0000;02 Illegal Data Address
35527;0;0;0x0000;02 Illegal Data Address
35528;0;0;0x0000;02 Illegal Data Address
35529;0;0;0x0000;02 Illegal Data Address
35530;0;0;0x0000;02 Illegal Data Address
35531;0;0;0x0000;02 Illegal Data Address
35532;0;0;0x0000;02 Illegal Data Address
35533;0;0;0x0000;02 Illegal Data Address
35534;0;0;0x0000;02 Illegal Data Address
35535;0;0;0x0000;02 Illegal Data Address
35536;0;0;0x0000;02 Illegal Data Address
35537;0;0;0x0000;02 Illegal Data Address
35538;0;0;0x0000;02 Illegal Data Address
35539;0;0;0x0000;02 Illegal Data Address
35540;0;0;0x0000;02 Illegal Data Address
35541;0;0;0x0000;02 Illegal Data Address
35542;0;0;0x0000;02 Illegal Data Address
35543;0;0;0x0000;02 Illegal Data Address
35544;0;0;0x0000;02 Illegal Data Address
35545;0;0;0x0000;02 Illegal Data Address
35546;0;0;0x0000;02 Illegal Data Address
35547;0;0;0x0000;02 Illegal Data Address
35548;0;0;0x0000;02 Illegal Data Address
35549;0;0;0x0000;02 Illegal Data Address
35550;0;0;0x0000;02 Illegal Data Address
35551;0;0;0x0000;02 Illegal Data Address
35552;0;0;0x0000;02 Illegal Data Address
35553;0;0;0x0000;02 Illegal Data Address
35554;0;0;0x0000;02 Illegal Data Address
35555;0;0;0x0000;02 Illegal Data Address
35556;0;0;0x0000;02 Illegal Data Address
35557;0;0;0x0000;02 Illegal Data Address
35558;0;0;0x0000;02 Illegal Data Address
35559;0;0;0x0000;02 Illegal Data Address
35560;0;0;0x0000;02 Illegal Data Address
35561;0;0;0x0000;02 Illegal Data Address
35562;0;0;0x0000;02 Illegal Data Address
35563;0;0;0x0000;02 Illegal Data Address
35564;0;0;0x0000;02 Illegal Data Address
35565;0;0;0x0000;02 Illegal Data Address
35566;0;0;0x0000;02 Illegal Data Address
35567;0;0;0x0000;02 Illegal Data Address
35568;0;0;0x0000;02 Illegal Data Address
35569;0;0;0x0000;02 Illegal Data Address
35570;0;0;0x0000;02 Illegal Data Address
35571;0;0;0x0000;02 Illegal Data Address
35572;0;0;0x0000;02 Illegal Data Address
35573;0;0;0x0000;02 Illegal Data Address
35574;0;0;0x0000;02 Illegal Data Address
35575;0;0;0x0000;02 Illegal Data Address
35576;0;0;0x0000;02 Illegal Data Address
35577;0;0;0x0000;02 Illegal Data Address
35578;0;0;0x0000;02 Illegal Data Address
35579;0;0;0x0000;02 Illegal Data Address
35580;0;0;0x0000;02 Illegal Data Address
35581;0;0;0x0000;02 Illegal Data Address
35582;0;0;0x0000;02 Illegal Data Address
35583;0;0;0x0000;02 Illegal Data Address
35584;0;0;0x0000;02 Illegal Data Address
35585;0;0;0x0000;02 Illegal Data Address
35586;0;0;0x0000;02 Illegal Data Address
35587;0;0;0x0000;02 Illegal Data Address
35588;0;0;0x0000;02 Illegal Data Address
35589;0;0;0x0000;02 Illegal Data Address
35590;0;0;0x0000;02 Illegal Data Address
35591;0;0;0x0000;02 Illegal Data Address
35592;0;0;0x0000;02 Illegal Data Address
35593;0;0;0x0000;02 Illegal Data Address
35594;0;0;0x0000;02 Illegal Data Address
35595;0;0;0x0000;02 Illegal Data Address
35596;0;0;0x0000;02 Illegal Data Address
35597;0;0;0x0000;02 Illegal Data Address
35598;0;0;0x0000;02 Illegal Data Address
35599;0;0;0x0000;02 Illegal Data Address
35600;0;0;0x0000;02 Illegal Data Address
35601;0;0;0x0000;02 Illegal Data Address
35602;0;0;0x0000;02 Illegal Data Address
35603;0;0;0x0000;02 Illegal Data Address
35604;0;0;0x0000;02 Illegal Data Address
35605;0;0;0x0000;02 Illegal Data Address
35606;0;0;0x0000;02 Illegal Data Address
35607;0;0;0x0000;02 Illegal Data Address
35608;0;0;0x0000;02 Illegal Data Address
35609;0;0;0x0000;02 Illegal Data Address
35610;0;0;0x0000;02 Illegal Data Address
35611;0;0;0x0000;02 Illegal Data Address
35612;0;0;0x0000;02 Illegal Data Address
35613;0;0;0x0000;02 Illegal Data Address
35614;0;0;0x0000;02 Illegal Data Address
35615;0;0;0x0000;02 Illegal Data Address
35616;0;0;0x0000;02 Illegal Data Address
35617;0;0;0x0000;02 Illegal Data Address
35618;0;0;0x0000;02 Illegal Data Address
35619;0;0;0x0000;02 Illegal Data Address
35620;0;0;0x0000;02 Illegal Data Address
35621;0;0;0x0000;02 Illegal Data Address
35622;0;0;0x0000;02 Illegal Data Address
35623;0;0;0x0000;02 Illegal Data Address
35624;0;0;0x0000;02 Illegal Data Address
35625;0;0;0x0000;02 Illegal Data Address
35626;0;0;0x0000;02 Illegal Data Address
35627;0;0;0x0000;02 Illegal Data Address
35628;0;0;0x0000;02 Illegal Data Address
35629;0;0;0x0000;02 Illegal Data Address
35630;0;0;0x0000;02 Illegal Data Address
35631;0;0;0x0000;02 Illegal Data Address
35632;0;0;0x0000;02 Illegal Data Address
35633;0;0;0x0000;02 Illegal Data Address
35634;0;0;0x0000;02 Illegal Data Address
35635;0;0;0x0000;02 Illegal Data Address
35636;0;0;0x0000;02 Illegal Data Address
35637;0;0;0x0000;02 Illegal Data Address
35638;0;0;0x0000;02 Illegal Data Address
35639;0;0;0x0000;02 Illegal Data Address
35640;0;0;0x0000;02 Illegal Data Address
35641;0;0;0x0000;02 Illegal Data Address
35642;0;0;0x0000;02 Illegal Data Address
35643;0;0;0x0000;02 Illegal Data Address
35644;0;0;0x0000;02 Illegal Data Address
35645;0;0;0x0000;02 Illegal Data Address
35646;0;0;0x0000;02 Illegal Data Address
35647;0;0;0x0000;02 Illegal Data Address
35648;0;0;0x0000;02 Illegal Data Address
35649;0;0;0x0000;02 Illegal Data Address
35650;0;0;0x0000;02 Illegal Data Address
35651;0;0;0x0000;02 Illegal Data Address
35652;0;0;0x0000;02 Illegal Data Address
35653;0;0;0x0000;02 Illegal Data Address
35654;0;0;0x0000;02 Illegal Data Address
35655;0;0;0x0000;02 Illegal Data Address
35656;0;0;0x0000;02 Illegal Data Address
35657;0;0;0x0000;02 Illegal Data Address
35658;0;0;0x0000;02 Illegal Data Address
35659;0;0;0x0000;02 Illegal Data Address
35660;0;0;0x0000;02 Illegal Data Address
35661;0;0;0x0000;02 Illegal Data Address
35662;0;0;0x0000;02 Illegal Data Address
35663;0;0;0x0000;02 Illegal Data Address
35664;0;0;0x0000;02 Illegal Data Address
35665;0;0;0x0000;02 Illegal Data Address
35666;0;0;0x0000;02 Illegal Data Address
35667;0;0;0x0000;02 Illegal Data Address
35668;0;0;0x0000;02 Illegal Data Address
35669;0;0;0x0000;02 Illegal Data Address
35670;0;0;0x0000;02 Illegal Data Address
35671;0;0;0x0000;02 Illegal Data Address
35672;0;0;0x0000;02 Illegal Data Address
35673;0;0;0x0000;02 Illegal Data Address
35674;0;0;0x0000;02 Illegal Data Address
35675;0;0;0x0000;02 Illegal Data Address
35676;0;0;0x0000;02 Illegal Data Address
35677;0;0;0x0000;02 Illegal Data Address
35678;0;0;0x0000;02 Illegal Data Address
35679;0;0;0x0000;02 Illegal Data Address
35680;0;0;0x0000;02 Illegal Data Address
35681;0;0;0x0000;02 Illegal Data Address
35682;0;0;0x0000;02 Illegal Data Address
35683;0;0;0x0000;02 Illegal Data Address
35684;0;0;0x0000;02 Illegal Data Address
35685;0;0;0x0000;02 Illegal Data Address
35686;0;0;0x0000;02 Illegal Data Address
35687;0;0;0x0000;02 Illegal Data Address
35688;0;0;0x0000;02 Illegal Data Address
35689;0;0;0x0000;02 Illegal Data Address
35690;0;0;0x0000;02 Illegal Data Address
35691;0;0;0x0000;02 Illegal Data Address
35692;0;0;0x0000;02 Illegal Data Address
35693;0;0;0x0000;02 Illegal Data Address
35694;0;0;0x0000;02 Illegal Data Address
35695;0;0;0x0000;02 Illegal Data Address
35696;0;0;0x0000;02 Illegal Data Address
35697;0;0;0x0000;02 Illegal Data Address
35698;0;0;0x0000;02 Illegal Data Address
35699;0;0;0x0000;02 Illegal Data Address
35700;0;0;0x0000;02 Illegal Data Address
35701;0;0;0x0000;02 Illegal Data Address
35702;0;0;0x0000;02 Illegal Data Address
35703;0;0;0x0000;02 Illegal Data Address
35704;0;0;0x0000;02 Illegal Data Address
35705;0;0;0x0000;02 Illegal Data Address
35706;0;0;0x0000;02 Illegal Data Address
35707;0;0;0x0000;02 Illegal Data Address
35708;0;0;0x0000;02 Illegal Data Address
35709;0;0;0x0000;02 Illegal Data Address
35710;0;0;0x0000;02 Illegal Data Address
35711;0;0;0x0000;02 Illegal Data Address
35712;0;0;0x0000;02 Illegal Data Address
35713;0;0;0x0000;02 Illegal Data Address
35714;0;0;0x0000;02 Illegal Data Address
35715;0;0;0x0000;02 Illegal Data Address
35716;0;0;0x0000;02 Illegal Data Address
35717;0;0;0x0000;02 Illegal Data Address
35718;0;0;0x0000;02 Illegal Data Address
35719;0;0;0x0000;02 Illegal Data Address
35720;0;0;0x0000;02 Illegal Data Address
35721;0;0;0x0000;02 Illegal Data Address
35722;0;0;0x0000;02 Illegal Data Address
35723;0;0;0x0000;02 Illegal Data Address
35724;0;0;0x0000;02 Illegal Data Address
35725;0;0;0x0000;02 Illegal Data Address
35726;0;0;0x0000;02 Illegal Data Address
35727;0;0;0x0000;02 Illegal Data Address
35728;0;0;0x0000;02 Illegal Data Address
35729;0;0;0x0000;02 Illegal Data Address
35730;0;0;0x0000;02 Illegal Data Address
35731;0;0;0x0000;02 Illegal Data Address
35732;0;0;0x0000;02 Illegal Data Address
35733;0;0;0x0000;02 Illegal Data Address
35734;0;0;0x0000;02 Illegal Data Address
35735;0;0;0x0000;02 Illegal Data Address
35736;0;0;0x0000;02 Illegal Data Address
35737;0;0;0x0000;02 Illegal Data Address
35738;0;0;0x0000;02 Illegal Data Address
35739;0;0;0x0000;02 Illegal Data Address
35740;0;0;0x0000;02 Illegal Data Address
35741;0;0;0x0000;02 Illegal Data Address
35742;0;0;0x0000;02 Illegal Data Address
35743;0;0;0x0000;02 Illegal Data Address
35744;0;0;0x0000;02 Illegal Data Address
35745;0;0;0x0000;02 Illegal Data Address
35746;0;0;0x0000;02 Illegal Data Address
35747;0;0;0x0000;02 Illegal Data Address
35748;0;0;0x0000;02 Illegal Data Address
35749;0;0;0x0000;02 Illegal Data Address
35750;0;0;0x0000;02 Illegal Data Address
35751;0;0;0x0000;02 Illegal Data Address
35752;0;0;0x0000;02 Illegal Data Address
35753;0;0;0x0000;02 Illegal Data Address
35754;0;0;0x0000;02 Illegal Data Address
35755;0;0;0x0000;02 Illegal Data Address
35756;0;0;0x0000;02 Illegal Data Address
35757;0;0;0x0000;02 Illegal Data Address
35758;0;0;0x0000;02 Illegal Data Address
35759;0;0;0x0000;02 Illegal Data Address
35760;0;0;0x0000;02 Illegal Data Address
35761;0;0;0x0000;02 Illegal Data Address
35762;0;0;0x0000;02 Illegal Data Address
35763;0;0;0x0000;02 Illegal Data Address
35764;0;0;0x0000;02 Illegal Data Address
35765;0;0;0x0000;02 Illegal Data Address
35766;0;0;0x0000;02 Illegal Data Address
35767;0;0;0x0000;02 Illegal Data Address
35768;0;0;0x0000;02 Illegal Data Address
35769;0;0;0x0000;02 Illegal Data Address
35770;0;0;0x0000;02 Illegal Data Address
35771;0;0;0x0000;02 Illegal Data Address
35772;0;0;0x0000;02 Illegal Data Address
35773;0;0;0x0000;02 Illegal Data Address
35774;0;0;0x0000;02 Illegal Data Address
35775;0;0;0x0000;02 Illegal Data Address
35776;0;0;0x0000;02 Illegal Data Address
35777;0;0;0x0000;02 Illegal Data Address
35778;0;0;0x0000;02 Illegal Data Address
35779;0;0;0x0000;02 Illegal Data Address
35780;0;0;0x0000;02 Illegal Data Address
35781;0;0;0x0000;02 Illegal Data Address
35782;0;0;0x0000;02 Illegal Data Address
35783;0;0;0x0000;02 Illegal Data Address
35784;0;0;0x0000;02 Illegal Data Address
35785;0;0;0x0000;02 Illegal Data Address
35786;0;0;0x0000;02 Illegal Data Address
35787;0;0;0x0000;02 Illegal Data Address
35788;0;0;0x0000;02 Illegal Data Address
35789;0;0;0x0000;02 Illegal Data Address
35790;0;0;0x0000;02 Illegal Data Address
35791;0;0;0x0000;02 Illegal Data Address
35792;0;0;0x0000;02 Illegal Data Address
35793;0;0;0x0000;02 Illegal Data Address
35794;0;0;0x0000;02 Illegal Data Address
35795;0;0;0x0000;02 Illegal Data Address
35796;0;0;0x0000;02 Illegal Data Address
35797;0;0;0x0000;02 Illegal Data Address
35798;0;0;0x0000;02 Illegal Data Address
35799;0;0;0x0000;02 Illegal Data Address
35800;0;0;0x0000;02 Illegal Data Address
35801;0;0;0x0000;02 Illegal Data Address
35802;0;0;0x0000;02 Illegal Data Address
35803;0;0;0x0000;02 Illegal Data Address
35804;0;0;0x0000;02 Illegal Data Address
35805;0;0;0x0000;02 Illegal Data Address
35806;0;0;0x0000;02 Illegal Data Address
35807;0;0;0x0000;02 Illegal Data Address
35808;0;0;0x0000;02 Illegal Data Address
35809;0;0;0x0000;02 Illegal Data Address
35810;0;0;0x0000;02 Illegal Data Address
35811;0;0;0x0000;02 Illegal Data Address
35812;0;0;0x0000;02 Illegal Data Address
35813;0;0;0x0000;02 Illegal Data Address
35814;0;0;0x0000;02 Illegal Data Address
35815;0;0;0x0000;02 Illegal Data Address
35816;0;0;0x0000;02 Illegal Data Address
35817;0;0;0x0000;02 Illegal Data Address
35818;0;0;0x0000;02 Illegal Data Address
35819;0;0;0x0000;02 Illegal Data Address
35820;0;0;0x0000;02 Illegal Data Address
35821;0;0;0x0000;02 Illegal Data Address
35822;0;0;0x0000;02 Illegal Data Address
35823;0;0;0x0000;02 Illegal Data Address
35824;0;0;0x0000;02 Illegal Data Address
35825;0;0;0x0000;02 Illegal Data Address
35826;0;0;0x0000;02 Illegal Data Address
35827;0;0;0x0000;02 Illegal Data Address
35828;0;0;0x0000;02 Illegal Data Address
35829;0;0;0x0000;02 Illegal Data Address
35830;0;0;0x0000;02 Illegal Data Address
35831;0;0;0x0000;02 Illegal Data Address
35832;0;0;0x0000;02 Illegal Data Address
35833;0;0;0x0000;02 Illegal Data Address
35834;0;0;0x0000;02 Illegal Data Address
35835;0;0;0x0000;02 Illegal Data Address
35836;0;0;0x0000;02 Illegal Data Address
35837;0;0;0x0000;02 Illegal Data Address
35838;0;0;0x0000;02 Illegal Data Address
35839;0;0;0x0000;02 Illegal Data Address
35840;0;0;0x0000;02 Illegal Data Address
35841;0;0;0x0000;02 Illegal Data Address
35842;0;0;0x0000;02 Illegal Data Address
35843;0;0;0x0000;02 Illegal Data Address
35844;0;0;0x0000;02 Illegal Data Address
35845;0;0;0x0000;02 Illegal Data Address
35846;0;0;0x0000;02 Illegal Data Address
35847;0;0;0x0000;02 Illegal Data Address
35848;0;0;0x0000;02 Illegal Data Address
35849;0;0;0x0000;02 Illegal Data Address
35850;0;0;0x0000;02 Illegal Data Address
35851;0;0;0x0000;02 Illegal Data Address
35852;0;0;0x0000;02 Illegal Data Address
35853;0;0;0x0000;02 Illegal Data Address
35854;0;0;0x0000;02 Illegal Data Address
35855;0;0;0x0000;02 Illegal Data Address
35856;0;0;0x0000;02 Illegal Data Address
35857;0;0;0x0000;02 Illegal Data Address
35858;0;0;0x0000;02 Illegal Data Address
35859;0;0;0x0000;02 Illegal Data Address
35860;0;0;0x0000;02 Illegal Data Address
35861;0;0;0x0000;02 Illegal Data Address
35862;0;0;0x0000;02 Illegal Data Address
35863;0;0;0x0000;02 Illegal Data Address
35864;0;0;0x0000;02 Illegal Data Address
35865;0;0;0x0000;02 Illegal Data Address
35866;0;0;0x0000;02 Illegal Data Address
35867;0;0;0x0000;02 Illegal Data Address
35868;0;0;0x0000;02 Illegal Data Address
35869;0;0;0x0000;02 Illegal Data Address
35870;0;0;0x0000;02 Illegal Data Address
35871;0;0;0x0000;02 Illegal Data Address
35872;0;0;0x0000;02 Illegal Data Address
35873;0;0;0x0000;02 Illegal Data Address
35874;0;0;0x0000;02 Illegal Data Address
35875;0;0;0x0000;02 Illegal Data Address
35876;0;0;0x0000;02 Illegal Data Address
35877;0;0;0x0000;02 Illegal Data Address
35878;0;0;0x0000;02 Illegal Data Address
35879;0;0;0x0000;02 Illegal Data Address
35880;0;0;0x0000;02 Illegal Data Address
35881;0;0;0x0000;02 Illegal Data Address
35882;0;0;0x0000;02 Illegal Data Address
35883;0;0;0x0000;02 Illegal Data Address
35884;0;0;0x0000;02 Illegal Data Address
35885;0;0;0x0000;02 Illegal Data Address
35886;0;0;0x0000;02 Illegal Data Address
35887;0;0;0x0000;02 Illegal Data Address
35888;0;0;0x0000;02 Illegal Data Address
35889;0;0;0x0000;02 Illegal Data Address
35890;0;0;0x0000;02 Illegal Data Address
35891;0;0;0x0000;02 Illegal Data Address
35892;0;0;0x0000;02 Illegal Data Address
35893;0;0;0x0000;02 Illegal Data Address
35894;0;0;0x0000;02 Illegal Data Address
35895;0;0;0x0000;02 Illegal Data Address
35896;0;0;0x0000;02 Illegal Data Address
35897;0;0;0x0000;02 Illegal Data Address
35898;0;0;0x0000;02 Illegal Data Address
35899;0;0;0x0000;02 Illegal Data Address
35900;0;0;0x0000;02 Illegal Data Address
35901;0;0;0x0000;02 Illegal Data Address
35902;0;0;0x0000;02 Illegal Data Address
35903;0;0;0x0000;02 Illegal Data Address
35904;0;0;0x0000;02 Illegal Data Address
35905;0;0;0x0000;02 Illegal Data Address
35906;0;0;0x0000;02 Illegal Data Address
35907;0;0;0x0000;02 Illegal Data Address
35908;0;0;0x0000;02 Illegal Data Address
35909;0;0;0x0000;02 Illegal Data Address
35910;0;0;0x0000;02 Illegal Data Address
35911;0;0;0x0000;02 Illegal Data Address
35912;0;0;0x0000;02 Illegal Data Address
35913;0;0;0x0000;02 Illegal Data Address
35914;0;0;0x0000;02 Illegal Data Address
35915;0;0;0x0000;02 Illegal Data Address
35916;0;0;0x0000;02 Illegal Data Address
35917;0;0;0x0000;02 Illegal Data Address
35918;0;0;0x0000;02 Illegal Data Address
35919;0;0;0x0000;02 Illegal Data Address
35920;0;0;0x0000;02 Illegal Data Address
35921;0;0;0x0000;02 Illegal Data Address
35922;0;0;0x0000;02 Illegal Data Address
35923;0;0;0x0000;02 Illegal Data Address
35924;0;0;0x0000;02 Illegal Data Address
35925;0;0;0x0000;02 Illegal Data Address
35926;0;0;0x0000;02 Illegal Data Address
35927;0;0;0x0000;02 Illegal Data Address
35928;0;0;0x0000;02 Illegal Data Address
35929;0;0;0x0000;02 Illegal Data Address
35930;0;0;0x0000;02 Illegal Data Address
35931;0;0;0x0000;02 Illegal Data Address
35932;0;0;0x0000;02 Illegal Data Address
35933;0;0;0x0000;02 Illegal Data Address
35934;0;0;0x0000;02 Illegal Data Address
35935;0;0;0x0000;02 Illegal Data Address
35936;0;0;0x0000;02 Illegal Data Address
35937;0;0;0x0000;02 Illegal Data Address
35938;0;0;0x0000;02 Illegal Data Address
35939;0;0;0x0000;02 Illegal Data Address
35940;0;0;0x0000;02 Illegal Data Address
35941;0;0;0x0000;02 Illegal Data Address
35942;0;0;0x0000;02 Illegal Data Address
35943;0;0;0x0000;02 Illegal Data Address
35944;0;0;0x0000;02 Illegal Data Address
35945;0;0;0x0000;02 Illegal Data Address
35946;0;0;0x0000;02 Illegal Data Address
35947;0;0;0x0000;02 Illegal Data Address
35948;0;0;0x0000;02 Illegal Data Address
35949;0;0;0x0000;02 Illegal Data Address
35950;0;0;0x0000;02 Illegal Data Address
35951;0;0;0x0000;02 Illegal Data Address
35952;0;0;0x0000;02 Illegal Data Address
35953;0;0;0x0000;02 Illegal Data Address
35954;0;0;0x0000;02 Illegal Data Address
35955;0;0;0x0000;02 Illegal Data Address
35956;0;0;0x0000;02 Illegal Data Address
35957;0;0;0x0000;02 Illegal Data Address
35958;0;0;0x0000;02 Illegal Data Address
35959;0;0;0x0000;02 Illegal Data Address
35960;0;0;0x0000;02 Illegal Data Address
35961;0;0;0x0000;02 Illegal Data Address
35962;0;0;0x0000;02 Illegal Data Address
35963;0;0;0x0000;02 Illegal Data Address
35964;0;0;0x0000;02 Illegal Data Address
35965;0;0;0x0000;02 Illegal Data Address
35966;0;0;0x0000;02 Illegal Data Address
35967;0;0;0x0000;02 Illegal Data Address
35968;0;0;0x0000;02 Illegal Data Address
35969;0;0;0x0000;02 Illegal Data Address
35970;0;0;0x0000;02 Illegal Data Address
35971;0;0;0x0000;02 Illegal Data Address
35972;0;0;0x0000;02 Illegal Data Address
35973;0;0;0x0000;02 Illegal Data Address
35974;0;0;0x0000;02 Illegal Data Address
35975;0;0;0x0000;02 Illegal Data Address
35976;0;0;0x0000;02 Illegal Data Address
35977;0;0;0x0000;02 Illegal Data Address
35978;0;0;0x0000;02 Illegal Data Address
35979;0;0;0x0000;02 Illegal Data Address
35980;0;0;0x0000;02 Illegal Data Address
35981;0;0;0x0000;02 Illegal Data Address
35982;0;0;0x0000;02 Illegal Data Address
35983;0;0;0x0000;02 Illegal Data Address
35984;0;0;0x0000;02 Illegal Data Address
35985;0;0;0x0000;02 Illegal Data Address
35986;0;0;0x0000;02 Illegal Data Address
35987;0;0;0x0000;02 Illegal Data Address
35988;0;0;0x0000;02 Illegal Data Address
35989;0;0;0x0000;02 Illegal Data Address
35990;0;0;0x0000;02 Illegal Data Address
35991;0;0;0x0000;02 Illegal Data Address
35992;0;0;0x0000;02 Illegal Data Address
35993;0;0;0x0000;02 Illegal Data Address
35994;0;0;0x0000;02 Illegal Data Address
35995;0;0;0x0000;02 Illegal Data Address
35996;0;0;0x0000;02 Illegal Data Address
35997;0;0;0x0000;02 Illegal Data Address
35998;0;0;0x0000;02 Illegal Data Address
35999;0;0;0x0000;02 Illegal Data Address
36000;0;0;0x0000;02 Illegal Data Address
36001;0;0;0x0000;02 Illegal Data Address
36002;0;0;0x0000;02 Illegal Data Address
36003;0;0;0x0000;02 Illegal Data Address
36004;0;0;0x0000;02 Illegal Data Address
36005;0;0;0x0000;02 Illegal Data Address
36006;0;0;0x0000;02 Illegal Data Address
36007;0;0;0x0000;02 Illegal Data Address
36008;0;0;0x0000;02 Illegal Data Address
36009;0;0;0x0000;02 Illegal Data Address
36010;0;0;0x0000;02 Illegal Data Address
36011;0;0;0x0000;02 Illegal Data Address
36012;0;0;0x0000;02 Illegal Data Address
36013;0;0;0x0000;02 Illegal Data Address
36014;0;0;0x0000;02 Illegal Data Address
36015;0;0;0x0000;02 Illegal Data Address
36016;0;0;0x0000;02 Illegal Data Address
36017;0;0;0x0000;02 Illegal Data Address
36018;0;0;0x0000;02 Illegal Data Address
36019;0;0;0x0000;02 Illegal Data Address
36020;0;0;0x0000;02 Illegal Data Address
36021;0;0;0x0000;02 Illegal Data Address
36022;0;0;0x0000;02 Illegal Data Address
36023;0;0;0x0000;02 Illegal Data Address
36024;0;0;0x0000;02 Illegal Data Address
36025;0;0;0x0000;02 Illegal Data Address
36026;0;0;0x0000;02 Illegal Data Address
36027;0;0;0x0000;02 Illegal Data Address
36028;0;0;0x0000;02 Illegal Data Address
36029;0;0;0x0000;02 Illegal Data Address
36030;0;0;0x0000;02 Illegal Data Address
36031;0;0;0x0000;02 Illegal Data Address
36032;0;0;0x0000;02 Illegal Data Address
36033;0;0;0x0000;02 Illegal Data Address
36034;0;0;0x0000;02 Illegal Data Address
36035;0;0;0x0000;02 Illegal Data Address
36036;0;0;0x0000;02 Illegal Data Address
36037;0;0;0x0000;02 Illegal Data Address
36038;0;0;0x0000;02 Illegal Data Address
36039;0;0;0x0000;02 Illegal Data Address
36040;0;0;0x0000;02 Illegal Data Address
36041;0;0;0x0000;02 Illegal Data Address
36042;0;0;0x0000;02 Illegal Data Address
36043;0;0;0x0000;02 Illegal Data Address
36044;0;0;0x0000;02 Illegal Data Address
36045;0;0;0x0000;02 Illegal Data Address
36046;0;0;0x0000;02 Illegal Data Address
36047;0;0;0x0000;02 Illegal Data Address
36048;0;0;0x0000;02 Illegal Data Address
36049;0;0;0x0000;02 Illegal Data Address
36050;0;0;0x0000;02 Illegal Data Address
36051;0;0;0x0000;02 Illegal Data Address
36052;0;0;0x0000;02 Illegal Data Address
36053;0;0;0x0000;02 Illegal Data Address
36054;0;0;0x0000;02 Illegal Data Address
36055;0;0;0x0000;02 Illegal Data Address
36056;0;0;0x0000;02 Illegal Data Address
36057;0;0;0x0000;02 Illegal Data Address
36058;0;0;0x0000;02 Illegal Data Address
36059;0;0;0x0000;02 Illegal Data Address
36060;0;0;0x0000;02 Illegal Data Address
36061;0;0;0x0000;02 Illegal Data Address
36062;0;0;0x0000;02 Illegal Data Address
36063;0;0;0x0000;02 Illegal Data Address
36064;0;0;0x0000;02 Illegal Data Address
36065;0;0;0x0000;02 Illegal Data Address
36066;0;0;0x0000;02 Illegal Data Address
36067;0;0;0x0000;02 Illegal Data Address
36068;0;0;0x0000;02 Illegal Data Address
36069;0;0;0x0000;02 Illegal Data Address
36070;0;0;0x0000;02 Illegal Data Address
36071;0;0;0x0000;02 Illegal Data Address
36072;0;0;0x0000;02 Illegal Data Address
36073;0;0;0x0000;02 Illegal Data Address
36074;0;0;0x0000;02 Illegal Data Address
36075;0;0;0x0000;02 Illegal Data Address
36076;0;0;0x0000;02 Illegal Data Address
36077;0;0;0x0000;02 Illegal Data Address
36078;0;0;0x0000;02 Illegal Data Address
36079;0;0;0x0000;02 Illegal Data Address
36080;0;0;0x0000;02 Illegal Data Address
36081;0;0;0x0000;02 Illegal Data Address
36082;0;0;0x0000;02 Illegal Data Address
36083;0;0;0x0000;02 Illegal Data Address
36084;0;0;0x0000;02 Illegal Data Address
36085;0;0;0x0000;02 Illegal Data Address
36086;0;0;0x0000;02 Illegal Data Address
36087;0;0;0x0000;02 Illegal Data Address
36088;0;0;0x0000;02 Illegal Data Address
36089;0;0;0x0000;02 Illegal Data Address
36090;0;0;0x0000;02 Illegal Data Address
36091;0;0;0x0000;02 Illegal Data Address
36092;0;0;0x0000;02 Illegal Data Address
36093;0;0;0x0000;02 Illegal Data Address
36094;0;0;0x0000;02 Illegal Data Address
36095;0;0;0x0000;02 Illegal Data Address
36096;0;0;0x0000;02 Illegal Data Address
36097;0;0;0x0000;02 Illegal Data Address
36098;0;0;0x0000;02 Illegal Data Address
36099;0;0;0x0000;02 Illegal Data Address
36100;0;0;0x0000;02 Illegal Data Address
36101;0;0;0x0000;02 Illegal Data Address
36102;0;0;0x0000;02 Illegal Data Address
36103;0;0;0x0000;02 Illegal Data Address
36104;0;0;0x0000;02 Illegal Data Address
36105;0;0;0x0000;02 Illegal Data Address
36106;0;0;0x0000;02 Illegal Data Address
36107;0;0;0x0000;02 Illegal Data Address
36108;0;0;0x0000;02 Illegal Data Address
36109;0;0;0x0000;02 Illegal Data Address
36110;0;0;0x0000;02 Illegal Data Address
36111;0;0;0x0000;02 Illegal Data Address
36112;0;0;0x0000;02 Illegal Data Address
36113;0;0;0x0000;02 Illegal Data Address
36114;0;0;0x0000;02 Illegal Data Address
36115;0;0;0x0000;02 Illegal Data Address
36116;0;0;0x0000;02 Illegal Data Address
36117;0;0;0x0000;02 Illegal Data Address
36118;0;0;0x0000;02 Illegal Data Address
36119;0;0;0x0000;02 Illegal Data Address
36120;0;0;0x0000;02 Illegal Data Address
36121;0;0;0x0000;02 Illegal Data Address
36122;0;0;0x0000;02 Illegal Data Address
36123;0;0;0x0000;02 Illegal Data Address
36124;0;0;0x0000;02 Illegal Data Address
36125;0;0;0x0000;02 Illegal Data Address
36126;0;0;0x0000;02 Illegal Data Address
36127;0;0;0x0000;02 Illegal Data Address
36128;0;0;0x0000;02 Illegal Data Address
36129;0;0;0x0000;02 Illegal Data Address
36130;0;0;0x0000;02 Illegal Data Address
36131;0;0;0x0000;02 Illegal Data Address
36132;0;0;0x0000;02 Illegal Data Address
36133;0;0;0x0000;02 Illegal Data Address
36134;0;0;0x0000;02 Illegal Data Address
36135;0;0;0x0000;02 Illegal Data Address
36136;0;0;0x0000;02 Illegal Data Address
36137;0;0;0x0000;02 Illegal Data Address
36138;0;0;0x0000;02 Illegal Data Address
36139;0;0;0x0000;02 Illegal Data Address
36140;0;0;0x0000;02 Illegal Data Address
36141;0;0;0x0000;02 Illegal Data Address
36142;0;0;0x0000;02 Illegal Data Address
36143;0;0;0x0000;02 Illegal Data Address
36144;0;0;0x0000;02 Illegal Data Address
36145;0;0;0x0000;02 Illegal Data Address
36146;0;0;0x0000;02 Illegal Data Address
36147;0;0;0x0000;02 Illegal Data Address
36148;0;0;0x0000;02 Illegal Data Address
36149;0;0;0x0000;02 Illegal Data Address
36150;0;0;0x0000;02 Illegal Data Address
36151;0;0;0x0000;02 Illegal Data Address
36152;0;0;0x0000;02 Illegal Data Address
36153;0;0;0x0000;02 Illegal Data Address
36154;0;0;0x0000;02 Illegal Data Address
36155;0;0;0x0000;02 Illegal Data Address
36156;0;0;0x0000;02 Illegal Data Address
36157;0;0;0x0000;02 Illegal Data Address
36158;0;0;0x0000;02 Illegal Data Address
36159;0;0;0x0000;02 Illegal Data Address
36160;0;0;0x0000;02 Illegal Data Address
36161;0;0;0x0000;02 Illegal Data Address
36162;0;0;0x0000;02 Illegal Data Address
36163;0;0;0x0000;02 Illegal Data Address
36164;0;0;0x0000;02 Illegal Data Address
36165;0;0;0x0000;02 Illegal Data Address
36166;0;0;0x0000;02 Illegal Data Address
36167;0;0;0x0000;02 Illegal Data Address
36168;0;0;0x0000;02 Illegal Data Address
36169;0;0;0x0000;02 Illegal Data Address
36170;0;0;0x0000;02 Illegal Data Address
36171;0;0;0x0000;02 Illegal Data Address
36172;0;0;0x0000;02 Illegal Data Address
36173;0;0;0x0000;02 Illegal Data Address
36174;0;0;0x0000;02 Illegal Data Address
36175;0;0;0x0000;02 Illegal Data Address
36176;0;0;0x0000;02 Illegal Data Address
36177;0;0;0x0000;02 Illegal Data Address
36178;0;0;0x0000;02 Illegal Data Address
36179;0;0;0x0000;02 Illegal Data Address
36180;0;0;0x0000;02 Illegal Data Address
36181;0;0;0x0000;02 Illegal Data Address
36182;0;0;0x0000;02 Illegal Data Address
36183;0;0;0x0000;02 Illegal Data Address
36184;0;0;0x0000;02 Illegal Data Address
36185;0;0;0x0000;02 Illegal Data Address
36186;0;0;0x0000;02 Illegal Data Address
36187;0;0;0x0000;02 Illegal Data Address
36188;0;0;0x0000;02 Illegal Data Address
36189;0;0;0x0000;02 Illegal Data Address
36190;0;0;0x0000;02 Illegal Data Address
36191;0;0;0x0000;02 Illegal Data Address
36192;0;0;0x0000;02 Illegal Data Address
36193;0;0;0x0000;02 Illegal Data Address
36194;0;0;0x0000;02 Illegal Data Address
36195;0;0;0x0000;02 Illegal Data Address
36196;0;0;0x0000;02 Illegal Data Address
36197;0;0;0x0000;02 Illegal Data Address
36198;0;0;0x0000;02 Illegal Data Address
36199;0;0;0x0000;02 Illegal Data Address
36200;0;0;0x0000;02 Illegal Data Address
36201;0;0;0x0000;02 Illegal Data Address
36202;0;0;0x0000;02 Illegal Data Address
36203;0;0;0x0000;02 Illegal Data Address
36204;0;0;0x0000;02 Illegal Data Address
36205;0;0;0x0000;02 Illegal Data Address
36206;0;0;0x0000;02 Illegal Data Address
36207;0;0;0x0000;02 Illegal Data Address
36208;0;0;0x0000;02 Illegal Data Address
36209;0;0;0x0000;02 Illegal Data Address
36210;0;0;0x0000;02 Illegal Data Address
36211;0;0;0x0000;02 Illegal Data Address
36212;0;0;0x0000;02 Illegal Data Address
36213;0;0;0x0000;02 Illegal Data Address
36214;0;0;0x0000;02 Illegal Data Address
36215;0;0;0x0000;02 Illegal Data Address
36216;0;0;0x0000;02 Illegal Data Address
36217;0;0;0x0000;02 Illegal Data Address
36218;0;0;0x0000;02 Illegal Data Address
36219;0;0;0x0000;02 Illegal Data Address
36220;0;0;0x0000;02 Illegal Data Address
36221;0;0;0x0000;02 Illegal Data Address
36222;0;0;0x0000;02 Illegal Data Address
36223;0;0;0x0000;02 Illegal Data Address
36224;0;0;0x0000;02 Illegal Data Address
36225;0;0;0x0000;02 Illegal Data Address
36226;0;0;0x0000;02 Illegal Data Address
36227;0;0;0x0000;02 Illegal Data Address
36228;0;0;0x0000;02 Illegal Data Address
36229;0;0;0x0000;02 Illegal Data Address
36230;0;0;0x0000;02 Illegal Data Address
36231;0;0;0x0000;02 Illegal Data Address
36232;0;0;0x0000;02 Illegal Data Address
36233;0;0;0x0000;02 Illegal Data Address
36234;0;0;0x0000;02 Illegal Data Address
36235;0;0;0x0000;02 Illegal Data Address
36236;0;0;0x0000;02 Illegal Data Address
36237;0;0;0x0000;02 Illegal Data Address
36238;0;0;0x0000;02 Illegal Data Address
36239;0;0;0x0000;02 Illegal Data Address
36240;0;0;0x0000;02 Illegal Data Address
36241;0;0;0x0000;02 Illegal Data Address
36242;0;0;0x0000;02 Illegal Data Address
36243;0;0;0x0000;02 Illegal Data Address
36244;0;0;0x0000;02 Illegal Data Address
36245;0;0;0x0000;02 Illegal Data Address
36246;0;0;0x0000;02 Illegal Data Address
36247;0;0;0x0000;02 Illegal Data Address
36248;0;0;0x0000;02 Illegal Data Address
36249;0;0;0x0000;02 Illegal Data Address
36250;0;0;0x0000;02 Illegal Data Address
36251;0;0;0x0000;02 Illegal Data Address
36252;0;0;0x0000;02 Illegal Data Address
36253;0;0;0x0000;02 Illegal Data Address
36254;0;0;0x0000;02 Illegal Data Address
36255;0;0;0x0000;02 Illegal Data Address
36256;0;0;0x0000;02 Illegal Data Address
36257;0;0;0x0000;02 Illegal Data Address
36258;0;0;0x0000;02 Illegal Data Address
36259;0;0;0x0000;02 Illegal Data Address
36260;0;0;0x0000;02 Illegal Data Address
36261;0;0;0x0000;02 Illegal Data Address
36262;0;0;0x0000;02 Illegal Data Address
36263;0;0;0x0000;02 Illegal Data Address
36264;0;0;0x0000;02 Illegal Data Address
36265;0;0;0x0000;02 Illegal Data Address
36266;0;0;0x0000;02 Illegal Data Address
36267;0;0;0x0000;02 Illegal Data Address
36268;0;0;0x0000;02 Illegal Data Address
36269;0;0;0x0000;02 Illegal Data Address
36270;0;0;0x0000;02 Illegal Data Address
36271;0;0;0x0000;02 Illegal Data Address
36272;0;0;0x0000;02 Illegal Data Address
36273;0;0;0x0000;02 Illegal Data Address
36274;0;0;0x0000;02 Illegal Data Address
36275;0;0;0x0000;02 Illegal Data Address
36276;0;0;0x0000;02 Illegal Data Address
36277;0;0;0x0000;02 Illegal Data Address
36278;0;0;0x0000;02 Illegal Data Address
36279;0;0;0x0000;02 Illegal Data Address
36280;0;0;0x0000;02 Illegal Data Address
36281;0;0;0x0000;02 Illegal Data Address
36282;0;0;0x0000;02 Illegal Data Address
36283;0;0;0x0000;02 Illegal Data Address
36284;0;0;0x0000;02 Illegal Data Address
36285;0;0;0x0000;02 Illegal Data Address
36286;0;0;0x0000;02 Illegal Data Address
36287;0;0;0x0000;02 Illegal Data Address
36288;0;0;0x0000;02 Illegal Data Address
36289;0;0;0x0000;02 Illegal Data Address
36290;0;0;0x0000;02 Illegal Data Address
36291;0;0;0x0000;02 Illegal Data Address
36292;0;0;0x0000;02 Illegal Data Address
36293;0;0;0x0000;02 Illegal Data Address
36294;0;0;0x0000;02 Illegal Data Address
36295;0;0;0x0000;02 Illegal Data Address
36296;0;0;0x0000;02 Illegal Data Address
36297;0;0;0x0000;02 Illegal Data Address
36298;0;0;0x0000;02 Illegal Data Address
36299;0;0;0x0000;02 Illegal Data Address
36300;0;0;0x0000;02 Illegal Data Address
36301;0;0;0x0000;02 Illegal Data Address
36302;0;0;0x0000;02 Illegal Data Address
36303;0;0;0x0000;02 Illegal Data Address
36304;0;0;0x0000;02 Illegal Data Address
36305;0;0;0x0000;02 Illegal Data Address
36306;0;0;0x0000;02 Illegal Data Address
36307;0;0;0x0000;02 Illegal Data Address
36308;0;0;0x0000;02 Illegal Data Address
36309;0;0;0x0000;02 Illegal Data Address
36310;0;0;0x0000;02 Illegal Data Address
36311;0;0;0x0000;02 Illegal Data Address
36312;0;0;0x0000;02 Illegal Data Address
36313;0;0;0x0000;02 Illegal Data Address
36314;0;0;0x0000;02 Illegal Data Address
36315;0;0;0x0000;02 Illegal Data Address
36316;0;0;0x0000;02 Illegal Data Address
36317;0;0;0x0000;02 Illegal Data Address
36318;0;0;0x0000;02 Illegal Data Address
36319;0;0;0x0000;02 Illegal Data Address
36320;0;0;0x0000;02 Illegal Data Address
36321;0;0;0x0000;02 Illegal Data Address
36322;0;0;0x0000;02 Illegal Data Address
36323;0;0;0x0000;02 Illegal Data Address
36324;0;0;0x0000;02 Illegal Data Address
36325;0;0;0x0000;02 Illegal Data Address
36326;0;0;0x0000;02 Illegal Data Address
36327;0;0;0x0000;02 Illegal Data Address
36328;0;0;0x0000;02 Illegal Data Address
36329;0;0;0x0000;02 Illegal Data Address
36330;0;0;0x0000;02 Illegal Data Address
36331;0;0;0x0000;02 Illegal Data Address
36332;0;0;0x0000;02 Illegal Data Address
36333;0;0;0x0000;02 Illegal Data Address
36334;0;0;0x0000;02 Illegal Data Address
36335;0;0;0x0000;02 Illegal Data Address
36336;0;0;0x0000;02 Illegal Data Address
36337;0;0;0x0000;02 Illegal Data Address
36338;0;0;0x0000;02 Illegal Data Address
36339;0;0;0x0000;02 Illegal Data Address
36340;0;0;0x0000;02 Illegal Data Address
36341;0;0;0x0000;02 Illegal Data Address
36342;0;0;0x0000;02 Illegal Data Address
36343;0;0;0x0000;02 Illegal Data Address
36344;0;0;0x0000;02 Illegal Data Address
36345;0;0;0x0000;02 Illegal Data Address
36346;0;0;0x0000;02 Illegal Data Address
36347;0;0;0x0000;02 Illegal Data Address
36348;0;0;0x0000;02 Illegal Data Address
36349;0;0;0x0000;02 Illegal Data Address
36350;0;0;0x0000;02 Illegal Data Address
36351;0;0;0x0000;02 Illegal Data Address
36352;0;0;0x0000;02 Illegal Data Address
36353;0;0;0x0000;02 Illegal Data Address
36354;0;0;0x0000;02 Illegal Data Address
36355;0;0;0x0000;02 Illegal Data Address
36356;0;0;0x0000;02 Illegal Data Address
36357;0;0;0x0000;02 Illegal Data Address
36358;0;0;0x0000;02 Illegal Data Address
36359;0;0;0x0000;02 Illegal Data Address
36360;0;0;0x0000;02 Illegal Data Address
36361;0;0;0x0000;02 Illegal Data Address
36362;0;0;0x0000;02 Illegal Data Address
36363;0;0;0x0000;02 Illegal Data Address
36364;0;0;0x0000;02 Illegal Data Address
36365;0;0;0x0000;02 Illegal Data Address
36366;0;0;0x0000;02 Illegal Data Address
36367;0;0;0x0000;02 Illegal Data Address
36368;0;0;0x0000;02 Illegal Data Address
36369;0;0;0x0000;02 Illegal Data Address
36370;0;0;0x0000;02 Illegal Data Address
36371;0;0;0x0000;02 Illegal Data Address
36372;0;0;0x0000;02 Illegal Data Address
36373;0;0;0x0000;02 Illegal Data Address
36374;0;0;0x0000;02 Illegal Data Address
36375;0;0;0x0000;02 Illegal Data Address
36376;0;0;0x0000;02 Illegal Data Address
36377;0;0;0x0000;02 Illegal Data Address
36378;0;0;0x0000;02 Illegal Data Address
36379;0;0;0x0000;02 Illegal Data Address
36380;0;0;0x0000;02 Illegal Data Address
36381;0;0;0x0000;02 Illegal Data Address
36382;0;0;0x0000;02 Illegal Data Address
36383;0;0;0x0000;02 Illegal Data Address
36384;0;0;0x0000;02 Illegal Data Address
36385;0;0;0x0000;02 Illegal Data Address
36386;0;0;0x0000;02 Illegal Data Address
36387;0;0;0x0000;02 Illegal Data Address
36388;0;0;0x0000;02 Illegal Data Address
36389;0;0;0x0000;02 Illegal Data Address
36390;0;0;0x0000;02 Illegal Data Address
36391;0;0;0x0000;02 Illegal Data Address
36392;0;0;0x0000;02 Illegal Data Address
36393;0;0;0x0000;02 Illegal Data Address
36394;0;0;0x0000;02 Illegal Data Address
36395;0;0;0x0000;02 Illegal Data Address
36396;0;0;0x0000;02 Illegal Data Address
36397;0;0;0x0000;02 Illegal Data Address
36398;0;0;0x0000;02 Illegal Data Address
36399;0;0;0x0000;02 Illegal Data Address
36400;0;0;0x0000;02 Illegal Data Address
36401;0;0;0x0000;02 Illegal Data Address
36402;0;0;0x0000;02 Illegal Data Address
36403;0;0;0x0000;02 Illegal Data Address
36404;0;0;0x0000;02 Illegal Data Address
36405;0;0;0x0000;02 Illegal Data Address
36406;0;0;0x0000;02 Illegal Data Address
36407;0;0;0x0000;02 Illegal Data Address
36408;0;0;0x0000;02 Illegal Data Address
36409;0;0;0x0000;02 Illegal Data Address
36410;0;0;0x0000;02 Illegal Data Address
36411;0;0;0x0000;02 Illegal Data Address
36412;0;0;0x0000;02 Illegal Data Address
36413;0;0;0x0000;02 Illegal Data Address
36414;0;0;0x0000;02 Illegal Data Address
36415;0;0;0x0000;02 Illegal Data Address
36416;0;0;0x0000;02 Illegal Data Address
36417;0;0;0x0000;02 Illegal Data Address
36418;0;0;0x0000;02 Illegal Data Address
36419;0;0;0x0000;02 Illegal Data Address
36420;0;0;0x0000;02 Illegal Data Address
36421;0;0;0x0000;02 Illegal Data Address
36422;0;0;0x0000;02 Illegal Data Address
36423;0;0;0x0000;02 Illegal Data Address
36424;0;0;0x0000;02 Illegal Data Address
36425;0;0;0x0000;02 Illegal Data Address
36426;0;0;0x0000;02 Illegal Data Address
36427;0;0;0x0000;02 Illegal Data Address
36428;0;0;0x0000;02 Illegal Data Address
36429;0;0;0x0000;02 Illegal Data Address
36430;0;0;0x0000;02 Illegal Data Address
36431;0;0;0x0000;02 Illegal Data Address
36432;0;0;0x0000;02 Illegal Data Address
36433;0;0;0x0000;02 Illegal Data Address
36434;0;0;0x0000;02 Illegal Data Address
36435;0;0;0x0000;02 Illegal Data Address
36436;0;0;0x0000;02 Illegal Data Address
36437;0;0;0x0000;02 Illegal Data Address
36438;0;0;0x0000;02 Illegal Data Address
36439;0;0;0x0000;02 Illegal Data Address
36440;0;0;0x0000;02 Illegal Data Address
36441;0;0;0x0000;02 Illegal Data Address
36442;0;0;0x0000;02 Illegal Data Address
36443;0;0;0x0000;02 Illegal Data Address
36444;0;0;0x0000;02 Illegal Data Address
36445;0;0;0x0000;02 Illegal Data Address
36446;0;0;0x0000;02 Illegal Data Address
36447;0;0;0x0000;02 Illegal Data Address
36448;0;0;0x0000;02 Illegal Data Address
36449;0;0;0x0000;02 Illegal Data Address
36450;0;0;0x0000;02 Illegal Data Address
36451;0;0;0x0000;02 Illegal Data Address
36452;0;0;0x0000;02 Illegal Data Address
36453;0;0;0x0000;02 Illegal Data Address
36454;0;0;0x0000;02 Illegal Data Address
36455;0;0;0x0000;02 Illegal Data Address
36456;0;0;0x0000;02 Illegal Data Address
36457;0;0;0x0000;02 Illegal Data Address
36458;0;0;0x0000;02 Illegal Data Address
36459;0;0;0x0000;02 Illegal Data Address
36460;0;0;0x0000;02 Illegal Data Address
36461;0;0;0x0000;02 Illegal Data Address
36462;0;0;0x0000;02 Illegal Data Address
36463;0;0;0x0000;02 Illegal Data Address
36464;0;0;0x0000;02 Illegal Data Address
36465;0;0;0x0000;02 Illegal Data Address
36466;0;0;0x0000;02 Illegal Data Address
36467;0;0;0x0000;02 Illegal Data Address
36468;0;0;0x0000;02 Illegal Data Address
36469;0;0;0x0000;02 Illegal Data Address
36470;0;0;0x0000;02 Illegal Data Address
36471;0;0;0x0000;02 Illegal Data Address
36472;0;0;0x0000;02 Illegal Data Address
36473;0;0;0x0000;02 Illegal Data Address
36474;0;0;0x0000;02 Illegal Data Address
36475;0;0;0x0000;02 Illegal Data Address
36476;0;0;0x0000;02 Illegal Data Address
36477;0;0;0x0000;02 Illegal Data Address
36478;0;0;0x0000;02 Illegal Data Address
36479;0;0;0x0000;02 Illegal Data Address
36480;0;0;0x0000;02 Illegal Data Address
36481;0;0;0x0000;02 Illegal Data Address
36482;0;0;0x0000;02 Illegal Data Address
36483;0;0;0x0000;02 Illegal Data Address
36484;0;0;0x0000;02 Illegal Data Address
36485;0;0;0x0000;02 Illegal Data Address
36486;0;0;0x0000;02 Illegal Data Address
36487;0;0;0x0000;02 Illegal Data Address
36488;0;0;0x0000;02 Illegal Data Address
36489;0;0;0x0000;02 Illegal Data Address
36490;0;0;0x0000;02 Illegal Data Address
36491;0;0;0x0000;02 Illegal Data Address
36492;0;0;0x0000;02 Illegal Data Address
36493;0;0;0x0000;02 Illegal Data Address
36494;0;0;0x0000;02 Illegal Data Address
36495;0;0;0x0000;02 Illegal Data Address
36496;0;0;0x0000;02 Illegal Data Address
36497;0;0;0x0000;02 Illegal Data Address
36498;0;0;0x0000;02 Illegal Data Address
36499;0;0;0x0000;02 Illegal Data Address
36500;0;0;0x0000;02 Illegal Data Address
36501;0;0;0x0000;02 Illegal Data Address
36502;0;0;0x0000;02 Illegal Data Address
36503;0;0;0x0000;02 Illegal Data Address
36504;0;0;0x0000;02 Illegal Data Address
36505;0;0;0x0000;02 Illegal Data Address
36506;0;0;0x0000;02 Illegal Data Address
36507;0;0;0x0000;02 Illegal Data Address
36508;0;0;0x0000;02 Illegal Data Address
36509;0;0;0x0000;02 Illegal Data Address
36510;0;0;0x0000;02 Illegal Data Address
36511;0;0;0x0000;02 Illegal Data Address
36512;0;0;0x0000;02 Illegal Data Address
36513;0;0;0x0000;02 Illegal Data Address
36514;0;0;0x0000;02 Illegal Data Address
36515;0;0;0x0000;02 Illegal Data Address
36516;0;0;0x0000;02 Illegal Data Address
36517;0;0;0x0000;02 Illegal Data Address
36518;0;0;0x0000;02 Illegal Data Address
36519;0;0;0x0000;02 Illegal Data Address
36520;0;0;0x0000;02 Illegal Data Address
36521;0;0;0x0000;02 Illegal Data Address
36522;0;0;0x0000;02 Illegal Data Address
36523;0;0;0x0000;02 Illegal Data Address
36524;0;0;0x0000;02 Illegal Data Address
36525;0;0;0x0000;02 Illegal Data Address
36526;0;0;0x0000;02 Illegal Data Address
36527;0;0;0x0000;02 Illegal Data Address
36528;0;0;0x0000;02 Illegal Data Address
36529;0;0;0x0000;02 Illegal Data Address
36530;0;0;0x0000;02 Illegal Data Address
36531;0;0;0x0000;02 Illegal Data Address
36532;0;0;0x0000;02 Illegal Data Address
36533;0;0;0x0000;02 Illegal Data Address
36534;0;0;0x0000;02 Illegal Data Address
36535;0;0;0x0000;02 Illegal Data Address
36536;0;0;0x0000;02 Illegal Data Address
36537;0;0;0x0000;02 Illegal Data Address
36538;0;0;0x0000;02 Illegal Data Address
36539;0;0;0x0000;02 Illegal Data Address
36540;0;0;0x0000;02 Illegal Data Address
36541;0;0;0x0000;02 Illegal Data Address
36542;0;0;0x0000;02 Illegal Data Address
36543;0;0;0x0000;02 Illegal Data Address
36544;0;0;0x0000;02 Illegal Data Address
36545;0;0;0x0000;02 Illegal Data Address
36546;0;0;0x0000;02 Illegal Data Address
36547;0;0;0x0000;02 Illegal Data Address
36548;0;0;0x0000;02 Illegal Data Address
36549;0;0;0x0000;02 Illegal Data Address
36550;0;0;0x0000;02 Illegal Data Address
36551;0;0;0x0000;02 Illegal Data Address
36552;0;0;0x0000;02 Illegal Data Address
36553;0;0;0x0000;02 Illegal Data Address
36554;0;0;0x0000;02 Illegal Data Address
36555;0;0;0x0000;02 Illegal Data Address
36556;0;0;0x0000;02 Illegal Data Address
36557;0;0;0x0000;02 Illegal Data Address
36558;0;0;0x0000;02 Illegal Data Address
36559;0;0;0x0000;02 Illegal Data Address
36560;0;0;0x0000;02 Illegal Data Address
36561;0;0;0x0000;02 Illegal Data Address
36562;0;0;0x0000;02 Illegal Data Address
36563;0;0;0x0000;02 Illegal Data Address
36564;0;0;0x0000;02 Illegal Data Address
36565;0;0;0x0000;02 Illegal Data Address
36566;0;0;0x0000;02 Illegal Data Address
36567;0;0;0x0000;02 Illegal Data Address
36568;0;0;0x0000;02 Illegal Data Address
36569;0;0;0x0000;02 Illegal Data Address
36570;0;0;0x0000;02 Illegal Data Address
36571;0;0;0x0000;02 Illegal Data Address
36572;0;0;0x0000;02 Illegal Data Address
36573;0;0;0x0000;02 Illegal Data Address
36574;0;0;0x0000;02 Illegal Data Address
36575;0;0;0x0000;02 Illegal Data Address
36576;0;0;0x0000;02 Illegal Data Address
36577;0;0;0x0000;02 Illegal Data Address
36578;0;0;0x0000;02 Illegal Data Address
36579;0;0;0x0000;02 Illegal Data Address
36580;0;0;0x0000;02 Illegal Data Address
36581;0;0;0x0000;02 Illegal Data Address
36582;0;0;0x0000;02 Illegal Data Address
36583;0;0;0x0000;02 Illegal Data Address
36584;0;0;0x0000;02 Illegal Data Address
36585;0;0;0x0000;02 Illegal Data Address
36586;0;0;0x0000;02 Illegal Data Address
36587;0;0;0x0000;02 Illegal Data Address
36588;0;0;0x0000;02 Illegal Data Address
36589;0;0;0x0000;02 Illegal Data Address
36590;0;0;0x0000;02 Illegal Data Address
36591;0;0;0x0000;02 Illegal Data Address
36592;0;0;0x0000;02 Illegal Data Address
36593;0;0;0x0000;02 Illegal Data Address
36594;0;0;0x0000;02 Illegal Data Address
36595;0;0;0x0000;02 Illegal Data Address
36596;0;0;0x0000;02 Illegal Data Address
36597;0;0;0x0000;02 Illegal Data Address
36598;0;0;0x0000;02 Illegal Data Address
36599;0;0;0x0000;02 Illegal Data Address
36600;0;0;0x0000;02 Illegal Data Address
36601;0;0;0x0000;02 Illegal Data Address
36602;0;0;0x0000;02 Illegal Data Address
36603;0;0;0x0000;02 Illegal Data Address
36604;0;0;0x0000;02 Illegal Data Address
36605;0;0;0x0000;02 Illegal Data Address
36606;0;0;0x0000;02 Illegal Data Address
36607;0;0;0x0000;02 Illegal Data Address
36608;0;0;0x0000;02 Illegal Data Address
36609;0;0;0x0000;02 Illegal Data Address
36610;0;0;0x0000;02 Illegal Data Address
36611;0;0;0x0000;02 Illegal Data Address
36612;0;0;0x0000;02 Illegal Data Address
36613;0;0;0x0000;02 Illegal Data Address
36614;0;0;0x0000;02 Illegal Data Address
36615;0;0;0x0000;02 Illegal Data Address
36616;0;0;0x0000;02 Illegal Data Address
36617;0;0;0x0000;02 Illegal Data Address
36618;0;0;0x0000;02 Illegal Data Address
36619;0;0;0x0000;02 Illegal Data Address
36620;0;0;0x0000;02 Illegal Data Address
36621;0;0;0x0000;02 Illegal Data Address
36622;0;0;0x0000;02 Illegal Data Address
36623;0;0;0x0000;02 Illegal Data Address
36624;0;0;0x0000;02 Illegal Data Address
36625;0;0;0x0000;02 Illegal Data Address
36626;0;0;0x0000;02 Illegal Data Address
36627;0;0;0x0000;02 Illegal Data Address
36628;0;0;0x0000;02 Illegal Data Address
36629;0;0;0x0000;02 Illegal Data Address
36630;0;0;0x0000;02 Illegal Data Address
36631;0;0;0x0000;02 Illegal Data Address
36632;0;0;0x0000;02 Illegal Data Address
36633;0;0;0x0000;02 Illegal Data Address
36634;0;0;0x0000;02 Illegal Data Address
36635;0;0;0x0000;02 Illegal Data Address
36636;0;0;0x0000;02 Illegal Data Address
36637;0;0;0x0000;02 Illegal Data Address
36638;0;0;0x0000;02 Illegal Data Address
36639;0;0;0x0000;02 Illegal Data Address
36640;0;0;0x0000;02 Illegal Data Address
36641;0;0;0x0000;02 Illegal Data Address
36642;0;0;0x0000;02 Illegal Data Address
36643;0;0;0x0000;02 Illegal Data Address
36644;0;0;0x0000;02 Illegal Data Address
36645;0;0;0x0000;02 Illegal Data Address
36646;0;0;0x0000;02 Illegal Data Address
36647;0;0;0x0000;02 Illegal Data Address
36648;0;0;0x0000;02 Illegal Data Address
36649;0;0;0x0000;02 Illegal Data Address
36650;0;0;0x0000;02 Illegal Data Address
36651;0;0;0x0000;02 Illegal Data Address
36652;0;0;0x0000;02 Illegal Data Address
36653;0;0;0x0000;02 Illegal Data Address
36654;0;0;0x0000;02 Illegal Data Address
36655;0;0;0x0000;02 Illegal Data Address
36656;0;0;0x0000;02 Illegal Data Address
36657;0;0;0x0000;02 Illegal Data Address
36658;0;0;0x0000;02 Illegal Data Address
36659;0;0;0x0000;02 Illegal Data Address
36660;0;0;0x0000;02 Illegal Data Address
36661;0;0;0x0000;02 Illegal Data Address
36662;0;0;0x0000;02 Illegal Data Address
36663;0;0;0x0000;02 Illegal Data Address
36664;0;0;0x0000;02 Illegal Data Address
36665;0;0;0x0000;02 Illegal Data Address
36666;0;0;0x0000;02 Illegal Data Address
36667;0;0;0x0000;02 Illegal Data Address
36668;0;0;0x0000;02 Illegal Data Address
36669;0;0;0x0000;02 Illegal Data Address
36670;0;0;0x0000;02 Illegal Data Address
36671;0;0;0x0000;02 Illegal Data Address
36672;0;0;0x0000;02 Illegal Data Address
36673;0;0;0x0000;02 Illegal Data Address
36674;0;0;0x0000;02 Illegal Data Address
36675;0;0;0x0000;02 Illegal Data Address
36676;0;0;0x0000;02 Illegal Data Address
36677;0;0;0x0000;02 Illegal Data Address
36678;0;0;0x0000;02 Illegal Data Address
36679;0;0;0x0000;02 Illegal Data Address
36680;0;0;0x0000;02 Illegal Data Address
36681;0;0;0x0000;02 Illegal Data Address
36682;0;0;0x0000;02 Illegal Data Address
36683;0;0;0x0000;02 Illegal Data Address
36684;0;0;0x0000;02 Illegal Data Address
36685;0;0;0x0000;02 Illegal Data Address
36686;0;0;0x0000;02 Illegal Data Address
36687;0;0;0x0000;02 Illegal Data Address
36688;0;0;0x0000;02 Illegal Data Address
36689;0;0;0x0000;02 Illegal Data Address
36690;0;0;0x0000;02 Illegal Data Address
36691;0;0;0x0000;02 Illegal Data Address
36692;0;0;0x0000;02 Illegal Data Address
36693;0;0;0x0000;02 Illegal Data Address
36694;0;0;0x0000;02 Illegal Data Address
36695;0;0;0x0000;02 Illegal Data Address
36696;0;0;0x0000;02 Illegal Data Address
36697;0;0;0x0000;02 Illegal Data Address
36698;0;0;0x0000;02 Illegal Data Address
36699;0;0;0x0000;02 Illegal Data Address
36700;0;0;0x0000;02 Illegal Data Address
36701;0;0;0x0000;02 Illegal Data Address
36702;0;0;0x0000;02 Illegal Data Address
36703;0;0;0x0000;02 Illegal Data Address
36704;0;0;0x0000;02 Illegal Data Address
36705;0;0;0x0000;02 Illegal Data Address
36706;0;0;0x0000;02 Illegal Data Address
36707;0;0;0x0000;02 Illegal Data Address
36708;0;0;0x0000;02 Illegal Data Address
36709;0;0;0x0000;02 Illegal Data Address
36710;0;0;0x0000;02 Illegal Data Address
36711;0;0;0x0000;02 Illegal Data Address
36712;0;0;0x0000;02 Illegal Data Address
36713;0;0;0x0000;02 Illegal Data Address
36714;0;0;0x0000;02 Illegal Data Address
36715;0;0;0x0000;02 Illegal Data Address
36716;0;0;0x0000;02 Illegal Data Address
36717;0;0;0x0000;02 Illegal Data Address
36718;0;0;0x0000;02 Illegal Data Address
36719;0;0;0x0000;02 Illegal Data Address
36720;0;0;0x0000;02 Illegal Data Address
36721;0;0;0x0000;02 Illegal Data Address
36722;0;0;0x0000;02 Illegal Data Address
36723;0;0;0x0000;02 Illegal Data Address
36724;0;0;0x0000;02 Illegal Data Address
36725;0;0;0x0000;02 Illegal Data Address
36726;0;0;0x0000;02 Illegal Data Address
36727;0;0;0x0000;02 Illegal Data Address
36728;0;0;0x0000;02 Illegal Data Address
36729;0;0;0x0000;02 Illegal Data Address
36730;0;0;0x0000;02 Illegal Data Address
36731;0;0;0x0000;02 Illegal Data Address
36732;0;0;0x0000;02 Illegal Data Address
36733;0;0;0x0000;02 Illegal Data Address
36734;0;0;0x0000;02 Illegal Data Address
36735;0;0;0x0000;02 Illegal Data Address
36736;0;0;0x0000;02 Illegal Data Address
36737;0;0;0x0000;02 Illegal Data Address
36738;0;0;0x0000;02 Illegal Data Address
36739;0;0;0x0000;02 Illegal Data Address
36740;0;0;0x0000;02 Illegal Data Address
36741;0;0;0x0000;02 Illegal Data Address
36742;0;0;0x0000;02 Illegal Data Address
36743;0;0;0x0000;02 Illegal Data Address
36744;0;0;0x0000;02 Illegal Data Address
36745;0;0;0x0000;02 Illegal Data Address
36746;0;0;0x0000;02 Illegal Data Address
36747;0;0;0x0000;02 Illegal Data Address
36748;0;0;0x0000;02 Illegal Data Address
36749;0;0;0x0000;02 Illegal Data Address
36750;0;0;0x0000;02 Illegal Data Address
36751;0;0;0x0000;02 Illegal Data Address
36752;0;0;0x0000;02 Illegal Data Address
36753;0;0;0x0000;02 Illegal Data Address
36754;0;0;0x0000;02 Illegal Data Address
36755;0;0;0x0000;02 Illegal Data Address
36756;0;0;0x0000;02 Illegal Data Address
36757;0;0;0x0000;02 Illegal Data Address
36758;0;0;0x0000;02 Illegal Data Address
36759;0;0;0x0000;02 Illegal Data Address
36760;0;0;0x0000;02 Illegal Data Address
36761;0;0;0x0000;02 Illegal Data Address
36762;0;0;0x0000;02 Illegal Data Address
36763;0;0;0x0000;02 Illegal Data Address
36764;0;0;0x0000;02 Illegal Data Address
36765;0;0;0x0000;02 Illegal Data Address
36766;0;0;0x0000;02 Illegal Data Address
36767;0;0;0x0000;02 Illegal Data Address
36768;0;0;0x0000;02 Illegal Data Address
36769;0;0;0x0000;02 Illegal Data Address
36770;0;0;0x0000;02 Illegal Data Address
36771;0;0;0x0000;02 Illegal Data Address
36772;0;0;0x0000;02 Illegal Data Address
36773;0;0;0x0000;02 Illegal Data Address
36774;0;0;0x0000;02 Illegal Data Address
36775;0;0;0x0000;02 Illegal Data Address
36776;0;0;0x0000;02 Illegal Data Address
36777;0;0;0x0000;02 Illegal Data Address
36778;0;0;0x0000;02 Illegal Data Address
36779;0;0;0x0000;02 Illegal Data Address
36780;0;0;0x0000;02 Illegal Data Address
36781;0;0;0x0000;02 Illegal Data Address
36782;0;0;0x0000;02 Illegal Data Address
36783;0;0;0x0000;02 Illegal Data Address
36784;0;0;0x0000;02 Illegal Data Address
36785;0;0;0x0000;02 Illegal Data Address
36786;0;0;0x0000;02 Illegal Data Address
36787;0;0;0x0000;02 Illegal Data Address
36788;0;0;0x0000;02 Illegal Data Address
36789;0;0;0x0000;02 Illegal Data Address
36790;0;0;0x0000;02 Illegal Data Address
36791;0;0;0x0000;02 Illegal Data Address
36792;0;0;0x0000;02 Illegal Data Address
36793;0;0;0x0000;02 Illegal Data Address
36794;0;0;0x0000;02 Illegal Data Address
36795;0;0;0x0000;02 Illegal Data Address
36796;0;0;0x0000;02 Illegal Data Address
36797;0;0;0x0000;02 Illegal Data Address
36798;0;0;0x0000;02 Illegal Data Address
36799;0;0;0x0000;02 Illegal Data Address
36800;0;0;0x0000;02 Illegal Data Address
36801;0;0;0x0000;02 Illegal Data Address
36802;0;0;0x0000;02 Illegal Data Address
36803;0;0;0x0000;02 Illegal Data Address
36804;0;0;0x0000;02 Illegal Data Address
36805;0;0;0x0000;02 Illegal Data Address
36806;0;0;0x0000;02 Illegal Data Address
36807;0;0;0x0000;02 Illegal Data Address
36808;0;0;0x0000;02 Illegal Data Address
36809;0;0;0x0000;02 Illegal Data Address
36810;0;0;0x0000;02 Illegal Data Address
36811;0;0;0x0000;02 Illegal Data Address
36812;0;0;0x0000;02 Illegal Data Address
36813;0;0;0x0000;02 Illegal Data Address
36814;0;0;0x0000;02 Illegal Data Address
36815;0;0;0x0000;02 Illegal Data Address
36816;0;0;0x0000;02 Illegal Data Address
36817;0;0;0x0000;02 Illegal Data Address
36818;0;0;0x0000;02 Illegal Data Address
36819;0;0;0x0000;02 Illegal Data Address
36820;0;0;0x0000;02 Illegal Data Address
36821;0;0;0x0000;02 Illegal Data Address
36822;0;0;0x0000;02 Illegal Data Address
36823;0;0;0x0000;02 Illegal Data Address
36824;0;0;0x0000;02 Illegal Data Address
36825;0;0;0x0000;02 Illegal Data Address
36826;0;0;0x0000;02 Illegal Data Address
36827;0;0;0x0000;02 Illegal Data Address
36828;0;0;0x0000;02 Illegal Data Address
36829;0;0;0x0000;02 Illegal Data Address
36830;0;0;0x0000;02 Illegal Data Address
36831;0;0;0x0000;02 Illegal Data Address
36832;0;0;0x0000;02 Illegal Data Address
36833;0;0;0x0000;02 Illegal Data Address
36834;0;0;0x0000;02 Illegal Data Address
36835;0;0;0x0000;02 Illegal Data Address
36836;0;0;0x0000;02 Illegal Data Address
36837;0;0;0x0000;02 Illegal Data Address
36838;0;0;0x0000;02 Illegal Data Address
36839;0;0;0x0000;02 Illegal Data Address
36840;0;0;0x0000;02 Illegal Data Address
36841;0;0;0x0000;02 Illegal Data Address
36842;0;0;0x0000;02 Illegal Data Address
36843;0;0;0x0000;02 Illegal Data Address
36844;0;0;0x0000;02 Illegal Data Address
36845;0;0;0x0000;02 Illegal Data Address
36846;0;0;0x0000;02 Illegal Data Address
36847;0;0;0x0000;02 Illegal Data Address
36848;0;0;0x0000;02 Illegal Data Address
36849;0;0;0x0000;02 Illegal Data Address
36850;0;0;0x0000;02 Illegal Data Address
36851;0;0;0x0000;02 Illegal Data Address
36852;0;0;0x0000;02 Illegal Data Address
36853;0;0;0x0000;02 Illegal Data Address
36854;0;0;0x0000;02 Illegal Data Address
36855;0;0;0x0000;02 Illegal Data Address
36856;0;0;0x0000;02 Illegal Data Address
36857;0;0;0x0000;02 Illegal Data Address
36858;0;0;0x0000;02 Illegal Data Address
36859;0;0;0x0000;02 Illegal Data Address
36860;0;0;0x0000;02 Illegal Data Address
36861;0;0;0x0000;02 Illegal Data Address
36862;0;0;0x0000;02 Illegal Data Address
36863;0;0;0x0000;02 Illegal Data Address
36864;0;0;0x0000;02 Illegal Data Address
36865;0;0;0x0000;02 Illegal Data Address
36866;0;0;0x0000;02 Illegal Data Address
36867;0;0;0x0000;02 Illegal Data Address
36868;0;0;0x0000;02 Illegal Data Address
36869;0;0;0x0000;02 Illegal Data Address
36870;0;0;0x0000;02 Illegal Data Address
36871;0;0;0x0000;02 Illegal Data Address
36872;0;0;0x0000;02 Illegal Data Address
36873;0;0;0x0000;02 Illegal Data Address
36874;0;0;0x0000;02 Illegal Data Address
36875;0;0;0x0000;02 Illegal Data Address
36876;0;0;0x0000;02 Illegal Data Address
36877;0;0;0x0000;02 Illegal Data Address
36878;0;0;0x0000;02 Illegal Data Address
36879;0;0;0x0000;02 Illegal Data Address
36880;0;0;0x0000;02 Illegal Data Address
36881;0;0;0x0000;02 Illegal Data Address
36882;0;0;0x0000;02 Illegal Data Address
36883;0;0;0x0000;02 Illegal Data Address
36884;0;0;0x0000;02 Illegal Data Address
36885;0;0;0x0000;02 Illegal Data Address
36886;0;0;0x0000;02 Illegal Data Address
36887;0;0;0x0000;02 Illegal Data Address
36888;0;0;0x0000;02 Illegal Data Address
36889;0;0;0x0000;02 Illegal Data Address
36890;0;0;0x0000;02 Illegal Data Address
36891;0;0;0x0000;02 Illegal Data Address
36892;0;0;0x0000;02 Illegal Data Address
36893;0;0;0x0000;02 Illegal Data Address
36894;0;0;0x0000;02 Illegal Data Address
36895;0;0;0x0000;02 Illegal Data Address
36896;0;0;0x0000;02 Illegal Data Address
36897;0;0;0x0000;02 Illegal Data Address
36898;0;0;0x0000;02 Illegal Data Address
36899;0;0;0x0000;02 Illegal Data Address
36900;0;0;0x0000;02 Illegal Data Address
36901;0;0;0x0000;02 Illegal Data Address
36902;0;0;0x0000;02 Illegal Data Address
36903;0;0;0x0000;02 Illegal Data Address
36904;0;0;0x0000;02 Illegal Data Address
36905;0;0;0x0000;02 Illegal Data Address
36906;0;0;0x0000;02 Illegal Data Address
36907;0;0;0x0000;02 Illegal Data Address
36908;0;0;0x0000;02 Illegal Data Address
36909;0;0;0x0000;02 Illegal Data Address
36910;0;0;0x0000;02 Illegal Data Address
36911;0;0;0x0000;02 Illegal Data Address
36912;0;0;0x0000;02 Illegal Data Address
36913;0;0;0x0000;02 Illegal Data Address
36914;0;0;0x0000;02 Illegal Data Address
36915;0;0;0x0000;02 Illegal Data Address
36916;0;0;0x0000;02 Illegal Data Address
36917;0;0;0x0000;02 Illegal Data Address
36918;0;0;0x0000;02 Illegal Data Address
36919;0;0;0x0000;02 Illegal Data Address
36920;0;0;0x0000;02 Illegal Data Address
36921;0;0;0x0000;02 Illegal Data Address
36922;0;0;0x0000;02 Illegal Data Address
36923;0;0;0x0000;02 Illegal Data Address
36924;0;0;0x0000;02 Illegal Data Address
36925;0;0;0x0000;02 Illegal Data Address
36926;0;0;0x0000;02 Illegal Data Address
36927;0;0;0x0000;02 Illegal Data Address
36928;0;0;0x0000;02 Illegal Data Address
36929;0;0;0x0000;02 Illegal Data Address
36930;0;0;0x0000;02 Illegal Data Address
36931;0;0;0x0000;02 Illegal Data Address
36932;0;0;0x0000;02 Illegal Data Address
36933;0;0;0x0000;02 Illegal Data Address
36934;0;0;0x0000;02 Illegal Data Address
36935;0;0;0x0000;02 Illegal Data Address
36936;0;0;0x0000;02 Illegal Data Address
36937;0;0;0x0000;02 Illegal Data Address
36938;0;0;0x0000;02 Illegal Data Address
36939;0;0;0x0000;02 Illegal Data Address
36940;0;0;0x0000;02 Illegal Data Address
36941;0;0;0x0000;02 Illegal Data Address
36942;0;0;0x0000;02 Illegal Data Address
36943;0;0;0x0000;02 Illegal Data Address
36944;0;0;0x0000;02 Illegal Data Address
36945;0;0;0x0000;02 Illegal Data Address
36946;0;0;0x0000;02 Illegal Data Address
36947;0;0;0x0000;02 Illegal Data Address
36948;0;0;0x0000;02 Illegal Data Address
36949;0;0;0x0000;02 Illegal Data Address
36950;0;0;0x0000;02 Illegal Data Address
36951;0;0;0x0000;02 Illegal Data Address
36952;0;0;0x0000;02 Illegal Data Address
36953;0;0;0x0000;02 Illegal Data Address
36954;0;0;0x0000;02 Illegal Data Address
36955;0;0;0x0000;02 Illegal Data Address
36956;0;0;0x0000;02 Illegal Data Address
36957;0;0;0x0000;02 Illegal Data Address
36958;0;0;0x0000;02 Illegal Data Address
36959;0;0;0x0000;02 Illegal Data Address
36960;0;0;0x0000;02 Illegal Data Address
36961;0;0;0x0000;02 Illegal Data Address
36962;0;0;0x0000;02 Illegal Data Address
36963;0;0;0x0000;02 Illegal Data Address
36964;0;0;0x0000;02 Illegal Data Address
36965;0;0;0x0000;02 Illegal Data Address
36966;0;0;0x0000;02 Illegal Data Address
36967;0;0;0x0000;02 Illegal Data Address
36968;0;0;0x0000;02 Illegal Data Address
36969;0;0;0x0000;02 Illegal Data Address
36970;0;0;0x0000;02 Illegal Data Address
36971;0;0;0x0000;02 Illegal Data Address
36972;0;0;0x0000;02 Illegal Data Address
36973;0;0;0x0000;02 Illegal Data Address
36974;0;0;0x0000;02 Illegal Data Address
36975;0;0;0x0000;02 Illegal Data Address
36976;0;0;0x0000;02 Illegal Data Address
36977;0;0;0x0000;02 Illegal Data Address
36978;0;0;0x0000;02 Illegal Data Address
36979;0;0;0x0000;02 Illegal Data Address
36980;0;0;0x0000;02 Illegal Data Address
36981;0;0;0x0000;02 Illegal Data Address
36982;0;0;0x0000;02 Illegal Data Address
36983;0;0;0x0000;02 Illegal Data Address
36984;0;0;0x0000;02 Illegal Data Address
36985;0;0;0x0000;02 Illegal Data Address
36986;0;0;0x0000;02 Illegal Data Address
36987;0;0;0x0000;02 Illegal Data Address
36988;0;0;0x0000;02 Illegal Data Address
36989;0;0;0x0000;02 Illegal Data Address
36990;0;0;0x0000;02 Illegal Data Address
36991;0;0;0x0000;02 Illegal Data Address
36992;0;0;0x0000;02 Illegal Data Address
36993;0;0;0x0000;02 Illegal Data Address
36994;0;0;0x0000;02 Illegal Data Address
36995;0;0;0x0000;02 Illegal Data Address
36996;0;0;0x0000;02 Illegal Data Address
36997;0;0;0x0000;02 Illegal Data Address
36998;0;0;0x0000;02 Illegal Data Address
36999;0;0;0x0000;02 Illegal Data Address
37000;0;0;0x0000;02 Illegal Data Address
37001;0;0;0x0000;02 Illegal Data Address
37002;0;0;0x0000;02 Illegal Data Address
37003;0;0;0x0000;02 Illegal Data Address
37004;0;0;0x0000;02 Illegal Data Address
37005;0;0;0x0000;02 Illegal Data Address
37006;0;0;0x0000;02 Illegal Data Address
37007;0;0;0x0000;02 Illegal Data Address
37008;0;0;0x0000;02 Illegal Data Address
37009;0;0;0x0000;02 Illegal Data Address
37010;0;0;0x0000;02 Illegal Data Address
37011;0;0;0x0000;02 Illegal Data Address
37012;0;0;0x0000;02 Illegal Data Address
37013;0;0;0x0000;02 Illegal Data Address
37014;0;0;0x0000;02 Illegal Data Address
37015;0;0;0x0000;02 Illegal Data Address
37016;0;0;0x0000;02 Illegal Data Address
37017;0;0;0x0000;02 Illegal Data Address
37018;0;0;0x0000;02 Illegal Data Address
37019;0;0;0x0000;02 Illegal Data Address
37020;0;0;0x0000;02 Illegal Data Address
37021;0;0;0x0000;02 Illegal Data Address
37022;0;0;0x0000;02 Illegal Data Address
37023;0;0;0x0000;02 Illegal Data Address
37024;0;0;0x0000;02 Illegal Data Address
37025;0;0;0x0000;02 Illegal Data Address
37026;0;0;0x0000;02 Illegal Data Address
37027;0;0;0x0000;02 Illegal Data Address
37028;0;0;0x0000;02 Illegal Data Address
37029;0;0;0x0000;02 Illegal Data Address
37030;0;0;0x0000;02 Illegal Data Address
37031;0;0;0x0000;02 Illegal Data Address
37032;0;0;0x0000;02 Illegal Data Address
37033;0;0;0x0000;02 Illegal Data Address
37034;0;0;0x0000;02 Illegal Data Address
37035;0;0;0x0000;02 Illegal Data Address
37036;0;0;0x0000;02 Illegal Data Address
37037;0;0;0x0000;02 Illegal Data Address
37038;0;0;0x0000;02 Illegal Data Address
37039;0;0;0x0000;02 Illegal Data Address
37040;0;0;0x0000;02 Illegal Data Address
37041;0;0;0x0000;02 Illegal Data Address
37042;0;0;0x0000;02 Illegal Data Address
37043;0;0;0x0000;02 Illegal Data Address
37044;0;0;0x0000;02 Illegal Data Address
37045;0;0;0x0000;02 Illegal Data Address
37046;0;0;0x0000;02 Illegal Data Address
37047;0;0;0x0000;02 Illegal Data Address
37048;0;0;0x0000;02 Illegal Data Address
37049;0;0;0x0000;02 Illegal Data Address
37050;0;0;0x0000;02 Illegal Data Address
37051;0;0;0x0000;02 Illegal Data Address
37052;0;0;0x0000;02 Illegal Data Address
37053;0;0;0x0000;02 Illegal Data Address
37054;0;0;0x0000;02 Illegal Data Address
37055;0;0;0x0000;02 Illegal Data Address
37056;0;0;0x0000;02 Illegal Data Address
37057;0;0;0x0000;02 Illegal Data Address
37058;0;0;0x0000;02 Illegal Data Address
37059;0;0;0x0000;02 Illegal Data Address
37060;0;0;0x0000;02 Illegal Data Address
37061;0;0;0x0000;02 Illegal Data Address
37062;0;0;0x0000;02 Illegal Data Address
37063;0;0;0x0000;02 Illegal Data Address
37064;0;0;0x0000;02 Illegal Data Address
37065;0;0;0x0000;02 Illegal Data Address
37066;0;0;0x0000;02 Illegal Data Address
37067;0;0;0x0000;02 Illegal Data Address
37068;0;0;0x0000;02 Illegal Data Address
37069;0;0;0x0000;02 Illegal Data Address
37070;0;0;0x0000;02 Illegal Data Address
37071;0;0;0x0000;02 Illegal Data Address
37072;0;0;0x0000;02 Illegal Data Address
37073;0;0;0x0000;02 Illegal Data Address
37074;0;0;0x0000;02 Illegal Data Address
37075;0;0;0x0000;02 Illegal Data Address
37076;0;0;0x0000;02 Illegal Data Address
37077;0;0;0x0000;02 Illegal Data Address
37078;0;0;0x0000;02 Illegal Data Address
37079;0;0;0x0000;02 Illegal Data Address
37080;0;0;0x0000;02 Illegal Data Address
37081;0;0;0x0000;02 Illegal Data Address
37082;0;0;0x0000;02 Illegal Data Address
37083;0;0;0x0000;02 Illegal Data Address
37084;0;0;0x0000;02 Illegal Data Address
37085;0;0;0x0000;02 Illegal Data Address
37086;0;0;0x0000;02 Illegal Data Address
37087;0;0;0x0000;02 Illegal Data Address
37088;0;0;0x0000;02 Illegal Data Address
37089;0;0;0x0000;02 Illegal Data Address
37090;0;0;0x0000;02 Illegal Data Address
37091;0;0;0x0000;02 Illegal Data Address
37092;0;0;0x0000;02 Illegal Data Address
37093;0;0;0x0000;02 Illegal Data Address
37094;0;0;0x0000;02 Illegal Data Address
37095;0;0;0x0000;02 Illegal Data Address
37096;0;0;0x0000;02 Illegal Data Address
37097;0;0;0x0000;02 Illegal Data Address
37098;0;0;0x0000;02 Illegal Data Address
37099;0;0;0x0000;02 Illegal Data Address
37100;0;0;0x0000;02 Illegal Data Address
37101;0;0;0x0000;02 Illegal Data Address
37102;0;0;0x0000;02 Illegal Data Address
37103;0;0;0x0000;02 Illegal Data Address
37104;0;0;0x0000;02 Illegal Data Address
37105;0;0;0x0000;02 Illegal Data Address
37106;0;0;0x0000;02 Illegal Data Address
37107;0;0;0x0000;02 Illegal Data Address
37108;0;0;0x0000;02 Illegal Data Address
37109;0;0;0x0000;02 Illegal Data Address
37110;0;0;0x0000;02 Illegal Data Address
37111;0;0;0x0000;02 Illegal Data Address
37112;0;0;0x0000;02 Illegal Data Address
37113;0;0;0x0000;02 Illegal Data Address
37114;0;0;0x0000;02 Illegal Data Address
37115;0;0;0x0000;02 Illegal Data Address
37116;0;0;0x0000;02 Illegal Data Address
37117;0;0;0x0000;02 Illegal Data Address
37118;0;0;0x0000;02 Illegal Data Address
37119;0;0;0x0000;02 Illegal Data Address
37120;0;0;0x0000;02 Illegal Data Address
37121;0;0;0x0000;02 Illegal Data Address
37122;0;0;0x0000;02 Illegal Data Address
37123;0;0;0x0000;02 Illegal Data Address
37124;0;0;0x0000;02 Illegal Data Address
37125;0;0;0x0000;02 Illegal Data Address
37126;0;0;0x0000;02 Illegal Data Address
37127;0;0;0x0000;02 Illegal Data Address
37128;0;0;0x0000;02 Illegal Data Address
37129;0;0;0x0000;02 Illegal Data Address
37130;0;0;0x0000;02 Illegal Data Address
37131;0;0;0x0000;02 Illegal Data Address
37132;0;0;0x0000;02 Illegal Data Address
37133;0;0;0x0000;02 Illegal Data Address
37134;0;0;0x0000;02 Illegal Data Address
37135;0;0;0x0000;02 Illegal Data Address
37136;0;0;0x0000;02 Illegal Data Address
37137;0;0;0x0000;02 Illegal Data Address
37138;0;0;0x0000;02 Illegal Data Address
37139;0;0;0x0000;02 Illegal Data Address
37140;0;0;0x0000;02 Illegal Data Address
37141;0;0;0x0000;02 Illegal Data Address
37142;0;0;0x0000;02 Illegal Data Address
37143;0;0;0x0000;02 Illegal Data Address
37144;0;0;0x0000;02 Illegal Data Address
37145;0;0;0x0000;02 Illegal Data Address
37146;0;0;0x0000;02 Illegal Data Address
37147;0;0;0x0000;02 Illegal Data Address
37148;0;0;0x0000;02 Illegal Data Address
37149;0;0;0x0000;02 Illegal Data Address
37150;0;0;0x0000;02 Illegal Data Address
37151;0;0;0x0000;02 Illegal Data Address
37152;0;0;0x0000;02 Illegal Data Address
37153;0;0;0x0000;02 Illegal Data Address
37154;0;0;0x0000;02 Illegal Data Address
37155;0;0;0x0000;02 Illegal Data Address
37156;0;0;0x0000;02 Illegal Data Address
37157;0;0;0x0000;02 Illegal Data Address
37158;0;0;0x0000;02 Illegal Data Address
37159;0;0;0x0000;02 Illegal Data Address
37160;0;0;0x0000;02 Illegal Data Address
37161;0;0;0x0000;02 Illegal Data Address
37162;0;0;0x0000;02 Illegal Data Address
37163;0;0;0x0000;02 Illegal Data Address
37164;0;0;0x0000;02 Illegal Data Address
37165;0;0;0x0000;02 Illegal Data Address
37166;0;0;0x0000;02 Illegal Data Address
37167;0;0;0x0000;02 Illegal Data Address
37168;0;0;0x0000;02 Illegal Data Address
37169;0;0;0x0000;02 Illegal Data Address
37170;0;0;0x0000;02 Illegal Data Address
37171;0;0;0x0000;02 Illegal Data Address
37172;0;0;0x0000;02 Illegal Data Address
37173;0;0;0x0000;02 Illegal Data Address
37174;0;0;0x0000;02 Illegal Data Address
37175;0;0;0x0000;02 Illegal Data Address
37176;0;0;0x0000;02 Illegal Data Address
37177;0;0;0x0000;02 Illegal Data Address
37178;0;0;0x0000;02 Illegal Data Address
37179;0;0;0x0000;02 Illegal Data Address
37180;0;0;0x0000;02 Illegal Data Address
37181;0;0;0x0000;02 Illegal Data Address
37182;0;0;0x0000;02 Illegal Data Address
37183;0;0;0x0000;02 Illegal Data Address
37184;0;0;0x0000;02 Illegal Data Address
37185;0;0;0x0000;02 Illegal Data Address
37186;0;0;0x0000;02 Illegal Data Address
37187;0;0;0x0000;02 Illegal Data Address
37188;0;0;0x0000;02 Illegal Data Address
37189;0;0;0x0000;02 Illegal Data Address
37190;0;0;0x0000;02 Illegal Data Address
37191;0;0;0x0000;02 Illegal Data Address
37192;0;0;0x0000;02 Illegal Data Address
37193;0;0;0x0000;02 Illegal Data Address
37194;0;0;0x0000;02 Illegal Data Address
37195;0;0;0x0000;02 Illegal Data Address
37196;0;0;0x0000;02 Illegal Data Address
37197;0;0;0x0000;02 Illegal Data Address
37198;0;0;0x0000;02 Illegal Data Address
37199;0;0;0x0000;02 Illegal Data Address
37200;0;0;0x0000;02 Illegal Data Address
37201;0;0;0x0000;02 Illegal Data Address
37202;0;0;0x0000;02 Illegal Data Address
37203;0;0;0x0000;02 Illegal Data Address
37204;0;0;0x0000;02 Illegal Data Address
37205;0;0;0x0000;02 Illegal Data Address
37206;0;0;0x0000;02 Illegal Data Address
37207;0;0;0x0000;02 Illegal Data Address
37208;0;0;0x0000;02 Illegal Data Address
37209;0;0;0x0000;02 Illegal Data Address
37210;0;0;0x0000;02 Illegal Data Address
37211;0;0;0x0000;02 Illegal Data Address
37212;0;0;0x0000;02 Illegal Data Address
37213;0;0;0x0000;02 Illegal Data Address
37214;0;0;0x0000;02 Illegal Data Address
37215;0;0;0x0000;02 Illegal Data Address
37216;0;0;0x0000;02 Illegal Data Address
37217;0;0;0x0000;02 Illegal Data Address
37218;0;0;0x0000;02 Illegal Data Address
37219;0;0;0x0000;02 Illegal Data Address
37220;0;0;0x0000;02 Illegal Data Address
37221;0;0;0x0000;02 Illegal Data Address
37222;0;0;0x0000;02 Illegal Data Address
37223;0;0;0x0000;02 Illegal Data Address
37224;0;0;0x0000;02 Illegal Data Address
37225;0;0;0x0000;02 Illegal Data Address
37226;0;0;0x0000;02 Illegal Data Address
37227;0;0;0x0000;02 Illegal Data Address
37228;0;0;0x0000;02 Illegal Data Address
37229;0;0;0x0000;02 Illegal Data Address
37230;0;0;0x0000;02 Illegal Data Address
37231;0;0;0x0000;02 Illegal Data Address
37232;0;0;0x0000;02 Illegal Data Address
37233;0;0;0x0000;02 Illegal Data Address
37234;0;0;0x0000;02 Illegal Data Address
37235;0;0;0x0000;02 Illegal Data Address
37236;0;0;0x0000;02 Illegal Data Address
37237;0;0;0x0000;02 Illegal Data Address
37238;0;0;0x0000;02 Illegal Data Address
37239;0;0;0x0000;02 Illegal Data Address
37240;0;0;0x0000;02 Illegal Data Address
37241;0;0;0x0000;02 Illegal Data Address
37242;0;0;0x0000;02 Illegal Data Address
37243;0;0;0x0000;02 Illegal Data Address
37244;0;0;0x0000;02 Illegal Data Address
37245;0;0;0x0000;02 Illegal Data Address
37246;0;0;0x0000;02 Illegal Data Address
37247;0;0;0x0000;02 Illegal Data Address
37248;0;0;0x0000;02 Illegal Data Address
37249;0;0;0x0000;02 Illegal Data Address
37250;0;0;0x0000;02 Illegal Data Address
37251;0;0;0x0000;02 Illegal Data Address
37252;0;0;0x0000;02 Illegal Data Address
37253;0;0;0x0000;02 Illegal Data Address
37254;0;0;0x0000;02 Illegal Data Address
37255;0;0;0x0000;02 Illegal Data Address
37256;0;0;0x0000;02 Illegal Data Address
37257;0;0;0x0000;02 Illegal Data Address
37258;0;0;0x0000;02 Illegal Data Address
37259;0;0;0x0000;02 Illegal Data Address
37260;0;0;0x0000;02 Illegal Data Address
37261;0;0;0x0000;02 Illegal Data Address
37262;0;0;0x0000;02 Illegal Data Address
37263;0;0;0x0000;02 Illegal Data Address
37264;0;0;0x0000;02 Illegal Data Address
37265;0;0;0x0000;02 Illegal Data Address
37266;0;0;0x0000;02 Illegal Data Address
37267;0;0;0x0000;02 Illegal Data Address
37268;0;0;0x0000;02 Illegal Data Address
37269;0;0;0x0000;02 Illegal Data Address
37270;0;0;0x0000;02 Illegal Data Address
37271;0;0;0x0000;02 Illegal Data Address
37272;0;0;0x0000;02 Illegal Data Address
37273;0;0;0x0000;02 Illegal Data Address
37274;0;0;0x0000;02 Illegal Data Address
37275;0;0;0x0000;02 Illegal Data Address
37276;0;0;0x0000;02 Illegal Data Address
37277;0;0;0x0000;02 Illegal Data Address
37278;0;0;0x0000;02 Illegal Data Address
37279;0;0;0x0000;02 Illegal Data Address
37280;0;0;0x0000;02 Illegal Data Address
37281;0;0;0x0000;02 Illegal Data Address
37282;0;0;0x0000;02 Illegal Data Address
37283;0;0;0x0000;02 Illegal Data Address
37284;0;0;0x0000;02 Illegal Data Address
37285;0;0;0x0000;02 Illegal Data Address
37286;0;0;0x0000;02 Illegal Data Address
37287;0;0;0x0000;02 Illegal Data Address
37288;0;0;0x0000;02 Illegal Data Address
37289;0;0;0x0000;02 Illegal Data Address
37290;0;0;0x0000;02 Illegal Data Address
37291;0;0;0x0000;02 Illegal Data Address
37292;0;0;0x0000;02 Illegal Data Address
37293;0;0;0x0000;02 Illegal Data Address
37294;0;0;0x0000;02 Illegal Data Address
37295;0;0;0x0000;02 Illegal Data Address
37296;0;0;0x0000;02 Illegal Data Address
37297;0;0;0x0000;02 Illegal Data Address
37298;0;0;0x0000;02 Illegal Data Address
37299;0;0;0x0000;02 Illegal Data Address
37300;0;0;0x0000;02 Illegal Data Address
37301;0;0;0x0000;02 Illegal Data Address
37302;0;0;0x0000;02 Illegal Data Address
37303;0;0;0x0000;02 Illegal Data Address
37304;0;0;0x0000;02 Illegal Data Address
37305;0;0;0x0000;02 Illegal Data Address
37306;0;0;0x0000;02 Illegal Data Address
37307;0;0;0x0000;02 Illegal Data Address
37308;0;0;0x0000;02 Illegal Data Address
37309;0;0;0x0000;02 Illegal Data Address
37310;0;0;0x0000;02 Illegal Data Address
37311;0;0;0x0000;02 Illegal Data Address
37312;0;0;0x0000;02 Illegal Data Address
37313;0;0;0x0000;02 Illegal Data Address
37314;0;0;0x0000;02 Illegal Data Address
37315;0;0;0x0000;02 Illegal Data Address
37316;0;0;0x0000;02 Illegal Data Address
37317;0;0;0x0000;02 Illegal Data Address
37318;0;0;0x0000;02 Illegal Data Address
37319;0;0;0x0000;02 Illegal Data Address
37320;0;0;0x0000;02 Illegal Data Address
37321;0;0;0x0000;02 Illegal Data Address
37322;0;0;0x0000;02 Illegal Data Address
37323;0;0;0x0000;02 Illegal Data Address
37324;0;0;0x0000;02 Illegal Data Address
37325;0;0;0x0000;02 Illegal Data Address
37326;0;0;0x0000;02 Illegal Data Address
37327;0;0;0x0000;02 Illegal Data Address
37328;0;0;0x0000;02 Illegal Data Address
37329;0;0;0x0000;02 Illegal Data Address
37330;0;0;0x0000;02 Illegal Data Address
37331;0;0;0x0000;02 Illegal Data Address
37332;0;0;0x0000;02 Illegal Data Address
37333;0;0;0x0000;02 Illegal Data Address
37334;0;0;0x0000;02 Illegal Data Address
37335;0;0;0x0000;02 Illegal Data Address
37336;0;0;0x0000;02 Illegal Data Address
37337;0;0;0x0000;02 Illegal Data Address
37338;0;0;0x0000;02 Illegal Data Address
37339;0;0;0x0000;02 Illegal Data Address
37340;0;0;0x0000;02 Illegal Data Address
37341;0;0;0x0000;02 Illegal Data Address
37342;0;0;0x0000;02 Illegal Data Address
37343;0;0;0x0000;02 Illegal Data Address
37344;0;0;0x0000;02 Illegal Data Address
37345;0;0;0x0000;02 Illegal Data Address
37346;0;0;0x0000;02 Illegal Data Address
37347;0;0;0x0000;02 Illegal Data Address
37348;0;0;0x0000;02 Illegal Data Address
37349;0;0;0x0000;02 Illegal Data Address
37350;0;0;0x0000;02 Illegal Data Address
37351;0;0;0x0000;02 Illegal Data Address
37352;0;0;0x0000;02 Illegal Data Address
37353;0;0;0x0000;02 Illegal Data Address
37354;0;0;0x0000;02 Illegal Data Address
37355;0;0;0x0000;02 Illegal Data Address
37356;0;0;0x0000;02 Illegal Data Address
37357;0;0;0x0000;02 Illegal Data Address
37358;0;0;0x0000;02 Illegal Data Address
37359;0;0;0x0000;02 Illegal Data Address
37360;0;0;0x0000;02 Illegal Data Address
37361;0;0;0x0000;02 Illegal Data Address
37362;0;0;0x0000;02 Illegal Data Address
37363;0;0;0x0000;02 Illegal Data Address
37364;0;0;0x0000;02 Illegal Data Address
37365;0;0;0x0000;02 Illegal Data Address
37366;0;0;0x0000;02 Illegal Data Address
37367;0;0;0x0000;02 Illegal Data Address
37368;0;0;0x0000;02 Illegal Data Address
37369;0;0;0x0000;02 Illegal Data Address
37370;0;0;0x0000;02 Illegal Data Address
37371;0;0;0x0000;02 Illegal Data Address
37372;0;0;0x0000;02 Illegal Data Address
37373;0;0;0x0000;02 Illegal Data Address
37374;0;0;0x0000;02 Illegal Data Address
37375;0;0;0x0000;02 Illegal Data Address
37376;0;0;0x0000;02 Illegal Data Address
37377;0;0;0x0000;02 Illegal Data Address
37378;0;0;0x0000;02 Illegal Data Address
37379;0;0;0x0000;02 Illegal Data Address
37380;0;0;0x0000;02 Illegal Data Address
37381;0;0;0x0000;02 Illegal Data Address
37382;0;0;0x0000;02 Illegal Data Address
37383;0;0;0x0000;02 Illegal Data Address
37384;0;0;0x0000;02 Illegal Data Address
37385;0;0;0x0000;02 Illegal Data Address
37386;0;0;0x0000;02 Illegal Data Address
37387;0;0;0x0000;02 Illegal Data Address
37388;0;0;0x0000;02 Illegal Data Address
37389;0;0;0x0000;02 Illegal Data Address
37390;0;0;0x0000;02 Illegal Data Address
37391;0;0;0x0000;02 Illegal Data Address
37392;0;0;0x0000;02 Illegal Data Address
37393;0;0;0x0000;02 Illegal Data Address
37394;0;0;0x0000;02 Illegal Data Address
37395;0;0;0x0000;02 Illegal Data Address
37396;0;0;0x0000;02 Illegal Data Address
37397;0;0;0x0000;02 Illegal Data Address
37398;0;0;0x0000;02 Illegal Data Address
37399;0;0;0x0000;02 Illegal Data Address
37400;0;0;0x0000;02 Illegal Data Address
37401;0;0;0x0000;02 Illegal Data Address
37402;0;0;0x0000;02 Illegal Data Address
37403;0;0;0x0000;02 Illegal Data Address
37404;0;0;0x0000;02 Illegal Data Address
37405;0;0;0x0000;02 Illegal Data Address
37406;0;0;0x0000;02 Illegal Data Address
37407;0;0;0x0000;02 Illegal Data Address
37408;0;0;0x0000;02 Illegal Data Address
37409;0;0;0x0000;02 Illegal Data Address
37410;0;0;0x0000;02 Illegal Data Address
37411;0;0;0x0000;02 Illegal Data Address
37412;0;0;0x0000;02 Illegal Data Address
37413;0;0;0x0000;02 Illegal Data Address
37414;0;0;0x0000;02 Illegal Data Address
37415;0;0;0x0000;02 Illegal Data Address
37416;0;0;0x0000;02 Illegal Data Address
37417;0;0;0x0000;02 Illegal Data Address
37418;0;0;0x0000;02 Illegal Data Address
37419;0;0;0x0000;02 Illegal Data Address
37420;0;0;0x0000;02 Illegal Data Address
37421;0;0;0x0000;02 Illegal Data Address
37422;0;0;0x0000;02 Illegal Data Address
37423;0;0;0x0000;02 Illegal Data Address
37424;0;0;0x0000;02 Illegal Data Address
37425;0;0;0x0000;02 Illegal Data Address
37426;0;0;0x0000;02 Illegal Data Address
37427;0;0;0x0000;02 Illegal Data Address
37428;0;0;0x0000;02 Illegal Data Address
37429;0;0;0x0000;02 Illegal Data Address
37430;0;0;0x0000;02 Illegal Data Address
37431;0;0;0x0000;02 Illegal Data Address
37432;0;0;0x0000;02 Illegal Data Address
37433;0;0;0x0000;02 Illegal Data Address
37434;0;0;0x0000;02 Illegal Data Address
37435;0;0;0x0000;02 Illegal Data Address
37436;0;0;0x0000;02 Illegal Data Address
37437;0;0;0x0000;02 Illegal Data Address
37438;0;0;0x0000;02 Illegal Data Address
37439;0;0;0x0000;02 Illegal Data Address
37440;0;0;0x0000;02 Illegal Data Address
37441;0;0;0x0000;02 Illegal Data Address
37442;0;0;0x0000;02 Illegal Data Address
37443;0;0;0x0000;02 Illegal Data Address
37444;0;0;0x0000;02 Illegal Data Address
37445;0;0;0x0000;02 Illegal Data Address
37446;0;0;0x0000;02 Illegal Data Address
37447;0;0;0x0000;02 Illegal Data Address
37448;0;0;0x0000;02 Illegal Data Address
37449;0;0;0x0000;02 Illegal Data Address
37450;0;0;0x0000;02 Illegal Data Address
37451;0;0;0x0000;02 Illegal Data Address
37452;0;0;0x0000;02 Illegal Data Address
37453;0;0;0x0000;02 Illegal Data Address
37454;0;0;0x0000;02 Illegal Data Address
37455;0;0;0x0000;02 Illegal Data Address
37456;0;0;0x0000;02 Illegal Data Address
37457;0;0;0x0000;02 Illegal Data Address
37458;0;0;0x0000;02 Illegal Data Address
37459;0;0;0x0000;02 Illegal Data Address
37460;0;0;0x0000;02 Illegal Data Address
37461;0;0;0x0000;02 Illegal Data Address
37462;0;0;0x0000;02 Illegal Data Address
37463;0;0;0x0000;02 Illegal Data Address
37464;0;0;0x0000;02 Illegal Data Address
37465;0;0;0x0000;02 Illegal Data Address
37466;0;0;0x0000;02 Illegal Data Address
37467;0;0;0x0000;02 Illegal Data Address
37468;0;0;0x0000;02 Illegal Data Address
37469;0;0;0x0000;02 Illegal Data Address
37470;0;0;0x0000;02 Illegal Data Address
37471;0;0;0x0000;02 Illegal Data Address
37472;0;0;0x0000;02 Illegal Data Address
37473;0;0;0x0000;02 Illegal Data Address
37474;0;0;0x0000;02 Illegal Data Address
37475;0;0;0x0000;02 Illegal Data Address
37476;0;0;0x0000;02 Illegal Data Address
37477;0;0;0x0000;02 Illegal Data Address
37478;0;0;0x0000;02 Illegal Data Address
37479;0;0;0x0000;02 Illegal Data Address
37480;0;0;0x0000;02 Illegal Data Address
37481;0;0;0x0000;02 Illegal Data Address
37482;0;0;0x0000;02 Illegal Data Address
37483;0;0;0x0000;02 Illegal Data Address
37484;0;0;0x0000;02 Illegal Data Address
37485;0;0;0x0000;02 Illegal Data Address
37486;0;0;0x0000;02 Illegal Data Address
37487;0;0;0x0000;02 Illegal Data Address
37488;0;0;0x0000;02 Illegal Data Address
37489;0;0;0x0000;02 Illegal Data Address
37490;0;0;0x0000;02 Illegal Data Address
37491;0;0;0x0000;02 Illegal Data Address
37492;0;0;0x0000;02 Illegal Data Address
37493;0;0;0x0000;02 Illegal Data Address
37494;0;0;0x0000;02 Illegal Data Address
37495;0;0;0x0000;02 Illegal Data Address
37496;0;0;0x0000;02 Illegal Data Address
37497;0;0;0x0000;02 Illegal Data Address
37498;0;0;0x0000;02 Illegal Data Address
37499;0;0;0x0000;02 Illegal Data Address
37500;0;0;0x0000;02 Illegal Data Address
37501;0;0;0x0000;02 Illegal Data Address
37502;0;0;0x0000;02 Illegal Data Address
37503;0;0;0x0000;02 Illegal Data Address
37504;0;0;0x0000;02 Illegal Data Address
37505;0;0;0x0000;02 Illegal Data Address
37506;0;0;0x0000;02 Illegal Data Address
37507;0;0;0x0000;02 Illegal Data Address
37508;0;0;0x0000;02 Illegal Data Address
37509;0;0;0x0000;02 Illegal Data Address
37510;0;0;0x0000;02 Illegal Data Address
37511;0;0;0x0000;02 Illegal Data Address
37512;0;0;0x0000;02 Illegal Data Address
37513;0;0;0x0000;02 Illegal Data Address
37514;0;0;0x0000;02 Illegal Data Address
37515;0;0;0x0000;02 Illegal Data Address
37516;0;0;0x0000;02 Illegal Data Address
37517;0;0;0x0000;02 Illegal Data Address
37518;0;0;0x0000;02 Illegal Data Address
37519;0;0;0x0000;02 Illegal Data Address
37520;0;0;0x0000;02 Illegal Data Address
37521;0;0;0x0000;02 Illegal Data Address
37522;0;0;0x0000;02 Illegal Data Address
37523;0;0;0x0000;02 Illegal Data Address
37524;0;0;0x0000;02 Illegal Data Address
37525;0;0;0x0000;02 Illegal Data Address
37526;0;0;0x0000;02 Illegal Data Address
37527;0;0;0x0000;02 Illegal Data Address
37528;0;0;0x0000;02 Illegal Data Address
37529;0;0;0x0000;02 Illegal Data Address
37530;0;0;0x0000;02 Illegal Data Address
37531;0;0;0x0000;02 Illegal Data Address
37532;0;0;0x0000;02 Illegal Data Address
37533;0;0;0x0000;02 Illegal Data Address
37534;0;0;0x0000;02 Illegal Data Address
37535;0;0;0x0000;02 Illegal Data Address
37536;0;0;0x0000;02 Illegal Data Address
37537;0;0;0x0000;02 Illegal Data Address
37538;0;0;0x0000;02 Illegal Data Address
37539;0;0;0x0000;02 Illegal Data Address
37540;0;0;0x0000;02 Illegal Data Address
37541;0;0;0x0000;02 Illegal Data Address
37542;0;0;0x0000;02 Illegal Data Address
37543;0;0;0x0000;02 Illegal Data Address
37544;0;0;0x0000;02 Illegal Data Address
37545;0;0;0x0000;02 Illegal Data Address
37546;0;0;0x0000;02 Illegal Data Address
37547;0;0;0x0000;02 Illegal Data Address
37548;0;0;0x0000;02 Illegal Data Address
37549;0;0;0x0000;02 Illegal Data Address
37550;0;0;0x0000;02 Illegal Data Address
37551;0;0;0x0000;02 Illegal Data Address
37552;0;0;0x0000;02 Illegal Data Address
37553;0;0;0x0000;02 Illegal Data Address
37554;0;0;0x0000;02 Illegal Data Address
37555;0;0;0x0000;02 Illegal Data Address
37556;0;0;0x0000;02 Illegal Data Address
37557;0;0;0x0000;02 Illegal Data Address
37558;0;0;0x0000;02 Illegal Data Address
37559;0;0;0x0000;02 Illegal Data Address
37560;0;0;0x0000;02 Illegal Data Address
37561;0;0;0x0000;02 Illegal Data Address
37562;0;0;0x0000;02 Illegal Data Address
37563;0;0;0x0000;02 Illegal Data Address
37564;0;0;0x0000;02 Illegal Data Address
37565;0;0;0x0000;02 Illegal Data Address
37566;0;0;0x0000;02 Illegal Data Address
37567;0;0;0x0000;02 Illegal Data Address
37568;0;0;0x0000;02 Illegal Data Address
37569;0;0;0x0000;02 Illegal Data Address
37570;0;0;0x0000;02 Illegal Data Address
37571;0;0;0x0000;02 Illegal Data Address
37572;0;0;0x0000;02 Illegal Data Address
37573;0;0;0x0000;02 Illegal Data Address
37574;0;0;0x0000;02 Illegal Data Address
37575;0;0;0x0000;02 Illegal Data Address
37576;0;0;0x0000;02 Illegal Data Address
37577;0;0;0x0000;02 Illegal Data Address
37578;0;0;0x0000;02 Illegal Data Address
37579;0;0;0x0000;02 Illegal Data Address
37580;0;0;0x0000;02 Illegal Data Address
37581;0;0;0x0000;02 Illegal Data Address
37582;0;0;0x0000;02 Illegal Data Address
37583;0;0;0x0000;02 Illegal Data Address
37584;0;0;0x0000;02 Illegal Data Address
37585;0;0;0x0000;02 Illegal Data Address
37586;0;0;0x0000;02 Illegal Data Address
37587;0;0;0x0000;02 Illegal Data Address
37588;0;0;0x0000;02 Illegal Data Address
37589;0;0;0x0000;02 Illegal Data Address
37590;0;0;0x0000;02 Illegal Data Address
37591;0;0;0x0000;02 Illegal Data Address
37592;0;0;0x0000;02 Illegal Data Address
37593;0;0;0x0000;02 Illegal Data Address
37594;0;0;0x0000;02 Illegal Data Address
37595;0;0;0x0000;02 Illegal Data Address
37596;0;0;0x0000;02 Illegal Data Address
37597;0;0;0x0000;02 Illegal Data Address
37598;0;0;0x0000;02 Illegal Data Address
37599;0;0;0x0000;02 Illegal Data Address
37600;0;0;0x0000;02 Illegal Data Address
37601;0;0;0x0000;02 Illegal Data Address
37602;0;0;0x0000;02 Illegal Data Address
37603;0;0;0x0000;02 Illegal Data Address
37604;0;0;0x0000;02 Illegal Data Address
37605;0;0;0x0000;02 Illegal Data Address
37606;0;0;0x0000;02 Illegal Data Address
37607;0;0;0x0000;02 Illegal Data Address
37608;0;0;0x0000;02 Illegal Data Address
37609;0;0;0x0000;02 Illegal Data Address
37610;0;0;0x0000;02 Illegal Data Address
37611;0;0;0x0000;02 Illegal Data Address
37612;0;0;0x0000;02 Illegal Data Address
37613;0;0;0x0000;02 Illegal Data Address
37614;0;0;0x0000;02 Illegal Data Address
37615;0;0;0x0000;02 Illegal Data Address
37616;0;0;0x0000;02 Illegal Data Address
37617;0;0;0x0000;02 Illegal Data Address
37618;0;0;0x0000;02 Illegal Data Address
37619;0;0;0x0000;02 Illegal Data Address
37620;0;0;0x0000;02 Illegal Data Address
37621;0;0;0x0000;02 Illegal Data Address
37622;0;0;0x0000;02 Illegal Data Address
37623;0;0;0x0000;02 Illegal Data Address
37624;0;0;0x0000;02 Illegal Data Address
37625;0;0;0x0000;02 Illegal Data Address
37626;0;0;0x0000;02 Illegal Data Address
37627;0;0;0x0000;02 Illegal Data Address
37628;0;0;0x0000;02 Illegal Data Address
37629;0;0;0x0000;02 Illegal Data Address
37630;0;0;0x0000;02 Illegal Data Address
37631;0;0;0x0000;02 Illegal Data Address
37632;0;0;0x0000;02 Illegal Data Address
37633;0;0;0x0000;02 Illegal Data Address
37634;0;0;0x0000;02 Illegal Data Address
37635;0;0;0x0000;02 Illegal Data Address
37636;0;0;0x0000;02 Illegal Data Address
37637;0;0;0x0000;02 Illegal Data Address
37638;0;0;0x0000;02 Illegal Data Address
37639;0;0;0x0000;02 Illegal Data Address
37640;0;0;0x0000;02 Illegal Data Address
37641;0;0;0x0000;02 Illegal Data Address
37642;0;0;0x0000;02 Illegal Data Address
37643;0;0;0x0000;02 Illegal Data Address
37644;0;0;0x0000;02 Illegal Data Address
37645;0;0;0x0000;02 Illegal Data Address
37646;0;0;0x0000;02 Illegal Data Address
37647;0;0;0x0000;02 Illegal Data Address
37648;0;0;0x0000;02 Illegal Data Address
37649;0;0;0x0000;02 Illegal Data Address
37650;0;0;0x0000;02 Illegal Data Address
37651;0;0;0x0000;02 Illegal Data Address
37652;0;0;0x0000;02 Illegal Data Address
37653;0;0;0x0000;02 Illegal Data Address
37654;0;0;0x0000;02 Illegal Data Address
37655;0;0;0x0000;02 Illegal Data Address
37656;0;0;0x0000;02 Illegal Data Address
37657;0;0;0x0000;02 Illegal Data Address
37658;0;0;0x0000;02 Illegal Data Address
37659;0;0;0x0000;02 Illegal Data Address
37660;0;0;0x0000;02 Illegal Data Address
37661;0;0;0x0000;02 Illegal Data Address
37662;0;0;0x0000;02 Illegal Data Address
37663;0;0;0x0000;02 Illegal Data Address
37664;0;0;0x0000;02 Illegal Data Address
37665;0;0;0x0000;02 Illegal Data Address
37666;0;0;0x0000;02 Illegal Data Address
37667;0;0;0x0000;02 Illegal Data Address
37668;0;0;0x0000;02 Illegal Data Address
37669;0;0;0x0000;02 Illegal Data Address
37670;0;0;0x0000;02 Illegal Data Address
37671;0;0;0x0000;02 Illegal Data Address
37672;0;0;0x0000;02 Illegal Data Address
37673;0;0;0x0000;02 Illegal Data Address
37674;0;0;0x0000;02 Illegal Data Address
37675;0;0;0x0000;02 Illegal Data Address
37676;0;0;0x0000;02 Illegal Data Address
37677;0;0;0x0000;02 Illegal Data Address
37678;0;0;0x0000;02 Illegal Data Address
37679;0;0;0x0000;02 Illegal Data Address
37680;0;0;0x0000;02 Illegal Data Address
37681;0;0;0x0000;02 Illegal Data Address
37682;0;0;0x0000;02 Illegal Data Address
37683;0;0;0x0000;02 Illegal Data Address
37684;0;0;0x0000;02 Illegal Data Address
37685;0;0;0x0000;02 Illegal Data Address
37686;0;0;0x0000;02 Illegal Data Address
37687;0;0;0x0000;02 Illegal Data Address
37688;0;0;0x0000;02 Illegal Data Address
37689;0;0;0x0000;02 Illegal Data Address
37690;0;0;0x0000;02 Illegal Data Address
37691;0;0;0x0000;02 Illegal Data Address
37692;0;0;0x0000;02 Illegal Data Address
37693;0;0;0x0000;02 Illegal Data Address
37694;0;0;0x0000;02 Illegal Data Address
37695;0;0;0x0000;02 Illegal Data Address
37696;0;0;0x0000;02 Illegal Data Address
37697;0;0;0x0000;02 Illegal Data Address
37698;0;0;0x0000;02 Illegal Data Address
37699;0;0;0x0000;02 Illegal Data Address
37700;0;0;0x0000;02 Illegal Data Address
37701;0;0;0x0000;02 Illegal Data Address
37702;0;0;0x0000;02 Illegal Data Address
37703;0;0;0x0000;02 Illegal Data Address
37704;0;0;0x0000;02 Illegal Data Address
37705;0;0;0x0000;02 Illegal Data Address
37706;0;0;0x0000;02 Illegal Data Address
37707;0;0;0x0000;02 Illegal Data Address
37708;0;0;0x0000;02 Illegal Data Address
37709;0;0;0x0000;02 Illegal Data Address
37710;0;0;0x0000;02 Illegal Data Address
37711;0;0;0x0000;02 Illegal Data Address
37712;0;0;0x0000;02 Illegal Data Address
37713;0;0;0x0000;02 Illegal Data Address
37714;0;0;0x0000;02 Illegal Data Address
37715;0;0;0x0000;02 Illegal Data Address
37716;0;0;0x0000;02 Illegal Data Address
37717;0;0;0x0000;02 Illegal Data Address
37718;0;0;0x0000;02 Illegal Data Address
37719;0;0;0x0000;02 Illegal Data Address
37720;0;0;0x0000;02 Illegal Data Address
37721;0;0;0x0000;02 Illegal Data Address
37722;0;0;0x0000;02 Illegal Data Address
37723;0;0;0x0000;02 Illegal Data Address
37724;0;0;0x0000;02 Illegal Data Address
37725;0;0;0x0000;02 Illegal Data Address
37726;0;0;0x0000;02 Illegal Data Address
37727;0;0;0x0000;02 Illegal Data Address
37728;0;0;0x0000;02 Illegal Data Address
37729;0;0;0x0000;02 Illegal Data Address
37730;0;0;0x0000;02 Illegal Data Address
37731;0;0;0x0000;02 Illegal Data Address
37732;0;0;0x0000;02 Illegal Data Address
37733;0;0;0x0000;02 Illegal Data Address
37734;0;0;0x0000;02 Illegal Data Address
37735;0;0;0x0000;02 Illegal Data Address
37736;0;0;0x0000;02 Illegal Data Address
37737;0;0;0x0000;02 Illegal Data Address
37738;0;0;0x0000;02 Illegal Data Address
37739;0;0;0x0000;02 Illegal Data Address
37740;0;0;0x0000;02 Illegal Data Address
37741;0;0;0x0000;02 Illegal Data Address
37742;0;0;0x0000;02 Illegal Data Address
37743;0;0;0x0000;02 Illegal Data Address
37744;0;0;0x0000;02 Illegal Data Address
37745;0;0;0x0000;02 Illegal Data Address
37746;0;0;0x0000;02 Illegal Data Address
37747;0;0;0x0000;02 Illegal Data Address
37748;0;0;0x0000;02 Illegal Data Address
37749;0;0;0x0000;02 Illegal Data Address
37750;0;0;0x0000;02 Illegal Data Address
37751;0;0;0x0000;02 Illegal Data Address
37752;0;0;0x0000;02 Illegal Data Address
37753;0;0;0x0000;02 Illegal Data Address
37754;0;0;0x0000;02 Illegal Data Address
37755;0;0;0x0000;02 Illegal Data Address
37756;0;0;0x0000;02 Illegal Data Address
37757;0;0;0x0000;02 Illegal Data Address
37758;0;0;0x0000;02 Illegal Data Address
37759;0;0;0x0000;02 Illegal Data Address
37760;0;0;0x0000;02 Illegal Data Address
37761;0;0;0x0000;02 Illegal Data Address
37762;0;0;0x0000;02 Illegal Data Address
37763;0;0;0x0000;02 Illegal Data Address
37764;0;0;0x0000;02 Illegal Data Address
37765;0;0;0x0000;02 Illegal Data Address
37766;0;0;0x0000;02 Illegal Data Address
37767;0;0;0x0000;02 Illegal Data Address
37768;0;0;0x0000;02 Illegal Data Address
37769;0;0;0x0000;02 Illegal Data Address
37770;0;0;0x0000;02 Illegal Data Address
37771;0;0;0x0000;02 Illegal Data Address
37772;0;0;0x0000;02 Illegal Data Address
37773;0;0;0x0000;02 Illegal Data Address
37774;0;0;0x0000;02 Illegal Data Address
37775;0;0;0x0000;02 Illegal Data Address
37776;0;0;0x0000;02 Illegal Data Address
37777;0;0;0x0000;02 Illegal Data Address
37778;0;0;0x0000;02 Illegal Data Address
37779;0;0;0x0000;02 Illegal Data Address
37780;0;0;0x0000;02 Illegal Data Address
37781;0;0;0x0000;02 Illegal Data Address
37782;0;0;0x0000;02 Illegal Data Address
37783;0;0;0x0000;02 Illegal Data Address
37784;0;0;0x0000;02 Illegal Data Address
37785;0;0;0x0000;02 Illegal Data Address
37786;0;0;0x0000;02 Illegal Data Address
37787;0;0;0x0000;02 Illegal Data Address
37788;0;0;0x0000;02 Illegal Data Address
37789;0;0;0x0000;02 Illegal Data Address
37790;0;0;0x0000;02 Illegal Data Address
37791;0;0;0x0000;02 Illegal Data Address
37792;0;0;0x0000;02 Illegal Data Address
37793;0;0;0x0000;02 Illegal Data Address
37794;0;0;0x0000;02 Illegal Data Address
37795;0;0;0x0000;02 Illegal Data Address
37796;0;0;0x0000;02 Illegal Data Address
37797;0;0;0x0000;02 Illegal Data Address
37798;0;0;0x0000;02 Illegal Data Address
37799;0;0;0x0000;02 Illegal Data Address
37800;0;0;0x0000;02 Illegal Data Address
37801;0;0;0x0000;02 Illegal Data Address
37802;0;0;0x0000;02 Illegal Data Address
37803;0;0;0x0000;02 Illegal Data Address
37804;0;0;0x0000;02 Illegal Data Address
37805;0;0;0x0000;02 Illegal Data Address
37806;0;0;0x0000;02 Illegal Data Address
37807;0;0;0x0000;02 Illegal Data Address
37808;0;0;0x0000;02 Illegal Data Address
37809;0;0;0x0000;02 Illegal Data Address
37810;0;0;0x0000;02 Illegal Data Address
37811;0;0;0x0000;02 Illegal Data Address
37812;0;0;0x0000;02 Illegal Data Address
37813;0;0;0x0000;02 Illegal Data Address
37814;0;0;0x0000;02 Illegal Data Address
37815;0;0;0x0000;02 Illegal Data Address
37816;0;0;0x0000;02 Illegal Data Address
37817;0;0;0x0000;02 Illegal Data Address
37818;0;0;0x0000;02 Illegal Data Address
37819;0;0;0x0000;02 Illegal Data Address
37820;0;0;0x0000;02 Illegal Data Address
37821;0;0;0x0000;02 Illegal Data Address
37822;0;0;0x0000;02 Illegal Data Address
37823;0;0;0x0000;02 Illegal Data Address
37824;0;0;0x0000;02 Illegal Data Address
37825;0;0;0x0000;02 Illegal Data Address
37826;0;0;0x0000;02 Illegal Data Address
37827;0;0;0x0000;02 Illegal Data Address
37828;0;0;0x0000;02 Illegal Data Address
37829;0;0;0x0000;02 Illegal Data Address
37830;0;0;0x0000;02 Illegal Data Address
37831;0;0;0x0000;02 Illegal Data Address
37832;0;0;0x0000;02 Illegal Data Address
37833;0;0;0x0000;02 Illegal Data Address
37834;0;0;0x0000;02 Illegal Data Address
37835;0;0;0x0000;02 Illegal Data Address
37836;0;0;0x0000;02 Illegal Data Address
37837;0;0;0x0000;02 Illegal Data Address
37838;0;0;0x0000;02 Illegal Data Address
37839;0;0;0x0000;02 Illegal Data Address
37840;0;0;0x0000;02 Illegal Data Address
37841;0;0;0x0000;02 Illegal Data Address
37842;0;0;0x0000;02 Illegal Data Address
37843;0;0;0x0000;02 Illegal Data Address
37844;0;0;0x0000;02 Illegal Data Address
37845;0;0;0x0000;02 Illegal Data Address
37846;0;0;0x0000;02 Illegal Data Address
37847;0;0;0x0000;02 Illegal Data Address
37848;0;0;0x0000;02 Illegal Data Address
37849;0;0;0x0000;02 Illegal Data Address
37850;0;0;0x0000;02 Illegal Data Address
37851;0;0;0x0000;02 Illegal Data Address
37852;0;0;0x0000;02 Illegal Data Address
37853;0;0;0x0000;02 Illegal Data Address
37854;0;0;0x0000;02 Illegal Data Address
37855;0;0;0x0000;02 Illegal Data Address
37856;0;0;0x0000;02 Illegal Data Address
37857;0;0;0x0000;02 Illegal Data Address
37858;0;0;0x0000;02 Illegal Data Address
37859;0;0;0x0000;02 Illegal Data Address
37860;0;0;0x0000;02 Illegal Data Address
37861;0;0;0x0000;02 Illegal Data Address
37862;0;0;0x0000;02 Illegal Data Address
37863;0;0;0x0000;02 Illegal Data Address
37864;0;0;0x0000;02 Illegal Data Address
37865;0;0;0x0000;02 Illegal Data Address
37866;0;0;0x0000;02 Illegal Data Address
37867;0;0;0x0000;02 Illegal Data Address
37868;0;0;0x0000;02 Illegal Data Address
37869;0;0;0x0000;02 Illegal Data Address
37870;0;0;0x0000;02 Illegal Data Address
37871;0;0;0x0000;02 Illegal Data Address
37872;0;0;0x0000;02 Illegal Data Address
37873;0;0;0x0000;02 Illegal Data Address
37874;0;0;0x0000;02 Illegal Data Address
37875;0;0;0x0000;02 Illegal Data Address
37876;0;0;0x0000;02 Illegal Data Address
37877;0;0;0x0000;02 Illegal Data Address
37878;0;0;0x0000;02 Illegal Data Address
37879;0;0;0x0000;02 Illegal Data Address
37880;0;0;0x0000;02 Illegal Data Address
37881;0;0;0x0000;02 Illegal Data Address
37882;0;0;0x0000;02 Illegal Data Address
37883;0;0;0x0000;02 Illegal Data Address
37884;0;0;0x0000;02 Illegal Data Address
37885;0;0;0x0000;02 Illegal Data Address
37886;0;0;0x0000;02 Illegal Data Address
37887;0;0;0x0000;02 Illegal Data Address
37888;0;0;0x0000;02 Illegal Data Address
37889;0;0;0x0000;02 Illegal Data Address
37890;0;0;0x0000;02 Illegal Data Address
37891;0;0;0x0000;02 Illegal Data Address
37892;0;0;0x0000;02 Illegal Data Address
37893;0;0;0x0000;02 Illegal Data Address
37894;0;0;0x0000;02 Illegal Data Address
37895;0;0;0x0000;02 Illegal Data Address
37896;0;0;0x0000;02 Illegal Data Address
37897;0;0;0x0000;02 Illegal Data Address
37898;0;0;0x0000;02 Illegal Data Address
37899;0;0;0x0000;02 Illegal Data Address
37900;0;0;0x0000;02 Illegal Data Address
37901;0;0;0x0000;02 Illegal Data Address
37902;0;0;0x0000;02 Illegal Data Address
37903;0;0;0x0000;02 Illegal Data Address
37904;0;0;0x0000;02 Illegal Data Address
37905;0;0;0x0000;02 Illegal Data Address
37906;0;0;0x0000;02 Illegal Data Address
37907;0;0;0x0000;02 Illegal Data Address
37908;0;0;0x0000;02 Illegal Data Address
37909;0;0;0x0000;02 Illegal Data Address
37910;0;0;0x0000;02 Illegal Data Address
37911;0;0;0x0000;02 Illegal Data Address
37912;0;0;0x0000;02 Illegal Data Address
37913;0;0;0x0000;02 Illegal Data Address
37914;0;0;0x0000;02 Illegal Data Address
37915;0;0;0x0000;02 Illegal Data Address
37916;0;0;0x0000;02 Illegal Data Address
37917;0;0;0x0000;02 Illegal Data Address
37918;0;0;0x0000;02 Illegal Data Address
37919;0;0;0x0000;02 Illegal Data Address
37920;0;0;0x0000;02 Illegal Data Address
37921;0;0;0x0000;02 Illegal Data Address
37922;0;0;0x0000;02 Illegal Data Address
37923;0;0;0x0000;02 Illegal Data Address
37924;0;0;0x0000;02 Illegal Data Address
37925;0;0;0x0000;02 Illegal Data Address
37926;0;0;0x0000;02 Illegal Data Address
37927;0;0;0x0000;02 Illegal Data Address
37928;0;0;0x0000;02 Illegal Data Address
37929;0;0;0x0000;02 Illegal Data Address
37930;0;0;0x0000;02 Illegal Data Address
37931;0;0;0x0000;02 Illegal Data Address
37932;0;0;0x0000;02 Illegal Data Address
37933;0;0;0x0000;02 Illegal Data Address
37934;0;0;0x0000;02 Illegal Data Address
37935;0;0;0x0000;02 Illegal Data Address
37936;0;0;0x0000;02 Illegal Data Address
37937;0;0;0x0000;02 Illegal Data Address
37938;0;0;0x0000;02 Illegal Data Address
37939;0;0;0x0000;02 Illegal Data Address
37940;0;0;0x0000;02 Illegal Data Address
37941;0;0;0x0000;02 Illegal Data Address
37942;0;0;0x0000;02 Illegal Data Address
37943;0;0;0x0000;02 Illegal Data Address
37944;0;0;0x0000;02 Illegal Data Address
37945;0;0;0x0000;02 Illegal Data Address
37946;0;0;0x0000;02 Illegal Data Address
37947;0;0;0x0000;02 Illegal Data Address
37948;0;0;0x0000;02 Illegal Data Address
37949;0;0;0x0000;02 Illegal Data Address
37950;0;0;0x0000;02 Illegal Data Address
37951;0;0;0x0000;02 Illegal Data Address
37952;0;0;0x0000;02 Illegal Data Address
37953;0;0;0x0000;02 Illegal Data Address
37954;0;0;0x0000;02 Illegal Data Address
37955;0;0;0x0000;02 Illegal Data Address
37956;0;0;0x0000;02 Illegal Data Address
37957;0;0;0x0000;02 Illegal Data Address
37958;0;0;0x0000;02 Illegal Data Address
37959;0;0;0x0000;02 Illegal Data Address
37960;0;0;0x0000;02 Illegal Data Address
37961;0;0;0x0000;02 Illegal Data Address
37962;0;0;0x0000;02 Illegal Data Address
37963;0;0;0x0000;02 Illegal Data Address
37964;0;0;0x0000;02 Illegal Data Address
37965;0;0;0x0000;02 Illegal Data Address
37966;0;0;0x0000;02 Illegal Data Address
37967;0;0;0x0000;02 Illegal Data Address
37968;0;0;0x0000;02 Illegal Data Address
37969;0;0;0x0000;02 Illegal Data Address
37970;0;0;0x0000;02 Illegal Data Address
37971;0;0;0x0000;02 Illegal Data Address
37972;0;0;0x0000;02 Illegal Data Address
37973;0;0;0x0000;02 Illegal Data Address
37974;0;0;0x0000;02 Illegal Data Address
37975;0;0;0x0000;02 Illegal Data Address
37976;0;0;0x0000;02 Illegal Data Address
37977;0;0;0x0000;02 Illegal Data Address
37978;0;0;0x0000;02 Illegal Data Address
37979;0;0;0x0000;02 Illegal Data Address
37980;0;0;0x0000;02 Illegal Data Address
37981;0;0;0x0000;02 Illegal Data Address
37982;0;0;0x0000;02 Illegal Data Address
37983;0;0;0x0000;02 Illegal Data Address
37984;0;0;0x0000;02 Illegal Data Address
37985;0;0;0x0000;02 Illegal Data Address
37986;0;0;0x0000;02 Illegal Data Address
37987;0;0;0x0000;02 Illegal Data Address
37988;0;0;0x0000;02 Illegal Data Address
37989;0;0;0x0000;02 Illegal Data Address
37990;0;0;0x0000;02 Illegal Data Address
37991;0;0;0x0000;02 Illegal Data Address
37992;0;0;0x0000;02 Illegal Data Address
37993;0;0;0x0000;02 Illegal Data Address
37994;0;0;0x0000;02 Illegal Data Address
37995;0;0;0x0000;02 Illegal Data Address
37996;0;0;0x0000;02 Illegal Data Address
37997;0;0;0x0000;02 Illegal Data Address
37998;0;0;0x0000;02 Illegal Data Address
37999;0;0;0x0000;02 Illegal Data Address
38000;0;0;0x0000;02 Illegal Data Address
38001;0;0;0x0000;02 Illegal Data Address
38002;0;0;0x0000;02 Illegal Data Address
38003;0;0;0x0000;02 Illegal Data Address
38004;0;0;0x0000;02 Illegal Data Address
38005;0;0;0x0000;02 Illegal Data Address
38006;0;0;0x0000;02 Illegal Data Address
38007;0;0;0x0000;02 Illegal Data Address
38008;0;0;0x0000;02 Illegal Data Address
38009;0;0;0x0000;02 Illegal Data Address
38010;0;0;0x0000;02 Illegal Data Address
38011;0;0;0x0000;02 Illegal Data Address
38012;0;0;0x0000;02 Illegal Data Address
38013;0;0;0x0000;02 Illegal Data Address
38014;0;0;0x0000;02 Illegal Data Address
38015;0;0;0x0000;02 Illegal Data Address
38016;0;0;0x0000;02 Illegal Data Address
38017;0;0;0x0000;02 Illegal Data Address
38018;0;0;0x0000;02 Illegal Data Address
38019;0;0;0x0000;02 Illegal Data Address
38020;0;0;0x0000;02 Illegal Data Address
38021;0;0;0x0000;02 Illegal Data Address
38022;0;0;0x0000;02 Illegal Data Address
38023;0;0;0x0000;02 Illegal Data Address
38024;0;0;0x0000;02 Illegal Data Address
38025;0;0;0x0000;02 Illegal Data Address
38026;0;0;0x0000;02 Illegal Data Address
38027;0;0;0x0000;02 Illegal Data Address
38028;0;0;0x0000;02 Illegal Data Address
38029;0;0;0x0000;02 Illegal Data Address
38030;0;0;0x0000;02 Illegal Data Address
38031;0;0;0x0000;02 Illegal Data Address
38032;0;0;0x0000;02 Illegal Data Address
38033;0;0;0x0000;02 Illegal Data Address
38034;0;0;0x0000;02 Illegal Data Address
38035;0;0;0x0000;02 Illegal Data Address
38036;0;0;0x0000;02 Illegal Data Address
38037;0;0;0x0000;02 Illegal Data Address
38038;0;0;0x0000;02 Illegal Data Address
38039;0;0;0x0000;02 Illegal Data Address
38040;0;0;0x0000;02 Illegal Data Address
38041;0;0;0x0000;02 Illegal Data Address
38042;0;0;0x0000;02 Illegal Data Address
38043;0;0;0x0000;02 Illegal Data Address
38044;0;0;0x0000;02 Illegal Data Address
38045;0;0;0x0000;02 Illegal Data Address
38046;0;0;0x0000;02 Illegal Data Address
38047;0;0;0x0000;02 Illegal Data Address
38048;0;0;0x0000;02 Illegal Data Address
38049;0;0;0x0000;02 Illegal Data Address
38050;0;0;0x0000;02 Illegal Data Address
38051;0;0;0x0000;02 Illegal Data Address
38052;0;0;0x0000;02 Illegal Data Address
38053;0;0;0x0000;02 Illegal Data Address
38054;0;0;0x0000;02 Illegal Data Address
38055;0;0;0x0000;02 Illegal Data Address
38056;0;0;0x0000;02 Illegal Data Address
38057;0;0;0x0000;02 Illegal Data Address
38058;0;0;0x0000;02 Illegal Data Address
38059;0;0;0x0000;02 Illegal Data Address
38060;0;0;0x0000;02 Illegal Data Address
38061;0;0;0x0000;02 Illegal Data Address
38062;0;0;0x0000;02 Illegal Data Address
38063;0;0;0x0000;02 Illegal Data Address
38064;0;0;0x0000;02 Illegal Data Address
38065;0;0;0x0000;02 Illegal Data Address
38066;0;0;0x0000;02 Illegal Data Address
38067;0;0;0x0000;02 Illegal Data Address
38068;0;0;0x0000;02 Illegal Data Address
38069;0;0;0x0000;02 Illegal Data Address
38070;0;0;0x0000;02 Illegal Data Address
38071;0;0;0x0000;02 Illegal Data Address
38072;0;0;0x0000;02 Illegal Data Address
38073;0;0;0x0000;02 Illegal Data Address
38074;0;0;0x0000;02 Illegal Data Address
38075;0;0;0x0000;02 Illegal Data Address
38076;0;0;0x0000;02 Illegal Data Address
38077;0;0;0x0000;02 Illegal Data Address
38078;0;0;0x0000;02 Illegal Data Address
38079;0;0;0x0000;02 Illegal Data Address
38080;0;0;0x0000;02 Illegal Data Address
38081;0;0;0x0000;02 Illegal Data Address
38082;0;0;0x0000;02 Illegal Data Address
38083;0;0;0x0000;02 Illegal Data Address
38084;0;0;0x0000;02 Illegal Data Address
38085;0;0;0x0000;02 Illegal Data Address
38086;0;0;0x0000;02 Illegal Data Address
38087;0;0;0x0000;02 Illegal Data Address
38088;0;0;0x0000;02 Illegal Data Address
38089;0;0;0x0000;02 Illegal Data Address
38090;0;0;0x0000;02 Illegal Data Address
38091;0;0;0x0000;02 Illegal Data Address
38092;0;0;0x0000;02 Illegal Data Address
38093;0;0;0x0000;02 Illegal Data Address
38094;0;0;0x0000;02 Illegal Data Address
38095;0;0;0x0000;02 Illegal Data Address
38096;0;0;0x0000;02 Illegal Data Address
38097;0;0;0x0000;02 Illegal Data Address
38098;0;0;0x0000;02 Illegal Data Address
38099;0;0;0x0000;02 Illegal Data Address
38100;0;0;0x0000;02 Illegal Data Address
38101;0;0;0x0000;02 Illegal Data Address
38102;0;0;0x0000;02 Illegal Data Address
38103;0;0;0x0000;02 Illegal Data Address
38104;0;0;0x0000;02 Illegal Data Address
38105;0;0;0x0000;02 Illegal Data Address
38106;0;0;0x0000;02 Illegal Data Address
38107;0;0;0x0000;02 Illegal Data Address
38108;0;0;0x0000;02 Illegal Data Address
38109;0;0;0x0000;02 Illegal Data Address
38110;0;0;0x0000;02 Illegal Data Address
38111;0;0;0x0000;02 Illegal Data Address
38112;0;0;0x0000;02 Illegal Data Address
38113;0;0;0x0000;02 Illegal Data Address
38114;0;0;0x0000;02 Illegal Data Address
38115;0;0;0x0000;02 Illegal Data Address
38116;0;0;0x0000;02 Illegal Data Address
38117;0;0;0x0000;02 Illegal Data Address
38118;0;0;0x0000;02 Illegal Data Address
38119;0;0;0x0000;02 Illegal Data Address
38120;0;0;0x0000;02 Illegal Data Address
38121;0;0;0x0000;02 Illegal Data Address
38122;0;0;0x0000;02 Illegal Data Address
38123;0;0;0x0000;02 Illegal Data Address
38124;0;0;0x0000;02 Illegal Data Address
38125;0;0;0x0000;02 Illegal Data Address
38126;0;0;0x0000;02 Illegal Data Address
38127;0;0;0x0000;02 Illegal Data Address
38128;0;0;0x0000;02 Illegal Data Address
38129;0;0;0x0000;02 Illegal Data Address
38130;0;0;0x0000;02 Illegal Data Address
38131;0;0;0x0000;02 Illegal Data Address
38132;0;0;0x0000;02 Illegal Data Address
38133;0;0;0x0000;02 Illegal Data Address
38134;0;0;0x0000;02 Illegal Data Address
38135;0;0;0x0000;02 Illegal Data Address
38136;0;0;0x0000;02 Illegal Data Address
38137;0;0;0x0000;02 Illegal Data Address
38138;0;0;0x0000;02 Illegal Data Address
38139;0;0;0x0000;02 Illegal Data Address
38140;0;0;0x0000;02 Illegal Data Address
38141;0;0;0x0000;02 Illegal Data Address
38142;0;0;0x0000;02 Illegal Data Address
38143;0;0;0x0000;02 Illegal Data Address
38144;0;0;0x0000;02 Illegal Data Address
38145;0;0;0x0000;02 Illegal Data Address
38146;0;0;0x0000;02 Illegal Data Address
38147;0;0;0x0000;02 Illegal Data Address
38148;0;0;0x0000;02 Illegal Data Address
38149;0;0;0x0000;02 Illegal Data Address
38150;0;0;0x0000;02 Illegal Data Address
38151;0;0;0x0000;02 Illegal Data Address
38152;0;0;0x0000;02 Illegal Data Address
38153;0;0;0x0000;02 Illegal Data Address
38154;0;0;0x0000;02 Illegal Data Address
38155;0;0;0x0000;02 Illegal Data Address
38156;0;0;0x0000;02 Illegal Data Address
38157;0;0;0x0000;02 Illegal Data Address
38158;0;0;0x0000;02 Illegal Data Address
38159;0;0;0x0000;02 Illegal Data Address
38160;0;0;0x0000;02 Illegal Data Address
38161;0;0;0x0000;02 Illegal Data Address
38162;0;0;0x0000;02 Illegal Data Address
38163;0;0;0x0000;02 Illegal Data Address
38164;0;0;0x0000;02 Illegal Data Address
38165;0;0;0x0000;02 Illegal Data Address
38166;0;0;0x0000;02 Illegal Data Address
38167;0;0;0x0000;02 Illegal Data Address
38168;0;0;0x0000;02 Illegal Data Address
38169;0;0;0x0000;02 Illegal Data Address
38170;0;0;0x0000;02 Illegal Data Address
38171;0;0;0x0000;02 Illegal Data Address
38172;0;0;0x0000;02 Illegal Data Address
38173;0;0;0x0000;02 Illegal Data Address
38174;0;0;0x0000;02 Illegal Data Address
38175;0;0;0x0000;02 Illegal Data Address
38176;0;0;0x0000;02 Illegal Data Address
38177;0;0;0x0000;02 Illegal Data Address
38178;0;0;0x0000;02 Illegal Data Address
38179;0;0;0x0000;02 Illegal Data Address
38180;0;0;0x0000;02 Illegal Data Address
38181;0;0;0x0000;02 Illegal Data Address
38182;0;0;0x0000;02 Illegal Data Address
38183;0;0;0x0000;02 Illegal Data Address
38184;0;0;0x0000;02 Illegal Data Address
38185;0;0;0x0000;02 Illegal Data Address
38186;0;0;0x0000;02 Illegal Data Address
38187;0;0;0x0000;02 Illegal Data Address
38188;0;0;0x0000;02 Illegal Data Address
38189;0;0;0x0000;02 Illegal Data Address
38190;0;0;0x0000;02 Illegal Data Address
38191;0;0;0x0000;02 Illegal Data Address
38192;0;0;0x0000;02 Illegal Data Address
38193;0;0;0x0000;02 Illegal Data Address
38194;0;0;0x0000;02 Illegal Data Address
38195;0;0;0x0000;02 Illegal Data Address
38196;0;0;0x0000;02 Illegal Data Address
38197;0;0;0x0000;02 Illegal Data Address
38198;0;0;0x0000;02 Illegal Data Address
38199;0;0;0x0000;02 Illegal Data Address
38200;0;0;0x0000;02 Illegal Data Address
38201;0;0;0x0000;02 Illegal Data Address
38202;0;0;0x0000;02 Illegal Data Address
38203;0;0;0x0000;02 Illegal Data Address
38204;0;0;0x0000;02 Illegal Data Address
38205;0;0;0x0000;02 Illegal Data Address
38206;0;0;0x0000;02 Illegal Data Address
38207;0;0;0x0000;02 Illegal Data Address
38208;0;0;0x0000;02 Illegal Data Address
38209;0;0;0x0000;02 Illegal Data Address
38210;0;0;0x0000;02 Illegal Data Address
38211;0;0;0x0000;02 Illegal Data Address
38212;0;0;0x0000;02 Illegal Data Address
38213;0;0;0x0000;02 Illegal Data Address
38214;0;0;0x0000;02 Illegal Data Address
38215;0;0;0x0000;02 Illegal Data Address
38216;0;0;0x0000;02 Illegal Data Address
38217;0;0;0x0000;02 Illegal Data Address
38218;0;0;0x0000;02 Illegal Data Address
38219;0;0;0x0000;02 Illegal Data Address
38220;0;0;0x0000;02 Illegal Data Address
38221;0;0;0x0000;02 Illegal Data Address
38222;0;0;0x0000;02 Illegal Data Address
38223;0;0;0x0000;02 Illegal Data Address
38224;0;0;0x0000;02 Illegal Data Address
38225;0;0;0x0000;02 Illegal Data Address
38226;0;0;0x0000;02 Illegal Data Address
38227;0;0;0x0000;02 Illegal Data Address
38228;0;0;0x0000;02 Illegal Data Address
38229;0;0;0x0000;02 Illegal Data Address
38230;0;0;0x0000;02 Illegal Data Address
38231;0;0;0x0000;02 Illegal Data Address
38232;0;0;0x0000;02 Illegal Data Address
38233;0;0;0x0000;02 Illegal Data Address
38234;0;0;0x0000;02 Illegal Data Address
38235;0;0;0x0000;02 Illegal Data Address
38236;0;0;0x0000;02 Illegal Data Address
38237;0;0;0x0000;02 Illegal Data Address
38238;0;0;0x0000;02 Illegal Data Address
38239;0;0;0x0000;02 Illegal Data Address
38240;0;0;0x0000;02 Illegal Data Address
38241;0;0;0x0000;02 Illegal Data Address
38242;0;0;0x0000;02 Illegal Data Address
38243;0;0;0x0000;02 Illegal Data Address
38244;0;0;0x0000;02 Illegal Data Address
38245;0;0;0x0000;02 Illegal Data Address
38246;0;0;0x0000;02 Illegal Data Address
38247;0;0;0x0000;02 Illegal Data Address
38248;0;0;0x0000;02 Illegal Data Address
38249;0;0;0x0000;02 Illegal Data Address
38250;0;0;0x0000;02 Illegal Data Address
38251;0;0;0x0000;02 Illegal Data Address
38252;0;0;0x0000;02 Illegal Data Address
38253;0;0;0x0000;02 Illegal Data Address
38254;0;0;0x0000;02 Illegal Data Address
38255;0;0;0x0000;02 Illegal Data Address
38256;0;0;0x0000;02 Illegal Data Address
38257;0;0;0x0000;02 Illegal Data Address
38258;0;0;0x0000;02 Illegal Data Address
38259;0;0;0x0000;02 Illegal Data Address
38260;0;0;0x0000;02 Illegal Data Address
38261;0;0;0x0000;02 Illegal Data Address
38262;0;0;0x0000;02 Illegal Data Address
38263;0;0;0x0000;02 Illegal Data Address
38264;0;0;0x0000;02 Illegal Data Address
38265;0;0;0x0000;02 Illegal Data Address
38266;0;0;0x0000;02 Illegal Data Address
38267;0;0;0x0000;02 Illegal Data Address
38268;0;0;0x0000;02 Illegal Data Address
38269;0;0;0x0000;02 Illegal Data Address
38270;0;0;0x0000;02 Illegal Data Address
38271;0;0;0x0000;02 Illegal Data Address
38272;0;0;0x0000;02 Illegal Data Address
38273;0;0;0x0000;02 Illegal Data Address
38274;0;0;0x0000;02 Illegal Data Address
38275;0;0;0x0000;02 Illegal Data Address
38276;0;0;0x0000;02 Illegal Data Address
38277;0;0;0x0000;02 Illegal Data Address
38278;0;0;0x0000;02 Illegal Data Address
38279;0;0;0x0000;02 Illegal Data Address
38280;0;0;0x0000;02 Illegal Data Address
38281;0;0;0x0000;02 Illegal Data Address
38282;0;0;0x0000;02 Illegal Data Address
38283;0;0;0x0000;02 Illegal Data Address
38284;0;0;0x0000;02 Illegal Data Address
38285;0;0;0x0000;02 Illegal Data Address
38286;0;0;0x0000;02 Illegal Data Address
38287;0;0;0x0000;02 Illegal Data Address
38288;0;0;0x0000;02 Illegal Data Address
38289;0;0;0x0000;02 Illegal Data Address
38290;0;0;0x0000;02 Illegal Data Address
38291;0;0;0x0000;02 Illegal Data Address
38292;0;0;0x0000;02 Illegal Data Address
38293;0;0;0x0000;02 Illegal Data Address
38294;0;0;0x0000;02 Illegal Data Address
38295;0;0;0x0000;02 Illegal Data Address
38296;0;0;0x0000;02 Illegal Data Address
38297;0;0;0x0000;02 Illegal Data Address
38298;0;0;0x0000;02 Illegal Data Address
38299;0;0;0x0000;02 Illegal Data Address
38300;0;0;0x0000;02 Illegal Data Address
38301;0;0;0x0000;02 Illegal Data Address
38302;0;0;0x0000;02 Illegal Data Address
38303;0;0;0x0000;02 Illegal Data Address
38304;0;0;0x0000;02 Illegal Data Address
38305;0;0;0x0000;02 Illegal Data Address
38306;0;0;0x0000;02 Illegal Data Address
38307;0;0;0x0000;02 Illegal Data Address
38308;0;0;0x0000;02 Illegal Data Address
38309;0;0;0x0000;02 Illegal Data Address
38310;0;0;0x0000;02 Illegal Data Address
38311;0;0;0x0000;02 Illegal Data Address
38312;0;0;0x0000;02 Illegal Data Address
38313;0;0;0x0000;02 Illegal Data Address
38314;0;0;0x0000;02 Illegal Data Address
38315;0;0;0x0000;02 Illegal Data Address
38316;0;0;0x0000;02 Illegal Data Address
38317;0;0;0x0000;02 Illegal Data Address
38318;0;0;0x0000;02 Illegal Data Address
38319;0;0;0x0000;02 Illegal Data Address
38320;0;0;0x0000;02 Illegal Data Address
38321;0;0;0x0000;02 Illegal Data Address
38322;0;0;0x0000;02 Illegal Data Address
38323;0;0;0x0000;02 Illegal Data Address
38324;0;0;0x0000;02 Illegal Data Address
38325;0;0;0x0000;02 Illegal Data Address
38326;0;0;0x0000;02 Illegal Data Address
38327;0;0;0x0000;02 Illegal Data Address
38328;0;0;0x0000;02 Illegal Data Address
38329;0;0;0x0000;02 Illegal Data Address
38330;0;0;0x0000;02 Illegal Data Address
38331;0;0;0x0000;02 Illegal Data Address
38332;0;0;0x0000;02 Illegal Data Address
38333;0;0;0x0000;02 Illegal Data Address
38334;0;0;0x0000;02 Illegal Data Address
38335;0;0;0x0000;02 Illegal Data Address
38336;0;0;0x0000;02 Illegal Data Address
38337;0;0;0x0000;02 Illegal Data Address
38338;0;0;0x0000;02 Illegal Data Address
38339;0;0;0x0000;02 Illegal Data Address
38340;0;0;0x0000;02 Illegal Data Address
38341;0;0;0x0000;02 Illegal Data Address
38342;0;0;0x0000;02 Illegal Data Address
38343;0;0;0x0000;02 Illegal Data Address
38344;0;0;0x0000;02 Illegal Data Address
38345;0;0;0x0000;02 Illegal Data Address
38346;0;0;0x0000;02 Illegal Data Address
38347;0;0;0x0000;02 Illegal Data Address
38348;0;0;0x0000;02 Illegal Data Address
38349;0;0;0x0000;02 Illegal Data Address
38350;0;0;0x0000;02 Illegal Data Address
38351;0;0;0x0000;02 Illegal Data Address
38352;0;0;0x0000;02 Illegal Data Address
38353;0;0;0x0000;02 Illegal Data Address
38354;0;0;0x0000;02 Illegal Data Address
38355;0;0;0x0000;02 Illegal Data Address
38356;0;0;0x0000;02 Illegal Data Address
38357;0;0;0x0000;02 Illegal Data Address
38358;0;0;0x0000;02 Illegal Data Address
38359;0;0;0x0000;02 Illegal Data Address
38360;0;0;0x0000;02 Illegal Data Address
38361;0;0;0x0000;02 Illegal Data Address
38362;0;0;0x0000;02 Illegal Data Address
38363;0;0;0x0000;02 Illegal Data Address
38364;0;0;0x0000;02 Illegal Data Address
38365;0;0;0x0000;02 Illegal Data Address
38366;0;0;0x0000;02 Illegal Data Address
38367;0;0;0x0000;02 Illegal Data Address
38368;0;0;0x0000;02 Illegal Data Address
38369;0;0;0x0000;02 Illegal Data Address
38370;0;0;0x0000;02 Illegal Data Address
38371;0;0;0x0000;02 Illegal Data Address
38372;0;0;0x0000;02 Illegal Data Address
38373;0;0;0x0000;02 Illegal Data Address
38374;0;0;0x0000;02 Illegal Data Address
38375;0;0;0x0000;02 Illegal Data Address
38376;0;0;0x0000;02 Illegal Data Address
38377;0;0;0x0000;02 Illegal Data Address
38378;0;0;0x0000;02 Illegal Data Address
38379;0;0;0x0000;02 Illegal Data Address
38380;0;0;0x0000;02 Illegal Data Address
38381;0;0;0x0000;02 Illegal Data Address
38382;0;0;0x0000;02 Illegal Data Address
38383;0;0;0x0000;02 Illegal Data Address
38384;0;0;0x0000;02 Illegal Data Address
38385;0;0;0x0000;02 Illegal Data Address
38386;0;0;0x0000;02 Illegal Data Address
38387;0;0;0x0000;02 Illegal Data Address
38388;0;0;0x0000;02 Illegal Data Address
38389;0;0;0x0000;02 Illegal Data Address
38390;0;0;0x0000;02 Illegal Data Address
38391;0;0;0x0000;02 Illegal Data Address
38392;0;0;0x0000;02 Illegal Data Address
38393;0;0;0x0000;02 Illegal Data Address
38394;0;0;0x0000;02 Illegal Data Address
38395;0;0;0x0000;02 Illegal Data Address
38396;0;0;0x0000;02 Illegal Data Address
38397;0;0;0x0000;02 Illegal Data Address
38398;0;0;0x0000;02 Illegal Data Address
38399;0;0;0x0000;02 Illegal Data Address
38400;0;0;0x0000;02 Illegal Data Address
38401;0;0;0x0000;02 Illegal Data Address
38402;0;0;0x0000;02 Illegal Data Address
38403;0;0;0x0000;02 Illegal Data Address
38404;0;0;0x0000;02 Illegal Data Address
38405;0;0;0x0000;02 Illegal Data Address
38406;0;0;0x0000;02 Illegal Data Address
38407;0;0;0x0000;02 Illegal Data Address
38408;0;0;0x0000;02 Illegal Data Address
38409;0;0;0x0000;02 Illegal Data Address
38410;0;0;0x0000;02 Illegal Data Address
38411;0;0;0x0000;02 Illegal Data Address
38412;0;0;0x0000;02 Illegal Data Address
38413;0;0;0x0000;02 Illegal Data Address
38414;0;0;0x0000;02 Illegal Data Address
38415;0;0;0x0000;02 Illegal Data Address
38416;0;0;0x0000;02 Illegal Data Address
38417;0;0;0x0000;02 Illegal Data Address
38418;0;0;0x0000;02 Illegal Data Address
38419;0;0;0x0000;02 Illegal Data Address
38420;0;0;0x0000;02 Illegal Data Address
38421;0;0;0x0000;02 Illegal Data Address
38422;0;0;0x0000;02 Illegal Data Address
38423;0;0;0x0000;02 Illegal Data Address
38424;0;0;0x0000;02 Illegal Data Address
38425;0;0;0x0000;02 Illegal Data Address
38426;0;0;0x0000;02 Illegal Data Address
38427;0;0;0x0000;02 Illegal Data Address
38428;0;0;0x0000;02 Illegal Data Address
38429;0;0;0x0000;02 Illegal Data Address
38430;0;0;0x0000;02 Illegal Data Address
38431;0;0;0x0000;02 Illegal Data Address
38432;0;0;0x0000;02 Illegal Data Address
38433;0;0;0x0000;02 Illegal Data Address
38434;0;0;0x0000;02 Illegal Data Address
38435;0;0;0x0000;02 Illegal Data Address
38436;0;0;0x0000;02 Illegal Data Address
38437;0;0;0x0000;02 Illegal Data Address
38438;0;0;0x0000;02 Illegal Data Address
38439;0;0;0x0000;02 Illegal Data Address
38440;0;0;0x0000;02 Illegal Data Address
38441;0;0;0x0000;02 Illegal Data Address
38442;0;0;0x0000;02 Illegal Data Address
38443;0;0;0x0000;02 Illegal Data Address
38444;0;0;0x0000;02 Illegal Data Address
38445;0;0;0x0000;02 Illegal Data Address
38446;0;0;0x0000;02 Illegal Data Address
38447;0;0;0x0000;02 Illegal Data Address
38448;0;0;0x0000;02 Illegal Data Address
38449;0;0;0x0000;02 Illegal Data Address
38450;0;0;0x0000;02 Illegal Data Address
38451;0;0;0x0000;02 Illegal Data Address
38452;0;0;0x0000;02 Illegal Data Address
38453;0;0;0x0000;02 Illegal Data Address
38454;0;0;0x0000;02 Illegal Data Address
38455;0;0;0x0000;02 Illegal Data Address
38456;0;0;0x0000;02 Illegal Data Address
38457;0;0;0x0000;02 Illegal Data Address
38458;0;0;0x0000;02 Illegal Data Address
38459;0;0;0x0000;02 Illegal Data Address
38460;0;0;0x0000;02 Illegal Data Address
38461;0;0;0x0000;02 Illegal Data Address
38462;0;0;0x0000;02 Illegal Data Address
38463;0;0;0x0000;02 Illegal Data Address
38464;0;0;0x0000;02 Illegal Data Address
38465;0;0;0x0000;02 Illegal Data Address
38466;0;0;0x0000;02 Illegal Data Address
38467;0;0;0x0000;02 Illegal Data Address
38468;0;0;0x0000;02 Illegal Data Address
38469;0;0;0x0000;02 Illegal Data Address
38470;0;0;0x0000;02 Illegal Data Address
38471;0;0;0x0000;02 Illegal Data Address
38472;0;0;0x0000;02 Illegal Data Address
38473;0;0;0x0000;02 Illegal Data Address
38474;0;0;0x0000;02 Illegal Data Address
38475;0;0;0x0000;02 Illegal Data Address
38476;0;0;0x0000;02 Illegal Data Address
38477;0;0;0x0000;02 Illegal Data Address
38478;0;0;0x0000;02 Illegal Data Address
38479;0;0;0x0000;02 Illegal Data Address
38480;0;0;0x0000;02 Illegal Data Address
38481;0;0;0x0000;02 Illegal Data Address
38482;0;0;0x0000;02 Illegal Data Address
38483;0;0;0x0000;02 Illegal Data Address
38484;0;0;0x0000;02 Illegal Data Address
38485;0;0;0x0000;02 Illegal Data Address
38486;0;0;0x0000;02 Illegal Data Address
38487;0;0;0x0000;02 Illegal Data Address
38488;0;0;0x0000;02 Illegal Data Address
38489;0;0;0x0000;02 Illegal Data Address
38490;0;0;0x0000;02 Illegal Data Address
38491;0;0;0x0000;02 Illegal Data Address
38492;0;0;0x0000;02 Illegal Data Address
38493;0;0;0x0000;02 Illegal Data Address
38494;0;0;0x0000;02 Illegal Data Address
38495;0;0;0x0000;02 Illegal Data Address
38496;0;0;0x0000;02 Illegal Data Address
38497;0;0;0x0000;02 Illegal Data Address
38498;0;0;0x0000;02 Illegal Data Address
38499;0;0;0x0000;02 Illegal Data Address
38500;0;0;0x0000;02 Illegal Data Address
38501;0;0;0x0000;02 Illegal Data Address
38502;0;0;0x0000;02 Illegal Data Address
38503;0;0;0x0000;02 Illegal Data Address
38504;0;0;0x0000;02 Illegal Data Address
38505;0;0;0x0000;02 Illegal Data Address
38506;0;0;0x0000;02 Illegal Data Address
38507;0;0;0x0000;02 Illegal Data Address
38508;0;0;0x0000;02 Illegal Data Address
38509;0;0;0x0000;02 Illegal Data Address
38510;0;0;0x0000;02 Illegal Data Address
38511;0;0;0x0000;02 Illegal Data Address
38512;0;0;0x0000;02 Illegal Data Address
38513;0;0;0x0000;02 Illegal Data Address
38514;0;0;0x0000;02 Illegal Data Address
38515;0;0;0x0000;02 Illegal Data Address
38516;0;0;0x0000;02 Illegal Data Address
38517;0;0;0x0000;02 Illegal Data Address
38518;0;0;0x0000;02 Illegal Data Address
38519;0;0;0x0000;02 Illegal Data Address
38520;0;0;0x0000;02 Illegal Data Address
38521;0;0;0x0000;02 Illegal Data Address
38522;0;0;0x0000;02 Illegal Data Address
38523;0;0;0x0000;02 Illegal Data Address
38524;0;0;0x0000;02 Illegal Data Address
38525;0;0;0x0000;02 Illegal Data Address
38526;0;0;0x0000;02 Illegal Data Address
38527;0;0;0x0000;02 Illegal Data Address
38528;0;0;0x0000;02 Illegal Data Address
38529;0;0;0x0000;02 Illegal Data Address
38530;0;0;0x0000;02 Illegal Data Address
38531;0;0;0x0000;02 Illegal Data Address
38532;0;0;0x0000;02 Illegal Data Address
38533;0;0;0x0000;02 Illegal Data Address
38534;0;0;0x0000;02 Illegal Data Address
38535;0;0;0x0000;02 Illegal Data Address
38536;0;0;0x0000;02 Illegal Data Address
38537;0;0;0x0000;02 Illegal Data Address
38538;0;0;0x0000;02 Illegal Data Address
38539;0;0;0x0000;02 Illegal Data Address
38540;0;0;0x0000;02 Illegal Data Address
38541;0;0;0x0000;02 Illegal Data Address
38542;0;0;0x0000;02 Illegal Data Address
38543;0;0;0x0000;02 Illegal Data Address
38544;0;0;0x0000;02 Illegal Data Address
38545;0;0;0x0000;02 Illegal Data Address
38546;0;0;0x0000;02 Illegal Data Address
38547;0;0;0x0000;02 Illegal Data Address
38548;0;0;0x0000;02 Illegal Data Address
38549;0;0;0x0000;02 Illegal Data Address
38550;0;0;0x0000;02 Illegal Data Address
38551;0;0;0x0000;02 Illegal Data Address
38552;0;0;0x0000;02 Illegal Data Address
38553;0;0;0x0000;02 Illegal Data Address
38554;0;0;0x0000;02 Illegal Data Address
38555;0;0;0x0000;02 Illegal Data Address
38556;0;0;0x0000;02 Illegal Data Address
38557;0;0;0x0000;02 Illegal Data Address
38558;0;0;0x0000;02 Illegal Data Address
38559;0;0;0x0000;02 Illegal Data Address
38560;0;0;0x0000;02 Illegal Data Address
38561;0;0;0x0000;02 Illegal Data Address
38562;0;0;0x0000;02 Illegal Data Address
38563;0;0;0x0000;02 Illegal Data Address
38564;0;0;0x0000;02 Illegal Data Address
38565;0;0;0x0000;02 Illegal Data Address
38566;0;0;0x0000;02 Illegal Data Address
38567;0;0;0x0000;02 Illegal Data Address
38568;0;0;0x0000;02 Illegal Data Address
38569;0;0;0x0000;02 Illegal Data Address
38570;0;0;0x0000;02 Illegal Data Address
38571;0;0;0x0000;02 Illegal Data Address
38572;0;0;0x0000;02 Illegal Data Address
38573;0;0;0x0000;02 Illegal Data Address
38574;0;0;0x0000;02 Illegal Data Address
38575;0;0;0x0000;02 Illegal Data Address
38576;0;0;0x0000;02 Illegal Data Address
38577;0;0;0x0000;02 Illegal Data Address
38578;0;0;0x0000;02 Illegal Data Address
38579;0;0;0x0000;02 Illegal Data Address
38580;0;0;0x0000;02 Illegal Data Address
38581;0;0;0x0000;02 Illegal Data Address
38582;0;0;0x0000;02 Illegal Data Address
38583;0;0;0x0000;02 Illegal Data Address
38584;0;0;0x0000;02 Illegal Data Address
38585;0;0;0x0000;02 Illegal Data Address
38586;0;0;0x0000;02 Illegal Data Address
38587;0;0;0x0000;02 Illegal Data Address
38588;0;0;0x0000;02 Illegal Data Address
38589;0;0;0x0000;02 Illegal Data Address
38590;0;0;0x0000;02 Illegal Data Address
38591;0;0;0x0000;02 Illegal Data Address
38592;0;0;0x0000;02 Illegal Data Address
38593;0;0;0x0000;02 Illegal Data Address
38594;0;0;0x0000;02 Illegal Data Address
38595;0;0;0x0000;02 Illegal Data Address
38596;0;0;0x0000;02 Illegal Data Address
38597;0;0;0x0000;02 Illegal Data Address
38598;0;0;0x0000;02 Illegal Data Address
38599;0;0;0x0000;02 Illegal Data Address
38600;0;0;0x0000;02 Illegal Data Address
38601;0;0;0x0000;02 Illegal Data Address
38602;0;0;0x0000;02 Illegal Data Address
38603;0;0;0x0000;02 Illegal Data Address
38604;0;0;0x0000;02 Illegal Data Address
38605;0;0;0x0000;02 Illegal Data Address
38606;0;0;0x0000;02 Illegal Data Address
38607;0;0;0x0000;02 Illegal Data Address
38608;0;0;0x0000;02 Illegal Data Address
38609;0;0;0x0000;02 Illegal Data Address
38610;0;0;0x0000;02 Illegal Data Address
38611;0;0;0x0000;02 Illegal Data Address
38612;0;0;0x0000;02 Illegal Data Address
38613;0;0;0x0000;02 Illegal Data Address
38614;0;0;0x0000;02 Illegal Data Address
38615;0;0;0x0000;02 Illegal Data Address
38616;0;0;0x0000;02 Illegal Data Address
38617;0;0;0x0000;02 Illegal Data Address
38618;0;0;0x0000;02 Illegal Data Address
38619;0;0;0x0000;02 Illegal Data Address
38620;0;0;0x0000;02 Illegal Data Address
38621;0;0;0x0000;02 Illegal Data Address
38622;0;0;0x0000;02 Illegal Data Address
38623;0;0;0x0000;02 Illegal Data Address
38624;0;0;0x0000;02 Illegal Data Address
38625;0;0;0x0000;02 Illegal Data Address
38626;0;0;0x0000;02 Illegal Data Address
38627;0;0;0x0000;02 Illegal Data Address
38628;0;0;0x0000;02 Illegal Data Address
38629;0;0;0x0000;02 Illegal Data Address
38630;0;0;0x0000;02 Illegal Data Address
38631;0;0;0x0000;02 Illegal Data Address
38632;0;0;0x0000;02 Illegal Data Address
38633;0;0;0x0000;02 Illegal Data Address
38634;0;0;0x0000;02 Illegal Data Address
38635;0;0;0x0000;02 Illegal Data Address
38636;0;0;0x0000;02 Illegal Data Address
38637;0;0;0x0000;02 Illegal Data Address
38638;0;0;0x0000;02 Illegal Data Address
38639;0;0;0x0000;02 Illegal Data Address
38640;0;0;0x0000;02 Illegal Data Address
38641;0;0;0x0000;02 Illegal Data Address
38642;0;0;0x0000;02 Illegal Data Address
38643;0;0;0x0000;02 Illegal Data Address
38644;0;0;0x0000;02 Illegal Data Address
38645;0;0;0x0000;02 Illegal Data Address
38646;0;0;0x0000;02 Illegal Data Address
38647;0;0;0x0000;02 Illegal Data Address
38648;0;0;0x0000;02 Illegal Data Address
38649;0;0;0x0000;02 Illegal Data Address
38650;0;0;0x0000;02 Illegal Data Address
38651;0;0;0x0000;02 Illegal Data Address
38652;0;0;0x0000;02 Illegal Data Address
38653;0;0;0x0000;02 Illegal Data Address
38654;0;0;0x0000;02 Illegal Data Address
38655;0;0;0x0000;02 Illegal Data Address
38656;0;0;0x0000;02 Illegal Data Address
38657;0;0;0x0000;02 Illegal Data Address
38658;0;0;0x0000;02 Illegal Data Address
38659;0;0;0x0000;02 Illegal Data Address
38660;0;0;0x0000;02 Illegal Data Address
38661;0;0;0x0000;02 Illegal Data Address
38662;0;0;0x0000;02 Illegal Data Address
38663;0;0;0x0000;02 Illegal Data Address
38664;0;0;0x0000;02 Illegal Data Address
38665;0;0;0x0000;02 Illegal Data Address
38666;0;0;0x0000;02 Illegal Data Address
38667;0;0;0x0000;02 Illegal Data Address
38668;0;0;0x0000;02 Illegal Data Address
38669;0;0;0x0000;02 Illegal Data Address
38670;0;0;0x0000;02 Illegal Data Address
38671;0;0;0x0000;02 Illegal Data Address
38672;0;0;0x0000;02 Illegal Data Address
38673;0;0;0x0000;02 Illegal Data Address
38674;0;0;0x0000;02 Illegal Data Address
38675;0;0;0x0000;02 Illegal Data Address
38676;0;0;0x0000;02 Illegal Data Address
38677;0;0;0x0000;02 Illegal Data Address
38678;0;0;0x0000;02 Illegal Data Address
38679;0;0;0x0000;02 Illegal Data Address
38680;0;0;0x0000;02 Illegal Data Address
38681;0;0;0x0000;02 Illegal Data Address
38682;0;0;0x0000;02 Illegal Data Address
38683;0;0;0x0000;02 Illegal Data Address
38684;0;0;0x0000;02 Illegal Data Address
38685;0;0;0x0000;02 Illegal Data Address
38686;0;0;0x0000;02 Illegal Data Address
38687;0;0;0x0000;02 Illegal Data Address
38688;0;0;0x0000;02 Illegal Data Address
38689;0;0;0x0000;02 Illegal Data Address
38690;0;0;0x0000;02 Illegal Data Address
38691;0;0;0x0000;02 Illegal Data Address
38692;0;0;0x0000;02 Illegal Data Address
38693;0;0;0x0000;02 Illegal Data Address
38694;0;0;0x0000;02 Illegal Data Address
38695;0;0;0x0000;02 Illegal Data Address
38696;0;0;0x0000;02 Illegal Data Address
38697;0;0;0x0000;02 Illegal Data Address
38698;0;0;0x0000;02 Illegal Data Address
38699;0;0;0x0000;02 Illegal Data Address
38700;0;0;0x0000;02 Illegal Data Address
38701;0;0;0x0000;02 Illegal Data Address
38702;0;0;0x0000;02 Illegal Data Address
38703;0;0;0x0000;02 Illegal Data Address
38704;0;0;0x0000;02 Illegal Data Address
38705;0;0;0x0000;02 Illegal Data Address
38706;0;0;0x0000;02 Illegal Data Address
38707;0;0;0x0000;02 Illegal Data Address
38708;0;0;0x0000;02 Illegal Data Address
38709;0;0;0x0000;02 Illegal Data Address
38710;0;0;0x0000;02 Illegal Data Address
38711;0;0;0x0000;02 Illegal Data Address
38712;0;0;0x0000;02 Illegal Data Address
38713;0;0;0x0000;02 Illegal Data Address
38714;0;0;0x0000;02 Illegal Data Address
38715;0;0;0x0000;02 Illegal Data Address
38716;0;0;0x0000;02 Illegal Data Address
38717;0;0;0x0000;02 Illegal Data Address
38718;0;0;0x0000;02 Illegal Data Address
38719;0;0;0x0000;02 Illegal Data Address
38720;0;0;0x0000;02 Illegal Data Address
38721;0;0;0x0000;02 Illegal Data Address
38722;0;0;0x0000;02 Illegal Data Address
38723;0;0;0x0000;02 Illegal Data Address
38724;0;0;0x0000;02 Illegal Data Address
38725;0;0;0x0000;02 Illegal Data Address
38726;0;0;0x0000;02 Illegal Data Address
38727;0;0;0x0000;02 Illegal Data Address
38728;0;0;0x0000;02 Illegal Data Address
38729;0;0;0x0000;02 Illegal Data Address
38730;0;0;0x0000;02 Illegal Data Address
38731;0;0;0x0000;02 Illegal Data Address
38732;0;0;0x0000;02 Illegal Data Address
38733;0;0;0x0000;02 Illegal Data Address
38734;0;0;0x0000;02 Illegal Data Address
38735;0;0;0x0000;02 Illegal Data Address
38736;0;0;0x0000;02 Illegal Data Address
38737;0;0;0x0000;02 Illegal Data Address
38738;0;0;0x0000;02 Illegal Data Address
38739;0;0;0x0000;02 Illegal Data Address
38740;0;0;0x0000;02 Illegal Data Address
38741;0;0;0x0000;02 Illegal Data Address
38742;0;0;0x0000;02 Illegal Data Address
38743;0;0;0x0000;02 Illegal Data Address
38744;0;0;0x0000;02 Illegal Data Address
38745;0;0;0x0000;02 Illegal Data Address
38746;0;0;0x0000;02 Illegal Data Address
38747;0;0;0x0000;02 Illegal Data Address
38748;0;0;0x0000;02 Illegal Data Address
38749;0;0;0x0000;02 Illegal Data Address
38750;0;0;0x0000;02 Illegal Data Address
38751;0;0;0x0000;02 Illegal Data Address
38752;0;0;0x0000;02 Illegal Data Address
38753;0;0;0x0000;02 Illegal Data Address
38754;0;0;0x0000;02 Illegal Data Address
38755;0;0;0x0000;02 Illegal Data Address
38756;0;0;0x0000;02 Illegal Data Address
38757;0;0;0x0000;02 Illegal Data Address
38758;0;0;0x0000;02 Illegal Data Address
38759;0;0;0x0000;02 Illegal Data Address
38760;0;0;0x0000;02 Illegal Data Address
38761;0;0;0x0000;02 Illegal Data Address
38762;0;0;0x0000;02 Illegal Data Address
38763;0;0;0x0000;02 Illegal Data Address
38764;0;0;0x0000;02 Illegal Data Address
38765;0;0;0x0000;02 Illegal Data Address
38766;0;0;0x0000;02 Illegal Data Address
38767;0;0;0x0000;02 Illegal Data Address
38768;0;0;0x0000;02 Illegal Data Address
38769;0;0;0x0000;02 Illegal Data Address
38770;0;0;0x0000;02 Illegal Data Address
38771;0;0;0x0000;02 Illegal Data Address
38772;0;0;0x0000;02 Illegal Data Address
38773;0;0;0x0000;02 Illegal Data Address
38774;0;0;0x0000;02 Illegal Data Address
38775;0;0;0x0000;02 Illegal Data Address
38776;0;0;0x0000;02 Illegal Data Address
38777;0;0;0x0000;02 Illegal Data Address
38778;0;0;0x0000;02 Illegal Data Address
38779;0;0;0x0000;02 Illegal Data Address
38780;0;0;0x0000;02 Illegal Data Address
38781;0;0;0x0000;02 Illegal Data Address
38782;0;0;0x0000;02 Illegal Data Address
38783;0;0;0x0000;02 Illegal Data Address
38784;0;0;0x0000;02 Illegal Data Address
38785;0;0;0x0000;02 Illegal Data Address
38786;0;0;0x0000;02 Illegal Data Address
38787;0;0;0x0000;02 Illegal Data Address
38788;0;0;0x0000;02 Illegal Data Address
38789;0;0;0x0000;02 Illegal Data Address
38790;0;0;0x0000;02 Illegal Data Address
38791;0;0;0x0000;02 Illegal Data Address
38792;0;0;0x0000;02 Illegal Data Address
38793;0;0;0x0000;02 Illegal Data Address
38794;0;0;0x0000;02 Illegal Data Address
38795;0;0;0x0000;02 Illegal Data Address
38796;0;0;0x0000;02 Illegal Data Address
38797;0;0;0x0000;02 Illegal Data Address
38798;0;0;0x0000;02 Illegal Data Address
38799;0;0;0x0000;02 Illegal Data Address
38800;0;0;0x0000;02 Illegal Data Address
38801;0;0;0x0000;02 Illegal Data Address
38802;0;0;0x0000;02 Illegal Data Address
38803;0;0;0x0000;02 Illegal Data Address
38804;0;0;0x0000;02 Illegal Data Address
38805;0;0;0x0000;02 Illegal Data Address
38806;0;0;0x0000;02 Illegal Data Address
38807;0;0;0x0000;02 Illegal Data Address
38808;0;0;0x0000;02 Illegal Data Address
38809;0;0;0x0000;02 Illegal Data Address
38810;0;0;0x0000;02 Illegal Data Address
38811;0;0;0x0000;02 Illegal Data Address
38812;0;0;0x0000;02 Illegal Data Address
38813;0;0;0x0000;02 Illegal Data Address
38814;0;0;0x0000;02 Illegal Data Address
38815;0;0;0x0000;02 Illegal Data Address
38816;0;0;0x0000;02 Illegal Data Address
38817;0;0;0x0000;02 Illegal Data Address
38818;0;0;0x0000;02 Illegal Data Address
38819;0;0;0x0000;02 Illegal Data Address
38820;0;0;0x0000;02 Illegal Data Address
38821;0;0;0x0000;02 Illegal Data Address
38822;0;0;0x0000;02 Illegal Data Address
38823;0;0;0x0000;02 Illegal Data Address
38824;0;0;0x0000;02 Illegal Data Address
38825;0;0;0x0000;02 Illegal Data Address
38826;0;0;0x0000;02 Illegal Data Address
38827;0;0;0x0000;02 Illegal Data Address
38828;0;0;0x0000;02 Illegal Data Address
38829;0;0;0x0000;02 Illegal Data Address
38830;0;0;0x0000;02 Illegal Data Address
38831;0;0;0x0000;02 Illegal Data Address
38832;0;0;0x0000;02 Illegal Data Address
38833;0;0;0x0000;02 Illegal Data Address
38834;0;0;0x0000;02 Illegal Data Address
38835;0;0;0x0000;02 Illegal Data Address
38836;0;0;0x0000;02 Illegal Data Address
38837;0;0;0x0000;02 Illegal Data Address
38838;0;0;0x0000;02 Illegal Data Address
38839;0;0;0x0000;02 Illegal Data Address
38840;0;0;0x0000;02 Illegal Data Address
38841;0;0;0x0000;02 Illegal Data Address
38842;0;0;0x0000;02 Illegal Data Address
38843;0;0;0x0000;02 Illegal Data Address
38844;0;0;0x0000;02 Illegal Data Address
38845;0;0;0x0000;02 Illegal Data Address
38846;0;0;0x0000;02 Illegal Data Address
38847;0;0;0x0000;02 Illegal Data Address
38848;0;0;0x0000;02 Illegal Data Address
38849;0;0;0x0000;02 Illegal Data Address
38850;0;0;0x0000;02 Illegal Data Address
38851;0;0;0x0000;02 Illegal Data Address
38852;0;0;0x0000;02 Illegal Data Address
38853;0;0;0x0000;02 Illegal Data Address
38854;0;0;0x0000;02 Illegal Data Address
38855;0;0;0x0000;02 Illegal Data Address
38856;0;0;0x0000;02 Illegal Data Address
38857;0;0;0x0000;02 Illegal Data Address
38858;0;0;0x0000;02 Illegal Data Address
38859;0;0;0x0000;02 Illegal Data Address
38860;0;0;0x0000;02 Illegal Data Address
38861;0;0;0x0000;02 Illegal Data Address
38862;0;0;0x0000;02 Illegal Data Address
38863;0;0;0x0000;02 Illegal Data Address
38864;0;0;0x0000;02 Illegal Data Address
38865;0;0;0x0000;02 Illegal Data Address
38866;0;0;0x0000;02 Illegal Data Address
38867;0;0;0x0000;02 Illegal Data Address
38868;0;0;0x0000;02 Illegal Data Address
38869;0;0;0x0000;02 Illegal Data Address
38870;0;0;0x0000;02 Illegal Data Address
38871;0;0;0x0000;02 Illegal Data Address
38872;0;0;0x0000;02 Illegal Data Address
38873;0;0;0x0000;02 Illegal Data Address
38874;0;0;0x0000;02 Illegal Data Address
38875;0;0;0x0000;02 Illegal Data Address
38876;0;0;0x0000;02 Illegal Data Address
38877;0;0;0x0000;02 Illegal Data Address
38878;0;0;0x0000;02 Illegal Data Address
38879;0;0;0x0000;02 Illegal Data Address
38880;0;0;0x0000;02 Illegal Data Address
38881;0;0;0x0000;02 Illegal Data Address
38882;0;0;0x0000;02 Illegal Data Address
38883;0;0;0x0000;02 Illegal Data Address
38884;0;0;0x0000;02 Illegal Data Address
38885;0;0;0x0000;02 Illegal Data Address
38886;0;0;0x0000;02 Illegal Data Address
38887;0;0;0x0000;02 Illegal Data Address
38888;0;0;0x0000;02 Illegal Data Address
38889;0;0;0x0000;02 Illegal Data Address
38890;0;0;0x0000;02 Illegal Data Address
38891;0;0;0x0000;02 Illegal Data Address
38892;0;0;0x0000;02 Illegal Data Address
38893;0;0;0x0000;02 Illegal Data Address
38894;0;0;0x0000;02 Illegal Data Address
38895;0;0;0x0000;02 Illegal Data Address
38896;0;0;0x0000;02 Illegal Data Address
38897;0;0;0x0000;02 Illegal Data Address
38898;0;0;0x0000;02 Illegal Data Address
38899;0;0;0x0000;02 Illegal Data Address
38900;0;0;0x0000;02 Illegal Data Address
38901;0;0;0x0000;02 Illegal Data Address
38902;0;0;0x0000;02 Illegal Data Address
38903;0;0;0x0000;02 Illegal Data Address
38904;0;0;0x0000;02 Illegal Data Address
38905;0;0;0x0000;02 Illegal Data Address
38906;0;0;0x0000;02 Illegal Data Address
38907;0;0;0x0000;02 Illegal Data Address
38908;0;0;0x0000;02 Illegal Data Address
38909;0;0;0x0000;02 Illegal Data Address
38910;0;0;0x0000;02 Illegal Data Address
38911;0;0;0x0000;02 Illegal Data Address
38912;0;0;0x0000;02 Illegal Data Address
38913;0;0;0x0000;02 Illegal Data Address
38914;0;0;0x0000;02 Illegal Data Address
38915;0;0;0x0000;02 Illegal Data Address
38916;0;0;0x0000;02 Illegal Data Address
38917;0;0;0x0000;02 Illegal Data Address
38918;0;0;0x0000;02 Illegal Data Address
38919;0;0;0x0000;02 Illegal Data Address
38920;0;0;0x0000;02 Illegal Data Address
38921;0;0;0x0000;02 Illegal Data Address
38922;0;0;0x0000;02 Illegal Data Address
38923;0;0;0x0000;02 Illegal Data Address
38924;0;0;0x0000;02 Illegal Data Address
38925;0;0;0x0000;02 Illegal Data Address
38926;0;0;0x0000;02 Illegal Data Address
38927;0;0;0x0000;02 Illegal Data Address
38928;0;0;0x0000;02 Illegal Data Address
38929;0;0;0x0000;02 Illegal Data Address
38930;0;0;0x0000;02 Illegal Data Address
38931;0;0;0x0000;02 Illegal Data Address
38932;0;0;0x0000;02 Illegal Data Address
38933;0;0;0x0000;02 Illegal Data Address
38934;0;0;0x0000;02 Illegal Data Address
38935;0;0;0x0000;02 Illegal Data Address
38936;0;0;0x0000;02 Illegal Data Address
38937;0;0;0x0000;02 Illegal Data Address
38938;0;0;0x0000;02 Illegal Data Address
38939;0;0;0x0000;02 Illegal Data Address
38940;0;0;0x0000;02 Illegal Data Address
38941;0;0;0x0000;02 Illegal Data Address
38942;0;0;0x0000;02 Illegal Data Address
38943;0;0;0x0000;02 Illegal Data Address
38944;0;0;0x0000;02 Illegal Data Address
38945;0;0;0x0000;02 Illegal Data Address
38946;0;0;0x0000;02 Illegal Data Address
38947;0;0;0x0000;02 Illegal Data Address
38948;0;0;0x0000;02 Illegal Data Address
38949;0;0;0x0000;02 Illegal Data Address
38950;0;0;0x0000;02 Illegal Data Address
38951;0;0;0x0000;02 Illegal Data Address
38952;0;0;0x0000;02 Illegal Data Address
38953;0;0;0x0000;02 Illegal Data Address
38954;0;0;0x0000;02 Illegal Data Address
38955;0;0;0x0000;02 Illegal Data Address
38956;0;0;0x0000;02 Illegal Data Address
38957;0;0;0x0000;02 Illegal Data Address
38958;0;0;0x0000;02 Illegal Data Address
38959;0;0;0x0000;02 Illegal Data Address
38960;0;0;0x0000;02 Illegal Data Address
38961;0;0;0x0000;02 Illegal Data Address
38962;0;0;0x0000;02 Illegal Data Address
38963;0;0;0x0000;02 Illegal Data Address
38964;0;0;0x0000;02 Illegal Data Address
38965;0;0;0x0000;02 Illegal Data Address
38966;0;0;0x0000;02 Illegal Data Address
38967;0;0;0x0000;02 Illegal Data Address
38968;0;0;0x0000;02 Illegal Data Address
38969;0;0;0x0000;02 Illegal Data Address
38970;0;0;0x0000;02 Illegal Data Address
38971;0;0;0x0000;02 Illegal Data Address
38972;0;0;0x0000;02 Illegal Data Address
38973;0;0;0x0000;02 Illegal Data Address
38974;0;0;0x0000;02 Illegal Data Address
38975;0;0;0x0000;02 Illegal Data Address
38976;0;0;0x0000;02 Illegal Data Address
38977;0;0;0x0000;02 Illegal Data Address
38978;0;0;0x0000;02 Illegal Data Address
38979;0;0;0x0000;02 Illegal Data Address
38980;0;0;0x0000;02 Illegal Data Address
38981;0;0;0x0000;02 Illegal Data Address
38982;0;0;0x0000;02 Illegal Data Address
38983;0;0;0x0000;02 Illegal Data Address
38984;0;0;0x0000;02 Illegal Data Address
38985;0;0;0x0000;02 Illegal Data Address
38986;0;0;0x0000;02 Illegal Data Address
38987;0;0;0x0000;02 Illegal Data Address
38988;0;0;0x0000;02 Illegal Data Address
38989;0;0;0x0000;02 Illegal Data Address
38990;0;0;0x0000;02 Illegal Data Address
38991;0;0;0x0000;02 Illegal Data Address
38992;0;0;0x0000;02 Illegal Data Address
38993;0;0;0x0000;02 Illegal Data Address
38994;0;0;0x0000;02 Illegal Data Address
38995;0;0;0x0000;02 Illegal Data Address
38996;0;0;0x0000;02 Illegal Data Address
38997;0;0;0x0000;02 Illegal Data Address
38998;0;0;0x0000;02 Illegal Data Address
38999;0;0;0x0000;02 Illegal Data Address
39000;0;0;0x0000;02 Illegal Data Address
39001;0;0;0x0000;02 Illegal Data Address
39002;0;0;0x0000;02 Illegal Data Address
39003;0;0;0x0000;02 Illegal Data Address
39004;0;0;0x0000;02 Illegal Data Address
39005;0;0;0x0000;02 Illegal Data Address
39006;0;0;0x0000;02 Illegal Data Address
39007;0;0;0x0000;02 Illegal Data Address
39008;0;0;0x0000;02 Illegal Data Address
39009;0;0;0x0000;02 Illegal Data Address
39010;0;0;0x0000;02 Illegal Data Address
39011;0;0;0x0000;02 Illegal Data Address
39012;0;0;0x0000;02 Illegal Data Address
39013;0;0;0x0000;02 Illegal Data Address
39014;0;0;0x0000;02 Illegal Data Address
39015;0;0;0x0000;02 Illegal Data Address
39016;0;0;0x0000;02 Illegal Data Address
39017;0;0;0x0000;02 Illegal Data Address
39018;0;0;0x0000;02 Illegal Data Address
39019;0;0;0x0000;02 Illegal Data Address
39020;0;0;0x0000;02 Illegal Data Address
39021;0;0;0x0000;02 Illegal Data Address
39022;0;0;0x0000;02 Illegal Data Address
39023;0;0;0x0000;02 Illegal Data Address
39024;0;0;0x0000;02 Illegal Data Address
39025;0;0;0x0000;02 Illegal Data Address
39026;0;0;0x0000;02 Illegal Data Address
39027;0;0;0x0000;02 Illegal Data Address
39028;0;0;0x0000;02 Illegal Data Address
39029;0;0;0x0000;02 Illegal Data Address
39030;0;0;0x0000;02 Illegal Data Address
39031;0;0;0x0000;02 Illegal Data Address
39032;0;0;0x0000;02 Illegal Data Address
39033;0;0;0x0000;02 Illegal Data Address
39034;0;0;0x0000;02 Illegal Data Address
39035;0;0;0x0000;02 Illegal Data Address
39036;0;0;0x0000;02 Illegal Data Address
39037;0;0;0x0000;02 Illegal Data Address
39038;0;0;0x0000;02 Illegal Data Address
39039;0;0;0x0000;02 Illegal Data Address
39040;0;0;0x0000;02 Illegal Data Address
39041;0;0;0x0000;02 Illegal Data Address
39042;0;0;0x0000;02 Illegal Data Address
39043;0;0;0x0000;02 Illegal Data Address
39044;0;0;0x0000;02 Illegal Data Address
39045;0;0;0x0000;02 Illegal Data Address
39046;0;0;0x0000;02 Illegal Data Address
39047;0;0;0x0000;02 Illegal Data Address
39048;0;0;0x0000;02 Illegal Data Address
39049;0;0;0x0000;02 Illegal Data Address
39050;0;0;0x0000;02 Illegal Data Address
39051;0;0;0x0000;02 Illegal Data Address
39052;0;0;0x0000;02 Illegal Data Address
39053;0;0;0x0000;02 Illegal Data Address
39054;0;0;0x0000;02 Illegal Data Address
39055;0;0;0x0000;02 Illegal Data Address
39056;0;0;0x0000;02 Illegal Data Address
39057;0;0;0x0000;02 Illegal Data Address
39058;0;0;0x0000;02 Illegal Data Address
39059;0;0;0x0000;02 Illegal Data Address
39060;0;0;0x0000;02 Illegal Data Address
39061;0;0;0x0000;02 Illegal Data Address
39062;0;0;0x0000;02 Illegal Data Address
39063;0;0;0x0000;02 Illegal Data Address
39064;0;0;0x0000;02 Illegal Data Address
39065;0;0;0x0000;02 Illegal Data Address
39066;0;0;0x0000;02 Illegal Data Address
39067;0;0;0x0000;02 Illegal Data Address
39068;0;0;0x0000;02 Illegal Data Address
39069;0;0;0x0000;02 Illegal Data Address
39070;0;0;0x0000;02 Illegal Data Address
39071;0;0;0x0000;02 Illegal Data Address
39072;0;0;0x0000;02 Illegal Data Address
39073;0;0;0x0000;02 Illegal Data Address
39074;0;0;0x0000;02 Illegal Data Address
39075;0;0;0x0000;02 Illegal Data Address
39076;0;0;0x0000;02 Illegal Data Address
39077;0;0;0x0000;02 Illegal Data Address
39078;0;0;0x0000;02 Illegal Data Address
39079;0;0;0x0000;02 Illegal Data Address
39080;0;0;0x0000;02 Illegal Data Address
39081;0;0;0x0000;02 Illegal Data Address
39082;0;0;0x0000;02 Illegal Data Address
39083;0;0;0x0000;02 Illegal Data Address
39084;0;0;0x0000;02 Illegal Data Address
39085;0;0;0x0000;02 Illegal Data Address
39086;0;0;0x0000;02 Illegal Data Address
39087;0;0;0x0000;02 Illegal Data Address
39088;0;0;0x0000;02 Illegal Data Address
39089;0;0;0x0000;02 Illegal Data Address
39090;0;0;0x0000;02 Illegal Data Address
39091;0;0;0x0000;02 Illegal Data Address
39092;0;0;0x0000;02 Illegal Data Address
39093;0;0;0x0000;02 Illegal Data Address
39094;0;0;0x0000;02 Illegal Data Address
39095;0;0;0x0000;02 Illegal Data Address
39096;0;0;0x0000;02 Illegal Data Address
39097;0;0;0x0000;02 Illegal Data Address
39098;0;0;0x0000;02 Illegal Data Address
39099;0;0;0x0000;02 Illegal Data Address
39100;0;0;0x0000;02 Illegal Data Address
39101;0;0;0x0000;02 Illegal Data Address
39102;0;0;0x0000;02 Illegal Data Address
39103;0;0;0x0000;02 Illegal Data Address
39104;0;0;0x0000;02 Illegal Data Address
39105;0;0;0x0000;02 Illegal Data Address
39106;0;0;0x0000;02 Illegal Data Address
39107;0;0;0x0000;02 Illegal Data Address
39108;0;0;0x0000;02 Illegal Data Address
39109;0;0;0x0000;02 Illegal Data Address
39110;0;0;0x0000;02 Illegal Data Address
39111;0;0;0x0000;02 Illegal Data Address
39112;0;0;0x0000;02 Illegal Data Address
39113;0;0;0x0000;02 Illegal Data Address
39114;0;0;0x0000;02 Illegal Data Address
39115;0;0;0x0000;02 Illegal Data Address
39116;0;0;0x0000;02 Illegal Data Address
39117;0;0;0x0000;02 Illegal Data Address
39118;0;0;0x0000;02 Illegal Data Address
39119;0;0;0x0000;02 Illegal Data Address
39120;0;0;0x0000;02 Illegal Data Address
39121;0;0;0x0000;02 Illegal Data Address
39122;0;0;0x0000;02 Illegal Data Address
39123;0;0;0x0000;02 Illegal Data Address
39124;0;0;0x0000;02 Illegal Data Address
39125;0;0;0x0000;02 Illegal Data Address
39126;0;0;0x0000;02 Illegal Data Address
39127;0;0;0x0000;02 Illegal Data Address
39128;0;0;0x0000;02 Illegal Data Address
39129;0;0;0x0000;02 Illegal Data Address
39130;0;0;0x0000;02 Illegal Data Address
39131;0;0;0x0000;02 Illegal Data Address
39132;0;0;0x0000;02 Illegal Data Address
39133;0;0;0x0000;02 Illegal Data Address
39134;0;0;0x0000;02 Illegal Data Address
39135;0;0;0x0000;02 Illegal Data Address
39136;0;0;0x0000;02 Illegal Data Address
39137;0;0;0x0000;02 Illegal Data Address
39138;0;0;0x0000;02 Illegal Data Address
39139;0;0;0x0000;02 Illegal Data Address
39140;0;0;0x0000;02 Illegal Data Address
39141;0;0;0x0000;02 Illegal Data Address
39142;0;0;0x0000;02 Illegal Data Address
39143;0;0;0x0000;02 Illegal Data Address
39144;0;0;0x0000;02 Illegal Data Address
39145;0;0;0x0000;02 Illegal Data Address
39146;0;0;0x0000;02 Illegal Data Address
39147;0;0;0x0000;02 Illegal Data Address
39148;0;0;0x0000;02 Illegal Data Address
39149;0;0;0x0000;02 Illegal Data Address
39150;0;0;0x0000;02 Illegal Data Address
39151;0;0;0x0000;02 Illegal Data Address
39152;0;0;0x0000;02 Illegal Data Address
39153;0;0;0x0000;02 Illegal Data Address
39154;0;0;0x0000;02 Illegal Data Address
39155;0;0;0x0000;02 Illegal Data Address
39156;0;0;0x0000;02 Illegal Data Address
39157;0;0;0x0000;02 Illegal Data Address
39158;0;0;0x0000;02 Illegal Data Address
39159;0;0;0x0000;02 Illegal Data Address
39160;0;0;0x0000;02 Illegal Data Address
39161;0;0;0x0000;02 Illegal Data Address
39162;0;0;0x0000;02 Illegal Data Address
39163;0;0;0x0000;02 Illegal Data Address
39164;0;0;0x0000;02 Illegal Data Address
39165;0;0;0x0000;02 Illegal Data Address
39166;0;0;0x0000;02 Illegal Data Address
39167;0;0;0x0000;02 Illegal Data Address
39168;0;0;0x0000;02 Illegal Data Address
39169;0;0;0x0000;02 Illegal Data Address
39170;0;0;0x0000;02 Illegal Data Address
39171;0;0;0x0000;02 Illegal Data Address
39172;0;0;0x0000;02 Illegal Data Address
39173;0;0;0x0000;02 Illegal Data Address
39174;0;0;0x0000;02 Illegal Data Address
39175;0;0;0x0000;02 Illegal Data Address
39176;0;0;0x0000;02 Illegal Data Address
39177;0;0;0x0000;02 Illegal Data Address
39178;0;0;0x0000;02 Illegal Data Address
39179;0;0;0x0000;02 Illegal Data Address
39180;0;0;0x0000;02 Illegal Data Address
39181;0;0;0x0000;02 Illegal Data Address
39182;0;0;0x0000;02 Illegal Data Address
39183;0;0;0x0000;02 Illegal Data Address
39184;0;0;0x0000;02 Illegal Data Address
39185;0;0;0x0000;02 Illegal Data Address
39186;0;0;0x0000;02 Illegal Data Address
39187;0;0;0x0000;02 Illegal Data Address
39188;0;0;0x0000;02 Illegal Data Address
39189;0;0;0x0000;02 Illegal Data Address
39190;0;0;0x0000;02 Illegal Data Address
39191;0;0;0x0000;02 Illegal Data Address
39192;0;0;0x0000;02 Illegal Data Address
39193;0;0;0x0000;02 Illegal Data Address
39194;0;0;0x0000;02 Illegal Data Address
39195;0;0;0x0000;02 Illegal Data Address
39196;0;0;0x0000;02 Illegal Data Address
39197;0;0;0x0000;02 Illegal Data Address
39198;0;0;0x0000;02 Illegal Data Address
39199;0;0;0x0000;02 Illegal Data Address
39200;0;0;0x0000;02 Illegal Data Address
39201;0;0;0x0000;02 Illegal Data Address
39202;0;0;0x0000;02 Illegal Data Address
39203;0;0;0x0000;02 Illegal Data Address
39204;0;0;0x0000;02 Illegal Data Address
39205;0;0;0x0000;02 Illegal Data Address
39206;0;0;0x0000;02 Illegal Data Address
39207;0;0;0x0000;02 Illegal Data Address
39208;0;0;0x0000;02 Illegal Data Address
39209;0;0;0x0000;02 Illegal Data Address
39210;0;0;0x0000;02 Illegal Data Address
39211;0;0;0x0000;02 Illegal Data Address
39212;0;0;0x0000;02 Illegal Data Address
39213;0;0;0x0000;02 Illegal Data Address
39214;0;0;0x0000;02 Illegal Data Address
39215;0;0;0x0000;02 Illegal Data Address
39216;0;0;0x0000;02 Illegal Data Address
39217;0;0;0x0000;02 Illegal Data Address
39218;0;0;0x0000;02 Illegal Data Address
39219;0;0;0x0000;02 Illegal Data Address
39220;0;0;0x0000;02 Illegal Data Address
39221;0;0;0x0000;02 Illegal Data Address
39222;0;0;0x0000;02 Illegal Data Address
39223;0;0;0x0000;02 Illegal Data Address
39224;0;0;0x0000;02 Illegal Data Address
39225;0;0;0x0000;02 Illegal Data Address
39226;0;0;0x0000;02 Illegal Data Address
39227;0;0;0x0000;02 Illegal Data Address
39228;0;0;0x0000;02 Illegal Data Address
39229;0;0;0x0000;02 Illegal Data Address
39230;0;0;0x0000;02 Illegal Data Address
39231;0;0;0x0000;02 Illegal Data Address
39232;0;0;0x0000;02 Illegal Data Address
39233;0;0;0x0000;02 Illegal Data Address
39234;0;0;0x0000;02 Illegal Data Address
39235;0;0;0x0000;02 Illegal Data Address
39236;0;0;0x0000;02 Illegal Data Address
39237;0;0;0x0000;02 Illegal Data Address
39238;0;0;0x0000;02 Illegal Data Address
39239;0;0;0x0000;02 Illegal Data Address
39240;0;0;0x0000;02 Illegal Data Address
39241;0;0;0x0000;02 Illegal Data Address
39242;0;0;0x0000;02 Illegal Data Address
39243;0;0;0x0000;02 Illegal Data Address
39244;0;0;0x0000;02 Illegal Data Address
39245;0;0;0x0000;02 Illegal Data Address
39246;0;0;0x0000;02 Illegal Data Address
39247;0;0;0x0000;02 Illegal Data Address
39248;0;0;0x0000;02 Illegal Data Address
39249;0;0;0x0000;02 Illegal Data Address
39250;0;0;0x0000;02 Illegal Data Address
39251;0;0;0x0000;02 Illegal Data Address
39252;0;0;0x0000;02 Illegal Data Address
39253;0;0;0x0000;02 Illegal Data Address
39254;0;0;0x0000;02 Illegal Data Address
39255;0;0;0x0000;02 Illegal Data Address
39256;0;0;0x0000;02 Illegal Data Address
39257;0;0;0x0000;02 Illegal Data Address
39258;0;0;0x0000;02 Illegal Data Address
39259;0;0;0x0000;02 Illegal Data Address
39260;0;0;0x0000;02 Illegal Data Address
39261;0;0;0x0000;02 Illegal Data Address
39262;0;0;0x0000;02 Illegal Data Address
39263;0;0;0x0000;02 Illegal Data Address
39264;0;0;0x0000;02 Illegal Data Address
39265;0;0;0x0000;02 Illegal Data Address
39266;0;0;0x0000;02 Illegal Data Address
39267;0;0;0x0000;02 Illegal Data Address
39268;0;0;0x0000;02 Illegal Data Address
39269;0;0;0x0000;02 Illegal Data Address
39270;0;0;0x0000;02 Illegal Data Address
39271;0;0;0x0000;02 Illegal Data Address
39272;0;0;0x0000;02 Illegal Data Address
39273;0;0;0x0000;02 Illegal Data Address
39274;0;0;0x0000;02 Illegal Data Address
39275;0;0;0x0000;02 Illegal Data Address
39276;0;0;0x0000;02 Illegal Data Address
39277;0;0;0x0000;02 Illegal Data Address
39278;0;0;0x0000;02 Illegal Data Address
39279;0;0;0x0000;02 Illegal Data Address
39280;0;0;0x0000;02 Illegal Data Address
39281;0;0;0x0000;02 Illegal Data Address
39282;0;0;0x0000;02 Illegal Data Address
39283;0;0;0x0000;02 Illegal Data Address
39284;0;0;0x0000;02 Illegal Data Address
39285;0;0;0x0000;02 Illegal Data Address
39286;0;0;0x0000;02 Illegal Data Address
39287;0;0;0x0000;02 Illegal Data Address
39288;0;0;0x0000;02 Illegal Data Address
39289;0;0;0x0000;02 Illegal Data Address
39290;0;0;0x0000;02 Illegal Data Address
39291;0;0;0x0000;02 Illegal Data Address
39292;0;0;0x0000;02 Illegal Data Address
39293;0;0;0x0000;02 Illegal Data Address
39294;0;0;0x0000;02 Illegal Data Address
39295;0;0;0x0000;02 Illegal Data Address
39296;0;0;0x0000;02 Illegal Data Address
39297;0;0;0x0000;02 Illegal Data Address
39298;0;0;0x0000;02 Illegal Data Address
39299;0;0;0x0000;02 Illegal Data Address
39300;0;0;0x0000;02 Illegal Data Address
39301;0;0;0x0000;02 Illegal Data Address
39302;0;0;0x0000;02 Illegal Data Address
39303;0;0;0x0000;02 Illegal Data Address
39304;0;0;0x0000;02 Illegal Data Address
39305;0;0;0x0000;02 Illegal Data Address
39306;0;0;0x0000;02 Illegal Data Address
39307;0;0;0x0000;02 Illegal Data Address
39308;0;0;0x0000;02 Illegal Data Address
39309;0;0;0x0000;02 Illegal Data Address
39310;0;0;0x0000;02 Illegal Data Address
39311;0;0;0x0000;02 Illegal Data Address
39312;0;0;0x0000;02 Illegal Data Address
39313;0;0;0x0000;02 Illegal Data Address
39314;0;0;0x0000;02 Illegal Data Address
39315;0;0;0x0000;02 Illegal Data Address
39316;0;0;0x0000;02 Illegal Data Address
39317;0;0;0x0000;02 Illegal Data Address
39318;0;0;0x0000;02 Illegal Data Address
39319;0;0;0x0000;02 Illegal Data Address
39320;0;0;0x0000;02 Illegal Data Address
39321;0;0;0x0000;02 Illegal Data Address
39322;0;0;0x0000;02 Illegal Data Address
39323;0;0;0x0000;02 Illegal Data Address
39324;0;0;0x0000;02 Illegal Data Address
39325;0;0;0x0000;02 Illegal Data Address
39326;0;0;0x0000;02 Illegal Data Address
39327;0;0;0x0000;02 Illegal Data Address
39328;0;0;0x0000;02 Illegal Data Address
39329;0;0;0x0000;02 Illegal Data Address
39330;0;0;0x0000;02 Illegal Data Address
39331;0;0;0x0000;02 Illegal Data Address
39332;0;0;0x0000;02 Illegal Data Address
39333;0;0;0x0000;02 Illegal Data Address
39334;0;0;0x0000;02 Illegal Data Address
39335;0;0;0x0000;02 Illegal Data Address
39336;0;0;0x0000;02 Illegal Data Address
39337;0;0;0x0000;02 Illegal Data Address
39338;0;0;0x0000;02 Illegal Data Address
39339;0;0;0x0000;02 Illegal Data Address
39340;0;0;0x0000;02 Illegal Data Address
39341;0;0;0x0000;02 Illegal Data Address
39342;0;0;0x0000;02 Illegal Data Address
39343;0;0;0x0000;02 Illegal Data Address
39344;0;0;0x0000;02 Illegal Data Address
39345;0;0;0x0000;02 Illegal Data Address
39346;0;0;0x0000;02 Illegal Data Address
39347;0;0;0x0000;02 Illegal Data Address
39348;0;0;0x0000;02 Illegal Data Address
39349;0;0;0x0000;02 Illegal Data Address
39350;0;0;0x0000;02 Illegal Data Address
39351;0;0;0x0000;02 Illegal Data Address
39352;0;0;0x0000;02 Illegal Data Address
39353;0;0;0x0000;02 Illegal Data Address
39354;0;0;0x0000;02 Illegal Data Address
39355;0;0;0x0000;02 Illegal Data Address
39356;0;0;0x0000;02 Illegal Data Address
39357;0;0;0x0000;02 Illegal Data Address
39358;0;0;0x0000;02 Illegal Data Address
39359;0;0;0x0000;02 Illegal Data Address
39360;0;0;0x0000;02 Illegal Data Address
39361;0;0;0x0000;02 Illegal Data Address
39362;0;0;0x0000;02 Illegal Data Address
39363;0;0;0x0000;02 Illegal Data Address
39364;0;0;0x0000;02 Illegal Data Address
39365;0;0;0x0000;02 Illegal Data Address
39366;0;0;0x0000;02 Illegal Data Address
39367;0;0;0x0000;02 Illegal Data Address
39368;0;0;0x0000;02 Illegal Data Address
39369;0;0;0x0000;02 Illegal Data Address
39370;0;0;0x0000;02 Illegal Data Address
39371;0;0;0x0000;02 Illegal Data Address
39372;0;0;0x0000;02 Illegal Data Address
39373;0;0;0x0000;02 Illegal Data Address
39374;0;0;0x0000;02 Illegal Data Address
39375;0;0;0x0000;02 Illegal Data Address
39376;0;0;0x0000;02 Illegal Data Address
39377;0;0;0x0000;02 Illegal Data Address
39378;0;0;0x0000;02 Illegal Data Address
39379;0;0;0x0000;02 Illegal Data Address
39380;0;0;0x0000;02 Illegal Data Address
39381;0;0;0x0000;02 Illegal Data Address
39382;0;0;0x0000;02 Illegal Data Address
39383;0;0;0x0000;02 Illegal Data Address
39384;0;0;0x0000;02 Illegal Data Address
39385;0;0;0x0000;02 Illegal Data Address
39386;0;0;0x0000;02 Illegal Data Address
39387;0;0;0x0000;02 Illegal Data Address
39388;0;0;0x0000;02 Illegal Data Address
39389;0;0;0x0000;02 Illegal Data Address
39390;0;0;0x0000;02 Illegal Data Address
39391;0;0;0x0000;02 Illegal Data Address
39392;0;0;0x0000;02 Illegal Data Address
39393;0;0;0x0000;02 Illegal Data Address
39394;0;0;0x0000;02 Illegal Data Address
39395;0;0;0x0000;02 Illegal Data Address
39396;0;0;0x0000;02 Illegal Data Address
39397;0;0;0x0000;02 Illegal Data Address
39398;0;0;0x0000;02 Illegal Data Address
39399;0;0;0x0000;02 Illegal Data Address
39400;0;0;0x0000;02 Illegal Data Address
39401;0;0;0x0000;02 Illegal Data Address
39402;0;0;0x0000;02 Illegal Data Address
39403;0;0;0x0000;02 Illegal Data Address
39404;0;0;0x0000;02 Illegal Data Address
39405;0;0;0x0000;02 Illegal Data Address
39406;0;0;0x0000;02 Illegal Data Address
39407;0;0;0x0000;02 Illegal Data Address
39408;0;0;0x0000;02 Illegal Data Address
39409;0;0;0x0000;02 Illegal Data Address
39410;0;0;0x0000;02 Illegal Data Address
39411;0;0;0x0000;02 Illegal Data Address
39412;0;0;0x0000;02 Illegal Data Address
39413;0;0;0x0000;02 Illegal Data Address
39414;0;0;0x0000;02 Illegal Data Address
39415;0;0;0x0000;02 Illegal Data Address
39416;0;0;0x0000;02 Illegal Data Address
39417;0;0;0x0000;02 Illegal Data Address
39418;0;0;0x0000;02 Illegal Data Address
39419;0;0;0x0000;02 Illegal Data Address
39420;0;0;0x0000;02 Illegal Data Address
39421;0;0;0x0000;02 Illegal Data Address
39422;0;0;0x0000;02 Illegal Data Address
39423;0;0;0x0000;02 Illegal Data Address
39424;0;0;0x0000;02 Illegal Data Address
39425;0;0;0x0000;02 Illegal Data Address
39426;0;0;0x0000;02 Illegal Data Address
39427;0;0;0x0000;02 Illegal Data Address
39428;0;0;0x0000;02 Illegal Data Address
39429;0;0;0x0000;02 Illegal Data Address
39430;0;0;0x0000;02 Illegal Data Address
39431;0;0;0x0000;02 Illegal Data Address
39432;0;0;0x0000;02 Illegal Data Address
39433;0;0;0x0000;02 Illegal Data Address
39434;0;0;0x0000;02 Illegal Data Address
39435;0;0;0x0000;02 Illegal Data Address
39436;0;0;0x0000;02 Illegal Data Address
39437;0;0;0x0000;02 Illegal Data Address
39438;0;0;0x0000;02 Illegal Data Address
39439;0;0;0x0000;02 Illegal Data Address
39440;0;0;0x0000;02 Illegal Data Address
39441;0;0;0x0000;02 Illegal Data Address
39442;0;0;0x0000;02 Illegal Data Address
39443;0;0;0x0000;02 Illegal Data Address
39444;0;0;0x0000;02 Illegal Data Address
39445;0;0;0x0000;02 Illegal Data Address
39446;0;0;0x0000;02 Illegal Data Address
39447;0;0;0x0000;02 Illegal Data Address
39448;0;0;0x0000;02 Illegal Data Address
39449;0;0;0x0000;02 Illegal Data Address
39450;0;0;0x0000;02 Illegal Data Address
39451;0;0;0x0000;02 Illegal Data Address
39452;0;0;0x0000;02 Illegal Data Address
39453;0;0;0x0000;02 Illegal Data Address
39454;0;0;0x0000;02 Illegal Data Address
39455;0;0;0x0000;02 Illegal Data Address
39456;0;0;0x0000;02 Illegal Data Address
39457;0;0;0x0000;02 Illegal Data Address
39458;0;0;0x0000;02 Illegal Data Address
39459;0;0;0x0000;02 Illegal Data Address
39460;0;0;0x0000;02 Illegal Data Address
39461;0;0;0x0000;02 Illegal Data Address
39462;0;0;0x0000;02 Illegal Data Address
39463;0;0;0x0000;02 Illegal Data Address
39464;0;0;0x0000;02 Illegal Data Address
39465;0;0;0x0000;02 Illegal Data Address
39466;0;0;0x0000;02 Illegal Data Address
39467;0;0;0x0000;02 Illegal Data Address
39468;0;0;0x0000;02 Illegal Data Address
39469;0;0;0x0000;02 Illegal Data Address
39470;0;0;0x0000;02 Illegal Data Address
39471;0;0;0x0000;02 Illegal Data Address
39472;0;0;0x0000;02 Illegal Data Address
39473;0;0;0x0000;02 Illegal Data Address
39474;0;0;0x0000;02 Illegal Data Address
39475;0;0;0x0000;02 Illegal Data Address
39476;0;0;0x0000;02 Illegal Data Address
39477;0;0;0x0000;02 Illegal Data Address
39478;0;0;0x0000;02 Illegal Data Address
39479;0;0;0x0000;02 Illegal Data Address
39480;0;0;0x0000;02 Illegal Data Address
39481;0;0;0x0000;02 Illegal Data Address
39482;0;0;0x0000;02 Illegal Data Address
39483;0;0;0x0000;02 Illegal Data Address
39484;0;0;0x0000;02 Illegal Data Address
39485;0;0;0x0000;02 Illegal Data Address
39486;0;0;0x0000;02 Illegal Data Address
39487;0;0;0x0000;02 Illegal Data Address
39488;0;0;0x0000;02 Illegal Data Address
39489;0;0;0x0000;02 Illegal Data Address
39490;0;0;0x0000;02 Illegal Data Address
39491;0;0;0x0000;02 Illegal Data Address
39492;0;0;0x0000;02 Illegal Data Address
39493;0;0;0x0000;02 Illegal Data Address
39494;0;0;0x0000;02 Illegal Data Address
39495;0;0;0x0000;02 Illegal Data Address
39496;0;0;0x0000;02 Illegal Data Address
39497;0;0;0x0000;02 Illegal Data Address
39498;0;0;0x0000;02 Illegal Data Address
39499;0;0;0x0000;02 Illegal Data Address
39500;0;0;0x0000;02 Illegal Data Address
39501;0;0;0x0000;02 Illegal Data Address
39502;0;0;0x0000;02 Illegal Data Address
39503;0;0;0x0000;02 Illegal Data Address
39504;0;0;0x0000;02 Illegal Data Address
39505;0;0;0x0000;02 Illegal Data Address
39506;0;0;0x0000;02 Illegal Data Address
39507;0;0;0x0000;02 Illegal Data Address
39508;0;0;0x0000;02 Illegal Data Address
39509;0;0;0x0000;02 Illegal Data Address
39510;0;0;0x0000;02 Illegal Data Address
39511;0;0;0x0000;02 Illegal Data Address
39512;0;0;0x0000;02 Illegal Data Address
39513;0;0;0x0000;02 Illegal Data Address
39514;0;0;0x0000;02 Illegal Data Address
39515;0;0;0x0000;02 Illegal Data Address
39516;0;0;0x0000;02 Illegal Data Address
39517;0;0;0x0000;02 Illegal Data Address
39518;0;0;0x0000;02 Illegal Data Address
39519;0;0;0x0000;02 Illegal Data Address
39520;0;0;0x0000;02 Illegal Data Address
39521;0;0;0x0000;02 Illegal Data Address
39522;0;0;0x0000;02 Illegal Data Address
39523;0;0;0x0000;02 Illegal Data Address
39524;0;0;0x0000;02 Illegal Data Address
39525;0;0;0x0000;02 Illegal Data Address
39526;0;0;0x0000;02 Illegal Data Address
39527;0;0;0x0000;02 Illegal Data Address
39528;0;0;0x0000;02 Illegal Data Address
39529;0;0;0x0000;02 Illegal Data Address
39530;0;0;0x0000;02 Illegal Data Address
39531;0;0;0x0000;02 Illegal Data Address
39532;0;0;0x0000;02 Illegal Data Address
39533;0;0;0x0000;02 Illegal Data Address
39534;0;0;0x0000;02 Illegal Data Address
39535;0;0;0x0000;02 Illegal Data Address
39536;0;0;0x0000;02 Illegal Data Address
39537;0;0;0x0000;02 Illegal Data Address
39538;0;0;0x0000;02 Illegal Data Address
39539;0;0;0x0000;02 Illegal Data Address
39540;0;0;0x0000;02 Illegal Data Address
39541;0;0;0x0000;02 Illegal Data Address
39542;0;0;0x0000;02 Illegal Data Address
39543;0;0;0x0000;02 Illegal Data Address
39544;0;0;0x0000;02 Illegal Data Address
39545;0;0;0x0000;02 Illegal Data Address
39546;0;0;0x0000;02 Illegal Data Address
39547;0;0;0x0000;02 Illegal Data Address
39548;0;0;0x0000;02 Illegal Data Address
39549;0;0;0x0000;02 Illegal Data Address
39550;0;0;0x0000;02 Illegal Data Address
39551;0;0;0x0000;02 Illegal Data Address
39552;0;0;0x0000;02 Illegal Data Address
39553;0;0;0x0000;02 Illegal Data Address
39554;0;0;0x0000;02 Illegal Data Address
39555;0;0;0x0000;02 Illegal Data Address
39556;0;0;0x0000;02 Illegal Data Address
39557;0;0;0x0000;02 Illegal Data Address
39558;0;0;0x0000;02 Illegal Data Address
39559;0;0;0x0000;02 Illegal Data Address
39560;0;0;0x0000;02 Illegal Data Address
39561;0;0;0x0000;02 Illegal Data Address
39562;0;0;0x0000;02 Illegal Data Address
39563;0;0;0x0000;02 Illegal Data Address
39564;0;0;0x0000;02 Illegal Data Address
39565;0;0;0x0000;02 Illegal Data Address
39566;0;0;0x0000;02 Illegal Data Address
39567;0;0;0x0000;02 Illegal Data Address
39568;0;0;0x0000;02 Illegal Data Address
39569;0;0;0x0000;02 Illegal Data Address
39570;0;0;0x0000;02 Illegal Data Address
39571;0;0;0x0000;02 Illegal Data Address
39572;0;0;0x0000;02 Illegal Data Address
39573;0;0;0x0000;02 Illegal Data Address
39574;0;0;0x0000;02 Illegal Data Address
39575;0;0;0x0000;02 Illegal Data Address
39576;0;0;0x0000;02 Illegal Data Address
39577;0;0;0x0000;02 Illegal Data Address
39578;0;0;0x0000;02 Illegal Data Address
39579;0;0;0x0000;02 Illegal Data Address
39580;0;0;0x0000;02 Illegal Data Address
39581;0;0;0x0000;02 Illegal Data Address
39582;0;0;0x0000;02 Illegal Data Address
39583;0;0;0x0000;02 Illegal Data Address
39584;0;0;0x0000;02 Illegal Data Address
39585;0;0;0x0000;02 Illegal Data Address
39586;0;0;0x0000;02 Illegal Data Address
39587;0;0;0x0000;02 Illegal Data Address
39588;0;0;0x0000;02 Illegal Data Address
39589;0;0;0x0000;02 Illegal Data Address
39590;0;0;0x0000;02 Illegal Data Address
39591;0;0;0x0000;02 Illegal Data Address
39592;0;0;0x0000;02 Illegal Data Address
39593;0;0;0x0000;02 Illegal Data Address
39594;0;0;0x0000;02 Illegal Data Address
39595;0;0;0x0000;02 Illegal Data Address
39596;0;0;0x0000;02 Illegal Data Address
39597;0;0;0x0000;02 Illegal Data Address
39598;0;0;0x0000;02 Illegal Data Address
39599;0;0;0x0000;02 Illegal Data Address
39600;0;0;0x0000;02 Illegal Data Address
39601;0;0;0x0000;02 Illegal Data Address
39602;0;0;0x0000;02 Illegal Data Address
39603;0;0;0x0000;02 Illegal Data Address
39604;0;0;0x0000;02 Illegal Data Address
39605;0;0;0x0000;02 Illegal Data Address
39606;0;0;0x0000;02 Illegal Data Address
39607;0;0;0x0000;02 Illegal Data Address
39608;0;0;0x0000;02 Illegal Data Address
39609;0;0;0x0000;02 Illegal Data Address
39610;0;0;0x0000;02 Illegal Data Address
39611;0;0;0x0000;02 Illegal Data Address
39612;0;0;0x0000;02 Illegal Data Address
39613;0;0;0x0000;02 Illegal Data Address
39614;0;0;0x0000;02 Illegal Data Address
39615;0;0;0x0000;02 Illegal Data Address
39616;0;0;0x0000;02 Illegal Data Address
39617;0;0;0x0000;02 Illegal Data Address
39618;0;0;0x0000;02 Illegal Data Address
39619;0;0;0x0000;02 Illegal Data Address
39620;0;0;0x0000;02 Illegal Data Address
39621;0;0;0x0000;02 Illegal Data Address
39622;0;0;0x0000;02 Illegal Data Address
39623;0;0;0x0000;02 Illegal Data Address
39624;0;0;0x0000;02 Illegal Data Address
39625;0;0;0x0000;02 Illegal Data Address
39626;0;0;0x0000;02 Illegal Data Address
39627;0;0;0x0000;02 Illegal Data Address
39628;0;0;0x0000;02 Illegal Data Address
39629;0;0;0x0000;02 Illegal Data Address
39630;0;0;0x0000;02 Illegal Data Address
39631;0;0;0x0000;02 Illegal Data Address
39632;0;0;0x0000;02 Illegal Data Address
39633;0;0;0x0000;02 Illegal Data Address
39634;0;0;0x0000;02 Illegal Data Address
39635;0;0;0x0000;02 Illegal Data Address
39636;0;0;0x0000;02 Illegal Data Address
39637;0;0;0x0000;02 Illegal Data Address
39638;0;0;0x0000;02 Illegal Data Address
39639;0;0;0x0000;02 Illegal Data Address
39640;0;0;0x0000;02 Illegal Data Address
39641;0;0;0x0000;02 Illegal Data Address
39642;0;0;0x0000;02 Illegal Data Address
39643;0;0;0x0000;02 Illegal Data Address
39644;0;0;0x0000;02 Illegal Data Address
39645;0;0;0x0000;02 Illegal Data Address
39646;0;0;0x0000;02 Illegal Data Address
39647;0;0;0x0000;02 Illegal Data Address
39648;0;0;0x0000;02 Illegal Data Address
39649;0;0;0x0000;02 Illegal Data Address
39650;0;0;0x0000;02 Illegal Data Address
39651;0;0;0x0000;02 Illegal Data Address
39652;0;0;0x0000;02 Illegal Data Address
39653;0;0;0x0000;02 Illegal Data Address
39654;0;0;0x0000;02 Illegal Data Address
39655;0;0;0x0000;02 Illegal Data Address
39656;0;0;0x0000;02 Illegal Data Address
39657;0;0;0x0000;02 Illegal Data Address
39658;0;0;0x0000;02 Illegal Data Address
39659;0;0;0x0000;02 Illegal Data Address
39660;0;0;0x0000;02 Illegal Data Address
39661;0;0;0x0000;02 Illegal Data Address
39662;0;0;0x0000;02 Illegal Data Address
39663;0;0;0x0000;02 Illegal Data Address
39664;0;0;0x0000;02 Illegal Data Address
39665;0;0;0x0000;02 Illegal Data Address
39666;0;0;0x0000;02 Illegal Data Address
39667;0;0;0x0000;02 Illegal Data Address
39668;0;0;0x0000;02 Illegal Data Address
39669;0;0;0x0000;02 Illegal Data Address
39670;0;0;0x0000;02 Illegal Data Address
39671;0;0;0x0000;02 Illegal Data Address
39672;0;0;0x0000;02 Illegal Data Address
39673;0;0;0x0000;02 Illegal Data Address
39674;0;0;0x0000;02 Illegal Data Address
39675;0;0;0x0000;02 Illegal Data Address
39676;0;0;0x0000;02 Illegal Data Address
39677;0;0;0x0000;02 Illegal Data Address
39678;0;0;0x0000;02 Illegal Data Address
39679;0;0;0x0000;02 Illegal Data Address
39680;0;0;0x0000;02 Illegal Data Address
39681;0;0;0x0000;02 Illegal Data Address
39682;0;0;0x0000;02 Illegal Data Address
39683;0;0;0x0000;02 Illegal Data Address
39684;0;0;0x0000;02 Illegal Data Address
39685;0;0;0x0000;02 Illegal Data Address
39686;0;0;0x0000;02 Illegal Data Address
39687;0;0;0x0000;02 Illegal Data Address
39688;0;0;0x0000;02 Illegal Data Address
39689;0;0;0x0000;02 Illegal Data Address
39690;0;0;0x0000;02 Illegal Data Address
39691;0;0;0x0000;02 Illegal Data Address
39692;0;0;0x0000;02 Illegal Data Address
39693;0;0;0x0000;02 Illegal Data Address
39694;0;0;0x0000;02 Illegal Data Address
39695;0;0;0x0000;02 Illegal Data Address
39696;0;0;0x0000;02 Illegal Data Address
39697;0;0;0x0000;02 Illegal Data Address
39698;0;0;0x0000;02 Illegal Data Address
39699;0;0;0x0000;02 Illegal Data Address
39700;0;0;0x0000;02 Illegal Data Address
39701;0;0;0x0000;02 Illegal Data Address
39702;0;0;0x0000;02 Illegal Data Address
39703;0;0;0x0000;02 Illegal Data Address
39704;0;0;0x0000;02 Illegal Data Address
39705;0;0;0x0000;02 Illegal Data Address
39706;0;0;0x0000;02 Illegal Data Address
39707;0;0;0x0000;02 Illegal Data Address
39708;0;0;0x0000;02 Illegal Data Address
39709;0;0;0x0000;02 Illegal Data Address
39710;0;0;0x0000;02 Illegal Data Address
39711;0;0;0x0000;02 Illegal Data Address
39712;0;0;0x0000;02 Illegal Data Address
39713;0;0;0x0000;02 Illegal Data Address
39714;0;0;0x0000;02 Illegal Data Address
39715;0;0;0x0000;02 Illegal Data Address
39716;0;0;0x0000;02 Illegal Data Address
39717;0;0;0x0000;02 Illegal Data Address
39718;0;0;0x0000;02 Illegal Data Address
39719;0;0;0x0000;02 Illegal Data Address
39720;0;0;0x0000;02 Illegal Data Address
39721;0;0;0x0000;02 Illegal Data Address
39722;0;0;0x0000;02 Illegal Data Address
39723;0;0;0x0000;02 Illegal Data Address
39724;0;0;0x0000;02 Illegal Data Address
39725;0;0;0x0000;02 Illegal Data Address
39726;0;0;0x0000;02 Illegal Data Address
39727;0;0;0x0000;02 Illegal Data Address
39728;0;0;0x0000;02 Illegal Data Address
39729;0;0;0x0000;02 Illegal Data Address
39730;0;0;0x0000;02 Illegal Data Address
39731;0;0;0x0000;02 Illegal Data Address
39732;0;0;0x0000;02 Illegal Data Address
39733;0;0;0x0000;02 Illegal Data Address
39734;0;0;0x0000;02 Illegal Data Address
39735;0;0;0x0000;02 Illegal Data Address
39736;0;0;0x0000;02 Illegal Data Address
39737;0;0;0x0000;02 Illegal Data Address
39738;0;0;0x0000;02 Illegal Data Address
39739;0;0;0x0000;02 Illegal Data Address
39740;0;0;0x0000;02 Illegal Data Address
39741;0;0;0x0000;02 Illegal Data Address
39742;0;0;0x0000;02 Illegal Data Address
39743;0;0;0x0000;02 Illegal Data Address
39744;0;0;0x0000;02 Illegal Data Address
39745;0;0;0x0000;02 Illegal Data Address
39746;0;0;0x0000;02 Illegal Data Address
39747;0;0;0x0000;02 Illegal Data Address
39748;0;0;0x0000;02 Illegal Data Address
39749;0;0;0x0000;02 Illegal Data Address
39750;0;0;0x0000;02 Illegal Data Address
39751;0;0;0x0000;02 Illegal Data Address
39752;0;0;0x0000;02 Illegal Data Address
39753;0;0;0x0000;02 Illegal Data Address
39754;0;0;0x0000;02 Illegal Data Address
39755;0;0;0x0000;02 Illegal Data Address
39756;0;0;0x0000;02 Illegal Data Address
39757;0;0;0x0000;02 Illegal Data Address
39758;0;0;0x0000;02 Illegal Data Address
39759;0;0;0x0000;02 Illegal Data Address
39760;0;0;0x0000;02 Illegal Data Address
39761;0;0;0x0000;02 Illegal Data Address
39762;0;0;0x0000;02 Illegal Data Address
39763;0;0;0x0000;02 Illegal Data Address
39764;0;0;0x0000;02 Illegal Data Address
39765;0;0;0x0000;02 Illegal Data Address
39766;0;0;0x0000;02 Illegal Data Address
39767;0;0;0x0000;02 Illegal Data Address
39768;0;0;0x0000;02 Illegal Data Address
39769;0;0;0x0000;02 Illegal Data Address
39770;0;0;0x0000;02 Illegal Data Address
39771;0;0;0x0000;02 Illegal Data Address
39772;0;0;0x0000;02 Illegal Data Address
39773;0;0;0x0000;02 Illegal Data Address
39774;0;0;0x0000;02 Illegal Data Address
39775;0;0;0x0000;02 Illegal Data Address
39776;0;0;0x0000;02 Illegal Data Address
39777;0;0;0x0000;02 Illegal Data Address
39778;0;0;0x0000;02 Illegal Data Address
39779;0;0;0x0000;02 Illegal Data Address
39780;0;0;0x0000;02 Illegal Data Address
39781;0;0;0x0000;02 Illegal Data Address
39782;0;0;0x0000;02 Illegal Data Address
39783;0;0;0x0000;02 Illegal Data Address
39784;0;0;0x0000;02 Illegal Data Address
39785;0;0;0x0000;02 Illegal Data Address
39786;0;0;0x0000;02 Illegal Data Address
39787;0;0;0x0000;02 Illegal Data Address
39788;0;0;0x0000;02 Illegal Data Address
39789;0;0;0x0000;02 Illegal Data Address
39790;0;0;0x0000;02 Illegal Data Address
39791;0;0;0x0000;02 Illegal Data Address
39792;0;0;0x0000;02 Illegal Data Address
39793;0;0;0x0000;02 Illegal Data Address
39794;0;0;0x0000;02 Illegal Data Address
39795;0;0;0x0000;02 Illegal Data Address
39796;0;0;0x0000;02 Illegal Data Address
39797;0;0;0x0000;02 Illegal Data Address
39798;0;0;0x0000;02 Illegal Data Address
39799;0;0;0x0000;02 Illegal Data Address
39800;0;0;0x0000;02 Illegal Data Address
39801;0;0;0x0000;02 Illegal Data Address
39802;0;0;0x0000;02 Illegal Data Address
39803;0;0;0x0000;02 Illegal Data Address
39804;0;0;0x0000;02 Illegal Data Address
39805;0;0;0x0000;02 Illegal Data Address
39806;0;0;0x0000;02 Illegal Data Address
39807;0;0;0x0000;02 Illegal Data Address
39808;0;0;0x0000;02 Illegal Data Address
39809;0;0;0x0000;02 Illegal Data Address
39810;0;0;0x0000;02 Illegal Data Address
39811;0;0;0x0000;02 Illegal Data Address
39812;0;0;0x0000;02 Illegal Data Address
39813;0;0;0x0000;02 Illegal Data Address
39814;0;0;0x0000;02 Illegal Data Address
39815;0;0;0x0000;02 Illegal Data Address
39816;0;0;0x0000;02 Illegal Data Address
39817;0;0;0x0000;02 Illegal Data Address
39818;0;0;0x0000;02 Illegal Data Address
39819;0;0;0x0000;02 Illegal Data Address
39820;0;0;0x0000;02 Illegal Data Address
39821;0;0;0x0000;02 Illegal Data Address
39822;0;0;0x0000;02 Illegal Data Address
39823;0;0;0x0000;02 Illegal Data Address
39824;0;0;0x0000;02 Illegal Data Address
39825;0;0;0x0000;02 Illegal Data Address
39826;0;0;0x0000;02 Illegal Data Address
39827;0;0;0x0000;02 Illegal Data Address
39828;0;0;0x0000;02 Illegal Data Address
39829;0;0;0x0000;02 Illegal Data Address
39830;0;0;0x0000;02 Illegal Data Address
39831;0;0;0x0000;02 Illegal Data Address
39832;0;0;0x0000;02 Illegal Data Address
39833;0;0;0x0000;02 Illegal Data Address
39834;0;0;0x0000;02 Illegal Data Address
39835;0;0;0x0000;02 Illegal Data Address
39836;0;0;0x0000;02 Illegal Data Address
39837;0;0;0x0000;02 Illegal Data Address
39838;0;0;0x0000;02 Illegal Data Address
39839;0;0;0x0000;02 Illegal Data Address
39840;0;0;0x0000;02 Illegal Data Address
39841;0;0;0x0000;02 Illegal Data Address
39842;0;0;0x0000;02 Illegal Data Address
39843;0;0;0x0000;02 Illegal Data Address
39844;0;0;0x0000;02 Illegal Data Address
39845;0;0;0x0000;02 Illegal Data Address
39846;0;0;0x0000;02 Illegal Data Address
39847;0;0;0x0000;02 Illegal Data Address
39848;0;0;0x0000;02 Illegal Data Address
39849;0;0;0x0000;02 Illegal Data Address
39850;0;0;0x0000;02 Illegal Data Address
39851;0;0;0x0000;02 Illegal Data Address
39852;0;0;0x0000;02 Illegal Data Address
39853;0;0;0x0000;02 Illegal Data Address
39854;0;0;0x0000;02 Illegal Data Address
39855;0;0;0x0000;02 Illegal Data Address
39856;0;0;0x0000;02 Illegal Data Address
39857;0;0;0x0000;02 Illegal Data Address
39858;0;0;0x0000;02 Illegal Data Address
39859;0;0;0x0000;02 Illegal Data Address
39860;0;0;0x0000;02 Illegal Data Address
39861;0;0;0x0000;02 Illegal Data Address
39862;0;0;0x0000;02 Illegal Data Address
39863;0;0;0x0000;02 Illegal Data Address
39864;0;0;0x0000;02 Illegal Data Address
39865;0;0;0x0000;02 Illegal Data Address
39866;0;0;0x0000;02 Illegal Data Address
39867;0;0;0x0000;02 Illegal Data Address
39868;0;0;0x0000;02 Illegal Data Address
39869;0;0;0x0000;02 Illegal Data Address
39870;0;0;0x0000;02 Illegal Data Address
39871;0;0;0x0000;02 Illegal Data Address
39872;0;0;0x0000;02 Illegal Data Address
39873;0;0;0x0000;02 Illegal Data Address
39874;0;0;0x0000;02 Illegal Data Address
39875;0;0;0x0000;02 Illegal Data Address
39876;0;0;0x0000;02 Illegal Data Address
39877;0;0;0x0000;02 Illegal Data Address
39878;0;0;0x0000;02 Illegal Data Address
39879;0;0;0x0000;02 Illegal Data Address
39880;0;0;0x0000;02 Illegal Data Address
39881;0;0;0x0000;02 Illegal Data Address
39882;0;0;0x0000;02 Illegal Data Address
39883;0;0;0x0000;02 Illegal Data Address
39884;0;0;0x0000;02 Illegal Data Address
39885;0;0;0x0000;02 Illegal Data Address
39886;0;0;0x0000;02 Illegal Data Address
39887;0;0;0x0000;02 Illegal Data Address
39888;0;0;0x0000;02 Illegal Data Address
39889;0;0;0x0000;02 Illegal Data Address
39890;0;0;0x0000;02 Illegal Data Address
39891;0;0;0x0000;02 Illegal Data Address
39892;0;0;0x0000;02 Illegal Data Address
39893;0;0;0x0000;02 Illegal Data Address
39894;0;0;0x0000;02 Illegal Data Address
39895;0;0;0x0000;02 Illegal Data Address
39896;0;0;0x0000;02 Illegal Data Address
39897;0;0;0x0000;02 Illegal Data Address
39898;0;0;0x0000;02 Illegal Data Address
39899;0;0;0x0000;02 Illegal Data Address
39900;0;0;0x0000;02 Illegal Data Address
39901;0;0;0x0000;02 Illegal Data Address
39902;0;0;0x0000;02 Illegal Data Address
39903;0;0;0x0000;02 Illegal Data Address
39904;0;0;0x0000;02 Illegal Data Address
39905;0;0;0x0000;02 Illegal Data Address
39906;0;0;0x0000;02 Illegal Data Address
39907;0;0;0x0000;02 Illegal Data Address
39908;0;0;0x0000;02 Illegal Data Address
39909;0;0;0x0000;02 Illegal Data Address
39910;0;0;0x0000;02 Illegal Data Address
39911;0;0;0x0000;02 Illegal Data Address
39912;0;0;0x0000;02 Illegal Data Address
39913;0;0;0x0000;02 Illegal Data Address
39914;0;0;0x0000;02 Illegal Data Address
39915;0;0;0x0000;02 Illegal Data Address
39916;0;0;0x0000;02 Illegal Data Address
39917;0;0;0x0000;02 Illegal Data Address
39918;0;0;0x0000;02 Illegal Data Address
39919;0;0;0x0000;02 Illegal Data Address
39920;0;0;0x0000;02 Illegal Data Address
39921;0;0;0x0000;02 Illegal Data Address
39922;0;0;0x0000;02 Illegal Data Address
39923;0;0;0x0000;02 Illegal Data Address
39924;0;0;0x0000;02 Illegal Data Address
39925;0;0;0x0000;02 Illegal Data Address
39926;0;0;0x0000;02 Illegal Data Address
39927;0;0;0x0000;02 Illegal Data Address
39928;0;0;0x0000;02 Illegal Data Address
39929;0;0;0x0000;02 Illegal Data Address
39930;0;0;0x0000;02 Illegal Data Address
39931;0;0;0x0000;02 Illegal Data Address
39932;0;0;0x0000;02 Illegal Data Address
39933;0;0;0x0000;02 Illegal Data Address
39934;0;0;0x0000;02 Illegal Data Address
39935;0;0;0x0000;02 Illegal Data Address
39936;0;0;0x0000;02 Illegal Data Address
39937;0;0;0x0000;02 Illegal Data Address
39938;0;0;0x0000;02 Illegal Data Address
39939;0;0;0x0000;02 Illegal Data Address
39940;0;0;0x0000;02 Illegal Data Address
39941;0;0;0x0000;02 Illegal Data Address
39942;0;0;0x0000;02 Illegal Data Address
39943;0;0;0x0000;02 Illegal Data Address
39944;0;0;0x0000;02 Illegal Data Address
39945;0;0;0x0000;02 Illegal Data Address
39946;0;0;0x0000;02 Illegal Data Address
39947;0;0;0x0000;02 Illegal Data Address
39948;0;0;0x0000;02 Illegal Data Address
39949;0;0;0x0000;02 Illegal Data Address
39950;0;0;0x0000;02 Illegal Data Address
39951;0;0;0x0000;02 Illegal Data Address
39952;0;0;0x0000;02 Illegal Data Address
39953;0;0;0x0000;02 Illegal Data Address
39954;0;0;0x0000;02 Illegal Data Address
39955;0;0;0x0000;02 Illegal Data Address
39956;0;0;0x0000;02 Illegal Data Address
39957;0;0;0x0000;02 Illegal Data Address
39958;0;0;0x0000;02 Illegal Data Address
39959;0;0;0x0000;02 Illegal Data Address
39960;0;0;0x0000;02 Illegal Data Address
39961;0;0;0x0000;02 Illegal Data Address
39962;0;0;0x0000;02 Illegal Data Address
39963;0;0;0x0000;02 Illegal Data Address
39964;0;0;0x0000;02 Illegal Data Address
39965;0;0;0x0000;02 Illegal Data Address
39966;0;0;0x0000;02 Illegal Data Address
39967;0;0;0x0000;02 Illegal Data Address
39968;0;0;0x0000;02 Illegal Data Address
39969;0;0;0x0000;02 Illegal Data Address
39970;0;0;0x0000;02 Illegal Data Address
39971;0;0;0x0000;02 Illegal Data Address
39972;0;0;0x0000;02 Illegal Data Address
39973;0;0;0x0000;02 Illegal Data Address
39974;0;0;0x0000;02 Illegal Data Address
39975;0;0;0x0000;02 Illegal Data Address
39976;0;0;0x0000;02 Illegal Data Address
39977;0;0;0x0000;02 Illegal Data Address
39978;0;0;0x0000;02 Illegal Data Address
39979;0;0;0x0000;02 Illegal Data Address
39980;0;0;0x0000;02 Illegal Data Address
39981;0;0;0x0000;02 Illegal Data Address
39982;0;0;0x0000;02 Illegal Data Address
39983;0;0;0x0000;02 Illegal Data Address
39984;0;0;0x0000;02 Illegal Data Address
39985;0;0;0x0000;02 Illegal Data Address
39986;0;0;0x0000;02 Illegal Data Address
39987;0;0;0x0000;02 Illegal Data Address
39988;0;0;0x0000;02 Illegal Data Address
39989;0;0;0x0000;02 Illegal Data Address
39990;0;0;0x0000;02 Illegal Data Address
39991;0;0;0x0000;02 Illegal Data Address
39992;0;0;0x0000;02 Illegal Data Address
39993;0;0;0x0000;02 Illegal Data Address
39994;0;0;0x0000;02 Illegal Data Address
39995;0;0;0x0000;02 Illegal Data Address
39996;0;0;0x0000;02 Illegal Data Address
39997;0;0;0x0000;02 Illegal Data Address
39998;0;0;0x0000;02 Illegal Data Address
39999;0;0;0x0000;02 Illegal Data Address
40000;0;0;0x0000;02 Illegal Data Address
