20000;0;0;0x0000;02 Illegal Data Address
20001;0;0;0x0000;02 Illegal Data Address
20002;0;0;0x0000;02 Illegal Data Address
20003;0;0;0x0000;02 Illegal Data Address
20004;0;0;0x0000;02 Illegal Data Address
20005;0;0;0x0000;02 Illegal Data Address
20006;0;0;0x0000;02 Illegal Data Address
20007;0;0;0x0000;02 Illegal Data Address
20008;0;0;0x0000;02 Illegal Data Address
20009;0;0;0x0000;02 Illegal Data Address
20010;0;0;0x0000;02 Illegal Data Address
20011;0;0;0x0000;02 Illegal Data Address
20012;0;0;0x0000;02 Illegal Data Address
20013;0;0;0x0000;02 Illegal Data Address
20014;0;0;0x0000;02 Illegal Data Address
20015;0;0;0x0000;02 Illegal Data Address
20016;0;0;0x0000;02 Illegal Data Address
20017;0;0;0x0000;02 Illegal Data Address
20018;0;0;0x0000;02 Illegal Data Address
20019;0;0;0x0000;02 Illegal Data Address
20020;0;0;0x0000;02 Illegal Data Address
20021;0;0;0x0000;02 Illegal Data Address
20022;0;0;0x0000;02 Illegal Data Address
20023;0;0;0x0000;02 Illegal Data Address
20024;0;0;0x0000;02 Illegal Data Address
20025;0;0;0x0000;02 Illegal Data Address
20026;0;0;0x0000;02 Illegal Data Address
20027;0;0;0x0000;02 Illegal Data Address
20028;0;0;0x0000;02 Illegal Data Address
20029;0;0;0x0000;02 Illegal Data Address
20030;0;0;0x0000;02 Illegal Data Address
20031;0;0;0x0000;02 Illegal Data Address
20032;0;0;0x0000;02 Illegal Data Address
20033;0;0;0x0000;02 Illegal Data Address
20034;0;0;0x0000;02 Illegal Data Address
20035;0;0;0x0000;02 Illegal Data Address
20036;0;0;0x0000;02 Illegal Data Address
20037;0;0;0x0000;02 Illegal Data Address
20038;0;0;0x0000;02 Illegal Data Address
20039;0;0;0x0000;02 Illegal Data Address
20040;0;0;0x0000;02 Illegal Data Address
20041;0;0;0x0000;02 Illegal Data Address
20042;0;0;0x0000;02 Illegal Data Address
20043;0;0;0x0000;02 Illegal Data Address
20044;0;0;0x0000;02 Illegal Data Address
20045;0;0;0x0000;02 Illegal Data Address
20046;0;0;0x0000;02 Illegal Data Address
20047;0;0;0x0000;02 Illegal Data Address
20048;0;0;0x0000;02 Illegal Data Address
20049;0;0;0x0000;02 Illegal Data Address
20050;0;0;0x0000;02 Illegal Data Address
20051;0;0;0x0000;02 Illegal Data Address
20052;0;0;0x0000;02 Illegal Data Address
20053;0;0;0x0000;02 Illegal Data Address
20054;0;0;0x0000;02 Illegal Data Address
20055;0;0;0x0000;02 Illegal Data Address
20056;0;0;0x0000;02 Illegal Data Address
20057;0;0;0x0000;02 Illegal Data Address
20058;0;0;0x0000;02 Illegal Data Address
20059;0;0;0x0000;02 Illegal Data Address
20060;0;0;0x0000;02 Illegal Data Address
20061;0;0;0x0000;02 Illegal Data Address
20062;0;0;0x0000;02 Illegal Data Address
20063;0;0;0x0000;02 Illegal Data Address
20064;0;0;0x0000;02 Illegal Data Address
20065;0;0;0x0000;02 Illegal Data Address
20066;0;0;0x0000;02 Illegal Data Address
20067;0;0;0x0000;02 Illegal Data Address
20068;0;0;0x0000;02 Illegal Data Address
20069;0;0;0x0000;02 Illegal Data Address
20070;0;0;0x0000;02 Illegal Data Address
20071;0;0;0x0000;02 Illegal Data Address
20072;0;0;0x0000;02 Illegal Data Address
20073;0;0;0x0000;02 Illegal Data Address
20074;0;0;0x0000;02 Illegal Data Address
20075;0;0;0x0000;02 Illegal Data Address
20076;0;0;0x0000;02 Illegal Data Address
20077;0;0;0x0000;02 Illegal Data Address
20078;0;0;0x0000;02 Illegal Data Address
20079;0;0;0x0000;02 Illegal Data Address
20080;0;0;0x0000;02 Illegal Data Address
20081;0;0;0x0000;02 Illegal Data Address
20082;0;0;0x0000;02 Illegal Data Address
20083;0;0;0x0000;02 Illegal Data Address
20084;0;0;0x0000;02 Illegal Data Address
20085;0;0;0x0000;02 Illegal Data Address
20086;0;0;0x0000;02 Illegal Data Address
20087;0;0;0x0000;02 Illegal Data Address
20088;0;0;0x0000;02 Illegal Data Address
20089;0;0;0x0000;02 Illegal Data Address
20090;0;0;0x0000;02 Illegal Data Address
20091;0;0;0x0000;02 Illegal Data Address
20092;0;0;0x0000;02 Illegal Data Address
20093;0;0;0x0000;02 Illegal Data Address
20094;0;0;0x0000;02 Illegal Data Address
20095;0;0;0x0000;02 Illegal Data Address
20096;0;0;0x0000;02 Illegal Data Address
20097;0;0;0x0000;02 Illegal Data Address
20098;0;0;0x0000;02 Illegal Data Address
20099;0;0;0x0000;02 Illegal Data Address
20100;0;0;0x0000;02 Illegal Data Address
20101;0;0;0x0000;02 Illegal Data Address
20102;0;0;0x0000;02 Illegal Data Address
20103;0;0;0x0000;02 Illegal Data Address
20104;0;0;0x0000;02 Illegal Data Address
20105;0;0;0x0000;02 Illegal Data Address
20106;0;0;0x0000;02 Illegal Data Address
20107;0;0;0x0000;02 Illegal Data Address
20108;0;0;0x0000;02 Illegal Data Address
20109;0;0;0x0000;02 Illegal Data Address
20110;0;0;0x0000;02 Illegal Data Address
20111;0;0;0x0000;02 Illegal Data Address
20112;0;0;0x0000;02 Illegal Data Address
20113;0;0;0x0000;02 Illegal Data Address
20114;0;0;0x0000;02 Illegal Data Address
20115;0;0;0x0000;02 Illegal Data Address
20116;0;0;0x0000;02 Illegal Data Address
20117;0;0;0x0000;02 Illegal Data Address
20118;0;0;0x0000;02 Illegal Data Address
20119;0;0;0x0000;02 Illegal Data Address
20120;0;0;0x0000;02 Illegal Data Address
20121;0;0;0x0000;02 Illegal Data Address
20122;0;0;0x0000;02 Illegal Data Address
20123;0;0;0x0000;02 Illegal Data Address
20124;0;0;0x0000;02 Illegal Data Address
20125;0;0;0x0000;02 Illegal Data Address
20126;0;0;0x0000;02 Illegal Data Address
20127;0;0;0x0000;02 Illegal Data Address
20128;0;0;0x0000;02 Illegal Data Address
20129;0;0;0x0000;02 Illegal Data Address
20130;0;0;0x0000;02 Illegal Data Address
20131;0;0;0x0000;02 Illegal Data Address
20132;0;0;0x0000;02 Illegal Data Address
20133;0;0;0x0000;02 Illegal Data Address
20134;0;0;0x0000;02 Illegal Data Address
20135;0;0;0x0000;02 Illegal Data Address
20136;0;0;0x0000;02 Illegal Data Address
20137;0;0;0x0000;02 Illegal Data Address
20138;0;0;0x0000;02 Illegal Data Address
20139;0;0;0x0000;02 Illegal Data Address
20140;0;0;0x0000;02 Illegal Data Address
20141;0;0;0x0000;02 Illegal Data Address
20142;0;0;0x0000;02 Illegal Data Address
20143;0;0;0x0000;02 Illegal Data Address
20144;0;0;0x0000;02 Illegal Data Address
20145;0;0;0x0000;02 Illegal Data Address
20146;0;0;0x0000;02 Illegal Data Address
20147;0;0;0x0000;02 Illegal Data Address
20148;0;0;0x0000;02 Illegal Data Address
20149;0;0;0x0000;02 Illegal Data Address
20150;0;0;0x0000;02 Illegal Data Address
20151;0;0;0x0000;02 Illegal Data Address
20152;0;0;0x0000;02 Illegal Data Address
20153;0;0;0x0000;02 Illegal Data Address
20154;0;0;0x0000;02 Illegal Data Address
20155;0;0;0x0000;02 Illegal Data Address
20156;0;0;0x0000;02 Illegal Data Address
20157;0;0;0x0000;02 Illegal Data Address
20158;0;0;0x0000;02 Illegal Data Address
20159;0;0;0x0000;02 Illegal Data Address
20160;0;0;0x0000;02 Illegal Data Address
20161;0;0;0x0000;02 Illegal Data Address
20162;0;0;0x0000;02 Illegal Data Address
20163;0;0;0x0000;02 Illegal Data Address
20164;0;0;0x0000;02 Illegal Data Address
20165;0;0;0x0000;02 Illegal Data Address
20166;0;0;0x0000;02 Illegal Data Address
20167;0;0;0x0000;02 Illegal Data Address
20168;0;0;0x0000;02 Illegal Data Address
20169;0;0;0x0000;02 Illegal Data Address
20170;0;0;0x0000;02 Illegal Data Address
20171;0;0;0x0000;02 Illegal Data Address
20172;0;0;0x0000;02 Illegal Data Address
20173;0;0;0x0000;02 Illegal Data Address
20174;0;0;0x0000;02 Illegal Data Address
20175;0;0;0x0000;02 Illegal Data Address
20176;0;0;0x0000;02 Illegal Data Address
20177;0;0;0x0000;02 Illegal Data Address
20178;0;0;0x0000;02 Illegal Data Address
20179;0;0;0x0000;02 Illegal Data Address
20180;0;0;0x0000;02 Illegal Data Address
20181;0;0;0x0000;02 Illegal Data Address
20182;0;0;0x0000;02 Illegal Data Address
20183;0;0;0x0000;02 Illegal Data Address
20184;0;0;0x0000;02 Illegal Data Address
20185;0;0;0x0000;02 Illegal Data Address
20186;0;0;0x0000;02 Illegal Data Address
20187;0;0;0x0000;02 Illegal Data Address
20188;0;0;0x0000;02 Illegal Data Address
20189;0;0;0x0000;02 Illegal Data Address
20190;0;0;0x0000;02 Illegal Data Address
20191;0;0;0x0000;02 Illegal Data Address
20192;0;0;0x0000;02 Illegal Data Address
20193;0;0;0x0000;02 Illegal Data Address
20194;0;0;0x0000;02 Illegal Data Address
20195;0;0;0x0000;02 Illegal Data Address
20196;0;0;0x0000;02 Illegal Data Address
20197;0;0;0x0000;02 Illegal Data Address
20198;0;0;0x0000;02 Illegal Data Address
20199;0;0;0x0000;02 Illegal Data Address
20200;0;0;0x0000;02 Illegal Data Address
20201;0;0;0x0000;02 Illegal Data Address
20202;0;0;0x0000;02 Illegal Data Address
20203;0;0;0x0000;02 Illegal Data Address
20204;0;0;0x0000;02 Illegal Data Address
20205;0;0;0x0000;02 Illegal Data Address
20206;0;0;0x0000;02 Illegal Data Address
20207;0;0;0x0000;02 Illegal Data Address
20208;0;0;0x0000;02 Illegal Data Address
20209;0;0;0x0000;02 Illegal Data Address
20210;0;0;0x0000;02 Illegal Data Address
20211;0;0;0x0000;02 Illegal Data Address
20212;0;0;0x0000;02 Illegal Data Address
20213;0;0;0x0000;02 Illegal Data Address
20214;0;0;0x0000;02 Illegal Data Address
20215;0;0;0x0000;02 Illegal Data Address
20216;0;0;0x0000;02 Illegal Data Address
20217;0;0;0x0000;02 Illegal Data Address
20218;0;0;0x0000;02 Illegal Data Address
20219;0;0;0x0000;02 Illegal Data Address
20220;0;0;0x0000;02 Illegal Data Address
20221;0;0;0x0000;02 Illegal Data Address
20222;0;0;0x0000;02 Illegal Data Address
20223;0;0;0x0000;02 Illegal Data Address
20224;0;0;0x0000;02 Illegal Data Address
20225;0;0;0x0000;02 Illegal Data Address
20226;0;0;0x0000;02 Illegal Data Address
20227;0;0;0x0000;02 Illegal Data Address
20228;0;0;0x0000;02 Illegal Data Address
20229;0;0;0x0000;02 Illegal Data Address
20230;0;0;0x0000;02 Illegal Data Address
20231;0;0;0x0000;02 Illegal Data Address
20232;0;0;0x0000;02 Illegal Data Address
20233;0;0;0x0000;02 Illegal Data Address
20234;0;0;0x0000;02 Illegal Data Address
20235;0;0;0x0000;02 Illegal Data Address
20236;0;0;0x0000;02 Illegal Data Address
20237;0;0;0x0000;02 Illegal Data Address
20238;0;0;0x0000;02 Illegal Data Address
20239;0;0;0x0000;02 Illegal Data Address
20240;0;0;0x0000;02 Illegal Data Address
20241;0;0;0x0000;02 Illegal Data Address
20242;0;0;0x0000;02 Illegal Data Address
20243;0;0;0x0000;02 Illegal Data Address
20244;0;0;0x0000;02 Illegal Data Address
20245;0;0;0x0000;02 Illegal Data Address
20246;0;0;0x0000;02 Illegal Data Address
20247;0;0;0x0000;02 Illegal Data Address
20248;0;0;0x0000;02 Illegal Data Address
20249;0;0;0x0000;02 Illegal Data Address
20250;0;0;0x0000;02 Illegal Data Address
20251;0;0;0x0000;02 Illegal Data Address
20252;0;0;0x0000;02 Illegal Data Address
20253;0;0;0x0000;02 Illegal Data Address
20254;0;0;0x0000;02 Illegal Data Address
20255;0;0;0x0000;02 Illegal Data Address
20256;0;0;0x0000;02 Illegal Data Address
20257;0;0;0x0000;02 Illegal Data Address
20258;0;0;0x0000;02 Illegal Data Address
20259;0;0;0x0000;02 Illegal Data Address
20260;0;0;0x0000;02 Illegal Data Address
20261;0;0;0x0000;02 Illegal Data Address
20262;0;0;0x0000;02 Illegal Data Address
20263;0;0;0x0000;02 Illegal Data Address
20264;0;0;0x0000;02 Illegal Data Address
20265;0;0;0x0000;02 Illegal Data Address
20266;0;0;0x0000;02 Illegal Data Address
20267;0;0;0x0000;02 Illegal Data Address
20268;0;0;0x0000;02 Illegal Data Address
20269;0;0;0x0000;02 Illegal Data Address
20270;0;0;0x0000;02 Illegal Data Address
20271;0;0;0x0000;02 Illegal Data Address
20272;0;0;0x0000;02 Illegal Data Address
20273;0;0;0x0000;02 Illegal Data Address
20274;0;0;0x0000;02 Illegal Data Address
20275;0;0;0x0000;02 Illegal Data Address
20276;0;0;0x0000;02 Illegal Data Address
20277;0;0;0x0000;02 Illegal Data Address
20278;0;0;0x0000;02 Illegal Data Address
20279;0;0;0x0000;02 Illegal Data Address
20280;0;0;0x0000;02 Illegal Data Address
20281;0;0;0x0000;02 Illegal Data Address
20282;0;0;0x0000;02 Illegal Data Address
20283;0;0;0x0000;02 Illegal Data Address
20284;0;0;0x0000;02 Illegal Data Address
20285;0;0;0x0000;02 Illegal Data Address
20286;0;0;0x0000;02 Illegal Data Address
20287;0;0;0x0000;02 Illegal Data Address
20288;0;0;0x0000;02 Illegal Data Address
20289;0;0;0x0000;02 Illegal Data Address
20290;0;0;0x0000;02 Illegal Data Address
20291;0;0;0x0000;02 Illegal Data Address
20292;0;0;0x0000;02 Illegal Data Address
20293;0;0;0x0000;02 Illegal Data Address
20294;0;0;0x0000;02 Illegal Data Address
20295;0;0;0x0000;02 Illegal Data Address
20296;0;0;0x0000;02 Illegal Data Address
20297;0;0;0x0000;02 Illegal Data Address
20298;0;0;0x0000;02 Illegal Data Address
20299;0;0;0x0000;02 Illegal Data Address
20300;0;0;0x0000;02 Illegal Data Address
20301;0;0;0x0000;02 Illegal Data Address
20302;0;0;0x0000;02 Illegal Data Address
20303;0;0;0x0000;02 Illegal Data Address
20304;0;0;0x0000;02 Illegal Data Address
20305;0;0;0x0000;02 Illegal Data Address
20306;0;0;0x0000;02 Illegal Data Address
20307;0;0;0x0000;02 Illegal Data Address
20308;0;0;0x0000;02 Illegal Data Address
20309;0;0;0x0000;02 Illegal Data Address
20310;0;0;0x0000;02 Illegal Data Address
20311;0;0;0x0000;02 Illegal Data Address
20312;0;0;0x0000;02 Illegal Data Address
20313;0;0;0x0000;02 Illegal Data Address
20314;0;0;0x0000;02 Illegal Data Address
20315;0;0;0x0000;02 Illegal Data Address
20316;0;0;0x0000;02 Illegal Data Address
20317;0;0;0x0000;02 Illegal Data Address
20318;0;0;0x0000;02 Illegal Data Address
20319;0;0;0x0000;02 Illegal Data Address
20320;0;0;0x0000;02 Illegal Data Address
20321;0;0;0x0000;02 Illegal Data Address
20322;0;0;0x0000;02 Illegal Data Address
20323;0;0;0x0000;02 Illegal Data Address
20324;0;0;0x0000;02 Illegal Data Address
20325;0;0;0x0000;02 Illegal Data Address
20326;0;0;0x0000;02 Illegal Data Address
20327;0;0;0x0000;02 Illegal Data Address
20328;0;0;0x0000;02 Illegal Data Address
20329;0;0;0x0000;02 Illegal Data Address
20330;0;0;0x0000;02 Illegal Data Address
20331;0;0;0x0000;02 Illegal Data Address
20332;0;0;0x0000;02 Illegal Data Address
20333;0;0;0x0000;02 Illegal Data Address
20334;0;0;0x0000;02 Illegal Data Address
20335;0;0;0x0000;02 Illegal Data Address
20336;0;0;0x0000;02 Illegal Data Address
20337;0;0;0x0000;02 Illegal Data Address
20338;0;0;0x0000;02 Illegal Data Address
20339;0;0;0x0000;02 Illegal Data Address
20340;0;0;0x0000;02 Illegal Data Address
20341;0;0;0x0000;02 Illegal Data Address
20342;0;0;0x0000;02 Illegal Data Address
20343;0;0;0x0000;02 Illegal Data Address
20344;0;0;0x0000;02 Illegal Data Address
20345;0;0;0x0000;02 Illegal Data Address
20346;0;0;0x0000;02 Illegal Data Address
20347;0;0;0x0000;02 Illegal Data Address
20348;0;0;0x0000;02 Illegal Data Address
20349;0;0;0x0000;02 Illegal Data Address
20350;0;0;0x0000;02 Illegal Data Address
20351;0;0;0x0000;02 Illegal Data Address
20352;0;0;0x0000;02 Illegal Data Address
20353;0;0;0x0000;02 Illegal Data Address
20354;0;0;0x0000;02 Illegal Data Address
20355;0;0;0x0000;02 Illegal Data Address
20356;0;0;0x0000;02 Illegal Data Address
20357;0;0;0x0000;02 Illegal Data Address
20358;0;0;0x0000;02 Illegal Data Address
20359;0;0;0x0000;02 Illegal Data Address
20360;0;0;0x0000;02 Illegal Data Address
20361;0;0;0x0000;02 Illegal Data Address
20362;0;0;0x0000;02 Illegal Data Address
20363;0;0;0x0000;02 Illegal Data Address
20364;0;0;0x0000;02 Illegal Data Address
20365;0;0;0x0000;02 Illegal Data Address
20366;0;0;0x0000;02 Illegal Data Address
20367;0;0;0x0000;02 Illegal Data Address
20368;0;0;0x0000;02 Illegal Data Address
20369;0;0;0x0000;02 Illegal Data Address
20370;0;0;0x0000;02 Illegal Data Address
20371;0;0;0x0000;02 Illegal Data Address
20372;0;0;0x0000;02 Illegal Data Address
20373;0;0;0x0000;02 Illegal Data Address
20374;0;0;0x0000;02 Illegal Data Address
20375;0;0;0x0000;02 Illegal Data Address
20376;0;0;0x0000;02 Illegal Data Address
20377;0;0;0x0000;02 Illegal Data Address
20378;0;0;0x0000;02 Illegal Data Address
20379;0;0;0x0000;02 Illegal Data Address
20380;0;0;0x0000;02 Illegal Data Address
20381;0;0;0x0000;02 Illegal Data Address
20382;0;0;0x0000;02 Illegal Data Address
20383;0;0;0x0000;02 Illegal Data Address
20384;0;0;0x0000;02 Illegal Data Address
20385;0;0;0x0000;02 Illegal Data Address
20386;0;0;0x0000;02 Illegal Data Address
20387;0;0;0x0000;02 Illegal Data Address
20388;0;0;0x0000;02 Illegal Data Address
20389;0;0;0x0000;02 Illegal Data Address
20390;0;0;0x0000;02 Illegal Data Address
20391;0;0;0x0000;02 Illegal Data Address
20392;0;0;0x0000;02 Illegal Data Address
20393;0;0;0x0000;02 Illegal Data Address
20394;0;0;0x0000;02 Illegal Data Address
20395;0;0;0x0000;02 Illegal Data Address
20396;0;0;0x0000;02 Illegal Data Address
20397;0;0;0x0000;02 Illegal Data Address
20398;0;0;0x0000;02 Illegal Data Address
20399;0;0;0x0000;02 Illegal Data Address
20400;0;0;0x0000;02 Illegal Data Address
20401;0;0;0x0000;02 Illegal Data Address
20402;0;0;0x0000;02 Illegal Data Address
20403;0;0;0x0000;02 Illegal Data Address
20404;0;0;0x0000;02 Illegal Data Address
20405;0;0;0x0000;02 Illegal Data Address
20406;0;0;0x0000;02 Illegal Data Address
20407;0;0;0x0000;02 Illegal Data Address
20408;0;0;0x0000;02 Illegal Data Address
20409;0;0;0x0000;02 Illegal Data Address
20410;0;0;0x0000;02 Illegal Data Address
20411;0;0;0x0000;02 Illegal Data Address
20412;0;0;0x0000;02 Illegal Data Address
20413;0;0;0x0000;02 Illegal Data Address
20414;0;0;0x0000;02 Illegal Data Address
20415;0;0;0x0000;02 Illegal Data Address
20416;0;0;0x0000;02 Illegal Data Address
20417;0;0;0x0000;02 Illegal Data Address
20418;0;0;0x0000;02 Illegal Data Address
20419;0;0;0x0000;02 Illegal Data Address
20420;0;0;0x0000;02 Illegal Data Address
20421;0;0;0x0000;02 Illegal Data Address
20422;0;0;0x0000;02 Illegal Data Address
20423;0;0;0x0000;02 Illegal Data Address
20424;0;0;0x0000;02 Illegal Data Address
20425;0;0;0x0000;02 Illegal Data Address
20426;0;0;0x0000;02 Illegal Data Address
20427;0;0;0x0000;02 Illegal Data Address
20428;0;0;0x0000;02 Illegal Data Address
20429;0;0;0x0000;02 Illegal Data Address
20430;0;0;0x0000;02 Illegal Data Address
20431;0;0;0x0000;02 Illegal Data Address
20432;0;0;0x0000;02 Illegal Data Address
20433;0;0;0x0000;02 Illegal Data Address
20434;0;0;0x0000;02 Illegal Data Address
20435;0;0;0x0000;02 Illegal Data Address
20436;0;0;0x0000;02 Illegal Data Address
20437;0;0;0x0000;02 Illegal Data Address
20438;0;0;0x0000;02 Illegal Data Address
20439;0;0;0x0000;02 Illegal Data Address
20440;0;0;0x0000;02 Illegal Data Address
20441;0;0;0x0000;02 Illegal Data Address
20442;0;0;0x0000;02 Illegal Data Address
20443;0;0;0x0000;02 Illegal Data Address
20444;0;0;0x0000;02 Illegal Data Address
20445;0;0;0x0000;02 Illegal Data Address
20446;0;0;0x0000;02 Illegal Data Address
20447;0;0;0x0000;02 Illegal Data Address
20448;0;0;0x0000;02 Illegal Data Address
20449;0;0;0x0000;02 Illegal Data Address
20450;0;0;0x0000;02 Illegal Data Address
20451;0;0;0x0000;02 Illegal Data Address
20452;0;0;0x0000;02 Illegal Data Address
20453;0;0;0x0000;02 Illegal Data Address
20454;0;0;0x0000;02 Illegal Data Address
20455;0;0;0x0000;02 Illegal Data Address
20456;0;0;0x0000;02 Illegal Data Address
20457;0;0;0x0000;02 Illegal Data Address
20458;0;0;0x0000;02 Illegal Data Address
20459;0;0;0x0000;02 Illegal Data Address
20460;0;0;0x0000;02 Illegal Data Address
20461;0;0;0x0000;02 Illegal Data Address
20462;0;0;0x0000;02 Illegal Data Address
20463;0;0;0x0000;02 Illegal Data Address
20464;0;0;0x0000;02 Illegal Data Address
20465;0;0;0x0000;02 Illegal Data Address
20466;0;0;0x0000;02 Illegal Data Address
20467;0;0;0x0000;02 Illegal Data Address
20468;0;0;0x0000;02 Illegal Data Address
20469;0;0;0x0000;02 Illegal Data Address
20470;0;0;0x0000;02 Illegal Data Address
20471;0;0;0x0000;02 Illegal Data Address
20472;0;0;0x0000;02 Illegal Data Address
20473;0;0;0x0000;02 Illegal Data Address
20474;0;0;0x0000;02 Illegal Data Address
20475;0;0;0x0000;02 Illegal Data Address
20476;0;0;0x0000;02 Illegal Data Address
20477;0;0;0x0000;02 Illegal Data Address
20478;0;0;0x0000;02 Illegal Data Address
20479;0;0;0x0000;02 Illegal Data Address
20480;0;0;0x0000;02 Illegal Data Address
20481;0;0;0x0000;02 Illegal Data Address
20482;0;0;0x0000;02 Illegal Data Address
20483;0;0;0x0000;02 Illegal Data Address
20484;0;0;0x0000;02 Illegal Data Address
20485;0;0;0x0000;02 Illegal Data Address
20486;0;0;0x0000;02 Illegal Data Address
20487;0;0;0x0000;02 Illegal Data Address
20488;0;0;0x0000;02 Illegal Data Address
20489;0;0;0x0000;02 Illegal Data Address
20490;0;0;0x0000;02 Illegal Data Address
20491;0;0;0x0000;02 Illegal Data Address
20492;0;0;0x0000;02 Illegal Data Address
20493;0;0;0x0000;02 Illegal Data Address
20494;0;0;0x0000;02 Illegal Data Address
20495;0;0;0x0000;02 Illegal Data Address
20496;0;0;0x0000;02 Illegal Data Address
20497;0;0;0x0000;02 Illegal Data Address
20498;0;0;0x0000;02 Illegal Data Address
20499;0;0;0x0000;02 Illegal Data Address
20500;0;0;0x0000;02 Illegal Data Address
20501;0;0;0x0000;02 Illegal Data Address
20502;0;0;0x0000;02 Illegal Data Address
20503;0;0;0x0000;02 Illegal Data Address
20504;0;0;0x0000;02 Illegal Data Address
20505;0;0;0x0000;02 Illegal Data Address
20506;0;0;0x0000;02 Illegal Data Address
20507;0;0;0x0000;02 Illegal Data Address
20508;0;0;0x0000;02 Illegal Data Address
20509;0;0;0x0000;02 Illegal Data Address
20510;0;0;0x0000;02 Illegal Data Address
20511;0;0;0x0000;02 Illegal Data Address
20512;0;0;0x0000;02 Illegal Data Address
20513;0;0;0x0000;02 Illegal Data Address
20514;0;0;0x0000;02 Illegal Data Address
20515;0;0;0x0000;02 Illegal Data Address
20516;0;0;0x0000;02 Illegal Data Address
20517;0;0;0x0000;02 Illegal Data Address
20518;0;0;0x0000;02 Illegal Data Address
20519;0;0;0x0000;02 Illegal Data Address
20520;0;0;0x0000;02 Illegal Data Address
20521;0;0;0x0000;02 Illegal Data Address
20522;0;0;0x0000;02 Illegal Data Address
20523;0;0;0x0000;02 Illegal Data Address
20524;0;0;0x0000;02 Illegal Data Address
20525;0;0;0x0000;02 Illegal Data Address
20526;0;0;0x0000;02 Illegal Data Address
20527;0;0;0x0000;02 Illegal Data Address
20528;0;0;0x0000;02 Illegal Data Address
20529;0;0;0x0000;02 Illegal Data Address
20530;0;0;0x0000;02 Illegal Data Address
20531;0;0;0x0000;02 Illegal Data Address
20532;0;0;0x0000;02 Illegal Data Address
20533;0;0;0x0000;02 Illegal Data Address
20534;0;0;0x0000;02 Illegal Data Address
20535;0;0;0x0000;02 Illegal Data Address
20536;0;0;0x0000;02 Illegal Data Address
20537;0;0;0x0000;02 Illegal Data Address
20538;0;0;0x0000;02 Illegal Data Address
20539;0;0;0x0000;02 Illegal Data Address
20540;0;0;0x0000;02 Illegal Data Address
20541;0;0;0x0000;02 Illegal Data Address
20542;0;0;0x0000;02 Illegal Data Address
20543;0;0;0x0000;02 Illegal Data Address
20544;0;0;0x0000;02 Illegal Data Address
20545;0;0;0x0000;02 Illegal Data Address
20546;0;0;0x0000;02 Illegal Data Address
20547;0;0;0x0000;02 Illegal Data Address
20548;0;0;0x0000;02 Illegal Data Address
20549;0;0;0x0000;02 Illegal Data Address
20550;0;0;0x0000;02 Illegal Data Address
20551;0;0;0x0000;02 Illegal Data Address
20552;0;0;0x0000;02 Illegal Data Address
20553;0;0;0x0000;02 Illegal Data Address
20554;0;0;0x0000;02 Illegal Data Address
20555;0;0;0x0000;02 Illegal Data Address
20556;0;0;0x0000;02 Illegal Data Address
20557;0;0;0x0000;02 Illegal Data Address
20558;0;0;0x0000;02 Illegal Data Address
20559;0;0;0x0000;02 Illegal Data Address
20560;0;0;0x0000;02 Illegal Data Address
20561;0;0;0x0000;02 Illegal Data Address
20562;0;0;0x0000;02 Illegal Data Address
20563;0;0;0x0000;02 Illegal Data Address
20564;0;0;0x0000;02 Illegal Data Address
20565;0;0;0x0000;02 Illegal Data Address
20566;0;0;0x0000;02 Illegal Data Address
20567;0;0;0x0000;02 Illegal Data Address
20568;0;0;0x0000;02 Illegal Data Address
20569;0;0;0x0000;02 Illegal Data Address
20570;0;0;0x0000;02 Illegal Data Address
20571;0;0;0x0000;02 Illegal Data Address
20572;0;0;0x0000;02 Illegal Data Address
20573;0;0;0x0000;02 Illegal Data Address
20574;0;0;0x0000;02 Illegal Data Address
20575;0;0;0x0000;02 Illegal Data Address
20576;0;0;0x0000;02 Illegal Data Address
20577;0;0;0x0000;02 Illegal Data Address
20578;0;0;0x0000;02 Illegal Data Address
20579;0;0;0x0000;02 Illegal Data Address
20580;0;0;0x0000;02 Illegal Data Address
20581;0;0;0x0000;02 Illegal Data Address
20582;0;0;0x0000;02 Illegal Data Address
20583;0;0;0x0000;02 Illegal Data Address
20584;0;0;0x0000;02 Illegal Data Address
20585;0;0;0x0000;02 Illegal Data Address
20586;0;0;0x0000;02 Illegal Data Address
20587;0;0;0x0000;02 Illegal Data Address
20588;0;0;0x0000;02 Illegal Data Address
20589;0;0;0x0000;02 Illegal Data Address
20590;0;0;0x0000;02 Illegal Data Address
20591;0;0;0x0000;02 Illegal Data Address
20592;0;0;0x0000;02 Illegal Data Address
20593;0;0;0x0000;02 Illegal Data Address
20594;0;0;0x0000;02 Illegal Data Address
20595;0;0;0x0000;02 Illegal Data Address
20596;0;0;0x0000;02 Illegal Data Address
20597;0;0;0x0000;02 Illegal Data Address
20598;0;0;0x0000;02 Illegal Data Address
20599;0;0;0x0000;02 Illegal Data Address
20600;0;0;0x0000;02 Illegal Data Address
20601;0;0;0x0000;02 Illegal Data Address
20602;0;0;0x0000;02 Illegal Data Address
20603;0;0;0x0000;02 Illegal Data Address
20604;0;0;0x0000;02 Illegal Data Address
20605;0;0;0x0000;02 Illegal Data Address
20606;0;0;0x0000;02 Illegal Data Address
20607;0;0;0x0000;02 Illegal Data Address
20608;0;0;0x0000;02 Illegal Data Address
20609;0;0;0x0000;02 Illegal Data Address
20610;0;0;0x0000;02 Illegal Data Address
20611;0;0;0x0000;02 Illegal Data Address
20612;0;0;0x0000;02 Illegal Data Address
20613;0;0;0x0000;02 Illegal Data Address
20614;0;0;0x0000;02 Illegal Data Address
20615;0;0;0x0000;02 Illegal Data Address
20616;0;0;0x0000;02 Illegal Data Address
20617;0;0;0x0000;02 Illegal Data Address
20618;0;0;0x0000;02 Illegal Data Address
20619;0;0;0x0000;02 Illegal Data Address
20620;0;0;0x0000;02 Illegal Data Address
20621;0;0;0x0000;02 Illegal Data Address
20622;0;0;0x0000;02 Illegal Data Address
20623;0;0;0x0000;02 Illegal Data Address
20624;0;0;0x0000;02 Illegal Data Address
20625;0;0;0x0000;02 Illegal Data Address
20626;0;0;0x0000;02 Illegal Data Address
20627;0;0;0x0000;02 Illegal Data Address
20628;0;0;0x0000;02 Illegal Data Address
20629;0;0;0x0000;02 Illegal Data Address
20630;0;0;0x0000;02 Illegal Data Address
20631;0;0;0x0000;02 Illegal Data Address
20632;0;0;0x0000;02 Illegal Data Address
20633;0;0;0x0000;02 Illegal Data Address
20634;0;0;0x0000;02 Illegal Data Address
20635;0;0;0x0000;02 Illegal Data Address
20636;0;0;0x0000;02 Illegal Data Address
20637;0;0;0x0000;02 Illegal Data Address
20638;0;0;0x0000;02 Illegal Data Address
20639;0;0;0x0000;02 Illegal Data Address
20640;0;0;0x0000;02 Illegal Data Address
20641;0;0;0x0000;02 Illegal Data Address
20642;0;0;0x0000;02 Illegal Data Address
20643;0;0;0x0000;02 Illegal Data Address
20644;0;0;0x0000;02 Illegal Data Address
20645;0;0;0x0000;02 Illegal Data Address
20646;0;0;0x0000;02 Illegal Data Address
20647;0;0;0x0000;02 Illegal Data Address
20648;0;0;0x0000;02 Illegal Data Address
20649;0;0;0x0000;02 Illegal Data Address
20650;0;0;0x0000;02 Illegal Data Address
20651;0;0;0x0000;02 Illegal Data Address
20652;0;0;0x0000;02 Illegal Data Address
20653;0;0;0x0000;02 Illegal Data Address
20654;0;0;0x0000;02 Illegal Data Address
20655;0;0;0x0000;02 Illegal Data Address
20656;0;0;0x0000;02 Illegal Data Address
20657;0;0;0x0000;02 Illegal Data Address
20658;0;0;0x0000;02 Illegal Data Address
20659;0;0;0x0000;02 Illegal Data Address
20660;0;0;0x0000;02 Illegal Data Address
20661;0;0;0x0000;02 Illegal Data Address
20662;0;0;0x0000;02 Illegal Data Address
20663;0;0;0x0000;02 Illegal Data Address
20664;0;0;0x0000;02 Illegal Data Address
20665;0;0;0x0000;02 Illegal Data Address
20666;0;0;0x0000;02 Illegal Data Address
20667;0;0;0x0000;02 Illegal Data Address
20668;0;0;0x0000;02 Illegal Data Address
20669;0;0;0x0000;02 Illegal Data Address
20670;0;0;0x0000;02 Illegal Data Address
20671;0;0;0x0000;02 Illegal Data Address
20672;0;0;0x0000;02 Illegal Data Address
20673;0;0;0x0000;02 Illegal Data Address
20674;0;0;0x0000;02 Illegal Data Address
20675;0;0;0x0000;02 Illegal Data Address
20676;0;0;0x0000;02 Illegal Data Address
20677;0;0;0x0000;02 Illegal Data Address
20678;0;0;0x0000;02 Illegal Data Address
20679;0;0;0x0000;02 Illegal Data Address
20680;0;0;0x0000;02 Illegal Data Address
20681;0;0;0x0000;02 Illegal Data Address
20682;0;0;0x0000;02 Illegal Data Address
20683;0;0;0x0000;02 Illegal Data Address
20684;0;0;0x0000;02 Illegal Data Address
20685;0;0;0x0000;02 Illegal Data Address
20686;0;0;0x0000;02 Illegal Data Address
20687;0;0;0x0000;02 Illegal Data Address
20688;0;0;0x0000;02 Illegal Data Address
20689;0;0;0x0000;02 Illegal Data Address
20690;0;0;0x0000;02 Illegal Data Address
20691;0;0;0x0000;02 Illegal Data Address
20692;0;0;0x0000;02 Illegal Data Address
20693;0;0;0x0000;02 Illegal Data Address
20694;0;0;0x0000;02 Illegal Data Address
20695;0;0;0x0000;02 Illegal Data Address
20696;0;0;0x0000;02 Illegal Data Address
20697;0;0;0x0000;02 Illegal Data Address
20698;0;0;0x0000;02 Illegal Data Address
20699;0;0;0x0000;02 Illegal Data Address
20700;0;0;0x0000;02 Illegal Data Address
20701;0;0;0x0000;02 Illegal Data Address
20702;0;0;0x0000;02 Illegal Data Address
20703;0;0;0x0000;02 Illegal Data Address
20704;0;0;0x0000;02 Illegal Data Address
20705;0;0;0x0000;02 Illegal Data Address
20706;0;0;0x0000;02 Illegal Data Address
20707;0;0;0x0000;02 Illegal Data Address
20708;0;0;0x0000;02 Illegal Data Address
20709;0;0;0x0000;02 Illegal Data Address
20710;0;0;0x0000;02 Illegal Data Address
20711;0;0;0x0000;02 Illegal Data Address
20712;0;0;0x0000;02 Illegal Data Address
20713;0;0;0x0000;02 Illegal Data Address
20714;0;0;0x0000;02 Illegal Data Address
20715;0;0;0x0000;02 Illegal Data Address
20716;0;0;0x0000;02 Illegal Data Address
20717;0;0;0x0000;02 Illegal Data Address
20718;0;0;0x0000;02 Illegal Data Address
20719;0;0;0x0000;02 Illegal Data Address
20720;0;0;0x0000;02 Illegal Data Address
20721;0;0;0x0000;02 Illegal Data Address
20722;0;0;0x0000;02 Illegal Data Address
20723;0;0;0x0000;02 Illegal Data Address
20724;0;0;0x0000;02 Illegal Data Address
20725;0;0;0x0000;02 Illegal Data Address
20726;0;0;0x0000;02 Illegal Data Address
20727;0;0;0x0000;02 Illegal Data Address
20728;0;0;0x0000;02 Illegal Data Address
20729;0;0;0x0000;02 Illegal Data Address
20730;0;0;0x0000;02 Illegal Data Address
20731;0;0;0x0000;02 Illegal Data Address
20732;0;0;0x0000;02 Illegal Data Address
20733;0;0;0x0000;02 Illegal Data Address
20734;0;0;0x0000;02 Illegal Data Address
20735;0;0;0x0000;02 Illegal Data Address
20736;0;0;0x0000;02 Illegal Data Address
20737;0;0;0x0000;02 Illegal Data Address
20738;0;0;0x0000;02 Illegal Data Address
20739;0;0;0x0000;02 Illegal Data Address
20740;0;0;0x0000;02 Illegal Data Address
20741;0;0;0x0000;02 Illegal Data Address
20742;0;0;0x0000;02 Illegal Data Address
20743;0;0;0x0000;02 Illegal Data Address
20744;0;0;0x0000;02 Illegal Data Address
20745;0;0;0x0000;02 Illegal Data Address
20746;0;0;0x0000;02 Illegal Data Address
20747;0;0;0x0000;02 Illegal Data Address
20748;0;0;0x0000;02 Illegal Data Address
20749;0;0;0x0000;02 Illegal Data Address
20750;0;0;0x0000;02 Illegal Data Address
20751;0;0;0x0000;02 Illegal Data Address
20752;0;0;0x0000;02 Illegal Data Address
20753;0;0;0x0000;02 Illegal Data Address
20754;0;0;0x0000;02 Illegal Data Address
20755;0;0;0x0000;02 Illegal Data Address
20756;0;0;0x0000;02 Illegal Data Address
20757;0;0;0x0000;02 Illegal Data Address
20758;0;0;0x0000;02 Illegal Data Address
20759;0;0;0x0000;02 Illegal Data Address
20760;0;0;0x0000;02 Illegal Data Address
20761;0;0;0x0000;02 Illegal Data Address
20762;0;0;0x0000;02 Illegal Data Address
20763;0;0;0x0000;02 Illegal Data Address
20764;0;0;0x0000;02 Illegal Data Address
20765;0;0;0x0000;02 Illegal Data Address
20766;0;0;0x0000;02 Illegal Data Address
20767;0;0;0x0000;02 Illegal Data Address
20768;0;0;0x0000;02 Illegal Data Address
20769;0;0;0x0000;02 Illegal Data Address
20770;0;0;0x0000;02 Illegal Data Address
20771;0;0;0x0000;02 Illegal Data Address
20772;0;0;0x0000;02 Illegal Data Address
20773;0;0;0x0000;02 Illegal Data Address
20774;0;0;0x0000;02 Illegal Data Address
20775;0;0;0x0000;02 Illegal Data Address
20776;0;0;0x0000;02 Illegal Data Address
20777;0;0;0x0000;02 Illegal Data Address
20778;0;0;0x0000;02 Illegal Data Address
20779;0;0;0x0000;02 Illegal Data Address
20780;0;0;0x0000;02 Illegal Data Address
20781;0;0;0x0000;02 Illegal Data Address
20782;0;0;0x0000;02 Illegal Data Address
20783;0;0;0x0000;02 Illegal Data Address
20784;0;0;0x0000;02 Illegal Data Address
20785;0;0;0x0000;02 Illegal Data Address
20786;0;0;0x0000;02 Illegal Data Address
20787;0;0;0x0000;02 Illegal Data Address
20788;0;0;0x0000;02 Illegal Data Address
20789;0;0;0x0000;02 Illegal Data Address
20790;0;0;0x0000;02 Illegal Data Address
20791;0;0;0x0000;02 Illegal Data Address
20792;0;0;0x0000;02 Illegal Data Address
20793;0;0;0x0000;02 Illegal Data Address
20794;0;0;0x0000;02 Illegal Data Address
20795;0;0;0x0000;02 Illegal Data Address
20796;0;0;0x0000;02 Illegal Data Address
20797;0;0;0x0000;02 Illegal Data Address
20798;0;0;0x0000;02 Illegal Data Address
20799;0;0;0x0000;02 Illegal Data Address
20800;0;0;0x0000;02 Illegal Data Address
20801;0;0;0x0000;02 Illegal Data Address
20802;0;0;0x0000;02 Illegal Data Address
20803;0;0;0x0000;02 Illegal Data Address
20804;0;0;0x0000;02 Illegal Data Address
20805;0;0;0x0000;02 Illegal Data Address
20806;0;0;0x0000;02 Illegal Data Address
20807;0;0;0x0000;02 Illegal Data Address
20808;0;0;0x0000;02 Illegal Data Address
20809;0;0;0x0000;02 Illegal Data Address
20810;0;0;0x0000;02 Illegal Data Address
20811;0;0;0x0000;02 Illegal Data Address
20812;0;0;0x0000;02 Illegal Data Address
20813;0;0;0x0000;02 Illegal Data Address
20814;0;0;0x0000;02 Illegal Data Address
20815;0;0;0x0000;02 Illegal Data Address
20816;0;0;0x0000;02 Illegal Data Address
20817;0;0;0x0000;02 Illegal Data Address
20818;0;0;0x0000;02 Illegal Data Address
20819;0;0;0x0000;02 Illegal Data Address
20820;0;0;0x0000;02 Illegal Data Address
20821;0;0;0x0000;02 Illegal Data Address
20822;0;0;0x0000;02 Illegal Data Address
20823;0;0;0x0000;02 Illegal Data Address
20824;0;0;0x0000;02 Illegal Data Address
20825;0;0;0x0000;02 Illegal Data Address
20826;0;0;0x0000;02 Illegal Data Address
20827;0;0;0x0000;02 Illegal Data Address
20828;0;0;0x0000;02 Illegal Data Address
20829;0;0;0x0000;02 Illegal Data Address
20830;0;0;0x0000;02 Illegal Data Address
20831;0;0;0x0000;02 Illegal Data Address
20832;0;0;0x0000;02 Illegal Data Address
20833;0;0;0x0000;02 Illegal Data Address
20834;0;0;0x0000;02 Illegal Data Address
20835;0;0;0x0000;02 Illegal Data Address
20836;0;0;0x0000;02 Illegal Data Address
20837;0;0;0x0000;02 Illegal Data Address
20838;0;0;0x0000;02 Illegal Data Address
20839;0;0;0x0000;02 Illegal Data Address
20840;0;0;0x0000;02 Illegal Data Address
20841;0;0;0x0000;02 Illegal Data Address
20842;0;0;0x0000;02 Illegal Data Address
20843;0;0;0x0000;02 Illegal Data Address
20844;0;0;0x0000;02 Illegal Data Address
20845;0;0;0x0000;02 Illegal Data Address
20846;0;0;0x0000;02 Illegal Data Address
20847;0;0;0x0000;02 Illegal Data Address
20848;0;0;0x0000;02 Illegal Data Address
20849;0;0;0x0000;02 Illegal Data Address
20850;0;0;0x0000;02 Illegal Data Address
20851;0;0;0x0000;02 Illegal Data Address
20852;0;0;0x0000;02 Illegal Data Address
20853;0;0;0x0000;02 Illegal Data Address
20854;0;0;0x0000;02 Illegal Data Address
20855;0;0;0x0000;02 Illegal Data Address
20856;0;0;0x0000;02 Illegal Data Address
20857;0;0;0x0000;02 Illegal Data Address
20858;0;0;0x0000;02 Illegal Data Address
20859;0;0;0x0000;02 Illegal Data Address
20860;0;0;0x0000;02 Illegal Data Address
20861;0;0;0x0000;02 Illegal Data Address
20862;0;0;0x0000;02 Illegal Data Address
20863;0;0;0x0000;02 Illegal Data Address
20864;0;0;0x0000;02 Illegal Data Address
20865;0;0;0x0000;02 Illegal Data Address
20866;0;0;0x0000;02 Illegal Data Address
20867;0;0;0x0000;02 Illegal Data Address
20868;0;0;0x0000;02 Illegal Data Address
20869;0;0;0x0000;02 Illegal Data Address
20870;0;0;0x0000;02 Illegal Data Address
20871;0;0;0x0000;02 Illegal Data Address
20872;0;0;0x0000;02 Illegal Data Address
20873;0;0;0x0000;02 Illegal Data Address
20874;0;0;0x0000;02 Illegal Data Address
20875;0;0;0x0000;02 Illegal Data Address
20876;0;0;0x0000;02 Illegal Data Address
20877;0;0;0x0000;02 Illegal Data Address
20878;0;0;0x0000;02 Illegal Data Address
20879;0;0;0x0000;02 Illegal Data Address
20880;0;0;0x0000;02 Illegal Data Address
20881;0;0;0x0000;02 Illegal Data Address
20882;0;0;0x0000;02 Illegal Data Address
20883;0;0;0x0000;02 Illegal Data Address
20884;0;0;0x0000;02 Illegal Data Address
20885;0;0;0x0000;02 Illegal Data Address
20886;0;0;0x0000;02 Illegal Data Address
20887;0;0;0x0000;02 Illegal Data Address
20888;0;0;0x0000;02 Illegal Data Address
20889;0;0;0x0000;02 Illegal Data Address
20890;0;0;0x0000;02 Illegal Data Address
20891;0;0;0x0000;02 Illegal Data Address
20892;0;0;0x0000;02 Illegal Data Address
20893;0;0;0x0000;02 Illegal Data Address
20894;0;0;0x0000;02 Illegal Data Address
20895;0;0;0x0000;02 Illegal Data Address
20896;0;0;0x0000;02 Illegal Data Address
20897;0;0;0x0000;02 Illegal Data Address
20898;0;0;0x0000;02 Illegal Data Address
20899;0;0;0x0000;02 Illegal Data Address
20900;0;0;0x0000;02 Illegal Data Address
20901;0;0;0x0000;02 Illegal Data Address
20902;0;0;0x0000;02 Illegal Data Address
20903;0;0;0x0000;02 Illegal Data Address
20904;0;0;0x0000;02 Illegal Data Address
20905;0;0;0x0000;02 Illegal Data Address
20906;0;0;0x0000;02 Illegal Data Address
20907;0;0;0x0000;02 Illegal Data Address
20908;0;0;0x0000;02 Illegal Data Address
20909;0;0;0x0000;02 Illegal Data Address
20910;0;0;0x0000;02 Illegal Data Address
20911;0;0;0x0000;02 Illegal Data Address
20912;0;0;0x0000;02 Illegal Data Address
20913;0;0;0x0000;02 Illegal Data Address
20914;0;0;0x0000;02 Illegal Data Address
20915;0;0;0x0000;02 Illegal Data Address
20916;0;0;0x0000;02 Illegal Data Address
20917;0;0;0x0000;02 Illegal Data Address
20918;0;0;0x0000;02 Illegal Data Address
20919;0;0;0x0000;02 Illegal Data Address
20920;0;0;0x0000;02 Illegal Data Address
20921;0;0;0x0000;02 Illegal Data Address
20922;0;0;0x0000;02 Illegal Data Address
20923;0;0;0x0000;02 Illegal Data Address
20924;0;0;0x0000;02 Illegal Data Address
20925;0;0;0x0000;02 Illegal Data Address
20926;0;0;0x0000;02 Illegal Data Address
20927;0;0;0x0000;02 Illegal Data Address
20928;0;0;0x0000;02 Illegal Data Address
20929;0;0;0x0000;02 Illegal Data Address
20930;0;0;0x0000;02 Illegal Data Address
20931;0;0;0x0000;02 Illegal Data Address
20932;0;0;0x0000;02 Illegal Data Address
20933;0;0;0x0000;02 Illegal Data Address
20934;0;0;0x0000;02 Illegal Data Address
20935;0;0;0x0000;02 Illegal Data Address
20936;0;0;0x0000;02 Illegal Data Address
20937;0;0;0x0000;02 Illegal Data Address
20938;0;0;0x0000;02 Illegal Data Address
20939;0;0;0x0000;02 Illegal Data Address
20940;0;0;0x0000;02 Illegal Data Address
20941;0;0;0x0000;02 Illegal Data Address
20942;0;0;0x0000;02 Illegal Data Address
20943;0;0;0x0000;02 Illegal Data Address
20944;0;0;0x0000;02 Illegal Data Address
20945;0;0;0x0000;02 Illegal Data Address
20946;0;0;0x0000;02 Illegal Data Address
20947;0;0;0x0000;02 Illegal Data Address
20948;0;0;0x0000;02 Illegal Data Address
20949;0;0;0x0000;02 Illegal Data Address
20950;0;0;0x0000;02 Illegal Data Address
20951;0;0;0x0000;02 Illegal Data Address
20952;0;0;0x0000;02 Illegal Data Address
20953;0;0;0x0000;02 Illegal Data Address
20954;0;0;0x0000;02 Illegal Data Address
20955;0;0;0x0000;02 Illegal Data Address
20956;0;0;0x0000;02 Illegal Data Address
20957;0;0;0x0000;02 Illegal Data Address
20958;0;0;0x0000;02 Illegal Data Address
20959;0;0;0x0000;02 Illegal Data Address
20960;0;0;0x0000;02 Illegal Data Address
20961;0;0;0x0000;02 Illegal Data Address
20962;0;0;0x0000;02 Illegal Data Address
20963;0;0;0x0000;02 Illegal Data Address
20964;0;0;0x0000;02 Illegal Data Address
20965;0;0;0x0000;02 Illegal Data Address
20966;0;0;0x0000;02 Illegal Data Address
20967;0;0;0x0000;02 Illegal Data Address
20968;0;0;0x0000;02 Illegal Data Address
20969;0;0;0x0000;02 Illegal Data Address
20970;0;0;0x0000;02 Illegal Data Address
20971;0;0;0x0000;02 Illegal Data Address
20972;0;0;0x0000;02 Illegal Data Address
20973;0;0;0x0000;02 Illegal Data Address
20974;0;0;0x0000;02 Illegal Data Address
20975;0;0;0x0000;02 Illegal Data Address
20976;0;0;0x0000;02 Illegal Data Address
20977;0;0;0x0000;02 Illegal Data Address
20978;0;0;0x0000;02 Illegal Data Address
20979;0;0;0x0000;02 Illegal Data Address
20980;0;0;0x0000;02 Illegal Data Address
20981;0;0;0x0000;02 Illegal Data Address
20982;0;0;0x0000;02 Illegal Data Address
20983;0;0;0x0000;02 Illegal Data Address
20984;0;0;0x0000;02 Illegal Data Address
20985;0;0;0x0000;02 Illegal Data Address
20986;0;0;0x0000;02 Illegal Data Address
20987;0;0;0x0000;02 Illegal Data Address
20988;0;0;0x0000;02 Illegal Data Address
20989;0;0;0x0000;02 Illegal Data Address
20990;0;0;0x0000;02 Illegal Data Address
20991;0;0;0x0000;02 Illegal Data Address
20992;0;0;0x0000;02 Illegal Data Address
20993;0;0;0x0000;02 Illegal Data Address
20994;0;0;0x0000;02 Illegal Data Address
20995;0;0;0x0000;02 Illegal Data Address
20996;0;0;0x0000;02 Illegal Data Address
20997;0;0;0x0000;02 Illegal Data Address
20998;0;0;0x0000;02 Illegal Data Address
20999;0;0;0x0000;02 Illegal Data Address
21000;0;0;0x0000;02 Illegal Data Address
21001;0;0;0x0000;02 Illegal Data Address
21002;0;0;0x0000;02 Illegal Data Address
21003;0;0;0x0000;02 Illegal Data Address
21004;0;0;0x0000;02 Illegal Data Address
21005;0;0;0x0000;02 Illegal Data Address
21006;0;0;0x0000;02 Illegal Data Address
21007;0;0;0x0000;02 Illegal Data Address
21008;0;0;0x0000;02 Illegal Data Address
21009;0;0;0x0000;02 Illegal Data Address
21010;0;0;0x0000;02 Illegal Data Address
21011;0;0;0x0000;02 Illegal Data Address
21012;0;0;0x0000;02 Illegal Data Address
21013;0;0;0x0000;02 Illegal Data Address
21014;0;0;0x0000;02 Illegal Data Address
21015;0;0;0x0000;02 Illegal Data Address
21016;0;0;0x0000;02 Illegal Data Address
21017;0;0;0x0000;02 Illegal Data Address
21018;0;0;0x0000;02 Illegal Data Address
21019;0;0;0x0000;02 Illegal Data Address
21020;0;0;0x0000;02 Illegal Data Address
21021;0;0;0x0000;02 Illegal Data Address
21022;0;0;0x0000;02 Illegal Data Address
21023;0;0;0x0000;02 Illegal Data Address
21024;0;0;0x0000;02 Illegal Data Address
21025;0;0;0x0000;02 Illegal Data Address
21026;0;0;0x0000;02 Illegal Data Address
21027;0;0;0x0000;02 Illegal Data Address
21028;0;0;0x0000;02 Illegal Data Address
21029;0;0;0x0000;02 Illegal Data Address
21030;0;0;0x0000;02 Illegal Data Address
21031;0;0;0x0000;02 Illegal Data Address
21032;0;0;0x0000;02 Illegal Data Address
21033;0;0;0x0000;02 Illegal Data Address
21034;0;0;0x0000;02 Illegal Data Address
21035;0;0;0x0000;02 Illegal Data Address
21036;0;0;0x0000;02 Illegal Data Address
21037;0;0;0x0000;02 Illegal Data Address
21038;0;0;0x0000;02 Illegal Data Address
21039;0;0;0x0000;02 Illegal Data Address
21040;0;0;0x0000;02 Illegal Data Address
21041;0;0;0x0000;02 Illegal Data Address
21042;0;0;0x0000;02 Illegal Data Address
21043;0;0;0x0000;02 Illegal Data Address
21044;0;0;0x0000;02 Illegal Data Address
21045;0;0;0x0000;02 Illegal Data Address
21046;0;0;0x0000;02 Illegal Data Address
21047;0;0;0x0000;02 Illegal Data Address
21048;0;0;0x0000;02 Illegal Data Address
21049;0;0;0x0000;02 Illegal Data Address
21050;0;0;0x0000;02 Illegal Data Address
21051;0;0;0x0000;02 Illegal Data Address
21052;0;0;0x0000;02 Illegal Data Address
21053;0;0;0x0000;02 Illegal Data Address
21054;0;0;0x0000;02 Illegal Data Address
21055;0;0;0x0000;02 Illegal Data Address
21056;0;0;0x0000;02 Illegal Data Address
21057;0;0;0x0000;02 Illegal Data Address
21058;0;0;0x0000;02 Illegal Data Address
21059;0;0;0x0000;02 Illegal Data Address
21060;0;0;0x0000;02 Illegal Data Address
21061;0;0;0x0000;02 Illegal Data Address
21062;0;0;0x0000;02 Illegal Data Address
21063;0;0;0x0000;02 Illegal Data Address
21064;0;0;0x0000;02 Illegal Data Address
21065;0;0;0x0000;02 Illegal Data Address
21066;0;0;0x0000;02 Illegal Data Address
21067;0;0;0x0000;02 Illegal Data Address
21068;0;0;0x0000;02 Illegal Data Address
21069;0;0;0x0000;02 Illegal Data Address
21070;0;0;0x0000;02 Illegal Data Address
21071;0;0;0x0000;02 Illegal Data Address
21072;0;0;0x0000;02 Illegal Data Address
21073;0;0;0x0000;02 Illegal Data Address
21074;0;0;0x0000;02 Illegal Data Address
21075;0;0;0x0000;02 Illegal Data Address
21076;0;0;0x0000;02 Illegal Data Address
21077;0;0;0x0000;02 Illegal Data Address
21078;0;0;0x0000;02 Illegal Data Address
21079;0;0;0x0000;02 Illegal Data Address
21080;0;0;0x0000;02 Illegal Data Address
21081;0;0;0x0000;02 Illegal Data Address
21082;0;0;0x0000;02 Illegal Data Address
21083;0;0;0x0000;02 Illegal Data Address
21084;0;0;0x0000;02 Illegal Data Address
21085;0;0;0x0000;02 Illegal Data Address
21086;0;0;0x0000;02 Illegal Data Address
21087;0;0;0x0000;02 Illegal Data Address
21088;0;0;0x0000;02 Illegal Data Address
21089;0;0;0x0000;02 Illegal Data Address
21090;0;0;0x0000;02 Illegal Data Address
21091;0;0;0x0000;02 Illegal Data Address
21092;0;0;0x0000;02 Illegal Data Address
21093;0;0;0x0000;02 Illegal Data Address
21094;0;0;0x0000;02 Illegal Data Address
21095;0;0;0x0000;02 Illegal Data Address
21096;0;0;0x0000;02 Illegal Data Address
21097;0;0;0x0000;02 Illegal Data Address
21098;0;0;0x0000;02 Illegal Data Address
21099;0;0;0x0000;02 Illegal Data Address
21100;0;0;0x0000;02 Illegal Data Address
21101;0;0;0x0000;02 Illegal Data Address
21102;0;0;0x0000;02 Illegal Data Address
21103;0;0;0x0000;02 Illegal Data Address
21104;0;0;0x0000;02 Illegal Data Address
21105;0;0;0x0000;02 Illegal Data Address
21106;0;0;0x0000;02 Illegal Data Address
21107;0;0;0x0000;02 Illegal Data Address
21108;0;0;0x0000;02 Illegal Data Address
21109;0;0;0x0000;02 Illegal Data Address
21110;0;0;0x0000;02 Illegal Data Address
21111;0;0;0x0000;02 Illegal Data Address
21112;0;0;0x0000;02 Illegal Data Address
21113;0;0;0x0000;02 Illegal Data Address
21114;0;0;0x0000;02 Illegal Data Address
21115;0;0;0x0000;02 Illegal Data Address
21116;0;0;0x0000;02 Illegal Data Address
21117;0;0;0x0000;02 Illegal Data Address
21118;0;0;0x0000;02 Illegal Data Address
21119;0;0;0x0000;02 Illegal Data Address
21120;0;0;0x0000;02 Illegal Data Address
21121;0;0;0x0000;02 Illegal Data Address
21122;0;0;0x0000;02 Illegal Data Address
21123;0;0;0x0000;02 Illegal Data Address
21124;0;0;0x0000;02 Illegal Data Address
21125;0;0;0x0000;02 Illegal Data Address
21126;0;0;0x0000;02 Illegal Data Address
21127;0;0;0x0000;02 Illegal Data Address
21128;0;0;0x0000;02 Illegal Data Address
21129;0;0;0x0000;02 Illegal Data Address
21130;0;0;0x0000;02 Illegal Data Address
21131;0;0;0x0000;02 Illegal Data Address
21132;0;0;0x0000;02 Illegal Data Address
21133;0;0;0x0000;02 Illegal Data Address
21134;0;0;0x0000;02 Illegal Data Address
21135;0;0;0x0000;02 Illegal Data Address
21136;0;0;0x0000;02 Illegal Data Address
21137;0;0;0x0000;02 Illegal Data Address
21138;0;0;0x0000;02 Illegal Data Address
21139;0;0;0x0000;02 Illegal Data Address
21140;0;0;0x0000;02 Illegal Data Address
21141;0;0;0x0000;02 Illegal Data Address
21142;0;0;0x0000;02 Illegal Data Address
21143;0;0;0x0000;02 Illegal Data Address
21144;0;0;0x0000;02 Illegal Data Address
21145;0;0;0x0000;02 Illegal Data Address
21146;0;0;0x0000;02 Illegal Data Address
21147;0;0;0x0000;02 Illegal Data Address
21148;0;0;0x0000;02 Illegal Data Address
21149;0;0;0x0000;02 Illegal Data Address
21150;0;0;0x0000;02 Illegal Data Address
21151;0;0;0x0000;02 Illegal Data Address
21152;0;0;0x0000;02 Illegal Data Address
21153;0;0;0x0000;02 Illegal Data Address
21154;0;0;0x0000;02 Illegal Data Address
21155;0;0;0x0000;02 Illegal Data Address
21156;0;0;0x0000;02 Illegal Data Address
21157;0;0;0x0000;02 Illegal Data Address
21158;0;0;0x0000;02 Illegal Data Address
21159;0;0;0x0000;02 Illegal Data Address
21160;0;0;0x0000;02 Illegal Data Address
21161;0;0;0x0000;02 Illegal Data Address
21162;0;0;0x0000;02 Illegal Data Address
21163;0;0;0x0000;02 Illegal Data Address
21164;0;0;0x0000;02 Illegal Data Address
21165;0;0;0x0000;02 Illegal Data Address
21166;0;0;0x0000;02 Illegal Data Address
21167;0;0;0x0000;02 Illegal Data Address
21168;0;0;0x0000;02 Illegal Data Address
21169;0;0;0x0000;02 Illegal Data Address
21170;0;0;0x0000;02 Illegal Data Address
21171;0;0;0x0000;02 Illegal Data Address
21172;0;0;0x0000;02 Illegal Data Address
21173;0;0;0x0000;02 Illegal Data Address
21174;0;0;0x0000;02 Illegal Data Address
21175;0;0;0x0000;02 Illegal Data Address
21176;0;0;0x0000;02 Illegal Data Address
21177;0;0;0x0000;02 Illegal Data Address
21178;0;0;0x0000;02 Illegal Data Address
21179;0;0;0x0000;02 Illegal Data Address
21180;0;0;0x0000;02 Illegal Data Address
21181;0;0;0x0000;02 Illegal Data Address
21182;0;0;0x0000;02 Illegal Data Address
21183;0;0;0x0000;02 Illegal Data Address
21184;0;0;0x0000;02 Illegal Data Address
21185;0;0;0x0000;02 Illegal Data Address
21186;0;0;0x0000;02 Illegal Data Address
21187;0;0;0x0000;02 Illegal Data Address
21188;0;0;0x0000;02 Illegal Data Address
21189;0;0;0x0000;02 Illegal Data Address
21190;0;0;0x0000;02 Illegal Data Address
21191;0;0;0x0000;02 Illegal Data Address
21192;0;0;0x0000;02 Illegal Data Address
21193;0;0;0x0000;02 Illegal Data Address
21194;0;0;0x0000;02 Illegal Data Address
21195;0;0;0x0000;02 Illegal Data Address
21196;0;0;0x0000;02 Illegal Data Address
21197;0;0;0x0000;02 Illegal Data Address
21198;0;0;0x0000;02 Illegal Data Address
21199;0;0;0x0000;02 Illegal Data Address
21200;0;0;0x0000;02 Illegal Data Address
21201;0;0;0x0000;02 Illegal Data Address
21202;0;0;0x0000;02 Illegal Data Address
21203;0;0;0x0000;02 Illegal Data Address
21204;0;0;0x0000;02 Illegal Data Address
21205;0;0;0x0000;02 Illegal Data Address
21206;0;0;0x0000;02 Illegal Data Address
21207;0;0;0x0000;02 Illegal Data Address
21208;0;0;0x0000;02 Illegal Data Address
21209;0;0;0x0000;02 Illegal Data Address
21210;0;0;0x0000;02 Illegal Data Address
21211;0;0;0x0000;02 Illegal Data Address
21212;0;0;0x0000;02 Illegal Data Address
21213;0;0;0x0000;02 Illegal Data Address
21214;0;0;0x0000;02 Illegal Data Address
21215;0;0;0x0000;02 Illegal Data Address
21216;0;0;0x0000;02 Illegal Data Address
21217;0;0;0x0000;02 Illegal Data Address
21218;0;0;0x0000;02 Illegal Data Address
21219;0;0;0x0000;02 Illegal Data Address
21220;0;0;0x0000;02 Illegal Data Address
21221;0;0;0x0000;02 Illegal Data Address
21222;0;0;0x0000;02 Illegal Data Address
21223;0;0;0x0000;02 Illegal Data Address
21224;0;0;0x0000;02 Illegal Data Address
21225;0;0;0x0000;02 Illegal Data Address
21226;0;0;0x0000;02 Illegal Data Address
21227;0;0;0x0000;02 Illegal Data Address
21228;0;0;0x0000;02 Illegal Data Address
21229;0;0;0x0000;02 Illegal Data Address
21230;0;0;0x0000;02 Illegal Data Address
21231;0;0;0x0000;02 Illegal Data Address
21232;0;0;0x0000;02 Illegal Data Address
21233;0;0;0x0000;02 Illegal Data Address
21234;0;0;0x0000;02 Illegal Data Address
21235;0;0;0x0000;02 Illegal Data Address
21236;0;0;0x0000;02 Illegal Data Address
21237;0;0;0x0000;02 Illegal Data Address
21238;0;0;0x0000;02 Illegal Data Address
21239;0;0;0x0000;02 Illegal Data Address
21240;0;0;0x0000;02 Illegal Data Address
21241;0;0;0x0000;02 Illegal Data Address
21242;0;0;0x0000;02 Illegal Data Address
21243;0;0;0x0000;02 Illegal Data Address
21244;0;0;0x0000;02 Illegal Data Address
21245;0;0;0x0000;02 Illegal Data Address
21246;0;0;0x0000;02 Illegal Data Address
21247;0;0;0x0000;02 Illegal Data Address
21248;0;0;0x0000;02 Illegal Data Address
21249;0;0;0x0000;02 Illegal Data Address
21250;0;0;0x0000;02 Illegal Data Address
21251;0;0;0x0000;02 Illegal Data Address
21252;0;0;0x0000;02 Illegal Data Address
21253;0;0;0x0000;02 Illegal Data Address
21254;0;0;0x0000;02 Illegal Data Address
21255;0;0;0x0000;02 Illegal Data Address
21256;0;0;0x0000;02 Illegal Data Address
21257;0;0;0x0000;02 Illegal Data Address
21258;0;0;0x0000;02 Illegal Data Address
21259;0;0;0x0000;02 Illegal Data Address
21260;0;0;0x0000;02 Illegal Data Address
21261;0;0;0x0000;02 Illegal Data Address
21262;0;0;0x0000;02 Illegal Data Address
21263;0;0;0x0000;02 Illegal Data Address
21264;0;0;0x0000;02 Illegal Data Address
21265;0;0;0x0000;02 Illegal Data Address
21266;0;0;0x0000;02 Illegal Data Address
21267;0;0;0x0000;02 Illegal Data Address
21268;0;0;0x0000;02 Illegal Data Address
21269;0;0;0x0000;02 Illegal Data Address
21270;0;0;0x0000;02 Illegal Data Address
21271;0;0;0x0000;02 Illegal Data Address
21272;0;0;0x0000;02 Illegal Data Address
21273;0;0;0x0000;02 Illegal Data Address
21274;0;0;0x0000;02 Illegal Data Address
21275;0;0;0x0000;02 Illegal Data Address
21276;0;0;0x0000;02 Illegal Data Address
21277;0;0;0x0000;02 Illegal Data Address
21278;0;0;0x0000;02 Illegal Data Address
21279;0;0;0x0000;02 Illegal Data Address
21280;0;0;0x0000;02 Illegal Data Address
21281;0;0;0x0000;02 Illegal Data Address
21282;0;0;0x0000;02 Illegal Data Address
21283;0;0;0x0000;02 Illegal Data Address
21284;0;0;0x0000;02 Illegal Data Address
21285;0;0;0x0000;02 Illegal Data Address
21286;0;0;0x0000;02 Illegal Data Address
21287;0;0;0x0000;02 Illegal Data Address
21288;0;0;0x0000;02 Illegal Data Address
21289;0;0;0x0000;02 Illegal Data Address
21290;0;0;0x0000;02 Illegal Data Address
21291;0;0;0x0000;02 Illegal Data Address
21292;0;0;0x0000;02 Illegal Data Address
21293;0;0;0x0000;02 Illegal Data Address
21294;0;0;0x0000;02 Illegal Data Address
21295;0;0;0x0000;02 Illegal Data Address
21296;0;0;0x0000;02 Illegal Data Address
21297;0;0;0x0000;02 Illegal Data Address
21298;0;0;0x0000;02 Illegal Data Address
21299;0;0;0x0000;02 Illegal Data Address
21300;0;0;0x0000;02 Illegal Data Address
21301;0;0;0x0000;02 Illegal Data Address
21302;0;0;0x0000;02 Illegal Data Address
21303;0;0;0x0000;02 Illegal Data Address
21304;0;0;0x0000;02 Illegal Data Address
21305;0;0;0x0000;02 Illegal Data Address
21306;0;0;0x0000;02 Illegal Data Address
21307;0;0;0x0000;02 Illegal Data Address
21308;0;0;0x0000;02 Illegal Data Address
21309;0;0;0x0000;02 Illegal Data Address
21310;0;0;0x0000;02 Illegal Data Address
21311;0;0;0x0000;02 Illegal Data Address
21312;0;0;0x0000;02 Illegal Data Address
21313;0;0;0x0000;02 Illegal Data Address
21314;0;0;0x0000;02 Illegal Data Address
21315;0;0;0x0000;02 Illegal Data Address
21316;0;0;0x0000;02 Illegal Data Address
21317;0;0;0x0000;02 Illegal Data Address
21318;0;0;0x0000;02 Illegal Data Address
21319;0;0;0x0000;02 Illegal Data Address
21320;0;0;0x0000;02 Illegal Data Address
21321;0;0;0x0000;02 Illegal Data Address
21322;0;0;0x0000;02 Illegal Data Address
21323;0;0;0x0000;02 Illegal Data Address
21324;0;0;0x0000;02 Illegal Data Address
21325;0;0;0x0000;02 Illegal Data Address
21326;0;0;0x0000;02 Illegal Data Address
21327;0;0;0x0000;02 Illegal Data Address
21328;0;0;0x0000;02 Illegal Data Address
21329;0;0;0x0000;02 Illegal Data Address
21330;0;0;0x0000;02 Illegal Data Address
21331;0;0;0x0000;02 Illegal Data Address
21332;0;0;0x0000;02 Illegal Data Address
21333;0;0;0x0000;02 Illegal Data Address
21334;0;0;0x0000;02 Illegal Data Address
21335;0;0;0x0000;02 Illegal Data Address
21336;0;0;0x0000;02 Illegal Data Address
21337;0;0;0x0000;02 Illegal Data Address
21338;0;0;0x0000;02 Illegal Data Address
21339;0;0;0x0000;02 Illegal Data Address
21340;0;0;0x0000;02 Illegal Data Address
21341;0;0;0x0000;02 Illegal Data Address
21342;0;0;0x0000;02 Illegal Data Address
21343;0;0;0x0000;02 Illegal Data Address
21344;0;0;0x0000;02 Illegal Data Address
21345;0;0;0x0000;02 Illegal Data Address
21346;0;0;0x0000;02 Illegal Data Address
21347;0;0;0x0000;02 Illegal Data Address
21348;0;0;0x0000;02 Illegal Data Address
21349;0;0;0x0000;02 Illegal Data Address
21350;0;0;0x0000;02 Illegal Data Address
21351;0;0;0x0000;02 Illegal Data Address
21352;0;0;0x0000;02 Illegal Data Address
21353;0;0;0x0000;02 Illegal Data Address
21354;0;0;0x0000;02 Illegal Data Address
21355;0;0;0x0000;02 Illegal Data Address
21356;0;0;0x0000;02 Illegal Data Address
21357;0;0;0x0000;02 Illegal Data Address
21358;0;0;0x0000;02 Illegal Data Address
21359;0;0;0x0000;02 Illegal Data Address
21360;0;0;0x0000;02 Illegal Data Address
21361;0;0;0x0000;02 Illegal Data Address
21362;0;0;0x0000;02 Illegal Data Address
21363;0;0;0x0000;02 Illegal Data Address
21364;0;0;0x0000;02 Illegal Data Address
21365;0;0;0x0000;02 Illegal Data Address
21366;0;0;0x0000;02 Illegal Data Address
21367;0;0;0x0000;02 Illegal Data Address
21368;0;0;0x0000;02 Illegal Data Address
21369;0;0;0x0000;02 Illegal Data Address
21370;0;0;0x0000;02 Illegal Data Address
21371;0;0;0x0000;02 Illegal Data Address
21372;0;0;0x0000;02 Illegal Data Address
21373;0;0;0x0000;02 Illegal Data Address
21374;0;0;0x0000;02 Illegal Data Address
21375;0;0;0x0000;02 Illegal Data Address
21376;0;0;0x0000;02 Illegal Data Address
21377;0;0;0x0000;02 Illegal Data Address
21378;0;0;0x0000;02 Illegal Data Address
21379;0;0;0x0000;02 Illegal Data Address
21380;0;0;0x0000;02 Illegal Data Address
21381;0;0;0x0000;02 Illegal Data Address
21382;0;0;0x0000;02 Illegal Data Address
21383;0;0;0x0000;02 Illegal Data Address
21384;0;0;0x0000;02 Illegal Data Address
21385;0;0;0x0000;02 Illegal Data Address
21386;0;0;0x0000;02 Illegal Data Address
21387;0;0;0x0000;02 Illegal Data Address
21388;0;0;0x0000;02 Illegal Data Address
21389;0;0;0x0000;02 Illegal Data Address
21390;0;0;0x0000;02 Illegal Data Address
21391;0;0;0x0000;02 Illegal Data Address
21392;0;0;0x0000;02 Illegal Data Address
21393;0;0;0x0000;02 Illegal Data Address
21394;0;0;0x0000;02 Illegal Data Address
21395;0;0;0x0000;02 Illegal Data Address
21396;0;0;0x0000;02 Illegal Data Address
21397;0;0;0x0000;02 Illegal Data Address
21398;0;0;0x0000;02 Illegal Data Address
21399;0;0;0x0000;02 Illegal Data Address
21400;0;0;0x0000;02 Illegal Data Address
21401;0;0;0x0000;02 Illegal Data Address
21402;0;0;0x0000;02 Illegal Data Address
21403;0;0;0x0000;02 Illegal Data Address
21404;0;0;0x0000;02 Illegal Data Address
21405;0;0;0x0000;02 Illegal Data Address
21406;0;0;0x0000;02 Illegal Data Address
21407;0;0;0x0000;02 Illegal Data Address
21408;0;0;0x0000;02 Illegal Data Address
21409;0;0;0x0000;02 Illegal Data Address
21410;0;0;0x0000;02 Illegal Data Address
21411;0;0;0x0000;02 Illegal Data Address
21412;0;0;0x0000;02 Illegal Data Address
21413;0;0;0x0000;02 Illegal Data Address
21414;0;0;0x0000;02 Illegal Data Address
21415;0;0;0x0000;02 Illegal Data Address
21416;0;0;0x0000;02 Illegal Data Address
21417;0;0;0x0000;02 Illegal Data Address
21418;0;0;0x0000;02 Illegal Data Address
21419;0;0;0x0000;02 Illegal Data Address
21420;0;0;0x0000;02 Illegal Data Address
21421;0;0;0x0000;02 Illegal Data Address
21422;0;0;0x0000;02 Illegal Data Address
21423;0;0;0x0000;02 Illegal Data Address
21424;0;0;0x0000;02 Illegal Data Address
21425;0;0;0x0000;02 Illegal Data Address
21426;0;0;0x0000;02 Illegal Data Address
21427;0;0;0x0000;02 Illegal Data Address
21428;0;0;0x0000;02 Illegal Data Address
21429;0;0;0x0000;02 Illegal Data Address
21430;0;0;0x0000;02 Illegal Data Address
21431;0;0;0x0000;02 Illegal Data Address
21432;0;0;0x0000;02 Illegal Data Address
21433;0;0;0x0000;02 Illegal Data Address
21434;0;0;0x0000;02 Illegal Data Address
21435;0;0;0x0000;02 Illegal Data Address
21436;0;0;0x0000;02 Illegal Data Address
21437;0;0;0x0000;02 Illegal Data Address
21438;0;0;0x0000;02 Illegal Data Address
21439;0;0;0x0000;02 Illegal Data Address
21440;0;0;0x0000;02 Illegal Data Address
21441;0;0;0x0000;02 Illegal Data Address
21442;0;0;0x0000;02 Illegal Data Address
21443;0;0;0x0000;02 Illegal Data Address
21444;0;0;0x0000;02 Illegal Data Address
21445;0;0;0x0000;02 Illegal Data Address
21446;0;0;0x0000;02 Illegal Data Address
21447;0;0;0x0000;02 Illegal Data Address
21448;0;0;0x0000;02 Illegal Data Address
21449;0;0;0x0000;02 Illegal Data Address
21450;0;0;0x0000;02 Illegal Data Address
21451;0;0;0x0000;02 Illegal Data Address
21452;0;0;0x0000;02 Illegal Data Address
21453;0;0;0x0000;02 Illegal Data Address
21454;0;0;0x0000;02 Illegal Data Address
21455;0;0;0x0000;02 Illegal Data Address
21456;0;0;0x0000;02 Illegal Data Address
21457;0;0;0x0000;02 Illegal Data Address
21458;0;0;0x0000;02 Illegal Data Address
21459;0;0;0x0000;02 Illegal Data Address
21460;0;0;0x0000;02 Illegal Data Address
21461;0;0;0x0000;02 Illegal Data Address
21462;0;0;0x0000;02 Illegal Data Address
21463;0;0;0x0000;02 Illegal Data Address
21464;0;0;0x0000;02 Illegal Data Address
21465;0;0;0x0000;02 Illegal Data Address
21466;0;0;0x0000;02 Illegal Data Address
21467;0;0;0x0000;02 Illegal Data Address
21468;0;0;0x0000;02 Illegal Data Address
21469;0;0;0x0000;02 Illegal Data Address
21470;0;0;0x0000;02 Illegal Data Address
21471;0;0;0x0000;02 Illegal Data Address
21472;0;0;0x0000;02 Illegal Data Address
21473;0;0;0x0000;02 Illegal Data Address
21474;0;0;0x0000;02 Illegal Data Address
21475;0;0;0x0000;02 Illegal Data Address
21476;0;0;0x0000;02 Illegal Data Address
21477;0;0;0x0000;02 Illegal Data Address
21478;0;0;0x0000;02 Illegal Data Address
21479;0;0;0x0000;02 Illegal Data Address
21480;0;0;0x0000;02 Illegal Data Address
21481;0;0;0x0000;02 Illegal Data Address
21482;0;0;0x0000;02 Illegal Data Address
21483;0;0;0x0000;02 Illegal Data Address
21484;0;0;0x0000;02 Illegal Data Address
21485;0;0;0x0000;02 Illegal Data Address
21486;0;0;0x0000;02 Illegal Data Address
21487;0;0;0x0000;02 Illegal Data Address
21488;0;0;0x0000;02 Illegal Data Address
21489;0;0;0x0000;02 Illegal Data Address
21490;0;0;0x0000;02 Illegal Data Address
21491;0;0;0x0000;02 Illegal Data Address
21492;0;0;0x0000;02 Illegal Data Address
21493;0;0;0x0000;02 Illegal Data Address
21494;0;0;0x0000;02 Illegal Data Address
21495;0;0;0x0000;02 Illegal Data Address
21496;0;0;0x0000;02 Illegal Data Address
21497;0;0;0x0000;02 Illegal Data Address
21498;0;0;0x0000;02 Illegal Data Address
21499;0;0;0x0000;02 Illegal Data Address
21500;0;0;0x0000;02 Illegal Data Address
21501;0;0;0x0000;02 Illegal Data Address
21502;0;0;0x0000;02 Illegal Data Address
21503;0;0;0x0000;02 Illegal Data Address
21504;0;0;0x0000;02 Illegal Data Address
21505;0;0;0x0000;02 Illegal Data Address
21506;0;0;0x0000;02 Illegal Data Address
21507;0;0;0x0000;02 Illegal Data Address
21508;0;0;0x0000;02 Illegal Data Address
21509;0;0;0x0000;02 Illegal Data Address
21510;0;0;0x0000;02 Illegal Data Address
21511;0;0;0x0000;02 Illegal Data Address
21512;0;0;0x0000;02 Illegal Data Address
21513;0;0;0x0000;02 Illegal Data Address
21514;0;0;0x0000;02 Illegal Data Address
21515;0;0;0x0000;02 Illegal Data Address
21516;0;0;0x0000;02 Illegal Data Address
21517;0;0;0x0000;02 Illegal Data Address
21518;0;0;0x0000;02 Illegal Data Address
21519;0;0;0x0000;02 Illegal Data Address
21520;0;0;0x0000;02 Illegal Data Address
21521;0;0;0x0000;02 Illegal Data Address
21522;0;0;0x0000;02 Illegal Data Address
21523;0;0;0x0000;02 Illegal Data Address
21524;0;0;0x0000;02 Illegal Data Address
21525;0;0;0x0000;02 Illegal Data Address
21526;0;0;0x0000;02 Illegal Data Address
21527;0;0;0x0000;02 Illegal Data Address
21528;0;0;0x0000;02 Illegal Data Address
21529;0;0;0x0000;02 Illegal Data Address
21530;0;0;0x0000;02 Illegal Data Address
21531;0;0;0x0000;02 Illegal Data Address
21532;0;0;0x0000;02 Illegal Data Address
21533;0;0;0x0000;02 Illegal Data Address
21534;0;0;0x0000;02 Illegal Data Address
21535;0;0;0x0000;02 Illegal Data Address
21536;0;0;0x0000;02 Illegal Data Address
21537;0;0;0x0000;02 Illegal Data Address
21538;0;0;0x0000;02 Illegal Data Address
21539;0;0;0x0000;02 Illegal Data Address
21540;0;0;0x0000;02 Illegal Data Address
21541;0;0;0x0000;02 Illegal Data Address
21542;0;0;0x0000;02 Illegal Data Address
21543;0;0;0x0000;02 Illegal Data Address
21544;0;0;0x0000;02 Illegal Data Address
21545;0;0;0x0000;02 Illegal Data Address
21546;0;0;0x0000;02 Illegal Data Address
21547;0;0;0x0000;02 Illegal Data Address
21548;0;0;0x0000;02 Illegal Data Address
21549;0;0;0x0000;02 Illegal Data Address
21550;0;0;0x0000;02 Illegal Data Address
21551;0;0;0x0000;02 Illegal Data Address
21552;0;0;0x0000;02 Illegal Data Address
21553;0;0;0x0000;02 Illegal Data Address
21554;0;0;0x0000;02 Illegal Data Address
21555;0;0;0x0000;02 Illegal Data Address
21556;0;0;0x0000;02 Illegal Data Address
21557;0;0;0x0000;02 Illegal Data Address
21558;0;0;0x0000;02 Illegal Data Address
21559;0;0;0x0000;02 Illegal Data Address
21560;0;0;0x0000;02 Illegal Data Address
21561;0;0;0x0000;02 Illegal Data Address
21562;0;0;0x0000;02 Illegal Data Address
21563;0;0;0x0000;02 Illegal Data Address
21564;0;0;0x0000;02 Illegal Data Address
21565;0;0;0x0000;02 Illegal Data Address
21566;0;0;0x0000;02 Illegal Data Address
21567;0;0;0x0000;02 Illegal Data Address
21568;0;0;0x0000;02 Illegal Data Address
21569;0;0;0x0000;02 Illegal Data Address
21570;0;0;0x0000;02 Illegal Data Address
21571;0;0;0x0000;02 Illegal Data Address
21572;0;0;0x0000;02 Illegal Data Address
21573;0;0;0x0000;02 Illegal Data Address
21574;0;0;0x0000;02 Illegal Data Address
21575;0;0;0x0000;02 Illegal Data Address
21576;0;0;0x0000;02 Illegal Data Address
21577;0;0;0x0000;02 Illegal Data Address
21578;0;0;0x0000;02 Illegal Data Address
21579;0;0;0x0000;02 Illegal Data Address
21580;0;0;0x0000;02 Illegal Data Address
21581;0;0;0x0000;02 Illegal Data Address
21582;0;0;0x0000;02 Illegal Data Address
21583;0;0;0x0000;02 Illegal Data Address
21584;0;0;0x0000;02 Illegal Data Address
21585;0;0;0x0000;02 Illegal Data Address
21586;0;0;0x0000;02 Illegal Data Address
21587;0;0;0x0000;02 Illegal Data Address
21588;0;0;0x0000;02 Illegal Data Address
21589;0;0;0x0000;02 Illegal Data Address
21590;0;0;0x0000;02 Illegal Data Address
21591;0;0;0x0000;02 Illegal Data Address
21592;0;0;0x0000;02 Illegal Data Address
21593;0;0;0x0000;02 Illegal Data Address
21594;0;0;0x0000;02 Illegal Data Address
21595;0;0;0x0000;02 Illegal Data Address
21596;0;0;0x0000;02 Illegal Data Address
21597;0;0;0x0000;02 Illegal Data Address
21598;0;0;0x0000;02 Illegal Data Address
21599;0;0;0x0000;02 Illegal Data Address
21600;0;0;0x0000;02 Illegal Data Address
21601;0;0;0x0000;02 Illegal Data Address
21602;0;0;0x0000;02 Illegal Data Address
21603;0;0;0x0000;02 Illegal Data Address
21604;0;0;0x0000;02 Illegal Data Address
21605;0;0;0x0000;02 Illegal Data Address
21606;0;0;0x0000;02 Illegal Data Address
21607;0;0;0x0000;02 Illegal Data Address
21608;0;0;0x0000;02 Illegal Data Address
21609;0;0;0x0000;02 Illegal Data Address
21610;0;0;0x0000;02 Illegal Data Address
21611;0;0;0x0000;02 Illegal Data Address
21612;0;0;0x0000;02 Illegal Data Address
21613;0;0;0x0000;02 Illegal Data Address
21614;0;0;0x0000;02 Illegal Data Address
21615;0;0;0x0000;02 Illegal Data Address
21616;0;0;0x0000;02 Illegal Data Address
21617;0;0;0x0000;02 Illegal Data Address
21618;0;0;0x0000;02 Illegal Data Address
21619;0;0;0x0000;02 Illegal Data Address
21620;0;0;0x0000;02 Illegal Data Address
21621;0;0;0x0000;02 Illegal Data Address
21622;0;0;0x0000;02 Illegal Data Address
21623;0;0;0x0000;02 Illegal Data Address
21624;0;0;0x0000;02 Illegal Data Address
21625;0;0;0x0000;02 Illegal Data Address
21626;0;0;0x0000;02 Illegal Data Address
21627;0;0;0x0000;02 Illegal Data Address
21628;0;0;0x0000;02 Illegal Data Address
21629;0;0;0x0000;02 Illegal Data Address
21630;0;0;0x0000;02 Illegal Data Address
21631;0;0;0x0000;02 Illegal Data Address
21632;0;0;0x0000;02 Illegal Data Address
21633;0;0;0x0000;02 Illegal Data Address
21634;0;0;0x0000;02 Illegal Data Address
21635;0;0;0x0000;02 Illegal Data Address
21636;0;0;0x0000;02 Illegal Data Address
21637;0;0;0x0000;02 Illegal Data Address
21638;0;0;0x0000;02 Illegal Data Address
21639;0;0;0x0000;02 Illegal Data Address
21640;0;0;0x0000;02 Illegal Data Address
21641;0;0;0x0000;02 Illegal Data Address
21642;0;0;0x0000;02 Illegal Data Address
21643;0;0;0x0000;02 Illegal Data Address
21644;0;0;0x0000;02 Illegal Data Address
21645;0;0;0x0000;02 Illegal Data Address
21646;0;0;0x0000;02 Illegal Data Address
21647;0;0;0x0000;02 Illegal Data Address
21648;0;0;0x0000;02 Illegal Data Address
21649;0;0;0x0000;02 Illegal Data Address
21650;0;0;0x0000;02 Illegal Data Address
21651;0;0;0x0000;02 Illegal Data Address
21652;0;0;0x0000;02 Illegal Data Address
21653;0;0;0x0000;02 Illegal Data Address
21654;0;0;0x0000;02 Illegal Data Address
21655;0;0;0x0000;02 Illegal Data Address
21656;0;0;0x0000;02 Illegal Data Address
21657;0;0;0x0000;02 Illegal Data Address
21658;0;0;0x0000;02 Illegal Data Address
21659;0;0;0x0000;02 Illegal Data Address
21660;0;0;0x0000;02 Illegal Data Address
21661;0;0;0x0000;02 Illegal Data Address
21662;0;0;0x0000;02 Illegal Data Address
21663;0;0;0x0000;02 Illegal Data Address
21664;0;0;0x0000;02 Illegal Data Address
21665;0;0;0x0000;02 Illegal Data Address
21666;0;0;0x0000;02 Illegal Data Address
21667;0;0;0x0000;02 Illegal Data Address
21668;0;0;0x0000;02 Illegal Data Address
21669;0;0;0x0000;02 Illegal Data Address
21670;0;0;0x0000;02 Illegal Data Address
21671;0;0;0x0000;02 Illegal Data Address
21672;0;0;0x0000;02 Illegal Data Address
21673;0;0;0x0000;02 Illegal Data Address
21674;0;0;0x0000;02 Illegal Data Address
21675;0;0;0x0000;02 Illegal Data Address
21676;0;0;0x0000;02 Illegal Data Address
21677;0;0;0x0000;02 Illegal Data Address
21678;0;0;0x0000;02 Illegal Data Address
21679;0;0;0x0000;02 Illegal Data Address
21680;0;0;0x0000;02 Illegal Data Address
21681;0;0;0x0000;02 Illegal Data Address
21682;0;0;0x0000;02 Illegal Data Address
21683;0;0;0x0000;02 Illegal Data Address
21684;0;0;0x0000;02 Illegal Data Address
21685;0;0;0x0000;02 Illegal Data Address
21686;0;0;0x0000;02 Illegal Data Address
21687;0;0;0x0000;02 Illegal Data Address
21688;0;0;0x0000;02 Illegal Data Address
21689;0;0;0x0000;02 Illegal Data Address
21690;0;0;0x0000;02 Illegal Data Address
21691;0;0;0x0000;02 Illegal Data Address
21692;0;0;0x0000;02 Illegal Data Address
21693;0;0;0x0000;02 Illegal Data Address
21694;0;0;0x0000;02 Illegal Data Address
21695;0;0;0x0000;02 Illegal Data Address
21696;0;0;0x0000;02 Illegal Data Address
21697;0;0;0x0000;02 Illegal Data Address
21698;0;0;0x0000;02 Illegal Data Address
21699;0;0;0x0000;02 Illegal Data Address
21700;0;0;0x0000;02 Illegal Data Address
21701;0;0;0x0000;02 Illegal Data Address
21702;0;0;0x0000;02 Illegal Data Address
21703;0;0;0x0000;02 Illegal Data Address
21704;0;0;0x0000;02 Illegal Data Address
21705;0;0;0x0000;02 Illegal Data Address
21706;0;0;0x0000;02 Illegal Data Address
21707;0;0;0x0000;02 Illegal Data Address
21708;0;0;0x0000;02 Illegal Data Address
21709;0;0;0x0000;02 Illegal Data Address
21710;0;0;0x0000;02 Illegal Data Address
21711;0;0;0x0000;02 Illegal Data Address
21712;0;0;0x0000;02 Illegal Data Address
21713;0;0;0x0000;02 Illegal Data Address
21714;0;0;0x0000;02 Illegal Data Address
21715;0;0;0x0000;02 Illegal Data Address
21716;0;0;0x0000;02 Illegal Data Address
21717;0;0;0x0000;02 Illegal Data Address
21718;0;0;0x0000;02 Illegal Data Address
21719;0;0;0x0000;02 Illegal Data Address
21720;0;0;0x0000;02 Illegal Data Address
21721;0;0;0x0000;02 Illegal Data Address
21722;0;0;0x0000;02 Illegal Data Address
21723;0;0;0x0000;02 Illegal Data Address
21724;0;0;0x0000;02 Illegal Data Address
21725;0;0;0x0000;02 Illegal Data Address
21726;0;0;0x0000;02 Illegal Data Address
21727;0;0;0x0000;02 Illegal Data Address
21728;0;0;0x0000;02 Illegal Data Address
21729;0;0;0x0000;02 Illegal Data Address
21730;0;0;0x0000;02 Illegal Data Address
21731;0;0;0x0000;02 Illegal Data Address
21732;0;0;0x0000;02 Illegal Data Address
21733;0;0;0x0000;02 Illegal Data Address
21734;0;0;0x0000;02 Illegal Data Address
21735;0;0;0x0000;02 Illegal Data Address
21736;0;0;0x0000;02 Illegal Data Address
21737;0;0;0x0000;02 Illegal Data Address
21738;0;0;0x0000;02 Illegal Data Address
21739;0;0;0x0000;02 Illegal Data Address
21740;0;0;0x0000;02 Illegal Data Address
21741;0;0;0x0000;02 Illegal Data Address
21742;0;0;0x0000;02 Illegal Data Address
21743;0;0;0x0000;02 Illegal Data Address
21744;0;0;0x0000;02 Illegal Data Address
21745;0;0;0x0000;02 Illegal Data Address
21746;0;0;0x0000;02 Illegal Data Address
21747;0;0;0x0000;02 Illegal Data Address
21748;0;0;0x0000;02 Illegal Data Address
21749;0;0;0x0000;02 Illegal Data Address
21750;0;0;0x0000;02 Illegal Data Address
21751;0;0;0x0000;02 Illegal Data Address
21752;0;0;0x0000;02 Illegal Data Address
21753;0;0;0x0000;02 Illegal Data Address
21754;0;0;0x0000;02 Illegal Data Address
21755;0;0;0x0000;02 Illegal Data Address
21756;0;0;0x0000;02 Illegal Data Address
21757;0;0;0x0000;02 Illegal Data Address
21758;0;0;0x0000;02 Illegal Data Address
21759;0;0;0x0000;02 Illegal Data Address
21760;0;0;0x0000;02 Illegal Data Address
21761;0;0;0x0000;02 Illegal Data Address
21762;0;0;0x0000;02 Illegal Data Address
21763;0;0;0x0000;02 Illegal Data Address
21764;0;0;0x0000;02 Illegal Data Address
21765;0;0;0x0000;02 Illegal Data Address
21766;0;0;0x0000;02 Illegal Data Address
21767;0;0;0x0000;02 Illegal Data Address
21768;0;0;0x0000;02 Illegal Data Address
21769;0;0;0x0000;02 Illegal Data Address
21770;0;0;0x0000;02 Illegal Data Address
21771;0;0;0x0000;02 Illegal Data Address
21772;0;0;0x0000;02 Illegal Data Address
21773;0;0;0x0000;02 Illegal Data Address
21774;0;0;0x0000;02 Illegal Data Address
21775;0;0;0x0000;02 Illegal Data Address
21776;0;0;0x0000;02 Illegal Data Address
21777;0;0;0x0000;02 Illegal Data Address
21778;0;0;0x0000;02 Illegal Data Address
21779;0;0;0x0000;02 Illegal Data Address
21780;0;0;0x0000;02 Illegal Data Address
21781;0;0;0x0000;02 Illegal Data Address
21782;0;0;0x0000;02 Illegal Data Address
21783;0;0;0x0000;02 Illegal Data Address
21784;0;0;0x0000;02 Illegal Data Address
21785;0;0;0x0000;02 Illegal Data Address
21786;0;0;0x0000;02 Illegal Data Address
21787;0;0;0x0000;02 Illegal Data Address
21788;0;0;0x0000;02 Illegal Data Address
21789;0;0;0x0000;02 Illegal Data Address
21790;0;0;0x0000;02 Illegal Data Address
21791;0;0;0x0000;02 Illegal Data Address
21792;0;0;0x0000;02 Illegal Data Address
21793;0;0;0x0000;02 Illegal Data Address
21794;0;0;0x0000;02 Illegal Data Address
21795;0;0;0x0000;02 Illegal Data Address
21796;0;0;0x0000;02 Illegal Data Address
21797;0;0;0x0000;02 Illegal Data Address
21798;0;0;0x0000;02 Illegal Data Address
21799;0;0;0x0000;02 Illegal Data Address
21800;0;0;0x0000;02 Illegal Data Address
21801;0;0;0x0000;02 Illegal Data Address
21802;0;0;0x0000;02 Illegal Data Address
21803;0;0;0x0000;02 Illegal Data Address
21804;0;0;0x0000;02 Illegal Data Address
21805;0;0;0x0000;02 Illegal Data Address
21806;0;0;0x0000;02 Illegal Data Address
21807;0;0;0x0000;02 Illegal Data Address
21808;0;0;0x0000;02 Illegal Data Address
21809;0;0;0x0000;02 Illegal Data Address
21810;0;0;0x0000;02 Illegal Data Address
21811;0;0;0x0000;02 Illegal Data Address
21812;0;0;0x0000;02 Illegal Data Address
21813;0;0;0x0000;02 Illegal Data Address
21814;0;0;0x0000;02 Illegal Data Address
21815;0;0;0x0000;02 Illegal Data Address
21816;0;0;0x0000;02 Illegal Data Address
21817;0;0;0x0000;02 Illegal Data Address
21818;0;0;0x0000;02 Illegal Data Address
21819;0;0;0x0000;02 Illegal Data Address
21820;0;0;0x0000;02 Illegal Data Address
21821;0;0;0x0000;02 Illegal Data Address
21822;0;0;0x0000;02 Illegal Data Address
21823;0;0;0x0000;02 Illegal Data Address
21824;0;0;0x0000;02 Illegal Data Address
21825;0;0;0x0000;02 Illegal Data Address
21826;0;0;0x0000;02 Illegal Data Address
21827;0;0;0x0000;02 Illegal Data Address
21828;0;0;0x0000;02 Illegal Data Address
21829;0;0;0x0000;02 Illegal Data Address
21830;0;0;0x0000;02 Illegal Data Address
21831;0;0;0x0000;02 Illegal Data Address
21832;0;0;0x0000;02 Illegal Data Address
21833;0;0;0x0000;02 Illegal Data Address
21834;0;0;0x0000;02 Illegal Data Address
21835;0;0;0x0000;02 Illegal Data Address
21836;0;0;0x0000;02 Illegal Data Address
21837;0;0;0x0000;02 Illegal Data Address
21838;0;0;0x0000;02 Illegal Data Address
21839;0;0;0x0000;02 Illegal Data Address
21840;0;0;0x0000;02 Illegal Data Address
21841;0;0;0x0000;02 Illegal Data Address
21842;0;0;0x0000;02 Illegal Data Address
21843;0;0;0x0000;02 Illegal Data Address
21844;0;0;0x0000;02 Illegal Data Address
21845;0;0;0x0000;02 Illegal Data Address
21846;0;0;0x0000;02 Illegal Data Address
21847;0;0;0x0000;02 Illegal Data Address
21848;0;0;0x0000;02 Illegal Data Address
21849;0;0;0x0000;02 Illegal Data Address
21850;0;0;0x0000;02 Illegal Data Address
21851;0;0;0x0000;02 Illegal Data Address
21852;0;0;0x0000;02 Illegal Data Address
21853;0;0;0x0000;02 Illegal Data Address
21854;0;0;0x0000;02 Illegal Data Address
21855;0;0;0x0000;02 Illegal Data Address
21856;0;0;0x0000;02 Illegal Data Address
21857;0;0;0x0000;02 Illegal Data Address
21858;0;0;0x0000;02 Illegal Data Address
21859;0;0;0x0000;02 Illegal Data Address
21860;0;0;0x0000;02 Illegal Data Address
21861;0;0;0x0000;02 Illegal Data Address
21862;0;0;0x0000;02 Illegal Data Address
21863;0;0;0x0000;02 Illegal Data Address
21864;0;0;0x0000;02 Illegal Data Address
21865;0;0;0x0000;02 Illegal Data Address
21866;0;0;0x0000;02 Illegal Data Address
21867;0;0;0x0000;02 Illegal Data Address
21868;0;0;0x0000;02 Illegal Data Address
21869;0;0;0x0000;02 Illegal Data Address
21870;0;0;0x0000;02 Illegal Data Address
21871;0;0;0x0000;02 Illegal Data Address
21872;0;0;0x0000;02 Illegal Data Address
21873;0;0;0x0000;02 Illegal Data Address
21874;0;0;0x0000;02 Illegal Data Address
21875;0;0;0x0000;02 Illegal Data Address
21876;0;0;0x0000;02 Illegal Data Address
21877;0;0;0x0000;02 Illegal Data Address
21878;0;0;0x0000;02 Illegal Data Address
21879;0;0;0x0000;02 Illegal Data Address
21880;0;0;0x0000;02 Illegal Data Address
21881;0;0;0x0000;02 Illegal Data Address
21882;0;0;0x0000;02 Illegal Data Address
21883;0;0;0x0000;02 Illegal Data Address
21884;0;0;0x0000;02 Illegal Data Address
21885;0;0;0x0000;02 Illegal Data Address
21886;0;0;0x0000;02 Illegal Data Address
21887;0;0;0x0000;02 Illegal Data Address
21888;0;0;0x0000;02 Illegal Data Address
21889;0;0;0x0000;02 Illegal Data Address
21890;0;0;0x0000;02 Illegal Data Address
21891;0;0;0x0000;02 Illegal Data Address
21892;0;0;0x0000;02 Illegal Data Address
21893;0;0;0x0000;02 Illegal Data Address
21894;0;0;0x0000;02 Illegal Data Address
21895;0;0;0x0000;02 Illegal Data Address
21896;0;0;0x0000;02 Illegal Data Address
21897;0;0;0x0000;02 Illegal Data Address
21898;0;0;0x0000;02 Illegal Data Address
21899;0;0;0x0000;02 Illegal Data Address
21900;0;0;0x0000;02 Illegal Data Address
21901;0;0;0x0000;02 Illegal Data Address
21902;0;0;0x0000;02 Illegal Data Address
21903;0;0;0x0000;02 Illegal Data Address
21904;0;0;0x0000;02 Illegal Data Address
21905;0;0;0x0000;02 Illegal Data Address
21906;0;0;0x0000;02 Illegal Data Address
21907;0;0;0x0000;02 Illegal Data Address
21908;0;0;0x0000;02 Illegal Data Address
21909;0;0;0x0000;02 Illegal Data Address
21910;0;0;0x0000;02 Illegal Data Address
21911;0;0;0x0000;02 Illegal Data Address
21912;0;0;0x0000;02 Illegal Data Address
21913;0;0;0x0000;02 Illegal Data Address
21914;0;0;0x0000;02 Illegal Data Address
21915;0;0;0x0000;02 Illegal Data Address
21916;0;0;0x0000;02 Illegal Data Address
21917;0;0;0x0000;02 Illegal Data Address
21918;0;0;0x0000;02 Illegal Data Address
21919;0;0;0x0000;02 Illegal Data Address
21920;0;0;0x0000;02 Illegal Data Address
21921;0;0;0x0000;02 Illegal Data Address
21922;0;0;0x0000;02 Illegal Data Address
21923;0;0;0x0000;02 Illegal Data Address
21924;0;0;0x0000;02 Illegal Data Address
21925;0;0;0x0000;02 Illegal Data Address
21926;0;0;0x0000;02 Illegal Data Address
21927;0;0;0x0000;02 Illegal Data Address
21928;0;0;0x0000;02 Illegal Data Address
21929;0;0;0x0000;02 Illegal Data Address
21930;0;0;0x0000;02 Illegal Data Address
21931;0;0;0x0000;02 Illegal Data Address
21932;0;0;0x0000;02 Illegal Data Address
21933;0;0;0x0000;02 Illegal Data Address
21934;0;0;0x0000;02 Illegal Data Address
21935;0;0;0x0000;02 Illegal Data Address
21936;0;0;0x0000;02 Illegal Data Address
21937;0;0;0x0000;02 Illegal Data Address
21938;0;0;0x0000;02 Illegal Data Address
21939;0;0;0x0000;02 Illegal Data Address
21940;0;0;0x0000;02 Illegal Data Address
21941;0;0;0x0000;02 Illegal Data Address
21942;0;0;0x0000;02 Illegal Data Address
21943;0;0;0x0000;02 Illegal Data Address
21944;0;0;0x0000;02 Illegal Data Address
21945;0;0;0x0000;02 Illegal Data Address
21946;0;0;0x0000;02 Illegal Data Address
21947;0;0;0x0000;02 Illegal Data Address
21948;0;0;0x0000;02 Illegal Data Address
21949;0;0;0x0000;02 Illegal Data Address
21950;0;0;0x0000;02 Illegal Data Address
21951;0;0;0x0000;02 Illegal Data Address
21952;0;0;0x0000;02 Illegal Data Address
21953;0;0;0x0000;02 Illegal Data Address
21954;0;0;0x0000;02 Illegal Data Address
21955;0;0;0x0000;02 Illegal Data Address
21956;0;0;0x0000;02 Illegal Data Address
21957;0;0;0x0000;02 Illegal Data Address
21958;0;0;0x0000;02 Illegal Data Address
21959;0;0;0x0000;02 Illegal Data Address
21960;0;0;0x0000;02 Illegal Data Address
21961;0;0;0x0000;02 Illegal Data Address
21962;0;0;0x0000;02 Illegal Data Address
21963;0;0;0x0000;02 Illegal Data Address
21964;0;0;0x0000;02 Illegal Data Address
21965;0;0;0x0000;02 Illegal Data Address
21966;0;0;0x0000;02 Illegal Data Address
21967;0;0;0x0000;02 Illegal Data Address
21968;0;0;0x0000;02 Illegal Data Address
21969;0;0;0x0000;02 Illegal Data Address
21970;0;0;0x0000;02 Illegal Data Address
21971;0;0;0x0000;02 Illegal Data Address
21972;0;0;0x0000;02 Illegal Data Address
21973;0;0;0x0000;02 Illegal Data Address
21974;0;0;0x0000;02 Illegal Data Address
21975;0;0;0x0000;02 Illegal Data Address
21976;0;0;0x0000;02 Illegal Data Address
21977;0;0;0x0000;02 Illegal Data Address
21978;0;0;0x0000;02 Illegal Data Address
21979;0;0;0x0000;02 Illegal Data Address
21980;0;0;0x0000;02 Illegal Data Address
21981;0;0;0x0000;02 Illegal Data Address
21982;0;0;0x0000;02 Illegal Data Address
21983;0;0;0x0000;02 Illegal Data Address
21984;0;0;0x0000;02 Illegal Data Address
21985;0;0;0x0000;02 Illegal Data Address
21986;0;0;0x0000;02 Illegal Data Address
21987;0;0;0x0000;02 Illegal Data Address
21988;0;0;0x0000;02 Illegal Data Address
21989;0;0;0x0000;02 Illegal Data Address
21990;0;0;0x0000;02 Illegal Data Address
21991;0;0;0x0000;02 Illegal Data Address
21992;0;0;0x0000;02 Illegal Data Address
21993;0;0;0x0000;02 Illegal Data Address
21994;0;0;0x0000;02 Illegal Data Address
21995;0;0;0x0000;02 Illegal Data Address
21996;0;0;0x0000;02 Illegal Data Address
21997;0;0;0x0000;02 Illegal Data Address
21998;0;0;0x0000;02 Illegal Data Address
21999;0;0;0x0000;02 Illegal Data Address
22000;0;0;0x0000;02 Illegal Data Address
22001;0;0;0x0000;02 Illegal Data Address
22002;0;0;0x0000;02 Illegal Data Address
22003;0;0;0x0000;02 Illegal Data Address
22004;0;0;0x0000;02 Illegal Data Address
22005;0;0;0x0000;02 Illegal Data Address
22006;0;0;0x0000;02 Illegal Data Address
22007;0;0;0x0000;02 Illegal Data Address
22008;0;0;0x0000;02 Illegal Data Address
22009;0;0;0x0000;02 Illegal Data Address
22010;0;0;0x0000;02 Illegal Data Address
22011;0;0;0x0000;02 Illegal Data Address
22012;0;0;0x0000;02 Illegal Data Address
22013;0;0;0x0000;02 Illegal Data Address
22014;0;0;0x0000;02 Illegal Data Address
22015;0;0;0x0000;02 Illegal Data Address
22016;0;0;0x0000;02 Illegal Data Address
22017;0;0;0x0000;02 Illegal Data Address
22018;0;0;0x0000;02 Illegal Data Address
22019;0;0;0x0000;02 Illegal Data Address
22020;0;0;0x0000;02 Illegal Data Address
22021;0;0;0x0000;02 Illegal Data Address
22022;0;0;0x0000;02 Illegal Data Address
22023;0;0;0x0000;02 Illegal Data Address
22024;0;0;0x0000;02 Illegal Data Address
22025;0;0;0x0000;02 Illegal Data Address
22026;0;0;0x0000;02 Illegal Data Address
22027;0;0;0x0000;02 Illegal Data Address
22028;0;0;0x0000;02 Illegal Data Address
22029;0;0;0x0000;02 Illegal Data Address
22030;0;0;0x0000;02 Illegal Data Address
22031;0;0;0x0000;02 Illegal Data Address
22032;0;0;0x0000;02 Illegal Data Address
22033;0;0;0x0000;02 Illegal Data Address
22034;0;0;0x0000;02 Illegal Data Address
22035;0;0;0x0000;02 Illegal Data Address
22036;0;0;0x0000;02 Illegal Data Address
22037;0;0;0x0000;02 Illegal Data Address
22038;0;0;0x0000;02 Illegal Data Address
22039;0;0;0x0000;02 Illegal Data Address
22040;0;0;0x0000;02 Illegal Data Address
22041;0;0;0x0000;02 Illegal Data Address
22042;0;0;0x0000;02 Illegal Data Address
22043;0;0;0x0000;02 Illegal Data Address
22044;0;0;0x0000;02 Illegal Data Address
22045;0;0;0x0000;02 Illegal Data Address
22046;0;0;0x0000;02 Illegal Data Address
22047;0;0;0x0000;02 Illegal Data Address
22048;0;0;0x0000;02 Illegal Data Address
22049;0;0;0x0000;02 Illegal Data Address
22050;0;0;0x0000;02 Illegal Data Address
22051;0;0;0x0000;02 Illegal Data Address
22052;0;0;0x0000;02 Illegal Data Address
22053;0;0;0x0000;02 Illegal Data Address
22054;0;0;0x0000;02 Illegal Data Address
22055;0;0;0x0000;02 Illegal Data Address
22056;0;0;0x0000;02 Illegal Data Address
22057;0;0;0x0000;02 Illegal Data Address
22058;0;0;0x0000;02 Illegal Data Address
22059;0;0;0x0000;02 Illegal Data Address
22060;0;0;0x0000;02 Illegal Data Address
22061;0;0;0x0000;02 Illegal Data Address
22062;0;0;0x0000;02 Illegal Data Address
22063;0;0;0x0000;02 Illegal Data Address
22064;0;0;0x0000;02 Illegal Data Address
22065;0;0;0x0000;02 Illegal Data Address
22066;0;0;0x0000;02 Illegal Data Address
22067;0;0;0x0000;02 Illegal Data Address
22068;0;0;0x0000;02 Illegal Data Address
22069;0;0;0x0000;02 Illegal Data Address
22070;0;0;0x0000;02 Illegal Data Address
22071;0;0;0x0000;02 Illegal Data Address
22072;0;0;0x0000;02 Illegal Data Address
22073;0;0;0x0000;02 Illegal Data Address
22074;0;0;0x0000;02 Illegal Data Address
22075;0;0;0x0000;02 Illegal Data Address
22076;0;0;0x0000;02 Illegal Data Address
22077;0;0;0x0000;02 Illegal Data Address
22078;0;0;0x0000;02 Illegal Data Address
22079;0;0;0x0000;02 Illegal Data Address
22080;0;0;0x0000;02 Illegal Data Address
22081;0;0;0x0000;02 Illegal Data Address
22082;0;0;0x0000;02 Illegal Data Address
22083;0;0;0x0000;02 Illegal Data Address
22084;0;0;0x0000;02 Illegal Data Address
22085;0;0;0x0000;02 Illegal Data Address
22086;0;0;0x0000;02 Illegal Data Address
22087;0;0;0x0000;02 Illegal Data Address
22088;0;0;0x0000;02 Illegal Data Address
22089;0;0;0x0000;02 Illegal Data Address
22090;0;0;0x0000;02 Illegal Data Address
22091;0;0;0x0000;02 Illegal Data Address
22092;0;0;0x0000;02 Illegal Data Address
22093;0;0;0x0000;02 Illegal Data Address
22094;0;0;0x0000;02 Illegal Data Address
22095;0;0;0x0000;02 Illegal Data Address
22096;0;0;0x0000;02 Illegal Data Address
22097;0;0;0x0000;02 Illegal Data Address
22098;0;0;0x0000;02 Illegal Data Address
22099;0;0;0x0000;02 Illegal Data Address
22100;0;0;0x0000;02 Illegal Data Address
22101;0;0;0x0000;02 Illegal Data Address
22102;0;0;0x0000;02 Illegal Data Address
22103;0;0;0x0000;02 Illegal Data Address
22104;0;0;0x0000;02 Illegal Data Address
22105;0;0;0x0000;02 Illegal Data Address
22106;0;0;0x0000;02 Illegal Data Address
22107;0;0;0x0000;02 Illegal Data Address
22108;0;0;0x0000;02 Illegal Data Address
22109;0;0;0x0000;02 Illegal Data Address
22110;0;0;0x0000;02 Illegal Data Address
22111;0;0;0x0000;02 Illegal Data Address
22112;0;0;0x0000;02 Illegal Data Address
22113;0;0;0x0000;02 Illegal Data Address
22114;0;0;0x0000;02 Illegal Data Address
22115;0;0;0x0000;02 Illegal Data Address
22116;0;0;0x0000;02 Illegal Data Address
22117;0;0;0x0000;02 Illegal Data Address
22118;0;0;0x0000;02 Illegal Data Address
22119;0;0;0x0000;02 Illegal Data Address
22120;0;0;0x0000;02 Illegal Data Address
22121;0;0;0x0000;02 Illegal Data Address
22122;0;0;0x0000;02 Illegal Data Address
22123;0;0;0x0000;02 Illegal Data Address
22124;0;0;0x0000;02 Illegal Data Address
22125;0;0;0x0000;02 Illegal Data Address
22126;0;0;0x0000;02 Illegal Data Address
22127;0;0;0x0000;02 Illegal Data Address
22128;0;0;0x0000;02 Illegal Data Address
22129;0;0;0x0000;02 Illegal Data Address
22130;0;0;0x0000;02 Illegal Data Address
22131;0;0;0x0000;02 Illegal Data Address
22132;0;0;0x0000;02 Illegal Data Address
22133;0;0;0x0000;02 Illegal Data Address
22134;0;0;0x0000;02 Illegal Data Address
22135;0;0;0x0000;02 Illegal Data Address
22136;0;0;0x0000;02 Illegal Data Address
22137;0;0;0x0000;02 Illegal Data Address
22138;0;0;0x0000;02 Illegal Data Address
22139;0;0;0x0000;02 Illegal Data Address
22140;0;0;0x0000;02 Illegal Data Address
22141;0;0;0x0000;02 Illegal Data Address
22142;0;0;0x0000;02 Illegal Data Address
22143;0;0;0x0000;02 Illegal Data Address
22144;0;0;0x0000;02 Illegal Data Address
22145;0;0;0x0000;02 Illegal Data Address
22146;0;0;0x0000;02 Illegal Data Address
22147;0;0;0x0000;02 Illegal Data Address
22148;0;0;0x0000;02 Illegal Data Address
22149;0;0;0x0000;02 Illegal Data Address
22150;0;0;0x0000;02 Illegal Data Address
22151;0;0;0x0000;02 Illegal Data Address
22152;0;0;0x0000;02 Illegal Data Address
22153;0;0;0x0000;02 Illegal Data Address
22154;0;0;0x0000;02 Illegal Data Address
22155;0;0;0x0000;02 Illegal Data Address
22156;0;0;0x0000;02 Illegal Data Address
22157;0;0;0x0000;02 Illegal Data Address
22158;0;0;0x0000;02 Illegal Data Address
22159;0;0;0x0000;02 Illegal Data Address
22160;0;0;0x0000;02 Illegal Data Address
22161;0;0;0x0000;02 Illegal Data Address
22162;0;0;0x0000;02 Illegal Data Address
22163;0;0;0x0000;02 Illegal Data Address
22164;0;0;0x0000;02 Illegal Data Address
22165;0;0;0x0000;02 Illegal Data Address
22166;0;0;0x0000;02 Illegal Data Address
22167;0;0;0x0000;02 Illegal Data Address
22168;0;0;0x0000;02 Illegal Data Address
22169;0;0;0x0000;02 Illegal Data Address
22170;0;0;0x0000;02 Illegal Data Address
22171;0;0;0x0000;02 Illegal Data Address
22172;0;0;0x0000;02 Illegal Data Address
22173;0;0;0x0000;02 Illegal Data Address
22174;0;0;0x0000;02 Illegal Data Address
22175;0;0;0x0000;02 Illegal Data Address
22176;0;0;0x0000;02 Illegal Data Address
22177;0;0;0x0000;02 Illegal Data Address
22178;0;0;0x0000;02 Illegal Data Address
22179;0;0;0x0000;02 Illegal Data Address
22180;0;0;0x0000;02 Illegal Data Address
22181;0;0;0x0000;02 Illegal Data Address
22182;0;0;0x0000;02 Illegal Data Address
22183;0;0;0x0000;02 Illegal Data Address
22184;0;0;0x0000;02 Illegal Data Address
22185;0;0;0x0000;02 Illegal Data Address
22186;0;0;0x0000;02 Illegal Data Address
22187;0;0;0x0000;02 Illegal Data Address
22188;0;0;0x0000;02 Illegal Data Address
22189;0;0;0x0000;02 Illegal Data Address
22190;0;0;0x0000;02 Illegal Data Address
22191;0;0;0x0000;02 Illegal Data Address
22192;0;0;0x0000;02 Illegal Data Address
22193;0;0;0x0000;02 Illegal Data Address
22194;0;0;0x0000;02 Illegal Data Address
22195;0;0;0x0000;02 Illegal Data Address
22196;0;0;0x0000;02 Illegal Data Address
22197;0;0;0x0000;02 Illegal Data Address
22198;0;0;0x0000;02 Illegal Data Address
22199;0;0;0x0000;02 Illegal Data Address
22200;0;0;0x0000;02 Illegal Data Address
22201;0;0;0x0000;02 Illegal Data Address
22202;0;0;0x0000;02 Illegal Data Address
22203;0;0;0x0000;02 Illegal Data Address
22204;0;0;0x0000;02 Illegal Data Address
22205;0;0;0x0000;02 Illegal Data Address
22206;0;0;0x0000;02 Illegal Data Address
22207;0;0;0x0000;02 Illegal Data Address
22208;0;0;0x0000;02 Illegal Data Address
22209;0;0;0x0000;02 Illegal Data Address
22210;0;0;0x0000;02 Illegal Data Address
22211;0;0;0x0000;02 Illegal Data Address
22212;0;0;0x0000;02 Illegal Data Address
22213;0;0;0x0000;02 Illegal Data Address
22214;0;0;0x0000;02 Illegal Data Address
22215;0;0;0x0000;02 Illegal Data Address
22216;0;0;0x0000;02 Illegal Data Address
22217;0;0;0x0000;02 Illegal Data Address
22218;0;0;0x0000;02 Illegal Data Address
22219;0;0;0x0000;02 Illegal Data Address
22220;0;0;0x0000;02 Illegal Data Address
22221;0;0;0x0000;02 Illegal Data Address
22222;0;0;0x0000;02 Illegal Data Address
22223;0;0;0x0000;02 Illegal Data Address
22224;0;0;0x0000;02 Illegal Data Address
22225;0;0;0x0000;02 Illegal Data Address
22226;0;0;0x0000;02 Illegal Data Address
22227;0;0;0x0000;02 Illegal Data Address
22228;0;0;0x0000;02 Illegal Data Address
22229;0;0;0x0000;02 Illegal Data Address
22230;0;0;0x0000;02 Illegal Data Address
22231;0;0;0x0000;02 Illegal Data Address
22232;0;0;0x0000;02 Illegal Data Address
22233;0;0;0x0000;02 Illegal Data Address
22234;0;0;0x0000;02 Illegal Data Address
22235;0;0;0x0000;02 Illegal Data Address
22236;0;0;0x0000;02 Illegal Data Address
22237;0;0;0x0000;02 Illegal Data Address
22238;0;0;0x0000;02 Illegal Data Address
22239;0;0;0x0000;02 Illegal Data Address
22240;0;0;0x0000;02 Illegal Data Address
22241;0;0;0x0000;02 Illegal Data Address
22242;0;0;0x0000;02 Illegal Data Address
22243;0;0;0x0000;02 Illegal Data Address
22244;0;0;0x0000;02 Illegal Data Address
22245;0;0;0x0000;02 Illegal Data Address
22246;0;0;0x0000;02 Illegal Data Address
22247;0;0;0x0000;02 Illegal Data Address
22248;0;0;0x0000;02 Illegal Data Address
22249;0;0;0x0000;02 Illegal Data Address
22250;0;0;0x0000;02 Illegal Data Address
22251;0;0;0x0000;02 Illegal Data Address
22252;0;0;0x0000;02 Illegal Data Address
22253;0;0;0x0000;02 Illegal Data Address
22254;0;0;0x0000;02 Illegal Data Address
22255;0;0;0x0000;02 Illegal Data Address
22256;0;0;0x0000;02 Illegal Data Address
22257;0;0;0x0000;02 Illegal Data Address
22258;0;0;0x0000;02 Illegal Data Address
22259;0;0;0x0000;02 Illegal Data Address
22260;0;0;0x0000;02 Illegal Data Address
22261;0;0;0x0000;02 Illegal Data Address
22262;0;0;0x0000;02 Illegal Data Address
22263;0;0;0x0000;02 Illegal Data Address
22264;0;0;0x0000;02 Illegal Data Address
22265;0;0;0x0000;02 Illegal Data Address
22266;0;0;0x0000;02 Illegal Data Address
22267;0;0;0x0000;02 Illegal Data Address
22268;0;0;0x0000;02 Illegal Data Address
22269;0;0;0x0000;02 Illegal Data Address
22270;0;0;0x0000;02 Illegal Data Address
22271;0;0;0x0000;02 Illegal Data Address
22272;0;0;0x0000;02 Illegal Data Address
22273;0;0;0x0000;02 Illegal Data Address
22274;0;0;0x0000;02 Illegal Data Address
22275;0;0;0x0000;02 Illegal Data Address
22276;0;0;0x0000;02 Illegal Data Address
22277;0;0;0x0000;02 Illegal Data Address
22278;0;0;0x0000;02 Illegal Data Address
22279;0;0;0x0000;02 Illegal Data Address
22280;0;0;0x0000;02 Illegal Data Address
22281;0;0;0x0000;02 Illegal Data Address
22282;0;0;0x0000;02 Illegal Data Address
22283;0;0;0x0000;02 Illegal Data Address
22284;0;0;0x0000;02 Illegal Data Address
22285;0;0;0x0000;02 Illegal Data Address
22286;0;0;0x0000;02 Illegal Data Address
22287;0;0;0x0000;02 Illegal Data Address
22288;0;0;0x0000;02 Illegal Data Address
22289;0;0;0x0000;02 Illegal Data Address
22290;0;0;0x0000;02 Illegal Data Address
22291;0;0;0x0000;02 Illegal Data Address
22292;0;0;0x0000;02 Illegal Data Address
22293;0;0;0x0000;02 Illegal Data Address
22294;0;0;0x0000;02 Illegal Data Address
22295;0;0;0x0000;02 Illegal Data Address
22296;0;0;0x0000;02 Illegal Data Address
22297;0;0;0x0000;02 Illegal Data Address
22298;0;0;0x0000;02 Illegal Data Address
22299;0;0;0x0000;02 Illegal Data Address
22300;0;0;0x0000;02 Illegal Data Address
22301;0;0;0x0000;02 Illegal Data Address
22302;0;0;0x0000;02 Illegal Data Address
22303;0;0;0x0000;02 Illegal Data Address
22304;0;0;0x0000;02 Illegal Data Address
22305;0;0;0x0000;02 Illegal Data Address
22306;0;0;0x0000;02 Illegal Data Address
22307;0;0;0x0000;02 Illegal Data Address
22308;0;0;0x0000;02 Illegal Data Address
22309;0;0;0x0000;02 Illegal Data Address
22310;0;0;0x0000;02 Illegal Data Address
22311;0;0;0x0000;02 Illegal Data Address
22312;0;0;0x0000;02 Illegal Data Address
22313;0;0;0x0000;02 Illegal Data Address
22314;0;0;0x0000;02 Illegal Data Address
22315;0;0;0x0000;02 Illegal Data Address
22316;0;0;0x0000;02 Illegal Data Address
22317;0;0;0x0000;02 Illegal Data Address
22318;0;0;0x0000;02 Illegal Data Address
22319;0;0;0x0000;02 Illegal Data Address
22320;0;0;0x0000;02 Illegal Data Address
22321;0;0;0x0000;02 Illegal Data Address
22322;0;0;0x0000;02 Illegal Data Address
22323;0;0;0x0000;02 Illegal Data Address
22324;0;0;0x0000;02 Illegal Data Address
22325;0;0;0x0000;02 Illegal Data Address
22326;0;0;0x0000;02 Illegal Data Address
22327;0;0;0x0000;02 Illegal Data Address
22328;0;0;0x0000;02 Illegal Data Address
22329;0;0;0x0000;02 Illegal Data Address
22330;0;0;0x0000;02 Illegal Data Address
22331;0;0;0x0000;02 Illegal Data Address
22332;0;0;0x0000;02 Illegal Data Address
22333;0;0;0x0000;02 Illegal Data Address
22334;0;0;0x0000;02 Illegal Data Address
22335;0;0;0x0000;02 Illegal Data Address
22336;0;0;0x0000;02 Illegal Data Address
22337;0;0;0x0000;02 Illegal Data Address
22338;0;0;0x0000;02 Illegal Data Address
22339;0;0;0x0000;02 Illegal Data Address
22340;0;0;0x0000;02 Illegal Data Address
22341;0;0;0x0000;02 Illegal Data Address
22342;0;0;0x0000;02 Illegal Data Address
22343;0;0;0x0000;02 Illegal Data Address
22344;0;0;0x0000;02 Illegal Data Address
22345;0;0;0x0000;02 Illegal Data Address
22346;0;0;0x0000;02 Illegal Data Address
22347;0;0;0x0000;02 Illegal Data Address
22348;0;0;0x0000;02 Illegal Data Address
22349;0;0;0x0000;02 Illegal Data Address
22350;0;0;0x0000;02 Illegal Data Address
22351;0;0;0x0000;02 Illegal Data Address
22352;0;0;0x0000;02 Illegal Data Address
22353;0;0;0x0000;02 Illegal Data Address
22354;0;0;0x0000;02 Illegal Data Address
22355;0;0;0x0000;02 Illegal Data Address
22356;0;0;0x0000;02 Illegal Data Address
22357;0;0;0x0000;02 Illegal Data Address
22358;0;0;0x0000;02 Illegal Data Address
22359;0;0;0x0000;02 Illegal Data Address
22360;0;0;0x0000;02 Illegal Data Address
22361;0;0;0x0000;02 Illegal Data Address
22362;0;0;0x0000;02 Illegal Data Address
22363;0;0;0x0000;02 Illegal Data Address
22364;0;0;0x0000;02 Illegal Data Address
22365;0;0;0x0000;02 Illegal Data Address
22366;0;0;0x0000;02 Illegal Data Address
22367;0;0;0x0000;02 Illegal Data Address
22368;0;0;0x0000;02 Illegal Data Address
22369;0;0;0x0000;02 Illegal Data Address
22370;0;0;0x0000;02 Illegal Data Address
22371;0;0;0x0000;02 Illegal Data Address
22372;0;0;0x0000;02 Illegal Data Address
22373;0;0;0x0000;02 Illegal Data Address
22374;0;0;0x0000;02 Illegal Data Address
22375;0;0;0x0000;02 Illegal Data Address
22376;0;0;0x0000;02 Illegal Data Address
22377;0;0;0x0000;02 Illegal Data Address
22378;0;0;0x0000;02 Illegal Data Address
22379;0;0;0x0000;02 Illegal Data Address
22380;0;0;0x0000;02 Illegal Data Address
22381;0;0;0x0000;02 Illegal Data Address
22382;0;0;0x0000;02 Illegal Data Address
22383;0;0;0x0000;02 Illegal Data Address
22384;0;0;0x0000;02 Illegal Data Address
22385;0;0;0x0000;02 Illegal Data Address
22386;0;0;0x0000;02 Illegal Data Address
22387;0;0;0x0000;02 Illegal Data Address
22388;0;0;0x0000;02 Illegal Data Address
22389;0;0;0x0000;02 Illegal Data Address
22390;0;0;0x0000;02 Illegal Data Address
22391;0;0;0x0000;02 Illegal Data Address
22392;0;0;0x0000;02 Illegal Data Address
22393;0;0;0x0000;02 Illegal Data Address
22394;0;0;0x0000;02 Illegal Data Address
22395;0;0;0x0000;02 Illegal Data Address
22396;0;0;0x0000;02 Illegal Data Address
22397;0;0;0x0000;02 Illegal Data Address
22398;0;0;0x0000;02 Illegal Data Address
22399;0;0;0x0000;02 Illegal Data Address
22400;0;0;0x0000;02 Illegal Data Address
22401;0;0;0x0000;02 Illegal Data Address
22402;0;0;0x0000;02 Illegal Data Address
22403;0;0;0x0000;02 Illegal Data Address
22404;0;0;0x0000;02 Illegal Data Address
22405;0;0;0x0000;02 Illegal Data Address
22406;0;0;0x0000;02 Illegal Data Address
22407;0;0;0x0000;02 Illegal Data Address
22408;0;0;0x0000;02 Illegal Data Address
22409;0;0;0x0000;02 Illegal Data Address
22410;0;0;0x0000;02 Illegal Data Address
22411;0;0;0x0000;02 Illegal Data Address
22412;0;0;0x0000;02 Illegal Data Address
22413;0;0;0x0000;02 Illegal Data Address
22414;0;0;0x0000;02 Illegal Data Address
22415;0;0;0x0000;02 Illegal Data Address
22416;0;0;0x0000;02 Illegal Data Address
22417;0;0;0x0000;02 Illegal Data Address
22418;0;0;0x0000;02 Illegal Data Address
22419;0;0;0x0000;02 Illegal Data Address
22420;0;0;0x0000;02 Illegal Data Address
22421;0;0;0x0000;02 Illegal Data Address
22422;0;0;0x0000;02 Illegal Data Address
22423;0;0;0x0000;02 Illegal Data Address
22424;0;0;0x0000;02 Illegal Data Address
22425;0;0;0x0000;02 Illegal Data Address
22426;0;0;0x0000;02 Illegal Data Address
22427;0;0;0x0000;02 Illegal Data Address
22428;0;0;0x0000;02 Illegal Data Address
22429;0;0;0x0000;02 Illegal Data Address
22430;0;0;0x0000;02 Illegal Data Address
22431;0;0;0x0000;02 Illegal Data Address
22432;0;0;0x0000;02 Illegal Data Address
22433;0;0;0x0000;02 Illegal Data Address
22434;0;0;0x0000;02 Illegal Data Address
22435;0;0;0x0000;02 Illegal Data Address
22436;0;0;0x0000;02 Illegal Data Address
22437;0;0;0x0000;02 Illegal Data Address
22438;0;0;0x0000;02 Illegal Data Address
22439;0;0;0x0000;02 Illegal Data Address
22440;0;0;0x0000;02 Illegal Data Address
22441;0;0;0x0000;02 Illegal Data Address
22442;0;0;0x0000;02 Illegal Data Address
22443;0;0;0x0000;02 Illegal Data Address
22444;0;0;0x0000;02 Illegal Data Address
22445;0;0;0x0000;02 Illegal Data Address
22446;0;0;0x0000;02 Illegal Data Address
22447;0;0;0x0000;02 Illegal Data Address
22448;0;0;0x0000;02 Illegal Data Address
22449;0;0;0x0000;02 Illegal Data Address
22450;0;0;0x0000;02 Illegal Data Address
22451;0;0;0x0000;02 Illegal Data Address
22452;0;0;0x0000;02 Illegal Data Address
22453;0;0;0x0000;02 Illegal Data Address
22454;0;0;0x0000;02 Illegal Data Address
22455;0;0;0x0000;02 Illegal Data Address
22456;0;0;0x0000;02 Illegal Data Address
22457;0;0;0x0000;02 Illegal Data Address
22458;0;0;0x0000;02 Illegal Data Address
22459;0;0;0x0000;02 Illegal Data Address
22460;0;0;0x0000;02 Illegal Data Address
22461;0;0;0x0000;02 Illegal Data Address
22462;0;0;0x0000;02 Illegal Data Address
22463;0;0;0x0000;02 Illegal Data Address
22464;0;0;0x0000;02 Illegal Data Address
22465;0;0;0x0000;02 Illegal Data Address
22466;0;0;0x0000;02 Illegal Data Address
22467;0;0;0x0000;02 Illegal Data Address
22468;0;0;0x0000;02 Illegal Data Address
22469;0;0;0x0000;02 Illegal Data Address
22470;0;0;0x0000;02 Illegal Data Address
22471;0;0;0x0000;02 Illegal Data Address
22472;0;0;0x0000;02 Illegal Data Address
22473;0;0;0x0000;02 Illegal Data Address
22474;0;0;0x0000;02 Illegal Data Address
22475;0;0;0x0000;02 Illegal Data Address
22476;0;0;0x0000;02 Illegal Data Address
22477;0;0;0x0000;02 Illegal Data Address
22478;0;0;0x0000;02 Illegal Data Address
22479;0;0;0x0000;02 Illegal Data Address
22480;0;0;0x0000;02 Illegal Data Address
22481;0;0;0x0000;02 Illegal Data Address
22482;0;0;0x0000;02 Illegal Data Address
22483;0;0;0x0000;02 Illegal Data Address
22484;0;0;0x0000;02 Illegal Data Address
22485;0;0;0x0000;02 Illegal Data Address
22486;0;0;0x0000;02 Illegal Data Address
22487;0;0;0x0000;02 Illegal Data Address
22488;0;0;0x0000;02 Illegal Data Address
22489;0;0;0x0000;02 Illegal Data Address
22490;0;0;0x0000;02 Illegal Data Address
22491;0;0;0x0000;02 Illegal Data Address
22492;0;0;0x0000;02 Illegal Data Address
22493;0;0;0x0000;02 Illegal Data Address
22494;0;0;0x0000;02 Illegal Data Address
22495;0;0;0x0000;02 Illegal Data Address
22496;0;0;0x0000;02 Illegal Data Address
22497;0;0;0x0000;02 Illegal Data Address
22498;0;0;0x0000;02 Illegal Data Address
22499;0;0;0x0000;02 Illegal Data Address
22500;0;0;0x0000;02 Illegal Data Address
22501;0;0;0x0000;02 Illegal Data Address
22502;0;0;0x0000;02 Illegal Data Address
22503;0;0;0x0000;02 Illegal Data Address
22504;0;0;0x0000;02 Illegal Data Address
22505;0;0;0x0000;02 Illegal Data Address
22506;0;0;0x0000;02 Illegal Data Address
22507;0;0;0x0000;02 Illegal Data Address
22508;0;0;0x0000;02 Illegal Data Address
22509;0;0;0x0000;02 Illegal Data Address
22510;0;0;0x0000;02 Illegal Data Address
22511;0;0;0x0000;02 Illegal Data Address
22512;0;0;0x0000;02 Illegal Data Address
22513;0;0;0x0000;02 Illegal Data Address
22514;0;0;0x0000;02 Illegal Data Address
22515;0;0;0x0000;02 Illegal Data Address
22516;0;0;0x0000;02 Illegal Data Address
22517;0;0;0x0000;02 Illegal Data Address
22518;0;0;0x0000;02 Illegal Data Address
22519;0;0;0x0000;02 Illegal Data Address
22520;0;0;0x0000;02 Illegal Data Address
22521;0;0;0x0000;02 Illegal Data Address
22522;0;0;0x0000;02 Illegal Data Address
22523;0;0;0x0000;02 Illegal Data Address
22524;0;0;0x0000;02 Illegal Data Address
22525;0;0;0x0000;02 Illegal Data Address
22526;0;0;0x0000;02 Illegal Data Address
22527;0;0;0x0000;02 Illegal Data Address
22528;0;0;0x0000;02 Illegal Data Address
22529;0;0;0x0000;02 Illegal Data Address
22530;0;0;0x0000;02 Illegal Data Address
22531;0;0;0x0000;02 Illegal Data Address
22532;0;0;0x0000;02 Illegal Data Address
22533;0;0;0x0000;02 Illegal Data Address
22534;0;0;0x0000;02 Illegal Data Address
22535;0;0;0x0000;02 Illegal Data Address
22536;0;0;0x0000;02 Illegal Data Address
22537;0;0;0x0000;02 Illegal Data Address
22538;0;0;0x0000;02 Illegal Data Address
22539;0;0;0x0000;02 Illegal Data Address
22540;0;0;0x0000;02 Illegal Data Address
22541;0;0;0x0000;02 Illegal Data Address
22542;0;0;0x0000;02 Illegal Data Address
22543;0;0;0x0000;02 Illegal Data Address
22544;0;0;0x0000;02 Illegal Data Address
22545;0;0;0x0000;02 Illegal Data Address
22546;0;0;0x0000;02 Illegal Data Address
22547;0;0;0x0000;02 Illegal Data Address
22548;0;0;0x0000;02 Illegal Data Address
22549;0;0;0x0000;02 Illegal Data Address
22550;0;0;0x0000;02 Illegal Data Address
22551;0;0;0x0000;02 Illegal Data Address
22552;0;0;0x0000;02 Illegal Data Address
22553;0;0;0x0000;02 Illegal Data Address
22554;0;0;0x0000;02 Illegal Data Address
22555;0;0;0x0000;02 Illegal Data Address
22556;0;0;0x0000;02 Illegal Data Address
22557;0;0;0x0000;02 Illegal Data Address
22558;0;0;0x0000;02 Illegal Data Address
22559;0;0;0x0000;02 Illegal Data Address
22560;0;0;0x0000;02 Illegal Data Address
22561;0;0;0x0000;02 Illegal Data Address
22562;0;0;0x0000;02 Illegal Data Address
22563;0;0;0x0000;02 Illegal Data Address
22564;0;0;0x0000;02 Illegal Data Address
22565;0;0;0x0000;02 Illegal Data Address
22566;0;0;0x0000;02 Illegal Data Address
22567;0;0;0x0000;02 Illegal Data Address
22568;0;0;0x0000;02 Illegal Data Address
22569;0;0;0x0000;02 Illegal Data Address
22570;0;0;0x0000;02 Illegal Data Address
22571;0;0;0x0000;02 Illegal Data Address
22572;0;0;0x0000;02 Illegal Data Address
22573;0;0;0x0000;02 Illegal Data Address
22574;0;0;0x0000;02 Illegal Data Address
22575;0;0;0x0000;02 Illegal Data Address
22576;0;0;0x0000;02 Illegal Data Address
22577;0;0;0x0000;02 Illegal Data Address
22578;0;0;0x0000;02 Illegal Data Address
22579;0;0;0x0000;02 Illegal Data Address
22580;0;0;0x0000;02 Illegal Data Address
22581;0;0;0x0000;02 Illegal Data Address
22582;0;0;0x0000;02 Illegal Data Address
22583;0;0;0x0000;02 Illegal Data Address
22584;0;0;0x0000;02 Illegal Data Address
22585;0;0;0x0000;02 Illegal Data Address
22586;0;0;0x0000;02 Illegal Data Address
22587;0;0;0x0000;02 Illegal Data Address
22588;0;0;0x0000;02 Illegal Data Address
22589;0;0;0x0000;02 Illegal Data Address
22590;0;0;0x0000;02 Illegal Data Address
22591;0;0;0x0000;02 Illegal Data Address
22592;0;0;0x0000;02 Illegal Data Address
22593;0;0;0x0000;02 Illegal Data Address
22594;0;0;0x0000;02 Illegal Data Address
22595;0;0;0x0000;02 Illegal Data Address
22596;0;0;0x0000;02 Illegal Data Address
22597;0;0;0x0000;02 Illegal Data Address
22598;0;0;0x0000;02 Illegal Data Address
22599;0;0;0x0000;02 Illegal Data Address
22600;0;0;0x0000;02 Illegal Data Address
22601;0;0;0x0000;02 Illegal Data Address
22602;0;0;0x0000;02 Illegal Data Address
22603;0;0;0x0000;02 Illegal Data Address
22604;0;0;0x0000;02 Illegal Data Address
22605;0;0;0x0000;02 Illegal Data Address
22606;0;0;0x0000;02 Illegal Data Address
22607;0;0;0x0000;02 Illegal Data Address
22608;0;0;0x0000;02 Illegal Data Address
22609;0;0;0x0000;02 Illegal Data Address
22610;0;0;0x0000;02 Illegal Data Address
22611;0;0;0x0000;02 Illegal Data Address
22612;0;0;0x0000;02 Illegal Data Address
22613;0;0;0x0000;02 Illegal Data Address
22614;0;0;0x0000;02 Illegal Data Address
22615;0;0;0x0000;02 Illegal Data Address
22616;0;0;0x0000;02 Illegal Data Address
22617;0;0;0x0000;02 Illegal Data Address
22618;0;0;0x0000;02 Illegal Data Address
22619;0;0;0x0000;02 Illegal Data Address
22620;0;0;0x0000;02 Illegal Data Address
22621;0;0;0x0000;02 Illegal Data Address
22622;0;0;0x0000;02 Illegal Data Address
22623;0;0;0x0000;02 Illegal Data Address
22624;0;0;0x0000;02 Illegal Data Address
22625;0;0;0x0000;02 Illegal Data Address
22626;0;0;0x0000;02 Illegal Data Address
22627;0;0;0x0000;02 Illegal Data Address
22628;0;0;0x0000;02 Illegal Data Address
22629;0;0;0x0000;02 Illegal Data Address
22630;0;0;0x0000;02 Illegal Data Address
22631;0;0;0x0000;02 Illegal Data Address
22632;0;0;0x0000;02 Illegal Data Address
22633;0;0;0x0000;02 Illegal Data Address
22634;0;0;0x0000;02 Illegal Data Address
22635;0;0;0x0000;02 Illegal Data Address
22636;0;0;0x0000;02 Illegal Data Address
22637;0;0;0x0000;02 Illegal Data Address
22638;0;0;0x0000;02 Illegal Data Address
22639;0;0;0x0000;02 Illegal Data Address
22640;0;0;0x0000;02 Illegal Data Address
22641;0;0;0x0000;02 Illegal Data Address
22642;0;0;0x0000;02 Illegal Data Address
22643;0;0;0x0000;02 Illegal Data Address
22644;0;0;0x0000;02 Illegal Data Address
22645;0;0;0x0000;02 Illegal Data Address
22646;0;0;0x0000;02 Illegal Data Address
22647;0;0;0x0000;02 Illegal Data Address
22648;0;0;0x0000;02 Illegal Data Address
22649;0;0;0x0000;02 Illegal Data Address
22650;0;0;0x0000;02 Illegal Data Address
22651;0;0;0x0000;02 Illegal Data Address
22652;0;0;0x0000;02 Illegal Data Address
22653;0;0;0x0000;02 Illegal Data Address
22654;0;0;0x0000;02 Illegal Data Address
22655;0;0;0x0000;02 Illegal Data Address
22656;0;0;0x0000;02 Illegal Data Address
22657;0;0;0x0000;02 Illegal Data Address
22658;0;0;0x0000;02 Illegal Data Address
22659;0;0;0x0000;02 Illegal Data Address
22660;0;0;0x0000;02 Illegal Data Address
22661;0;0;0x0000;02 Illegal Data Address
22662;0;0;0x0000;02 Illegal Data Address
22663;0;0;0x0000;02 Illegal Data Address
22664;0;0;0x0000;02 Illegal Data Address
22665;0;0;0x0000;02 Illegal Data Address
22666;0;0;0x0000;02 Illegal Data Address
22667;0;0;0x0000;02 Illegal Data Address
22668;0;0;0x0000;02 Illegal Data Address
22669;0;0;0x0000;02 Illegal Data Address
22670;0;0;0x0000;02 Illegal Data Address
22671;0;0;0x0000;02 Illegal Data Address
22672;0;0;0x0000;02 Illegal Data Address
22673;0;0;0x0000;02 Illegal Data Address
22674;0;0;0x0000;02 Illegal Data Address
22675;0;0;0x0000;02 Illegal Data Address
22676;0;0;0x0000;02 Illegal Data Address
22677;0;0;0x0000;02 Illegal Data Address
22678;0;0;0x0000;02 Illegal Data Address
22679;0;0;0x0000;02 Illegal Data Address
22680;0;0;0x0000;02 Illegal Data Address
22681;0;0;0x0000;02 Illegal Data Address
22682;0;0;0x0000;02 Illegal Data Address
22683;0;0;0x0000;02 Illegal Data Address
22684;0;0;0x0000;02 Illegal Data Address
22685;0;0;0x0000;02 Illegal Data Address
22686;0;0;0x0000;02 Illegal Data Address
22687;0;0;0x0000;02 Illegal Data Address
22688;0;0;0x0000;02 Illegal Data Address
22689;0;0;0x0000;02 Illegal Data Address
22690;0;0;0x0000;02 Illegal Data Address
22691;0;0;0x0000;02 Illegal Data Address
22692;0;0;0x0000;02 Illegal Data Address
22693;0;0;0x0000;02 Illegal Data Address
22694;0;0;0x0000;02 Illegal Data Address
22695;0;0;0x0000;02 Illegal Data Address
22696;0;0;0x0000;02 Illegal Data Address
22697;0;0;0x0000;02 Illegal Data Address
22698;0;0;0x0000;02 Illegal Data Address
22699;0;0;0x0000;02 Illegal Data Address
22700;0;0;0x0000;02 Illegal Data Address
22701;0;0;0x0000;02 Illegal Data Address
22702;0;0;0x0000;02 Illegal Data Address
22703;0;0;0x0000;02 Illegal Data Address
22704;0;0;0x0000;02 Illegal Data Address
22705;0;0;0x0000;02 Illegal Data Address
22706;0;0;0x0000;02 Illegal Data Address
22707;0;0;0x0000;02 Illegal Data Address
22708;0;0;0x0000;02 Illegal Data Address
22709;0;0;0x0000;02 Illegal Data Address
22710;0;0;0x0000;02 Illegal Data Address
22711;0;0;0x0000;02 Illegal Data Address
22712;0;0;0x0000;02 Illegal Data Address
22713;0;0;0x0000;02 Illegal Data Address
22714;0;0;0x0000;02 Illegal Data Address
22715;0;0;0x0000;02 Illegal Data Address
22716;0;0;0x0000;02 Illegal Data Address
22717;0;0;0x0000;02 Illegal Data Address
22718;0;0;0x0000;02 Illegal Data Address
22719;0;0;0x0000;02 Illegal Data Address
22720;0;0;0x0000;02 Illegal Data Address
22721;0;0;0x0000;02 Illegal Data Address
22722;0;0;0x0000;02 Illegal Data Address
22723;0;0;0x0000;02 Illegal Data Address
22724;0;0;0x0000;02 Illegal Data Address
22725;0;0;0x0000;02 Illegal Data Address
22726;0;0;0x0000;02 Illegal Data Address
22727;0;0;0x0000;02 Illegal Data Address
22728;0;0;0x0000;02 Illegal Data Address
22729;0;0;0x0000;02 Illegal Data Address
22730;0;0;0x0000;02 Illegal Data Address
22731;0;0;0x0000;02 Illegal Data Address
22732;0;0;0x0000;02 Illegal Data Address
22733;0;0;0x0000;02 Illegal Data Address
22734;0;0;0x0000;02 Illegal Data Address
22735;0;0;0x0000;02 Illegal Data Address
22736;0;0;0x0000;02 Illegal Data Address
22737;0;0;0x0000;02 Illegal Data Address
22738;0;0;0x0000;02 Illegal Data Address
22739;0;0;0x0000;02 Illegal Data Address
22740;0;0;0x0000;02 Illegal Data Address
22741;0;0;0x0000;02 Illegal Data Address
22742;0;0;0x0000;02 Illegal Data Address
22743;0;0;0x0000;02 Illegal Data Address
22744;0;0;0x0000;02 Illegal Data Address
22745;0;0;0x0000;02 Illegal Data Address
22746;0;0;0x0000;02 Illegal Data Address
22747;0;0;0x0000;02 Illegal Data Address
22748;0;0;0x0000;02 Illegal Data Address
22749;0;0;0x0000;02 Illegal Data Address
22750;0;0;0x0000;02 Illegal Data Address
22751;0;0;0x0000;02 Illegal Data Address
22752;0;0;0x0000;02 Illegal Data Address
22753;0;0;0x0000;02 Illegal Data Address
22754;0;0;0x0000;02 Illegal Data Address
22755;0;0;0x0000;02 Illegal Data Address
22756;0;0;0x0000;02 Illegal Data Address
22757;0;0;0x0000;02 Illegal Data Address
22758;0;0;0x0000;02 Illegal Data Address
22759;0;0;0x0000;02 Illegal Data Address
22760;0;0;0x0000;02 Illegal Data Address
22761;0;0;0x0000;02 Illegal Data Address
22762;0;0;0x0000;02 Illegal Data Address
22763;0;0;0x0000;02 Illegal Data Address
22764;0;0;0x0000;02 Illegal Data Address
22765;0;0;0x0000;02 Illegal Data Address
22766;0;0;0x0000;02 Illegal Data Address
22767;0;0;0x0000;02 Illegal Data Address
22768;0;0;0x0000;02 Illegal Data Address
22769;0;0;0x0000;02 Illegal Data Address
22770;0;0;0x0000;02 Illegal Data Address
22771;0;0;0x0000;02 Illegal Data Address
22772;0;0;0x0000;02 Illegal Data Address
22773;0;0;0x0000;02 Illegal Data Address
22774;0;0;0x0000;02 Illegal Data Address
22775;0;0;0x0000;02 Illegal Data Address
22776;0;0;0x0000;02 Illegal Data Address
22777;0;0;0x0000;02 Illegal Data Address
22778;0;0;0x0000;02 Illegal Data Address
22779;0;0;0x0000;02 Illegal Data Address
22780;0;0;0x0000;02 Illegal Data Address
22781;0;0;0x0000;02 Illegal Data Address
22782;0;0;0x0000;02 Illegal Data Address
22783;0;0;0x0000;02 Illegal Data Address
22784;0;0;0x0000;02 Illegal Data Address
22785;0;0;0x0000;02 Illegal Data Address
22786;0;0;0x0000;02 Illegal Data Address
22787;0;0;0x0000;02 Illegal Data Address
22788;0;0;0x0000;02 Illegal Data Address
22789;0;0;0x0000;02 Illegal Data Address
22790;0;0;0x0000;02 Illegal Data Address
22791;0;0;0x0000;02 Illegal Data Address
22792;0;0;0x0000;02 Illegal Data Address
22793;0;0;0x0000;02 Illegal Data Address
22794;0;0;0x0000;02 Illegal Data Address
22795;0;0;0x0000;02 Illegal Data Address
22796;0;0;0x0000;02 Illegal Data Address
22797;0;0;0x0000;02 Illegal Data Address
22798;0;0;0x0000;02 Illegal Data Address
22799;0;0;0x0000;02 Illegal Data Address
22800;0;0;0x0000;02 Illegal Data Address
22801;0;0;0x0000;02 Illegal Data Address
22802;0;0;0x0000;02 Illegal Data Address
22803;0;0;0x0000;02 Illegal Data Address
22804;0;0;0x0000;02 Illegal Data Address
22805;0;0;0x0000;02 Illegal Data Address
22806;0;0;0x0000;02 Illegal Data Address
22807;0;0;0x0000;02 Illegal Data Address
22808;0;0;0x0000;02 Illegal Data Address
22809;0;0;0x0000;02 Illegal Data Address
22810;0;0;0x0000;02 Illegal Data Address
22811;0;0;0x0000;02 Illegal Data Address
22812;0;0;0x0000;02 Illegal Data Address
22813;0;0;0x0000;02 Illegal Data Address
22814;0;0;0x0000;02 Illegal Data Address
22815;0;0;0x0000;02 Illegal Data Address
22816;0;0;0x0000;02 Illegal Data Address
22817;0;0;0x0000;02 Illegal Data Address
22818;0;0;0x0000;02 Illegal Data Address
22819;0;0;0x0000;02 Illegal Data Address
22820;0;0;0x0000;02 Illegal Data Address
22821;0;0;0x0000;02 Illegal Data Address
22822;0;0;0x0000;02 Illegal Data Address
22823;0;0;0x0000;02 Illegal Data Address
22824;0;0;0x0000;02 Illegal Data Address
22825;0;0;0x0000;02 Illegal Data Address
22826;0;0;0x0000;02 Illegal Data Address
22827;0;0;0x0000;02 Illegal Data Address
22828;0;0;0x0000;02 Illegal Data Address
22829;0;0;0x0000;02 Illegal Data Address
22830;0;0;0x0000;02 Illegal Data Address
22831;0;0;0x0000;02 Illegal Data Address
22832;0;0;0x0000;02 Illegal Data Address
22833;0;0;0x0000;02 Illegal Data Address
22834;0;0;0x0000;02 Illegal Data Address
22835;0;0;0x0000;02 Illegal Data Address
22836;0;0;0x0000;02 Illegal Data Address
22837;0;0;0x0000;02 Illegal Data Address
22838;0;0;0x0000;02 Illegal Data Address
22839;0;0;0x0000;02 Illegal Data Address
22840;0;0;0x0000;02 Illegal Data Address
22841;0;0;0x0000;02 Illegal Data Address
22842;0;0;0x0000;02 Illegal Data Address
22843;0;0;0x0000;02 Illegal Data Address
22844;0;0;0x0000;02 Illegal Data Address
22845;0;0;0x0000;02 Illegal Data Address
22846;0;0;0x0000;02 Illegal Data Address
22847;0;0;0x0000;02 Illegal Data Address
22848;0;0;0x0000;02 Illegal Data Address
22849;0;0;0x0000;02 Illegal Data Address
22850;0;0;0x0000;02 Illegal Data Address
22851;0;0;0x0000;02 Illegal Data Address
22852;0;0;0x0000;02 Illegal Data Address
22853;0;0;0x0000;02 Illegal Data Address
22854;0;0;0x0000;02 Illegal Data Address
22855;0;0;0x0000;02 Illegal Data Address
22856;0;0;0x0000;02 Illegal Data Address
22857;0;0;0x0000;02 Illegal Data Address
22858;0;0;0x0000;02 Illegal Data Address
22859;0;0;0x0000;02 Illegal Data Address
22860;0;0;0x0000;02 Illegal Data Address
22861;0;0;0x0000;02 Illegal Data Address
22862;0;0;0x0000;02 Illegal Data Address
22863;0;0;0x0000;02 Illegal Data Address
22864;0;0;0x0000;02 Illegal Data Address
22865;0;0;0x0000;02 Illegal Data Address
22866;0;0;0x0000;02 Illegal Data Address
22867;0;0;0x0000;02 Illegal Data Address
22868;0;0;0x0000;02 Illegal Data Address
22869;0;0;0x0000;02 Illegal Data Address
22870;0;0;0x0000;02 Illegal Data Address
22871;0;0;0x0000;02 Illegal Data Address
22872;0;0;0x0000;02 Illegal Data Address
22873;0;0;0x0000;02 Illegal Data Address
22874;0;0;0x0000;02 Illegal Data Address
22875;0;0;0x0000;02 Illegal Data Address
22876;0;0;0x0000;02 Illegal Data Address
22877;0;0;0x0000;02 Illegal Data Address
22878;0;0;0x0000;02 Illegal Data Address
22879;0;0;0x0000;02 Illegal Data Address
22880;0;0;0x0000;02 Illegal Data Address
22881;0;0;0x0000;02 Illegal Data Address
22882;0;0;0x0000;02 Illegal Data Address
22883;0;0;0x0000;02 Illegal Data Address
22884;0;0;0x0000;02 Illegal Data Address
22885;0;0;0x0000;02 Illegal Data Address
22886;0;0;0x0000;02 Illegal Data Address
22887;0;0;0x0000;02 Illegal Data Address
22888;0;0;0x0000;02 Illegal Data Address
22889;0;0;0x0000;02 Illegal Data Address
22890;0;0;0x0000;02 Illegal Data Address
22891;0;0;0x0000;02 Illegal Data Address
22892;0;0;0x0000;02 Illegal Data Address
22893;0;0;0x0000;02 Illegal Data Address
22894;0;0;0x0000;02 Illegal Data Address
22895;0;0;0x0000;02 Illegal Data Address
22896;0;0;0x0000;02 Illegal Data Address
22897;0;0;0x0000;02 Illegal Data Address
22898;0;0;0x0000;02 Illegal Data Address
22899;0;0;0x0000;02 Illegal Data Address
22900;0;0;0x0000;02 Illegal Data Address
22901;0;0;0x0000;02 Illegal Data Address
22902;0;0;0x0000;02 Illegal Data Address
22903;0;0;0x0000;02 Illegal Data Address
22904;0;0;0x0000;02 Illegal Data Address
22905;0;0;0x0000;02 Illegal Data Address
22906;0;0;0x0000;02 Illegal Data Address
22907;0;0;0x0000;02 Illegal Data Address
22908;0;0;0x0000;02 Illegal Data Address
22909;0;0;0x0000;02 Illegal Data Address
22910;0;0;0x0000;02 Illegal Data Address
22911;0;0;0x0000;02 Illegal Data Address
22912;0;0;0x0000;02 Illegal Data Address
22913;0;0;0x0000;02 Illegal Data Address
22914;0;0;0x0000;02 Illegal Data Address
22915;0;0;0x0000;02 Illegal Data Address
22916;0;0;0x0000;02 Illegal Data Address
22917;0;0;0x0000;02 Illegal Data Address
22918;0;0;0x0000;02 Illegal Data Address
22919;0;0;0x0000;02 Illegal Data Address
22920;0;0;0x0000;02 Illegal Data Address
22921;0;0;0x0000;02 Illegal Data Address
22922;0;0;0x0000;02 Illegal Data Address
22923;0;0;0x0000;02 Illegal Data Address
22924;0;0;0x0000;02 Illegal Data Address
22925;0;0;0x0000;02 Illegal Data Address
22926;0;0;0x0000;02 Illegal Data Address
22927;0;0;0x0000;02 Illegal Data Address
22928;0;0;0x0000;02 Illegal Data Address
22929;0;0;0x0000;02 Illegal Data Address
22930;0;0;0x0000;02 Illegal Data Address
22931;0;0;0x0000;02 Illegal Data Address
22932;0;0;0x0000;02 Illegal Data Address
22933;0;0;0x0000;02 Illegal Data Address
22934;0;0;0x0000;02 Illegal Data Address
22935;0;0;0x0000;02 Illegal Data Address
22936;0;0;0x0000;02 Illegal Data Address
22937;0;0;0x0000;02 Illegal Data Address
22938;0;0;0x0000;02 Illegal Data Address
22939;0;0;0x0000;02 Illegal Data Address
22940;0;0;0x0000;02 Illegal Data Address
22941;0;0;0x0000;02 Illegal Data Address
22942;0;0;0x0000;02 Illegal Data Address
22943;0;0;0x0000;02 Illegal Data Address
22944;0;0;0x0000;02 Illegal Data Address
22945;0;0;0x0000;02 Illegal Data Address
22946;0;0;0x0000;02 Illegal Data Address
22947;0;0;0x0000;02 Illegal Data Address
22948;0;0;0x0000;02 Illegal Data Address
22949;0;0;0x0000;02 Illegal Data Address
22950;0;0;0x0000;02 Illegal Data Address
22951;0;0;0x0000;02 Illegal Data Address
22952;0;0;0x0000;02 Illegal Data Address
22953;0;0;0x0000;02 Illegal Data Address
22954;0;0;0x0000;02 Illegal Data Address
22955;0;0;0x0000;02 Illegal Data Address
22956;0;0;0x0000;02 Illegal Data Address
22957;0;0;0x0000;02 Illegal Data Address
22958;0;0;0x0000;02 Illegal Data Address
22959;0;0;0x0000;02 Illegal Data Address
22960;0;0;0x0000;02 Illegal Data Address
22961;0;0;0x0000;02 Illegal Data Address
22962;0;0;0x0000;02 Illegal Data Address
22963;0;0;0x0000;02 Illegal Data Address
22964;0;0;0x0000;02 Illegal Data Address
22965;0;0;0x0000;02 Illegal Data Address
22966;0;0;0x0000;02 Illegal Data Address
22967;0;0;0x0000;02 Illegal Data Address
22968;0;0;0x0000;02 Illegal Data Address
22969;0;0;0x0000;02 Illegal Data Address
22970;0;0;0x0000;02 Illegal Data Address
22971;0;0;0x0000;02 Illegal Data Address
22972;0;0;0x0000;02 Illegal Data Address
22973;0;0;0x0000;02 Illegal Data Address
22974;0;0;0x0000;02 Illegal Data Address
22975;0;0;0x0000;02 Illegal Data Address
22976;0;0;0x0000;02 Illegal Data Address
22977;0;0;0x0000;02 Illegal Data Address
22978;0;0;0x0000;02 Illegal Data Address
22979;0;0;0x0000;02 Illegal Data Address
22980;0;0;0x0000;02 Illegal Data Address
22981;0;0;0x0000;02 Illegal Data Address
22982;0;0;0x0000;02 Illegal Data Address
22983;0;0;0x0000;02 Illegal Data Address
22984;0;0;0x0000;02 Illegal Data Address
22985;0;0;0x0000;02 Illegal Data Address
22986;0;0;0x0000;02 Illegal Data Address
22987;0;0;0x0000;02 Illegal Data Address
22988;0;0;0x0000;02 Illegal Data Address
22989;0;0;0x0000;02 Illegal Data Address
22990;0;0;0x0000;02 Illegal Data Address
22991;0;0;0x0000;02 Illegal Data Address
22992;0;0;0x0000;02 Illegal Data Address
22993;0;0;0x0000;02 Illegal Data Address
22994;0;0;0x0000;02 Illegal Data Address
22995;0;0;0x0000;02 Illegal Data Address
22996;0;0;0x0000;02 Illegal Data Address
22997;0;0;0x0000;02 Illegal Data Address
22998;0;0;0x0000;02 Illegal Data Address
22999;0;0;0x0000;02 Illegal Data Address
23000;0;0;0x0000;02 Illegal Data Address
23001;0;0;0x0000;02 Illegal Data Address
23002;0;0;0x0000;02 Illegal Data Address
23003;0;0;0x0000;02 Illegal Data Address
23004;0;0;0x0000;02 Illegal Data Address
23005;0;0;0x0000;02 Illegal Data Address
23006;0;0;0x0000;02 Illegal Data Address
23007;0;0;0x0000;02 Illegal Data Address
23008;0;0;0x0000;02 Illegal Data Address
23009;0;0;0x0000;02 Illegal Data Address
23010;0;0;0x0000;02 Illegal Data Address
23011;0;0;0x0000;02 Illegal Data Address
23012;0;0;0x0000;02 Illegal Data Address
23013;0;0;0x0000;02 Illegal Data Address
23014;0;0;0x0000;02 Illegal Data Address
23015;0;0;0x0000;02 Illegal Data Address
23016;0;0;0x0000;02 Illegal Data Address
23017;0;0;0x0000;02 Illegal Data Address
23018;0;0;0x0000;02 Illegal Data Address
23019;0;0;0x0000;02 Illegal Data Address
23020;0;0;0x0000;02 Illegal Data Address
23021;0;0;0x0000;02 Illegal Data Address
23022;0;0;0x0000;02 Illegal Data Address
23023;0;0;0x0000;02 Illegal Data Address
23024;0;0;0x0000;02 Illegal Data Address
23025;0;0;0x0000;02 Illegal Data Address
23026;0;0;0x0000;02 Illegal Data Address
23027;0;0;0x0000;02 Illegal Data Address
23028;0;0;0x0000;02 Illegal Data Address
23029;0;0;0x0000;02 Illegal Data Address
23030;0;0;0x0000;02 Illegal Data Address
23031;0;0;0x0000;02 Illegal Data Address
23032;0;0;0x0000;02 Illegal Data Address
23033;0;0;0x0000;02 Illegal Data Address
23034;0;0;0x0000;02 Illegal Data Address
23035;0;0;0x0000;02 Illegal Data Address
23036;0;0;0x0000;02 Illegal Data Address
23037;0;0;0x0000;02 Illegal Data Address
23038;0;0;0x0000;02 Illegal Data Address
23039;0;0;0x0000;02 Illegal Data Address
23040;0;0;0x0000;02 Illegal Data Address
23041;0;0;0x0000;02 Illegal Data Address
23042;0;0;0x0000;02 Illegal Data Address
23043;0;0;0x0000;02 Illegal Data Address
23044;0;0;0x0000;02 Illegal Data Address
23045;0;0;0x0000;02 Illegal Data Address
23046;0;0;0x0000;02 Illegal Data Address
23047;0;0;0x0000;02 Illegal Data Address
23048;0;0;0x0000;02 Illegal Data Address
23049;0;0;0x0000;02 Illegal Data Address
23050;0;0;0x0000;02 Illegal Data Address
23051;0;0;0x0000;02 Illegal Data Address
23052;0;0;0x0000;02 Illegal Data Address
23053;0;0;0x0000;02 Illegal Data Address
23054;0;0;0x0000;02 Illegal Data Address
23055;0;0;0x0000;02 Illegal Data Address
23056;0;0;0x0000;02 Illegal Data Address
23057;0;0;0x0000;02 Illegal Data Address
23058;0;0;0x0000;02 Illegal Data Address
23059;0;0;0x0000;02 Illegal Data Address
23060;0;0;0x0000;02 Illegal Data Address
23061;0;0;0x0000;02 Illegal Data Address
23062;0;0;0x0000;02 Illegal Data Address
23063;0;0;0x0000;02 Illegal Data Address
23064;0;0;0x0000;02 Illegal Data Address
23065;0;0;0x0000;02 Illegal Data Address
23066;0;0;0x0000;02 Illegal Data Address
23067;0;0;0x0000;02 Illegal Data Address
23068;0;0;0x0000;02 Illegal Data Address
23069;0;0;0x0000;02 Illegal Data Address
23070;0;0;0x0000;02 Illegal Data Address
23071;0;0;0x0000;02 Illegal Data Address
23072;0;0;0x0000;02 Illegal Data Address
23073;0;0;0x0000;02 Illegal Data Address
23074;0;0;0x0000;02 Illegal Data Address
23075;0;0;0x0000;02 Illegal Data Address
23076;0;0;0x0000;02 Illegal Data Address
23077;0;0;0x0000;02 Illegal Data Address
23078;0;0;0x0000;02 Illegal Data Address
23079;0;0;0x0000;02 Illegal Data Address
23080;0;0;0x0000;02 Illegal Data Address
23081;0;0;0x0000;02 Illegal Data Address
23082;0;0;0x0000;02 Illegal Data Address
23083;0;0;0x0000;02 Illegal Data Address
23084;0;0;0x0000;02 Illegal Data Address
23085;0;0;0x0000;02 Illegal Data Address
23086;0;0;0x0000;02 Illegal Data Address
23087;0;0;0x0000;02 Illegal Data Address
23088;0;0;0x0000;02 Illegal Data Address
23089;0;0;0x0000;02 Illegal Data Address
23090;0;0;0x0000;02 Illegal Data Address
23091;0;0;0x0000;02 Illegal Data Address
23092;0;0;0x0000;02 Illegal Data Address
23093;0;0;0x0000;02 Illegal Data Address
23094;0;0;0x0000;02 Illegal Data Address
23095;0;0;0x0000;02 Illegal Data Address
23096;0;0;0x0000;02 Illegal Data Address
23097;0;0;0x0000;02 Illegal Data Address
23098;0;0;0x0000;02 Illegal Data Address
23099;0;0;0x0000;02 Illegal Data Address
23100;0;0;0x0000;02 Illegal Data Address
23101;0;0;0x0000;02 Illegal Data Address
23102;0;0;0x0000;02 Illegal Data Address
23103;0;0;0x0000;02 Illegal Data Address
23104;0;0;0x0000;02 Illegal Data Address
23105;0;0;0x0000;02 Illegal Data Address
23106;0;0;0x0000;02 Illegal Data Address
23107;0;0;0x0000;02 Illegal Data Address
23108;0;0;0x0000;02 Illegal Data Address
23109;0;0;0x0000;02 Illegal Data Address
23110;0;0;0x0000;02 Illegal Data Address
23111;0;0;0x0000;02 Illegal Data Address
23112;0;0;0x0000;02 Illegal Data Address
23113;0;0;0x0000;02 Illegal Data Address
23114;0;0;0x0000;02 Illegal Data Address
23115;0;0;0x0000;02 Illegal Data Address
23116;0;0;0x0000;02 Illegal Data Address
23117;0;0;0x0000;02 Illegal Data Address
23118;0;0;0x0000;02 Illegal Data Address
23119;0;0;0x0000;02 Illegal Data Address
23120;0;0;0x0000;02 Illegal Data Address
23121;0;0;0x0000;02 Illegal Data Address
23122;0;0;0x0000;02 Illegal Data Address
23123;0;0;0x0000;02 Illegal Data Address
23124;0;0;0x0000;02 Illegal Data Address
23125;0;0;0x0000;02 Illegal Data Address
23126;0;0;0x0000;02 Illegal Data Address
23127;0;0;0x0000;02 Illegal Data Address
23128;0;0;0x0000;02 Illegal Data Address
23129;0;0;0x0000;02 Illegal Data Address
23130;0;0;0x0000;02 Illegal Data Address
23131;0;0;0x0000;02 Illegal Data Address
23132;0;0;0x0000;02 Illegal Data Address
23133;0;0;0x0000;02 Illegal Data Address
23134;0;0;0x0000;02 Illegal Data Address
23135;0;0;0x0000;02 Illegal Data Address
23136;0;0;0x0000;02 Illegal Data Address
23137;0;0;0x0000;02 Illegal Data Address
23138;0;0;0x0000;02 Illegal Data Address
23139;0;0;0x0000;02 Illegal Data Address
23140;0;0;0x0000;02 Illegal Data Address
23141;0;0;0x0000;02 Illegal Data Address
23142;0;0;0x0000;02 Illegal Data Address
23143;0;0;0x0000;02 Illegal Data Address
23144;0;0;0x0000;02 Illegal Data Address
23145;0;0;0x0000;02 Illegal Data Address
23146;0;0;0x0000;02 Illegal Data Address
23147;0;0;0x0000;02 Illegal Data Address
23148;0;0;0x0000;02 Illegal Data Address
23149;0;0;0x0000;02 Illegal Data Address
23150;0;0;0x0000;02 Illegal Data Address
23151;0;0;0x0000;02 Illegal Data Address
23152;0;0;0x0000;02 Illegal Data Address
23153;0;0;0x0000;02 Illegal Data Address
23154;0;0;0x0000;02 Illegal Data Address
23155;0;0;0x0000;02 Illegal Data Address
23156;0;0;0x0000;02 Illegal Data Address
23157;0;0;0x0000;02 Illegal Data Address
23158;0;0;0x0000;02 Illegal Data Address
23159;0;0;0x0000;02 Illegal Data Address
23160;0;0;0x0000;02 Illegal Data Address
23161;0;0;0x0000;02 Illegal Data Address
23162;0;0;0x0000;02 Illegal Data Address
23163;0;0;0x0000;02 Illegal Data Address
23164;0;0;0x0000;02 Illegal Data Address
23165;0;0;0x0000;02 Illegal Data Address
23166;0;0;0x0000;02 Illegal Data Address
23167;0;0;0x0000;02 Illegal Data Address
23168;0;0;0x0000;02 Illegal Data Address
23169;0;0;0x0000;02 Illegal Data Address
23170;0;0;0x0000;02 Illegal Data Address
23171;0;0;0x0000;02 Illegal Data Address
23172;0;0;0x0000;02 Illegal Data Address
23173;0;0;0x0000;02 Illegal Data Address
23174;0;0;0x0000;02 Illegal Data Address
23175;0;0;0x0000;02 Illegal Data Address
23176;0;0;0x0000;02 Illegal Data Address
23177;0;0;0x0000;02 Illegal Data Address
23178;0;0;0x0000;02 Illegal Data Address
23179;0;0;0x0000;02 Illegal Data Address
23180;0;0;0x0000;02 Illegal Data Address
23181;0;0;0x0000;02 Illegal Data Address
23182;0;0;0x0000;02 Illegal Data Address
23183;0;0;0x0000;02 Illegal Data Address
23184;0;0;0x0000;02 Illegal Data Address
23185;0;0;0x0000;02 Illegal Data Address
23186;0;0;0x0000;02 Illegal Data Address
23187;0;0;0x0000;02 Illegal Data Address
23188;0;0;0x0000;02 Illegal Data Address
23189;0;0;0x0000;02 Illegal Data Address
23190;0;0;0x0000;02 Illegal Data Address
23191;0;0;0x0000;02 Illegal Data Address
23192;0;0;0x0000;02 Illegal Data Address
23193;0;0;0x0000;02 Illegal Data Address
23194;0;0;0x0000;02 Illegal Data Address
23195;0;0;0x0000;02 Illegal Data Address
23196;0;0;0x0000;02 Illegal Data Address
23197;0;0;0x0000;02 Illegal Data Address
23198;0;0;0x0000;02 Illegal Data Address
23199;0;0;0x0000;02 Illegal Data Address
23200;0;0;0x0000;02 Illegal Data Address
23201;0;0;0x0000;02 Illegal Data Address
23202;0;0;0x0000;02 Illegal Data Address
23203;0;0;0x0000;02 Illegal Data Address
23204;0;0;0x0000;02 Illegal Data Address
23205;0;0;0x0000;02 Illegal Data Address
23206;0;0;0x0000;02 Illegal Data Address
23207;0;0;0x0000;02 Illegal Data Address
23208;0;0;0x0000;02 Illegal Data Address
23209;0;0;0x0000;02 Illegal Data Address
23210;0;0;0x0000;02 Illegal Data Address
23211;0;0;0x0000;02 Illegal Data Address
23212;0;0;0x0000;02 Illegal Data Address
23213;0;0;0x0000;02 Illegal Data Address
23214;0;0;0x0000;02 Illegal Data Address
23215;0;0;0x0000;02 Illegal Data Address
23216;0;0;0x0000;02 Illegal Data Address
23217;0;0;0x0000;02 Illegal Data Address
23218;0;0;0x0000;02 Illegal Data Address
23219;0;0;0x0000;02 Illegal Data Address
23220;0;0;0x0000;02 Illegal Data Address
23221;0;0;0x0000;02 Illegal Data Address
23222;0;0;0x0000;02 Illegal Data Address
23223;0;0;0x0000;02 Illegal Data Address
23224;0;0;0x0000;02 Illegal Data Address
23225;0;0;0x0000;02 Illegal Data Address
23226;0;0;0x0000;02 Illegal Data Address
23227;0;0;0x0000;02 Illegal Data Address
23228;0;0;0x0000;02 Illegal Data Address
23229;0;0;0x0000;02 Illegal Data Address
23230;0;0;0x0000;02 Illegal Data Address
23231;0;0;0x0000;02 Illegal Data Address
23232;0;0;0x0000;02 Illegal Data Address
23233;0;0;0x0000;02 Illegal Data Address
23234;0;0;0x0000;02 Illegal Data Address
23235;0;0;0x0000;02 Illegal Data Address
23236;0;0;0x0000;02 Illegal Data Address
23237;0;0;0x0000;02 Illegal Data Address
23238;0;0;0x0000;02 Illegal Data Address
23239;0;0;0x0000;02 Illegal Data Address
23240;0;0;0x0000;02 Illegal Data Address
23241;0;0;0x0000;02 Illegal Data Address
23242;0;0;0x0000;02 Illegal Data Address
23243;0;0;0x0000;02 Illegal Data Address
23244;0;0;0x0000;02 Illegal Data Address
23245;0;0;0x0000;02 Illegal Data Address
23246;0;0;0x0000;02 Illegal Data Address
23247;0;0;0x0000;02 Illegal Data Address
23248;0;0;0x0000;02 Illegal Data Address
23249;0;0;0x0000;02 Illegal Data Address
23250;0;0;0x0000;02 Illegal Data Address
23251;0;0;0x0000;02 Illegal Data Address
23252;0;0;0x0000;02 Illegal Data Address
23253;0;0;0x0000;02 Illegal Data Address
23254;0;0;0x0000;02 Illegal Data Address
23255;0;0;0x0000;02 Illegal Data Address
23256;0;0;0x0000;02 Illegal Data Address
23257;0;0;0x0000;02 Illegal Data Address
23258;0;0;0x0000;02 Illegal Data Address
23259;0;0;0x0000;02 Illegal Data Address
23260;0;0;0x0000;02 Illegal Data Address
23261;0;0;0x0000;02 Illegal Data Address
23262;0;0;0x0000;02 Illegal Data Address
23263;0;0;0x0000;02 Illegal Data Address
23264;0;0;0x0000;02 Illegal Data Address
23265;0;0;0x0000;02 Illegal Data Address
23266;0;0;0x0000;02 Illegal Data Address
23267;0;0;0x0000;02 Illegal Data Address
23268;0;0;0x0000;02 Illegal Data Address
23269;0;0;0x0000;02 Illegal Data Address
23270;0;0;0x0000;02 Illegal Data Address
23271;0;0;0x0000;02 Illegal Data Address
23272;0;0;0x0000;02 Illegal Data Address
23273;0;0;0x0000;02 Illegal Data Address
23274;0;0;0x0000;02 Illegal Data Address
23275;0;0;0x0000;02 Illegal Data Address
23276;0;0;0x0000;02 Illegal Data Address
23277;0;0;0x0000;02 Illegal Data Address
23278;0;0;0x0000;02 Illegal Data Address
23279;0;0;0x0000;02 Illegal Data Address
23280;0;0;0x0000;02 Illegal Data Address
23281;0;0;0x0000;02 Illegal Data Address
23282;0;0;0x0000;02 Illegal Data Address
23283;0;0;0x0000;02 Illegal Data Address
23284;0;0;0x0000;02 Illegal Data Address
23285;0;0;0x0000;02 Illegal Data Address
23286;0;0;0x0000;02 Illegal Data Address
23287;0;0;0x0000;02 Illegal Data Address
23288;0;0;0x0000;02 Illegal Data Address
23289;0;0;0x0000;02 Illegal Data Address
23290;0;0;0x0000;02 Illegal Data Address
23291;0;0;0x0000;02 Illegal Data Address
23292;0;0;0x0000;02 Illegal Data Address
23293;0;0;0x0000;02 Illegal Data Address
23294;0;0;0x0000;02 Illegal Data Address
23295;0;0;0x0000;02 Illegal Data Address
23296;0;0;0x0000;02 Illegal Data Address
23297;0;0;0x0000;02 Illegal Data Address
23298;0;0;0x0000;02 Illegal Data Address
23299;0;0;0x0000;02 Illegal Data Address
23300;0;0;0x0000;02 Illegal Data Address
23301;0;0;0x0000;02 Illegal Data Address
23302;0;0;0x0000;02 Illegal Data Address
23303;0;0;0x0000;02 Illegal Data Address
23304;0;0;0x0000;02 Illegal Data Address
23305;0;0;0x0000;02 Illegal Data Address
23306;0;0;0x0000;02 Illegal Data Address
23307;0;0;0x0000;02 Illegal Data Address
23308;0;0;0x0000;02 Illegal Data Address
23309;0;0;0x0000;02 Illegal Data Address
23310;0;0;0x0000;02 Illegal Data Address
23311;0;0;0x0000;02 Illegal Data Address
23312;0;0;0x0000;02 Illegal Data Address
23313;0;0;0x0000;02 Illegal Data Address
23314;0;0;0x0000;02 Illegal Data Address
23315;0;0;0x0000;02 Illegal Data Address
23316;0;0;0x0000;02 Illegal Data Address
23317;0;0;0x0000;02 Illegal Data Address
23318;0;0;0x0000;02 Illegal Data Address
23319;0;0;0x0000;02 Illegal Data Address
23320;0;0;0x0000;02 Illegal Data Address
23321;0;0;0x0000;02 Illegal Data Address
23322;0;0;0x0000;02 Illegal Data Address
23323;0;0;0x0000;02 Illegal Data Address
23324;0;0;0x0000;02 Illegal Data Address
23325;0;0;0x0000;02 Illegal Data Address
23326;0;0;0x0000;02 Illegal Data Address
23327;0;0;0x0000;02 Illegal Data Address
23328;0;0;0x0000;02 Illegal Data Address
23329;0;0;0x0000;02 Illegal Data Address
23330;0;0;0x0000;02 Illegal Data Address
23331;0;0;0x0000;02 Illegal Data Address
23332;0;0;0x0000;02 Illegal Data Address
23333;0;0;0x0000;02 Illegal Data Address
23334;0;0;0x0000;02 Illegal Data Address
23335;0;0;0x0000;02 Illegal Data Address
23336;0;0;0x0000;02 Illegal Data Address
23337;0;0;0x0000;02 Illegal Data Address
23338;0;0;0x0000;02 Illegal Data Address
23339;0;0;0x0000;02 Illegal Data Address
23340;0;0;0x0000;02 Illegal Data Address
23341;0;0;0x0000;02 Illegal Data Address
23342;0;0;0x0000;02 Illegal Data Address
23343;0;0;0x0000;02 Illegal Data Address
23344;0;0;0x0000;02 Illegal Data Address
23345;0;0;0x0000;02 Illegal Data Address
23346;0;0;0x0000;02 Illegal Data Address
23347;0;0;0x0000;02 Illegal Data Address
23348;0;0;0x0000;02 Illegal Data Address
23349;0;0;0x0000;02 Illegal Data Address
23350;0;0;0x0000;02 Illegal Data Address
23351;0;0;0x0000;02 Illegal Data Address
23352;0;0;0x0000;02 Illegal Data Address
23353;0;0;0x0000;02 Illegal Data Address
23354;0;0;0x0000;02 Illegal Data Address
23355;0;0;0x0000;02 Illegal Data Address
23356;0;0;0x0000;02 Illegal Data Address
23357;0;0;0x0000;02 Illegal Data Address
23358;0;0;0x0000;02 Illegal Data Address
23359;0;0;0x0000;02 Illegal Data Address
23360;0;0;0x0000;02 Illegal Data Address
23361;0;0;0x0000;02 Illegal Data Address
23362;0;0;0x0000;02 Illegal Data Address
23363;0;0;0x0000;02 Illegal Data Address
23364;0;0;0x0000;02 Illegal Data Address
23365;0;0;0x0000;02 Illegal Data Address
23366;0;0;0x0000;02 Illegal Data Address
23367;0;0;0x0000;02 Illegal Data Address
23368;0;0;0x0000;02 Illegal Data Address
23369;0;0;0x0000;02 Illegal Data Address
23370;0;0;0x0000;02 Illegal Data Address
23371;0;0;0x0000;02 Illegal Data Address
23372;0;0;0x0000;02 Illegal Data Address
23373;0;0;0x0000;02 Illegal Data Address
23374;0;0;0x0000;02 Illegal Data Address
23375;0;0;0x0000;02 Illegal Data Address
23376;0;0;0x0000;02 Illegal Data Address
23377;0;0;0x0000;02 Illegal Data Address
23378;0;0;0x0000;02 Illegal Data Address
23379;0;0;0x0000;02 Illegal Data Address
23380;0;0;0x0000;02 Illegal Data Address
23381;0;0;0x0000;02 Illegal Data Address
23382;0;0;0x0000;02 Illegal Data Address
23383;0;0;0x0000;02 Illegal Data Address
23384;0;0;0x0000;02 Illegal Data Address
23385;0;0;0x0000;02 Illegal Data Address
23386;0;0;0x0000;02 Illegal Data Address
23387;0;0;0x0000;02 Illegal Data Address
23388;0;0;0x0000;02 Illegal Data Address
23389;0;0;0x0000;02 Illegal Data Address
23390;0;0;0x0000;02 Illegal Data Address
23391;0;0;0x0000;02 Illegal Data Address
23392;0;0;0x0000;02 Illegal Data Address
23393;0;0;0x0000;02 Illegal Data Address
23394;0;0;0x0000;02 Illegal Data Address
23395;0;0;0x0000;02 Illegal Data Address
23396;0;0;0x0000;02 Illegal Data Address
23397;0;0;0x0000;02 Illegal Data Address
23398;0;0;0x0000;02 Illegal Data Address
23399;0;0;0x0000;02 Illegal Data Address
23400;0;0;0x0000;02 Illegal Data Address
23401;0;0;0x0000;02 Illegal Data Address
23402;0;0;0x0000;02 Illegal Data Address
23403;0;0;0x0000;02 Illegal Data Address
23404;0;0;0x0000;02 Illegal Data Address
23405;0;0;0x0000;02 Illegal Data Address
23406;0;0;0x0000;02 Illegal Data Address
23407;0;0;0x0000;02 Illegal Data Address
23408;0;0;0x0000;02 Illegal Data Address
23409;0;0;0x0000;02 Illegal Data Address
23410;0;0;0x0000;02 Illegal Data Address
23411;0;0;0x0000;02 Illegal Data Address
23412;0;0;0x0000;02 Illegal Data Address
23413;0;0;0x0000;02 Illegal Data Address
23414;0;0;0x0000;02 Illegal Data Address
23415;0;0;0x0000;02 Illegal Data Address
23416;0;0;0x0000;02 Illegal Data Address
23417;0;0;0x0000;02 Illegal Data Address
23418;0;0;0x0000;02 Illegal Data Address
23419;0;0;0x0000;02 Illegal Data Address
23420;0;0;0x0000;02 Illegal Data Address
23421;0;0;0x0000;02 Illegal Data Address
23422;0;0;0x0000;02 Illegal Data Address
23423;0;0;0x0000;02 Illegal Data Address
23424;0;0;0x0000;02 Illegal Data Address
23425;0;0;0x0000;02 Illegal Data Address
23426;0;0;0x0000;02 Illegal Data Address
23427;0;0;0x0000;02 Illegal Data Address
23428;0;0;0x0000;02 Illegal Data Address
23429;0;0;0x0000;02 Illegal Data Address
23430;0;0;0x0000;02 Illegal Data Address
23431;0;0;0x0000;02 Illegal Data Address
23432;0;0;0x0000;02 Illegal Data Address
23433;0;0;0x0000;02 Illegal Data Address
23434;0;0;0x0000;02 Illegal Data Address
23435;0;0;0x0000;02 Illegal Data Address
23436;0;0;0x0000;02 Illegal Data Address
23437;0;0;0x0000;02 Illegal Data Address
23438;0;0;0x0000;02 Illegal Data Address
23439;0;0;0x0000;02 Illegal Data Address
23440;0;0;0x0000;02 Illegal Data Address
23441;0;0;0x0000;02 Illegal Data Address
23442;0;0;0x0000;02 Illegal Data Address
23443;0;0;0x0000;02 Illegal Data Address
23444;0;0;0x0000;02 Illegal Data Address
23445;0;0;0x0000;02 Illegal Data Address
23446;0;0;0x0000;02 Illegal Data Address
23447;0;0;0x0000;02 Illegal Data Address
23448;0;0;0x0000;02 Illegal Data Address
23449;0;0;0x0000;02 Illegal Data Address
23450;0;0;0x0000;02 Illegal Data Address
23451;0;0;0x0000;02 Illegal Data Address
23452;0;0;0x0000;02 Illegal Data Address
23453;0;0;0x0000;02 Illegal Data Address
23454;0;0;0x0000;02 Illegal Data Address
23455;0;0;0x0000;02 Illegal Data Address
23456;0;0;0x0000;02 Illegal Data Address
23457;0;0;0x0000;02 Illegal Data Address
23458;0;0;0x0000;02 Illegal Data Address
23459;0;0;0x0000;02 Illegal Data Address
23460;0;0;0x0000;02 Illegal Data Address
23461;0;0;0x0000;02 Illegal Data Address
23462;0;0;0x0000;02 Illegal Data Address
23463;0;0;0x0000;02 Illegal Data Address
23464;0;0;0x0000;02 Illegal Data Address
23465;0;0;0x0000;02 Illegal Data Address
23466;0;0;0x0000;02 Illegal Data Address
23467;0;0;0x0000;02 Illegal Data Address
23468;0;0;0x0000;02 Illegal Data Address
23469;0;0;0x0000;02 Illegal Data Address
23470;0;0;0x0000;02 Illegal Data Address
23471;0;0;0x0000;02 Illegal Data Address
23472;0;0;0x0000;02 Illegal Data Address
23473;0;0;0x0000;02 Illegal Data Address
23474;0;0;0x0000;02 Illegal Data Address
23475;0;0;0x0000;02 Illegal Data Address
23476;0;0;0x0000;02 Illegal Data Address
23477;0;0;0x0000;02 Illegal Data Address
23478;0;0;0x0000;02 Illegal Data Address
23479;0;0;0x0000;02 Illegal Data Address
23480;0;0;0x0000;02 Illegal Data Address
23481;0;0;0x0000;02 Illegal Data Address
23482;0;0;0x0000;02 Illegal Data Address
23483;0;0;0x0000;02 Illegal Data Address
23484;0;0;0x0000;02 Illegal Data Address
23485;0;0;0x0000;02 Illegal Data Address
23486;0;0;0x0000;02 Illegal Data Address
23487;0;0;0x0000;02 Illegal Data Address
23488;0;0;0x0000;02 Illegal Data Address
23489;0;0;0x0000;02 Illegal Data Address
23490;0;0;0x0000;02 Illegal Data Address
23491;0;0;0x0000;02 Illegal Data Address
23492;0;0;0x0000;02 Illegal Data Address
23493;0;0;0x0000;02 Illegal Data Address
23494;0;0;0x0000;02 Illegal Data Address
23495;0;0;0x0000;02 Illegal Data Address
23496;0;0;0x0000;02 Illegal Data Address
23497;0;0;0x0000;02 Illegal Data Address
23498;0;0;0x0000;02 Illegal Data Address
23499;0;0;0x0000;02 Illegal Data Address
23500;0;0;0x0000;02 Illegal Data Address
23501;0;0;0x0000;02 Illegal Data Address
23502;0;0;0x0000;02 Illegal Data Address
23503;0;0;0x0000;02 Illegal Data Address
23504;0;0;0x0000;02 Illegal Data Address
23505;0;0;0x0000;02 Illegal Data Address
23506;0;0;0x0000;02 Illegal Data Address
23507;0;0;0x0000;02 Illegal Data Address
23508;0;0;0x0000;02 Illegal Data Address
23509;0;0;0x0000;02 Illegal Data Address
23510;0;0;0x0000;02 Illegal Data Address
23511;0;0;0x0000;02 Illegal Data Address
23512;0;0;0x0000;02 Illegal Data Address
23513;0;0;0x0000;02 Illegal Data Address
23514;0;0;0x0000;02 Illegal Data Address
23515;0;0;0x0000;02 Illegal Data Address
23516;0;0;0x0000;02 Illegal Data Address
23517;0;0;0x0000;02 Illegal Data Address
23518;0;0;0x0000;02 Illegal Data Address
23519;0;0;0x0000;02 Illegal Data Address
23520;0;0;0x0000;02 Illegal Data Address
23521;0;0;0x0000;02 Illegal Data Address
23522;0;0;0x0000;02 Illegal Data Address
23523;0;0;0x0000;02 Illegal Data Address
23524;0;0;0x0000;02 Illegal Data Address
23525;0;0;0x0000;02 Illegal Data Address
23526;0;0;0x0000;02 Illegal Data Address
23527;0;0;0x0000;02 Illegal Data Address
23528;0;0;0x0000;02 Illegal Data Address
23529;0;0;0x0000;02 Illegal Data Address
23530;0;0;0x0000;02 Illegal Data Address
23531;0;0;0x0000;02 Illegal Data Address
23532;0;0;0x0000;02 Illegal Data Address
23533;0;0;0x0000;02 Illegal Data Address
23534;0;0;0x0000;02 Illegal Data Address
23535;0;0;0x0000;02 Illegal Data Address
23536;0;0;0x0000;02 Illegal Data Address
23537;0;0;0x0000;02 Illegal Data Address
23538;0;0;0x0000;02 Illegal Data Address
23539;0;0;0x0000;02 Illegal Data Address
23540;0;0;0x0000;02 Illegal Data Address
23541;0;0;0x0000;02 Illegal Data Address
23542;0;0;0x0000;02 Illegal Data Address
23543;0;0;0x0000;02 Illegal Data Address
23544;0;0;0x0000;02 Illegal Data Address
23545;0;0;0x0000;02 Illegal Data Address
23546;0;0;0x0000;02 Illegal Data Address
23547;0;0;0x0000;02 Illegal Data Address
23548;0;0;0x0000;02 Illegal Data Address
23549;0;0;0x0000;02 Illegal Data Address
23550;0;0;0x0000;02 Illegal Data Address
23551;0;0;0x0000;02 Illegal Data Address
23552;0;0;0x0000;02 Illegal Data Address
23553;0;0;0x0000;02 Illegal Data Address
23554;0;0;0x0000;02 Illegal Data Address
23555;0;0;0x0000;02 Illegal Data Address
23556;0;0;0x0000;02 Illegal Data Address
23557;0;0;0x0000;02 Illegal Data Address
23558;0;0;0x0000;02 Illegal Data Address
23559;0;0;0x0000;02 Illegal Data Address
23560;0;0;0x0000;02 Illegal Data Address
23561;0;0;0x0000;02 Illegal Data Address
23562;0;0;0x0000;02 Illegal Data Address
23563;0;0;0x0000;02 Illegal Data Address
23564;0;0;0x0000;02 Illegal Data Address
23565;0;0;0x0000;02 Illegal Data Address
23566;0;0;0x0000;02 Illegal Data Address
23567;0;0;0x0000;02 Illegal Data Address
23568;0;0;0x0000;02 Illegal Data Address
23569;0;0;0x0000;02 Illegal Data Address
23570;0;0;0x0000;02 Illegal Data Address
23571;0;0;0x0000;02 Illegal Data Address
23572;0;0;0x0000;02 Illegal Data Address
23573;0;0;0x0000;02 Illegal Data Address
23574;0;0;0x0000;02 Illegal Data Address
23575;0;0;0x0000;02 Illegal Data Address
23576;0;0;0x0000;02 Illegal Data Address
23577;0;0;0x0000;02 Illegal Data Address
23578;0;0;0x0000;02 Illegal Data Address
23579;0;0;0x0000;02 Illegal Data Address
23580;0;0;0x0000;02 Illegal Data Address
23581;0;0;0x0000;02 Illegal Data Address
23582;0;0;0x0000;02 Illegal Data Address
23583;0;0;0x0000;02 Illegal Data Address
23584;0;0;0x0000;02 Illegal Data Address
23585;0;0;0x0000;02 Illegal Data Address
23586;0;0;0x0000;02 Illegal Data Address
23587;0;0;0x0000;02 Illegal Data Address
23588;0;0;0x0000;02 Illegal Data Address
23589;0;0;0x0000;02 Illegal Data Address
23590;0;0;0x0000;02 Illegal Data Address
23591;0;0;0x0000;02 Illegal Data Address
23592;0;0;0x0000;02 Illegal Data Address
23593;0;0;0x0000;02 Illegal Data Address
23594;0;0;0x0000;02 Illegal Data Address
23595;0;0;0x0000;02 Illegal Data Address
23596;0;0;0x0000;02 Illegal Data Address
23597;0;0;0x0000;02 Illegal Data Address
23598;0;0;0x0000;02 Illegal Data Address
23599;0;0;0x0000;02 Illegal Data Address
23600;0;0;0x0000;02 Illegal Data Address
23601;0;0;0x0000;02 Illegal Data Address
23602;0;0;0x0000;02 Illegal Data Address
23603;0;0;0x0000;02 Illegal Data Address
23604;0;0;0x0000;02 Illegal Data Address
23605;0;0;0x0000;02 Illegal Data Address
23606;0;0;0x0000;02 Illegal Data Address
23607;0;0;0x0000;02 Illegal Data Address
23608;0;0;0x0000;02 Illegal Data Address
23609;0;0;0x0000;02 Illegal Data Address
23610;0;0;0x0000;02 Illegal Data Address
23611;0;0;0x0000;02 Illegal Data Address
23612;0;0;0x0000;02 Illegal Data Address
23613;0;0;0x0000;02 Illegal Data Address
23614;0;0;0x0000;02 Illegal Data Address
23615;0;0;0x0000;02 Illegal Data Address
23616;0;0;0x0000;02 Illegal Data Address
23617;0;0;0x0000;02 Illegal Data Address
23618;0;0;0x0000;02 Illegal Data Address
23619;0;0;0x0000;02 Illegal Data Address
23620;0;0;0x0000;02 Illegal Data Address
23621;0;0;0x0000;02 Illegal Data Address
23622;0;0;0x0000;02 Illegal Data Address
23623;0;0;0x0000;02 Illegal Data Address
23624;0;0;0x0000;02 Illegal Data Address
23625;0;0;0x0000;02 Illegal Data Address
23626;0;0;0x0000;02 Illegal Data Address
23627;0;0;0x0000;02 Illegal Data Address
23628;0;0;0x0000;02 Illegal Data Address
23629;0;0;0x0000;02 Illegal Data Address
23630;0;0;0x0000;02 Illegal Data Address
23631;0;0;0x0000;02 Illegal Data Address
23632;0;0;0x0000;02 Illegal Data Address
23633;0;0;0x0000;02 Illegal Data Address
23634;0;0;0x0000;02 Illegal Data Address
23635;0;0;0x0000;02 Illegal Data Address
23636;0;0;0x0000;02 Illegal Data Address
23637;0;0;0x0000;02 Illegal Data Address
23638;0;0;0x0000;02 Illegal Data Address
23639;0;0;0x0000;02 Illegal Data Address
23640;0;0;0x0000;02 Illegal Data Address
23641;0;0;0x0000;02 Illegal Data Address
23642;0;0;0x0000;02 Illegal Data Address
23643;0;0;0x0000;02 Illegal Data Address
23644;0;0;0x0000;02 Illegal Data Address
23645;0;0;0x0000;02 Illegal Data Address
23646;0;0;0x0000;02 Illegal Data Address
23647;0;0;0x0000;02 Illegal Data Address
23648;0;0;0x0000;02 Illegal Data Address
23649;0;0;0x0000;02 Illegal Data Address
23650;0;0;0x0000;02 Illegal Data Address
23651;0;0;0x0000;02 Illegal Data Address
23652;0;0;0x0000;02 Illegal Data Address
23653;0;0;0x0000;02 Illegal Data Address
23654;0;0;0x0000;02 Illegal Data Address
23655;0;0;0x0000;02 Illegal Data Address
23656;0;0;0x0000;02 Illegal Data Address
23657;0;0;0x0000;02 Illegal Data Address
23658;0;0;0x0000;02 Illegal Data Address
23659;0;0;0x0000;02 Illegal Data Address
23660;0;0;0x0000;02 Illegal Data Address
23661;0;0;0x0000;02 Illegal Data Address
23662;0;0;0x0000;02 Illegal Data Address
23663;0;0;0x0000;02 Illegal Data Address
23664;0;0;0x0000;02 Illegal Data Address
23665;0;0;0x0000;02 Illegal Data Address
23666;0;0;0x0000;02 Illegal Data Address
23667;0;0;0x0000;02 Illegal Data Address
23668;0;0;0x0000;02 Illegal Data Address
23669;0;0;0x0000;02 Illegal Data Address
23670;0;0;0x0000;02 Illegal Data Address
23671;0;0;0x0000;02 Illegal Data Address
23672;0;0;0x0000;02 Illegal Data Address
23673;0;0;0x0000;02 Illegal Data Address
23674;0;0;0x0000;02 Illegal Data Address
23675;0;0;0x0000;02 Illegal Data Address
23676;0;0;0x0000;02 Illegal Data Address
23677;0;0;0x0000;02 Illegal Data Address
23678;0;0;0x0000;02 Illegal Data Address
23679;0;0;0x0000;02 Illegal Data Address
23680;0;0;0x0000;02 Illegal Data Address
23681;0;0;0x0000;02 Illegal Data Address
23682;0;0;0x0000;02 Illegal Data Address
23683;0;0;0x0000;02 Illegal Data Address
23684;0;0;0x0000;02 Illegal Data Address
23685;0;0;0x0000;02 Illegal Data Address
23686;0;0;0x0000;02 Illegal Data Address
23687;0;0;0x0000;02 Illegal Data Address
23688;0;0;0x0000;02 Illegal Data Address
23689;0;0;0x0000;02 Illegal Data Address
23690;0;0;0x0000;02 Illegal Data Address
23691;0;0;0x0000;02 Illegal Data Address
23692;0;0;0x0000;02 Illegal Data Address
23693;0;0;0x0000;02 Illegal Data Address
23694;0;0;0x0000;02 Illegal Data Address
23695;0;0;0x0000;02 Illegal Data Address
23696;0;0;0x0000;02 Illegal Data Address
23697;0;0;0x0000;02 Illegal Data Address
23698;0;0;0x0000;02 Illegal Data Address
23699;0;0;0x0000;02 Illegal Data Address
23700;0;0;0x0000;02 Illegal Data Address
23701;0;0;0x0000;02 Illegal Data Address
23702;0;0;0x0000;02 Illegal Data Address
23703;0;0;0x0000;02 Illegal Data Address
23704;0;0;0x0000;02 Illegal Data Address
23705;0;0;0x0000;02 Illegal Data Address
23706;0;0;0x0000;02 Illegal Data Address
23707;0;0;0x0000;02 Illegal Data Address
23708;0;0;0x0000;02 Illegal Data Address
23709;0;0;0x0000;02 Illegal Data Address
23710;0;0;0x0000;02 Illegal Data Address
23711;0;0;0x0000;02 Illegal Data Address
23712;0;0;0x0000;02 Illegal Data Address
23713;0;0;0x0000;02 Illegal Data Address
23714;0;0;0x0000;02 Illegal Data Address
23715;0;0;0x0000;02 Illegal Data Address
23716;0;0;0x0000;02 Illegal Data Address
23717;0;0;0x0000;02 Illegal Data Address
23718;0;0;0x0000;02 Illegal Data Address
23719;0;0;0x0000;02 Illegal Data Address
23720;0;0;0x0000;02 Illegal Data Address
23721;0;0;0x0000;02 Illegal Data Address
23722;0;0;0x0000;02 Illegal Data Address
23723;0;0;0x0000;02 Illegal Data Address
23724;0;0;0x0000;02 Illegal Data Address
23725;0;0;0x0000;02 Illegal Data Address
23726;0;0;0x0000;02 Illegal Data Address
23727;0;0;0x0000;02 Illegal Data Address
23728;0;0;0x0000;02 Illegal Data Address
23729;0;0;0x0000;02 Illegal Data Address
23730;0;0;0x0000;02 Illegal Data Address
23731;0;0;0x0000;02 Illegal Data Address
23732;0;0;0x0000;02 Illegal Data Address
23733;0;0;0x0000;02 Illegal Data Address
23734;0;0;0x0000;02 Illegal Data Address
23735;0;0;0x0000;02 Illegal Data Address
23736;0;0;0x0000;02 Illegal Data Address
23737;0;0;0x0000;02 Illegal Data Address
23738;0;0;0x0000;02 Illegal Data Address
23739;0;0;0x0000;02 Illegal Data Address
23740;0;0;0x0000;02 Illegal Data Address
23741;0;0;0x0000;02 Illegal Data Address
23742;0;0;0x0000;02 Illegal Data Address
23743;0;0;0x0000;02 Illegal Data Address
23744;0;0;0x0000;02 Illegal Data Address
23745;0;0;0x0000;02 Illegal Data Address
23746;0;0;0x0000;02 Illegal Data Address
23747;0;0;0x0000;02 Illegal Data Address
23748;0;0;0x0000;02 Illegal Data Address
23749;0;0;0x0000;02 Illegal Data Address
23750;0;0;0x0000;02 Illegal Data Address
23751;0;0;0x0000;02 Illegal Data Address
23752;0;0;0x0000;02 Illegal Data Address
23753;0;0;0x0000;02 Illegal Data Address
23754;0;0;0x0000;02 Illegal Data Address
23755;0;0;0x0000;02 Illegal Data Address
23756;0;0;0x0000;02 Illegal Data Address
23757;0;0;0x0000;02 Illegal Data Address
23758;0;0;0x0000;02 Illegal Data Address
23759;0;0;0x0000;02 Illegal Data Address
23760;0;0;0x0000;02 Illegal Data Address
23761;0;0;0x0000;02 Illegal Data Address
23762;0;0;0x0000;02 Illegal Data Address
23763;0;0;0x0000;02 Illegal Data Address
23764;0;0;0x0000;02 Illegal Data Address
23765;0;0;0x0000;02 Illegal Data Address
23766;0;0;0x0000;02 Illegal Data Address
23767;0;0;0x0000;02 Illegal Data Address
23768;0;0;0x0000;02 Illegal Data Address
23769;0;0;0x0000;02 Illegal Data Address
23770;0;0;0x0000;02 Illegal Data Address
23771;0;0;0x0000;02 Illegal Data Address
23772;0;0;0x0000;02 Illegal Data Address
23773;0;0;0x0000;02 Illegal Data Address
23774;0;0;0x0000;02 Illegal Data Address
23775;0;0;0x0000;02 Illegal Data Address
23776;0;0;0x0000;02 Illegal Data Address
23777;0;0;0x0000;02 Illegal Data Address
23778;0;0;0x0000;02 Illegal Data Address
23779;0;0;0x0000;02 Illegal Data Address
23780;0;0;0x0000;02 Illegal Data Address
23781;0;0;0x0000;02 Illegal Data Address
23782;0;0;0x0000;02 Illegal Data Address
23783;0;0;0x0000;02 Illegal Data Address
23784;0;0;0x0000;02 Illegal Data Address
23785;0;0;0x0000;02 Illegal Data Address
23786;0;0;0x0000;02 Illegal Data Address
23787;0;0;0x0000;02 Illegal Data Address
23788;0;0;0x0000;02 Illegal Data Address
23789;0;0;0x0000;02 Illegal Data Address
23790;0;0;0x0000;02 Illegal Data Address
23791;0;0;0x0000;02 Illegal Data Address
23792;0;0;0x0000;02 Illegal Data Address
23793;0;0;0x0000;02 Illegal Data Address
23794;0;0;0x0000;02 Illegal Data Address
23795;0;0;0x0000;02 Illegal Data Address
23796;0;0;0x0000;02 Illegal Data Address
23797;0;0;0x0000;02 Illegal Data Address
23798;0;0;0x0000;02 Illegal Data Address
23799;0;0;0x0000;02 Illegal Data Address
23800;0;0;0x0000;02 Illegal Data Address
23801;0;0;0x0000;02 Illegal Data Address
23802;0;0;0x0000;02 Illegal Data Address
23803;0;0;0x0000;02 Illegal Data Address
23804;0;0;0x0000;02 Illegal Data Address
23805;0;0;0x0000;02 Illegal Data Address
23806;0;0;0x0000;02 Illegal Data Address
23807;0;0;0x0000;02 Illegal Data Address
23808;0;0;0x0000;02 Illegal Data Address
23809;0;0;0x0000;02 Illegal Data Address
23810;0;0;0x0000;02 Illegal Data Address
23811;0;0;0x0000;02 Illegal Data Address
23812;0;0;0x0000;02 Illegal Data Address
23813;0;0;0x0000;02 Illegal Data Address
23814;0;0;0x0000;02 Illegal Data Address
23815;0;0;0x0000;02 Illegal Data Address
23816;0;0;0x0000;02 Illegal Data Address
23817;0;0;0x0000;02 Illegal Data Address
23818;0;0;0x0000;02 Illegal Data Address
23819;0;0;0x0000;02 Illegal Data Address
23820;0;0;0x0000;02 Illegal Data Address
23821;0;0;0x0000;02 Illegal Data Address
23822;0;0;0x0000;02 Illegal Data Address
23823;0;0;0x0000;02 Illegal Data Address
23824;0;0;0x0000;02 Illegal Data Address
23825;0;0;0x0000;02 Illegal Data Address
23826;0;0;0x0000;02 Illegal Data Address
23827;0;0;0x0000;02 Illegal Data Address
23828;0;0;0x0000;02 Illegal Data Address
23829;0;0;0x0000;02 Illegal Data Address
23830;0;0;0x0000;02 Illegal Data Address
23831;0;0;0x0000;02 Illegal Data Address
23832;0;0;0x0000;02 Illegal Data Address
23833;0;0;0x0000;02 Illegal Data Address
23834;0;0;0x0000;02 Illegal Data Address
23835;0;0;0x0000;02 Illegal Data Address
23836;0;0;0x0000;02 Illegal Data Address
23837;0;0;0x0000;02 Illegal Data Address
23838;0;0;0x0000;02 Illegal Data Address
23839;0;0;0x0000;02 Illegal Data Address
23840;0;0;0x0000;02 Illegal Data Address
23841;0;0;0x0000;02 Illegal Data Address
23842;0;0;0x0000;02 Illegal Data Address
23843;0;0;0x0000;02 Illegal Data Address
23844;0;0;0x0000;02 Illegal Data Address
23845;0;0;0x0000;02 Illegal Data Address
23846;0;0;0x0000;02 Illegal Data Address
23847;0;0;0x0000;02 Illegal Data Address
23848;0;0;0x0000;02 Illegal Data Address
23849;0;0;0x0000;02 Illegal Data Address
23850;0;0;0x0000;02 Illegal Data Address
23851;0;0;0x0000;02 Illegal Data Address
23852;0;0;0x0000;02 Illegal Data Address
23853;0;0;0x0000;02 Illegal Data Address
23854;0;0;0x0000;02 Illegal Data Address
23855;0;0;0x0000;02 Illegal Data Address
23856;0;0;0x0000;02 Illegal Data Address
23857;0;0;0x0000;02 Illegal Data Address
23858;0;0;0x0000;02 Illegal Data Address
23859;0;0;0x0000;02 Illegal Data Address
23860;0;0;0x0000;02 Illegal Data Address
23861;0;0;0x0000;02 Illegal Data Address
23862;0;0;0x0000;02 Illegal Data Address
23863;0;0;0x0000;02 Illegal Data Address
23864;0;0;0x0000;02 Illegal Data Address
23865;0;0;0x0000;02 Illegal Data Address
23866;0;0;0x0000;02 Illegal Data Address
23867;0;0;0x0000;02 Illegal Data Address
23868;0;0;0x0000;02 Illegal Data Address
23869;0;0;0x0000;02 Illegal Data Address
23870;0;0;0x0000;02 Illegal Data Address
23871;0;0;0x0000;02 Illegal Data Address
23872;0;0;0x0000;02 Illegal Data Address
23873;0;0;0x0000;02 Illegal Data Address
23874;0;0;0x0000;02 Illegal Data Address
23875;0;0;0x0000;02 Illegal Data Address
23876;0;0;0x0000;02 Illegal Data Address
23877;0;0;0x0000;02 Illegal Data Address
23878;0;0;0x0000;02 Illegal Data Address
23879;0;0;0x0000;02 Illegal Data Address
23880;0;0;0x0000;02 Illegal Data Address
23881;0;0;0x0000;02 Illegal Data Address
23882;0;0;0x0000;02 Illegal Data Address
23883;0;0;0x0000;02 Illegal Data Address
23884;0;0;0x0000;02 Illegal Data Address
23885;0;0;0x0000;02 Illegal Data Address
23886;0;0;0x0000;02 Illegal Data Address
23887;0;0;0x0000;02 Illegal Data Address
23888;0;0;0x0000;02 Illegal Data Address
23889;0;0;0x0000;02 Illegal Data Address
23890;0;0;0x0000;02 Illegal Data Address
23891;0;0;0x0000;02 Illegal Data Address
23892;0;0;0x0000;02 Illegal Data Address
23893;0;0;0x0000;02 Illegal Data Address
23894;0;0;0x0000;02 Illegal Data Address
23895;0;0;0x0000;02 Illegal Data Address
23896;0;0;0x0000;02 Illegal Data Address
23897;0;0;0x0000;02 Illegal Data Address
23898;0;0;0x0000;02 Illegal Data Address
23899;0;0;0x0000;02 Illegal Data Address
23900;0;0;0x0000;02 Illegal Data Address
23901;0;0;0x0000;02 Illegal Data Address
23902;0;0;0x0000;02 Illegal Data Address
23903;0;0;0x0000;02 Illegal Data Address
23904;0;0;0x0000;02 Illegal Data Address
23905;0;0;0x0000;02 Illegal Data Address
23906;0;0;0x0000;02 Illegal Data Address
23907;0;0;0x0000;02 Illegal Data Address
23908;0;0;0x0000;02 Illegal Data Address
23909;0;0;0x0000;02 Illegal Data Address
23910;0;0;0x0000;02 Illegal Data Address
23911;0;0;0x0000;02 Illegal Data Address
23912;0;0;0x0000;02 Illegal Data Address
23913;0;0;0x0000;02 Illegal Data Address
23914;0;0;0x0000;02 Illegal Data Address
23915;0;0;0x0000;02 Illegal Data Address
23916;0;0;0x0000;02 Illegal Data Address
23917;0;0;0x0000;02 Illegal Data Address
23918;0;0;0x0000;02 Illegal Data Address
23919;0;0;0x0000;02 Illegal Data Address
23920;0;0;0x0000;02 Illegal Data Address
23921;0;0;0x0000;02 Illegal Data Address
23922;0;0;0x0000;02 Illegal Data Address
23923;0;0;0x0000;02 Illegal Data Address
23924;0;0;0x0000;02 Illegal Data Address
23925;0;0;0x0000;02 Illegal Data Address
23926;0;0;0x0000;02 Illegal Data Address
23927;0;0;0x0000;02 Illegal Data Address
23928;0;0;0x0000;02 Illegal Data Address
23929;0;0;0x0000;02 Illegal Data Address
23930;0;0;0x0000;02 Illegal Data Address
23931;0;0;0x0000;02 Illegal Data Address
23932;0;0;0x0000;02 Illegal Data Address
23933;0;0;0x0000;02 Illegal Data Address
23934;0;0;0x0000;02 Illegal Data Address
23935;0;0;0x0000;02 Illegal Data Address
23936;0;0;0x0000;02 Illegal Data Address
23937;0;0;0x0000;02 Illegal Data Address
23938;0;0;0x0000;02 Illegal Data Address
23939;0;0;0x0000;02 Illegal Data Address
23940;0;0;0x0000;02 Illegal Data Address
23941;0;0;0x0000;02 Illegal Data Address
23942;0;0;0x0000;02 Illegal Data Address
23943;0;0;0x0000;02 Illegal Data Address
23944;0;0;0x0000;02 Illegal Data Address
23945;0;0;0x0000;02 Illegal Data Address
23946;0;0;0x0000;02 Illegal Data Address
23947;0;0;0x0000;02 Illegal Data Address
23948;0;0;0x0000;02 Illegal Data Address
23949;0;0;0x0000;02 Illegal Data Address
23950;0;0;0x0000;02 Illegal Data Address
23951;0;0;0x0000;02 Illegal Data Address
23952;0;0;0x0000;02 Illegal Data Address
23953;0;0;0x0000;02 Illegal Data Address
23954;0;0;0x0000;02 Illegal Data Address
23955;0;0;0x0000;02 Illegal Data Address
23956;0;0;0x0000;02 Illegal Data Address
23957;0;0;0x0000;02 Illegal Data Address
23958;0;0;0x0000;02 Illegal Data Address
23959;0;0;0x0000;02 Illegal Data Address
23960;0;0;0x0000;02 Illegal Data Address
23961;0;0;0x0000;02 Illegal Data Address
23962;0;0;0x0000;02 Illegal Data Address
23963;0;0;0x0000;02 Illegal Data Address
23964;0;0;0x0000;02 Illegal Data Address
23965;0;0;0x0000;02 Illegal Data Address
23966;0;0;0x0000;02 Illegal Data Address
23967;0;0;0x0000;02 Illegal Data Address
23968;0;0;0x0000;02 Illegal Data Address
23969;0;0;0x0000;02 Illegal Data Address
23970;0;0;0x0000;02 Illegal Data Address
23971;0;0;0x0000;02 Illegal Data Address
23972;0;0;0x0000;02 Illegal Data Address
23973;0;0;0x0000;02 Illegal Data Address
23974;0;0;0x0000;02 Illegal Data Address
23975;0;0;0x0000;02 Illegal Data Address
23976;0;0;0x0000;02 Illegal Data Address
23977;0;0;0x0000;02 Illegal Data Address
23978;0;0;0x0000;02 Illegal Data Address
23979;0;0;0x0000;02 Illegal Data Address
23980;0;0;0x0000;02 Illegal Data Address
23981;0;0;0x0000;02 Illegal Data Address
23982;0;0;0x0000;02 Illegal Data Address
23983;0;0;0x0000;02 Illegal Data Address
23984;0;0;0x0000;02 Illegal Data Address
23985;0;0;0x0000;02 Illegal Data Address
23986;0;0;0x0000;02 Illegal Data Address
23987;0;0;0x0000;02 Illegal Data Address
23988;0;0;0x0000;02 Illegal Data Address
23989;0;0;0x0000;02 Illegal Data Address
23990;0;0;0x0000;02 Illegal Data Address
23991;0;0;0x0000;02 Illegal Data Address
23992;0;0;0x0000;02 Illegal Data Address
23993;0;0;0x0000;02 Illegal Data Address
23994;0;0;0x0000;02 Illegal Data Address
23995;0;0;0x0000;02 Illegal Data Address
23996;0;0;0x0000;02 Illegal Data Address
23997;0;0;0x0000;02 Illegal Data Address
23998;0;0;0x0000;02 Illegal Data Address
23999;0;0;0x0000;02 Illegal Data Address
24000;0;0;0x0000;02 Illegal Data Address
24001;0;0;0x0000;02 Illegal Data Address
24002;0;0;0x0000;02 Illegal Data Address
24003;0;0;0x0000;02 Illegal Data Address
24004;0;0;0x0000;02 Illegal Data Address
24005;0;0;0x0000;02 Illegal Data Address
24006;0;0;0x0000;02 Illegal Data Address
24007;0;0;0x0000;02 Illegal Data Address
24008;0;0;0x0000;02 Illegal Data Address
24009;0;0;0x0000;02 Illegal Data Address
24010;0;0;0x0000;02 Illegal Data Address
24011;0;0;0x0000;02 Illegal Data Address
24012;0;0;0x0000;02 Illegal Data Address
24013;0;0;0x0000;02 Illegal Data Address
24014;0;0;0x0000;02 Illegal Data Address
24015;0;0;0x0000;02 Illegal Data Address
24016;0;0;0x0000;02 Illegal Data Address
24017;0;0;0x0000;02 Illegal Data Address
24018;0;0;0x0000;02 Illegal Data Address
24019;0;0;0x0000;02 Illegal Data Address
24020;0;0;0x0000;02 Illegal Data Address
24021;0;0;0x0000;02 Illegal Data Address
24022;0;0;0x0000;02 Illegal Data Address
24023;0;0;0x0000;02 Illegal Data Address
24024;0;0;0x0000;02 Illegal Data Address
24025;0;0;0x0000;02 Illegal Data Address
24026;0;0;0x0000;02 Illegal Data Address
24027;0;0;0x0000;02 Illegal Data Address
24028;0;0;0x0000;02 Illegal Data Address
24029;0;0;0x0000;02 Illegal Data Address
24030;0;0;0x0000;02 Illegal Data Address
24031;0;0;0x0000;02 Illegal Data Address
24032;0;0;0x0000;02 Illegal Data Address
24033;0;0;0x0000;02 Illegal Data Address
24034;0;0;0x0000;02 Illegal Data Address
24035;0;0;0x0000;02 Illegal Data Address
24036;0;0;0x0000;02 Illegal Data Address
24037;0;0;0x0000;02 Illegal Data Address
24038;0;0;0x0000;02 Illegal Data Address
24039;0;0;0x0000;02 Illegal Data Address
24040;0;0;0x0000;02 Illegal Data Address
24041;0;0;0x0000;02 Illegal Data Address
24042;0;0;0x0000;02 Illegal Data Address
24043;0;0;0x0000;02 Illegal Data Address
24044;0;0;0x0000;02 Illegal Data Address
24045;0;0;0x0000;02 Illegal Data Address
24046;0;0;0x0000;02 Illegal Data Address
24047;0;0;0x0000;02 Illegal Data Address
24048;0;0;0x0000;02 Illegal Data Address
24049;0;0;0x0000;02 Illegal Data Address
24050;0;0;0x0000;02 Illegal Data Address
24051;0;0;0x0000;02 Illegal Data Address
24052;0;0;0x0000;02 Illegal Data Address
24053;0;0;0x0000;02 Illegal Data Address
24054;0;0;0x0000;02 Illegal Data Address
24055;0;0;0x0000;02 Illegal Data Address
24056;0;0;0x0000;02 Illegal Data Address
24057;0;0;0x0000;02 Illegal Data Address
24058;0;0;0x0000;02 Illegal Data Address
24059;0;0;0x0000;02 Illegal Data Address
24060;0;0;0x0000;02 Illegal Data Address
24061;0;0;0x0000;02 Illegal Data Address
24062;0;0;0x0000;02 Illegal Data Address
24063;0;0;0x0000;02 Illegal Data Address
24064;0;0;0x0000;02 Illegal Data Address
24065;0;0;0x0000;02 Illegal Data Address
24066;0;0;0x0000;02 Illegal Data Address
24067;0;0;0x0000;02 Illegal Data Address
24068;0;0;0x0000;02 Illegal Data Address
24069;0;0;0x0000;02 Illegal Data Address
24070;0;0;0x0000;02 Illegal Data Address
24071;0;0;0x0000;02 Illegal Data Address
24072;0;0;0x0000;02 Illegal Data Address
24073;0;0;0x0000;02 Illegal Data Address
24074;0;0;0x0000;02 Illegal Data Address
24075;0;0;0x0000;02 Illegal Data Address
24076;0;0;0x0000;02 Illegal Data Address
24077;0;0;0x0000;02 Illegal Data Address
24078;0;0;0x0000;02 Illegal Data Address
24079;0;0;0x0000;02 Illegal Data Address
24080;0;0;0x0000;02 Illegal Data Address
24081;0;0;0x0000;02 Illegal Data Address
24082;0;0;0x0000;02 Illegal Data Address
24083;0;0;0x0000;02 Illegal Data Address
24084;0;0;0x0000;02 Illegal Data Address
24085;0;0;0x0000;02 Illegal Data Address
24086;0;0;0x0000;02 Illegal Data Address
24087;0;0;0x0000;02 Illegal Data Address
24088;0;0;0x0000;02 Illegal Data Address
24089;0;0;0x0000;02 Illegal Data Address
24090;0;0;0x0000;02 Illegal Data Address
24091;0;0;0x0000;02 Illegal Data Address
24092;0;0;0x0000;02 Illegal Data Address
24093;0;0;0x0000;02 Illegal Data Address
24094;0;0;0x0000;02 Illegal Data Address
24095;0;0;0x0000;02 Illegal Data Address
24096;0;0;0x0000;02 Illegal Data Address
24097;0;0;0x0000;02 Illegal Data Address
24098;0;0;0x0000;02 Illegal Data Address
24099;0;0;0x0000;02 Illegal Data Address
24100;0;0;0x0000;02 Illegal Data Address
24101;0;0;0x0000;02 Illegal Data Address
24102;0;0;0x0000;02 Illegal Data Address
24103;0;0;0x0000;02 Illegal Data Address
24104;0;0;0x0000;02 Illegal Data Address
24105;0;0;0x0000;02 Illegal Data Address
24106;0;0;0x0000;02 Illegal Data Address
24107;0;0;0x0000;02 Illegal Data Address
24108;0;0;0x0000;02 Illegal Data Address
24109;0;0;0x0000;02 Illegal Data Address
24110;0;0;0x0000;02 Illegal Data Address
24111;0;0;0x0000;02 Illegal Data Address
24112;0;0;0x0000;02 Illegal Data Address
24113;0;0;0x0000;02 Illegal Data Address
24114;0;0;0x0000;02 Illegal Data Address
24115;0;0;0x0000;02 Illegal Data Address
24116;0;0;0x0000;02 Illegal Data Address
24117;0;0;0x0000;02 Illegal Data Address
24118;0;0;0x0000;02 Illegal Data Address
24119;0;0;0x0000;02 Illegal Data Address
24120;0;0;0x0000;02 Illegal Data Address
24121;0;0;0x0000;02 Illegal Data Address
24122;0;0;0x0000;02 Illegal Data Address
24123;0;0;0x0000;02 Illegal Data Address
24124;0;0;0x0000;02 Illegal Data Address
24125;0;0;0x0000;02 Illegal Data Address
24126;0;0;0x0000;02 Illegal Data Address
24127;0;0;0x0000;02 Illegal Data Address
24128;0;0;0x0000;02 Illegal Data Address
24129;0;0;0x0000;02 Illegal Data Address
24130;0;0;0x0000;02 Illegal Data Address
24131;0;0;0x0000;02 Illegal Data Address
24132;0;0;0x0000;02 Illegal Data Address
24133;0;0;0x0000;02 Illegal Data Address
24134;0;0;0x0000;02 Illegal Data Address
24135;0;0;0x0000;02 Illegal Data Address
24136;0;0;0x0000;02 Illegal Data Address
24137;0;0;0x0000;02 Illegal Data Address
24138;0;0;0x0000;02 Illegal Data Address
24139;0;0;0x0000;02 Illegal Data Address
24140;0;0;0x0000;02 Illegal Data Address
24141;0;0;0x0000;02 Illegal Data Address
24142;0;0;0x0000;02 Illegal Data Address
24143;0;0;0x0000;02 Illegal Data Address
24144;0;0;0x0000;02 Illegal Data Address
24145;0;0;0x0000;02 Illegal Data Address
24146;0;0;0x0000;02 Illegal Data Address
24147;0;0;0x0000;02 Illegal Data Address
24148;0;0;0x0000;02 Illegal Data Address
24149;0;0;0x0000;02 Illegal Data Address
24150;0;0;0x0000;02 Illegal Data Address
24151;0;0;0x0000;02 Illegal Data Address
24152;0;0;0x0000;02 Illegal Data Address
24153;0;0;0x0000;02 Illegal Data Address
24154;0;0;0x0000;02 Illegal Data Address
24155;0;0;0x0000;02 Illegal Data Address
24156;0;0;0x0000;02 Illegal Data Address
24157;0;0;0x0000;02 Illegal Data Address
24158;0;0;0x0000;02 Illegal Data Address
24159;0;0;0x0000;02 Illegal Data Address
24160;0;0;0x0000;02 Illegal Data Address
24161;0;0;0x0000;02 Illegal Data Address
24162;0;0;0x0000;02 Illegal Data Address
24163;0;0;0x0000;02 Illegal Data Address
24164;0;0;0x0000;02 Illegal Data Address
24165;0;0;0x0000;02 Illegal Data Address
24166;0;0;0x0000;02 Illegal Data Address
24167;0;0;0x0000;02 Illegal Data Address
24168;0;0;0x0000;02 Illegal Data Address
24169;0;0;0x0000;02 Illegal Data Address
24170;0;0;0x0000;02 Illegal Data Address
24171;0;0;0x0000;02 Illegal Data Address
24172;0;0;0x0000;02 Illegal Data Address
24173;0;0;0x0000;02 Illegal Data Address
24174;0;0;0x0000;02 Illegal Data Address
24175;0;0;0x0000;02 Illegal Data Address
24176;0;0;0x0000;02 Illegal Data Address
24177;0;0;0x0000;02 Illegal Data Address
24178;0;0;0x0000;02 Illegal Data Address
24179;0;0;0x0000;02 Illegal Data Address
24180;0;0;0x0000;02 Illegal Data Address
24181;0;0;0x0000;02 Illegal Data Address
24182;0;0;0x0000;02 Illegal Data Address
24183;0;0;0x0000;02 Illegal Data Address
24184;0;0;0x0000;02 Illegal Data Address
24185;0;0;0x0000;02 Illegal Data Address
24186;0;0;0x0000;02 Illegal Data Address
24187;0;0;0x0000;02 Illegal Data Address
24188;0;0;0x0000;02 Illegal Data Address
24189;0;0;0x0000;02 Illegal Data Address
24190;0;0;0x0000;02 Illegal Data Address
24191;0;0;0x0000;02 Illegal Data Address
24192;0;0;0x0000;02 Illegal Data Address
24193;0;0;0x0000;02 Illegal Data Address
24194;0;0;0x0000;02 Illegal Data Address
24195;0;0;0x0000;02 Illegal Data Address
24196;0;0;0x0000;02 Illegal Data Address
24197;0;0;0x0000;02 Illegal Data Address
24198;0;0;0x0000;02 Illegal Data Address
24199;0;0;0x0000;02 Illegal Data Address
24200;0;0;0x0000;02 Illegal Data Address
24201;0;0;0x0000;02 Illegal Data Address
24202;0;0;0x0000;02 Illegal Data Address
24203;0;0;0x0000;02 Illegal Data Address
24204;0;0;0x0000;02 Illegal Data Address
24205;0;0;0x0000;02 Illegal Data Address
24206;0;0;0x0000;02 Illegal Data Address
24207;0;0;0x0000;02 Illegal Data Address
24208;0;0;0x0000;02 Illegal Data Address
24209;0;0;0x0000;02 Illegal Data Address
24210;0;0;0x0000;02 Illegal Data Address
24211;0;0;0x0000;02 Illegal Data Address
24212;0;0;0x0000;02 Illegal Data Address
24213;0;0;0x0000;02 Illegal Data Address
24214;0;0;0x0000;02 Illegal Data Address
24215;0;0;0x0000;02 Illegal Data Address
24216;0;0;0x0000;02 Illegal Data Address
24217;0;0;0x0000;02 Illegal Data Address
24218;0;0;0x0000;02 Illegal Data Address
24219;0;0;0x0000;02 Illegal Data Address
24220;0;0;0x0000;02 Illegal Data Address
24221;0;0;0x0000;02 Illegal Data Address
24222;0;0;0x0000;02 Illegal Data Address
24223;0;0;0x0000;02 Illegal Data Address
24224;0;0;0x0000;02 Illegal Data Address
24225;0;0;0x0000;02 Illegal Data Address
24226;0;0;0x0000;02 Illegal Data Address
24227;0;0;0x0000;02 Illegal Data Address
24228;0;0;0x0000;02 Illegal Data Address
24229;0;0;0x0000;02 Illegal Data Address
24230;0;0;0x0000;02 Illegal Data Address
24231;0;0;0x0000;02 Illegal Data Address
24232;0;0;0x0000;02 Illegal Data Address
24233;0;0;0x0000;02 Illegal Data Address
24234;0;0;0x0000;02 Illegal Data Address
24235;0;0;0x0000;02 Illegal Data Address
24236;0;0;0x0000;02 Illegal Data Address
24237;0;0;0x0000;02 Illegal Data Address
24238;0;0;0x0000;02 Illegal Data Address
24239;0;0;0x0000;02 Illegal Data Address
24240;0;0;0x0000;02 Illegal Data Address
24241;0;0;0x0000;02 Illegal Data Address
24242;0;0;0x0000;02 Illegal Data Address
24243;0;0;0x0000;02 Illegal Data Address
24244;0;0;0x0000;02 Illegal Data Address
24245;0;0;0x0000;02 Illegal Data Address
24246;0;0;0x0000;02 Illegal Data Address
24247;0;0;0x0000;02 Illegal Data Address
24248;0;0;0x0000;02 Illegal Data Address
24249;0;0;0x0000;02 Illegal Data Address
24250;0;0;0x0000;02 Illegal Data Address
24251;0;0;0x0000;02 Illegal Data Address
24252;0;0;0x0000;02 Illegal Data Address
24253;0;0;0x0000;02 Illegal Data Address
24254;0;0;0x0000;02 Illegal Data Address
24255;0;0;0x0000;02 Illegal Data Address
24256;0;0;0x0000;02 Illegal Data Address
24257;0;0;0x0000;02 Illegal Data Address
24258;0;0;0x0000;02 Illegal Data Address
24259;0;0;0x0000;02 Illegal Data Address
24260;0;0;0x0000;02 Illegal Data Address
24261;0;0;0x0000;02 Illegal Data Address
24262;0;0;0x0000;02 Illegal Data Address
24263;0;0;0x0000;02 Illegal Data Address
24264;0;0;0x0000;02 Illegal Data Address
24265;0;0;0x0000;02 Illegal Data Address
24266;0;0;0x0000;02 Illegal Data Address
24267;0;0;0x0000;02 Illegal Data Address
24268;0;0;0x0000;02 Illegal Data Address
24269;0;0;0x0000;02 Illegal Data Address
24270;0;0;0x0000;02 Illegal Data Address
24271;0;0;0x0000;02 Illegal Data Address
24272;0;0;0x0000;02 Illegal Data Address
24273;0;0;0x0000;02 Illegal Data Address
24274;0;0;0x0000;02 Illegal Data Address
24275;0;0;0x0000;02 Illegal Data Address
24276;0;0;0x0000;02 Illegal Data Address
24277;0;0;0x0000;02 Illegal Data Address
24278;0;0;0x0000;02 Illegal Data Address
24279;0;0;0x0000;02 Illegal Data Address
24280;0;0;0x0000;02 Illegal Data Address
24281;0;0;0x0000;02 Illegal Data Address
24282;0;0;0x0000;02 Illegal Data Address
24283;0;0;0x0000;02 Illegal Data Address
24284;0;0;0x0000;02 Illegal Data Address
24285;0;0;0x0000;02 Illegal Data Address
24286;0;0;0x0000;02 Illegal Data Address
24287;0;0;0x0000;02 Illegal Data Address
24288;0;0;0x0000;02 Illegal Data Address
24289;0;0;0x0000;02 Illegal Data Address
24290;0;0;0x0000;02 Illegal Data Address
24291;0;0;0x0000;02 Illegal Data Address
24292;0;0;0x0000;02 Illegal Data Address
24293;0;0;0x0000;02 Illegal Data Address
24294;0;0;0x0000;02 Illegal Data Address
24295;0;0;0x0000;02 Illegal Data Address
24296;0;0;0x0000;02 Illegal Data Address
24297;0;0;0x0000;02 Illegal Data Address
24298;0;0;0x0000;02 Illegal Data Address
24299;0;0;0x0000;02 Illegal Data Address
24300;0;0;0x0000;02 Illegal Data Address
24301;0;0;0x0000;02 Illegal Data Address
24302;0;0;0x0000;02 Illegal Data Address
24303;0;0;0x0000;02 Illegal Data Address
24304;0;0;0x0000;02 Illegal Data Address
24305;0;0;0x0000;02 Illegal Data Address
24306;0;0;0x0000;02 Illegal Data Address
24307;0;0;0x0000;02 Illegal Data Address
24308;0;0;0x0000;02 Illegal Data Address
24309;0;0;0x0000;02 Illegal Data Address
24310;0;0;0x0000;02 Illegal Data Address
24311;0;0;0x0000;02 Illegal Data Address
24312;0;0;0x0000;02 Illegal Data Address
24313;0;0;0x0000;02 Illegal Data Address
24314;0;0;0x0000;02 Illegal Data Address
24315;0;0;0x0000;02 Illegal Data Address
24316;0;0;0x0000;02 Illegal Data Address
24317;0;0;0x0000;02 Illegal Data Address
24318;0;0;0x0000;02 Illegal Data Address
24319;0;0;0x0000;02 Illegal Data Address
24320;0;0;0x0000;02 Illegal Data Address
24321;0;0;0x0000;02 Illegal Data Address
24322;0;0;0x0000;02 Illegal Data Address
24323;0;0;0x0000;02 Illegal Data Address
24324;0;0;0x0000;02 Illegal Data Address
24325;0;0;0x0000;02 Illegal Data Address
24326;0;0;0x0000;02 Illegal Data Address
24327;0;0;0x0000;02 Illegal Data Address
24328;0;0;0x0000;02 Illegal Data Address
24329;0;0;0x0000;02 Illegal Data Address
24330;0;0;0x0000;02 Illegal Data Address
24331;0;0;0x0000;02 Illegal Data Address
24332;0;0;0x0000;02 Illegal Data Address
24333;0;0;0x0000;02 Illegal Data Address
24334;0;0;0x0000;02 Illegal Data Address
24335;0;0;0x0000;02 Illegal Data Address
24336;0;0;0x0000;02 Illegal Data Address
24337;0;0;0x0000;02 Illegal Data Address
24338;0;0;0x0000;02 Illegal Data Address
24339;0;0;0x0000;02 Illegal Data Address
24340;0;0;0x0000;02 Illegal Data Address
24341;0;0;0x0000;02 Illegal Data Address
24342;0;0;0x0000;02 Illegal Data Address
24343;0;0;0x0000;02 Illegal Data Address
24344;0;0;0x0000;02 Illegal Data Address
24345;0;0;0x0000;02 Illegal Data Address
24346;0;0;0x0000;02 Illegal Data Address
24347;0;0;0x0000;02 Illegal Data Address
24348;0;0;0x0000;02 Illegal Data Address
24349;0;0;0x0000;02 Illegal Data Address
24350;0;0;0x0000;02 Illegal Data Address
24351;0;0;0x0000;02 Illegal Data Address
24352;0;0;0x0000;02 Illegal Data Address
24353;0;0;0x0000;02 Illegal Data Address
24354;0;0;0x0000;02 Illegal Data Address
24355;0;0;0x0000;02 Illegal Data Address
24356;0;0;0x0000;02 Illegal Data Address
24357;0;0;0x0000;02 Illegal Data Address
24358;0;0;0x0000;02 Illegal Data Address
24359;0;0;0x0000;02 Illegal Data Address
24360;0;0;0x0000;02 Illegal Data Address
24361;0;0;0x0000;02 Illegal Data Address
24362;0;0;0x0000;02 Illegal Data Address
24363;0;0;0x0000;02 Illegal Data Address
24364;0;0;0x0000;02 Illegal Data Address
24365;0;0;0x0000;02 Illegal Data Address
24366;0;0;0x0000;02 Illegal Data Address
24367;0;0;0x0000;02 Illegal Data Address
24368;0;0;0x0000;02 Illegal Data Address
24369;0;0;0x0000;02 Illegal Data Address
24370;0;0;0x0000;02 Illegal Data Address
24371;0;0;0x0000;02 Illegal Data Address
24372;0;0;0x0000;02 Illegal Data Address
24373;0;0;0x0000;02 Illegal Data Address
24374;0;0;0x0000;02 Illegal Data Address
24375;0;0;0x0000;02 Illegal Data Address
24376;0;0;0x0000;02 Illegal Data Address
24377;0;0;0x0000;02 Illegal Data Address
24378;0;0;0x0000;02 Illegal Data Address
24379;0;0;0x0000;02 Illegal Data Address
24380;0;0;0x0000;02 Illegal Data Address
24381;0;0;0x0000;02 Illegal Data Address
24382;0;0;0x0000;02 Illegal Data Address
24383;0;0;0x0000;02 Illegal Data Address
24384;0;0;0x0000;02 Illegal Data Address
24385;0;0;0x0000;02 Illegal Data Address
24386;0;0;0x0000;02 Illegal Data Address
24387;0;0;0x0000;02 Illegal Data Address
24388;0;0;0x0000;02 Illegal Data Address
24389;0;0;0x0000;02 Illegal Data Address
24390;0;0;0x0000;02 Illegal Data Address
24391;0;0;0x0000;02 Illegal Data Address
24392;0;0;0x0000;02 Illegal Data Address
24393;0;0;0x0000;02 Illegal Data Address
24394;0;0;0x0000;02 Illegal Data Address
24395;0;0;0x0000;02 Illegal Data Address
24396;0;0;0x0000;02 Illegal Data Address
24397;0;0;0x0000;02 Illegal Data Address
24398;0;0;0x0000;02 Illegal Data Address
24399;0;0;0x0000;02 Illegal Data Address
24400;0;0;0x0000;02 Illegal Data Address
24401;0;0;0x0000;02 Illegal Data Address
24402;0;0;0x0000;02 Illegal Data Address
24403;0;0;0x0000;02 Illegal Data Address
24404;0;0;0x0000;02 Illegal Data Address
24405;0;0;0x0000;02 Illegal Data Address
24406;0;0;0x0000;02 Illegal Data Address
24407;0;0;0x0000;02 Illegal Data Address
24408;0;0;0x0000;02 Illegal Data Address
24409;0;0;0x0000;02 Illegal Data Address
24410;0;0;0x0000;02 Illegal Data Address
24411;0;0;0x0000;02 Illegal Data Address
24412;0;0;0x0000;02 Illegal Data Address
24413;0;0;0x0000;02 Illegal Data Address
24414;0;0;0x0000;02 Illegal Data Address
24415;0;0;0x0000;02 Illegal Data Address
24416;0;0;0x0000;02 Illegal Data Address
24417;0;0;0x0000;02 Illegal Data Address
24418;0;0;0x0000;02 Illegal Data Address
24419;0;0;0x0000;02 Illegal Data Address
24420;0;0;0x0000;02 Illegal Data Address
24421;0;0;0x0000;02 Illegal Data Address
24422;0;0;0x0000;02 Illegal Data Address
24423;0;0;0x0000;02 Illegal Data Address
24424;0;0;0x0000;02 Illegal Data Address
24425;0;0;0x0000;02 Illegal Data Address
24426;0;0;0x0000;02 Illegal Data Address
24427;0;0;0x0000;02 Illegal Data Address
24428;0;0;0x0000;02 Illegal Data Address
24429;0;0;0x0000;02 Illegal Data Address
24430;0;0;0x0000;02 Illegal Data Address
24431;0;0;0x0000;02 Illegal Data Address
24432;0;0;0x0000;02 Illegal Data Address
24433;0;0;0x0000;02 Illegal Data Address
24434;0;0;0x0000;02 Illegal Data Address
24435;0;0;0x0000;02 Illegal Data Address
24436;0;0;0x0000;02 Illegal Data Address
24437;0;0;0x0000;02 Illegal Data Address
24438;0;0;0x0000;02 Illegal Data Address
24439;0;0;0x0000;02 Illegal Data Address
24440;0;0;0x0000;02 Illegal Data Address
24441;0;0;0x0000;02 Illegal Data Address
24442;0;0;0x0000;02 Illegal Data Address
24443;0;0;0x0000;02 Illegal Data Address
24444;0;0;0x0000;02 Illegal Data Address
24445;0;0;0x0000;02 Illegal Data Address
24446;0;0;0x0000;02 Illegal Data Address
24447;0;0;0x0000;02 Illegal Data Address
24448;0;0;0x0000;02 Illegal Data Address
24449;0;0;0x0000;02 Illegal Data Address
24450;0;0;0x0000;02 Illegal Data Address
24451;0;0;0x0000;02 Illegal Data Address
24452;0;0;0x0000;02 Illegal Data Address
24453;0;0;0x0000;02 Illegal Data Address
24454;0;0;0x0000;02 Illegal Data Address
24455;0;0;0x0000;02 Illegal Data Address
24456;0;0;0x0000;02 Illegal Data Address
24457;0;0;0x0000;02 Illegal Data Address
24458;0;0;0x0000;02 Illegal Data Address
24459;0;0;0x0000;02 Illegal Data Address
24460;0;0;0x0000;02 Illegal Data Address
24461;0;0;0x0000;02 Illegal Data Address
24462;0;0;0x0000;02 Illegal Data Address
24463;0;0;0x0000;02 Illegal Data Address
24464;0;0;0x0000;02 Illegal Data Address
24465;0;0;0x0000;02 Illegal Data Address
24466;0;0;0x0000;02 Illegal Data Address
24467;0;0;0x0000;02 Illegal Data Address
24468;0;0;0x0000;02 Illegal Data Address
24469;0;0;0x0000;02 Illegal Data Address
24470;0;0;0x0000;02 Illegal Data Address
24471;0;0;0x0000;02 Illegal Data Address
24472;0;0;0x0000;02 Illegal Data Address
24473;0;0;0x0000;02 Illegal Data Address
24474;0;0;0x0000;02 Illegal Data Address
24475;0;0;0x0000;02 Illegal Data Address
24476;0;0;0x0000;02 Illegal Data Address
24477;0;0;0x0000;02 Illegal Data Address
24478;0;0;0x0000;02 Illegal Data Address
24479;0;0;0x0000;02 Illegal Data Address
24480;0;0;0x0000;02 Illegal Data Address
24481;0;0;0x0000;02 Illegal Data Address
24482;0;0;0x0000;02 Illegal Data Address
24483;0;0;0x0000;02 Illegal Data Address
24484;0;0;0x0000;02 Illegal Data Address
24485;0;0;0x0000;02 Illegal Data Address
24486;0;0;0x0000;02 Illegal Data Address
24487;0;0;0x0000;02 Illegal Data Address
24488;0;0;0x0000;02 Illegal Data Address
24489;0;0;0x0000;02 Illegal Data Address
24490;0;0;0x0000;02 Illegal Data Address
24491;0;0;0x0000;02 Illegal Data Address
24492;0;0;0x0000;02 Illegal Data Address
24493;0;0;0x0000;02 Illegal Data Address
24494;0;0;0x0000;02 Illegal Data Address
24495;0;0;0x0000;02 Illegal Data Address
24496;0;0;0x0000;02 Illegal Data Address
24497;0;0;0x0000;02 Illegal Data Address
24498;0;0;0x0000;02 Illegal Data Address
24499;0;0;0x0000;02 Illegal Data Address
24500;0;0;0x0000;02 Illegal Data Address
24501;0;0;0x0000;02 Illegal Data Address
24502;0;0;0x0000;02 Illegal Data Address
24503;0;0;0x0000;02 Illegal Data Address
24504;0;0;0x0000;02 Illegal Data Address
24505;0;0;0x0000;02 Illegal Data Address
24506;0;0;0x0000;02 Illegal Data Address
24507;0;0;0x0000;02 Illegal Data Address
24508;0;0;0x0000;02 Illegal Data Address
24509;0;0;0x0000;02 Illegal Data Address
24510;0;0;0x0000;02 Illegal Data Address
24511;0;0;0x0000;02 Illegal Data Address
24512;0;0;0x0000;02 Illegal Data Address
24513;0;0;0x0000;02 Illegal Data Address
24514;0;0;0x0000;02 Illegal Data Address
24515;0;0;0x0000;02 Illegal Data Address
24516;0;0;0x0000;02 Illegal Data Address
24517;0;0;0x0000;02 Illegal Data Address
24518;0;0;0x0000;02 Illegal Data Address
24519;0;0;0x0000;02 Illegal Data Address
24520;0;0;0x0000;02 Illegal Data Address
24521;0;0;0x0000;02 Illegal Data Address
24522;0;0;0x0000;02 Illegal Data Address
24523;0;0;0x0000;02 Illegal Data Address
24524;0;0;0x0000;02 Illegal Data Address
24525;0;0;0x0000;02 Illegal Data Address
24526;0;0;0x0000;02 Illegal Data Address
24527;0;0;0x0000;02 Illegal Data Address
24528;0;0;0x0000;02 Illegal Data Address
24529;0;0;0x0000;02 Illegal Data Address
24530;0;0;0x0000;02 Illegal Data Address
24531;0;0;0x0000;02 Illegal Data Address
24532;0;0;0x0000;02 Illegal Data Address
24533;0;0;0x0000;02 Illegal Data Address
24534;0;0;0x0000;02 Illegal Data Address
24535;0;0;0x0000;02 Illegal Data Address
24536;0;0;0x0000;02 Illegal Data Address
24537;0;0;0x0000;02 Illegal Data Address
24538;0;0;0x0000;02 Illegal Data Address
24539;0;0;0x0000;02 Illegal Data Address
24540;0;0;0x0000;02 Illegal Data Address
24541;0;0;0x0000;02 Illegal Data Address
24542;0;0;0x0000;02 Illegal Data Address
24543;0;0;0x0000;02 Illegal Data Address
24544;0;0;0x0000;02 Illegal Data Address
24545;0;0;0x0000;02 Illegal Data Address
24546;0;0;0x0000;02 Illegal Data Address
24547;0;0;0x0000;02 Illegal Data Address
24548;0;0;0x0000;02 Illegal Data Address
24549;0;0;0x0000;02 Illegal Data Address
24550;0;0;0x0000;02 Illegal Data Address
24551;0;0;0x0000;02 Illegal Data Address
24552;0;0;0x0000;02 Illegal Data Address
24553;0;0;0x0000;02 Illegal Data Address
24554;0;0;0x0000;02 Illegal Data Address
24555;0;0;0x0000;02 Illegal Data Address
24556;0;0;0x0000;02 Illegal Data Address
24557;0;0;0x0000;02 Illegal Data Address
24558;0;0;0x0000;02 Illegal Data Address
24559;0;0;0x0000;02 Illegal Data Address
24560;0;0;0x0000;02 Illegal Data Address
24561;0;0;0x0000;02 Illegal Data Address
24562;0;0;0x0000;02 Illegal Data Address
24563;0;0;0x0000;02 Illegal Data Address
24564;0;0;0x0000;02 Illegal Data Address
24565;0;0;0x0000;02 Illegal Data Address
24566;0;0;0x0000;02 Illegal Data Address
24567;0;0;0x0000;02 Illegal Data Address
24568;0;0;0x0000;02 Illegal Data Address
24569;0;0;0x0000;02 Illegal Data Address
24570;0;0;0x0000;02 Illegal Data Address
24571;0;0;0x0000;02 Illegal Data Address
24572;0;0;0x0000;02 Illegal Data Address
24573;0;0;0x0000;02 Illegal Data Address
24574;0;0;0x0000;02 Illegal Data Address
24575;0;0;0x0000;02 Illegal Data Address
24576;0;0;0x0000;02 Illegal Data Address
24577;0;0;0x0000;02 Illegal Data Address
24578;0;0;0x0000;02 Illegal Data Address
24579;0;0;0x0000;02 Illegal Data Address
24580;0;0;0x0000;02 Illegal Data Address
24581;0;0;0x0000;02 Illegal Data Address
24582;0;0;0x0000;02 Illegal Data Address
24583;0;0;0x0000;02 Illegal Data Address
24584;0;0;0x0000;02 Illegal Data Address
24585;0;0;0x0000;02 Illegal Data Address
24586;0;0;0x0000;02 Illegal Data Address
24587;0;0;0x0000;02 Illegal Data Address
24588;0;0;0x0000;02 Illegal Data Address
24589;0;0;0x0000;02 Illegal Data Address
24590;0;0;0x0000;02 Illegal Data Address
24591;0;0;0x0000;02 Illegal Data Address
24592;0;0;0x0000;02 Illegal Data Address
24593;0;0;0x0000;02 Illegal Data Address
24594;0;0;0x0000;02 Illegal Data Address
24595;0;0;0x0000;02 Illegal Data Address
24596;0;0;0x0000;02 Illegal Data Address
24597;0;0;0x0000;02 Illegal Data Address
24598;0;0;0x0000;02 Illegal Data Address
24599;0;0;0x0000;02 Illegal Data Address
24600;0;0;0x0000;02 Illegal Data Address
24601;0;0;0x0000;02 Illegal Data Address
24602;0;0;0x0000;02 Illegal Data Address
24603;0;0;0x0000;02 Illegal Data Address
24604;0;0;0x0000;02 Illegal Data Address
24605;0;0;0x0000;02 Illegal Data Address
24606;0;0;0x0000;02 Illegal Data Address
24607;0;0;0x0000;02 Illegal Data Address
24608;0;0;0x0000;02 Illegal Data Address
24609;0;0;0x0000;02 Illegal Data Address
24610;0;0;0x0000;02 Illegal Data Address
24611;0;0;0x0000;02 Illegal Data Address
24612;0;0;0x0000;02 Illegal Data Address
24613;0;0;0x0000;02 Illegal Data Address
24614;0;0;0x0000;02 Illegal Data Address
24615;0;0;0x0000;02 Illegal Data Address
24616;0;0;0x0000;02 Illegal Data Address
24617;0;0;0x0000;02 Illegal Data Address
24618;0;0;0x0000;02 Illegal Data Address
24619;0;0;0x0000;02 Illegal Data Address
24620;0;0;0x0000;02 Illegal Data Address
24621;0;0;0x0000;02 Illegal Data Address
24622;0;0;0x0000;02 Illegal Data Address
24623;0;0;0x0000;02 Illegal Data Address
24624;0;0;0x0000;02 Illegal Data Address
24625;0;0;0x0000;02 Illegal Data Address
24626;0;0;0x0000;02 Illegal Data Address
24627;0;0;0x0000;02 Illegal Data Address
24628;0;0;0x0000;02 Illegal Data Address
24629;0;0;0x0000;02 Illegal Data Address
24630;0;0;0x0000;02 Illegal Data Address
24631;0;0;0x0000;02 Illegal Data Address
24632;0;0;0x0000;02 Illegal Data Address
24633;0;0;0x0000;02 Illegal Data Address
24634;0;0;0x0000;02 Illegal Data Address
24635;0;0;0x0000;02 Illegal Data Address
24636;0;0;0x0000;02 Illegal Data Address
24637;0;0;0x0000;02 Illegal Data Address
24638;0;0;0x0000;02 Illegal Data Address
24639;0;0;0x0000;02 Illegal Data Address
24640;0;0;0x0000;02 Illegal Data Address
24641;0;0;0x0000;02 Illegal Data Address
24642;0;0;0x0000;02 Illegal Data Address
24643;0;0;0x0000;02 Illegal Data Address
24644;0;0;0x0000;02 Illegal Data Address
24645;0;0;0x0000;02 Illegal Data Address
24646;0;0;0x0000;02 Illegal Data Address
24647;0;0;0x0000;02 Illegal Data Address
24648;0;0;0x0000;02 Illegal Data Address
24649;0;0;0x0000;02 Illegal Data Address
24650;0;0;0x0000;02 Illegal Data Address
24651;0;0;0x0000;02 Illegal Data Address
24652;0;0;0x0000;02 Illegal Data Address
24653;0;0;0x0000;02 Illegal Data Address
24654;0;0;0x0000;02 Illegal Data Address
24655;0;0;0x0000;02 Illegal Data Address
24656;0;0;0x0000;02 Illegal Data Address
24657;0;0;0x0000;02 Illegal Data Address
24658;0;0;0x0000;02 Illegal Data Address
24659;0;0;0x0000;02 Illegal Data Address
24660;0;0;0x0000;02 Illegal Data Address
24661;0;0;0x0000;02 Illegal Data Address
24662;0;0;0x0000;02 Illegal Data Address
24663;0;0;0x0000;02 Illegal Data Address
24664;0;0;0x0000;02 Illegal Data Address
24665;0;0;0x0000;02 Illegal Data Address
24666;0;0;0x0000;02 Illegal Data Address
24667;0;0;0x0000;02 Illegal Data Address
24668;0;0;0x0000;02 Illegal Data Address
24669;0;0;0x0000;02 Illegal Data Address
24670;0;0;0x0000;02 Illegal Data Address
24671;0;0;0x0000;02 Illegal Data Address
24672;0;0;0x0000;02 Illegal Data Address
24673;0;0;0x0000;02 Illegal Data Address
24674;0;0;0x0000;02 Illegal Data Address
24675;0;0;0x0000;02 Illegal Data Address
24676;0;0;0x0000;02 Illegal Data Address
24677;0;0;0x0000;02 Illegal Data Address
24678;0;0;0x0000;02 Illegal Data Address
24679;0;0;0x0000;02 Illegal Data Address
24680;0;0;0x0000;02 Illegal Data Address
24681;0;0;0x0000;02 Illegal Data Address
24682;0;0;0x0000;02 Illegal Data Address
24683;0;0;0x0000;02 Illegal Data Address
24684;0;0;0x0000;02 Illegal Data Address
24685;0;0;0x0000;02 Illegal Data Address
24686;0;0;0x0000;02 Illegal Data Address
24687;0;0;0x0000;02 Illegal Data Address
24688;0;0;0x0000;02 Illegal Data Address
24689;0;0;0x0000;02 Illegal Data Address
24690;0;0;0x0000;02 Illegal Data Address
24691;0;0;0x0000;02 Illegal Data Address
24692;0;0;0x0000;02 Illegal Data Address
24693;0;0;0x0000;02 Illegal Data Address
24694;0;0;0x0000;02 Illegal Data Address
24695;0;0;0x0000;02 Illegal Data Address
24696;0;0;0x0000;02 Illegal Data Address
24697;0;0;0x0000;02 Illegal Data Address
24698;0;0;0x0000;02 Illegal Data Address
24699;0;0;0x0000;02 Illegal Data Address
24700;0;0;0x0000;02 Illegal Data Address
24701;0;0;0x0000;02 Illegal Data Address
24702;0;0;0x0000;02 Illegal Data Address
24703;0;0;0x0000;02 Illegal Data Address
24704;0;0;0x0000;02 Illegal Data Address
24705;0;0;0x0000;02 Illegal Data Address
24706;0;0;0x0000;02 Illegal Data Address
24707;0;0;0x0000;02 Illegal Data Address
24708;0;0;0x0000;02 Illegal Data Address
24709;0;0;0x0000;02 Illegal Data Address
24710;0;0;0x0000;02 Illegal Data Address
24711;0;0;0x0000;02 Illegal Data Address
24712;0;0;0x0000;02 Illegal Data Address
24713;0;0;0x0000;02 Illegal Data Address
24714;0;0;0x0000;02 Illegal Data Address
24715;0;0;0x0000;02 Illegal Data Address
24716;0;0;0x0000;02 Illegal Data Address
24717;0;0;0x0000;02 Illegal Data Address
24718;0;0;0x0000;02 Illegal Data Address
24719;0;0;0x0000;02 Illegal Data Address
24720;0;0;0x0000;02 Illegal Data Address
24721;0;0;0x0000;02 Illegal Data Address
24722;0;0;0x0000;02 Illegal Data Address
24723;0;0;0x0000;02 Illegal Data Address
24724;0;0;0x0000;02 Illegal Data Address
24725;0;0;0x0000;02 Illegal Data Address
24726;0;0;0x0000;02 Illegal Data Address
24727;0;0;0x0000;02 Illegal Data Address
24728;0;0;0x0000;02 Illegal Data Address
24729;0;0;0x0000;02 Illegal Data Address
24730;0;0;0x0000;02 Illegal Data Address
24731;0;0;0x0000;02 Illegal Data Address
24732;0;0;0x0000;02 Illegal Data Address
24733;0;0;0x0000;02 Illegal Data Address
24734;0;0;0x0000;02 Illegal Data Address
24735;0;0;0x0000;02 Illegal Data Address
24736;0;0;0x0000;02 Illegal Data Address
24737;0;0;0x0000;02 Illegal Data Address
24738;0;0;0x0000;02 Illegal Data Address
24739;0;0;0x0000;02 Illegal Data Address
24740;0;0;0x0000;02 Illegal Data Address
24741;0;0;0x0000;02 Illegal Data Address
24742;0;0;0x0000;02 Illegal Data Address
24743;0;0;0x0000;02 Illegal Data Address
24744;0;0;0x0000;02 Illegal Data Address
24745;0;0;0x0000;02 Illegal Data Address
24746;0;0;0x0000;02 Illegal Data Address
24747;0;0;0x0000;02 Illegal Data Address
24748;0;0;0x0000;02 Illegal Data Address
24749;0;0;0x0000;02 Illegal Data Address
24750;0;0;0x0000;02 Illegal Data Address
24751;0;0;0x0000;02 Illegal Data Address
24752;0;0;0x0000;02 Illegal Data Address
24753;0;0;0x0000;02 Illegal Data Address
24754;0;0;0x0000;02 Illegal Data Address
24755;0;0;0x0000;02 Illegal Data Address
24756;0;0;0x0000;02 Illegal Data Address
24757;0;0;0x0000;02 Illegal Data Address
24758;0;0;0x0000;02 Illegal Data Address
24759;0;0;0x0000;02 Illegal Data Address
24760;0;0;0x0000;02 Illegal Data Address
24761;0;0;0x0000;02 Illegal Data Address
24762;0;0;0x0000;02 Illegal Data Address
24763;0;0;0x0000;02 Illegal Data Address
24764;0;0;0x0000;02 Illegal Data Address
24765;0;0;0x0000;02 Illegal Data Address
24766;0;0;0x0000;02 Illegal Data Address
24767;0;0;0x0000;02 Illegal Data Address
24768;0;0;0x0000;02 Illegal Data Address
24769;0;0;0x0000;02 Illegal Data Address
24770;0;0;0x0000;02 Illegal Data Address
24771;0;0;0x0000;02 Illegal Data Address
24772;0;0;0x0000;02 Illegal Data Address
24773;0;0;0x0000;02 Illegal Data Address
24774;0;0;0x0000;02 Illegal Data Address
24775;0;0;0x0000;02 Illegal Data Address
24776;0;0;0x0000;02 Illegal Data Address
24777;0;0;0x0000;02 Illegal Data Address
24778;0;0;0x0000;02 Illegal Data Address
24779;0;0;0x0000;02 Illegal Data Address
24780;0;0;0x0000;02 Illegal Data Address
24781;0;0;0x0000;02 Illegal Data Address
24782;0;0;0x0000;02 Illegal Data Address
24783;0;0;0x0000;02 Illegal Data Address
24784;0;0;0x0000;02 Illegal Data Address
24785;0;0;0x0000;02 Illegal Data Address
24786;0;0;0x0000;02 Illegal Data Address
24787;0;0;0x0000;02 Illegal Data Address
24788;0;0;0x0000;02 Illegal Data Address
24789;0;0;0x0000;02 Illegal Data Address
24790;0;0;0x0000;02 Illegal Data Address
24791;0;0;0x0000;02 Illegal Data Address
24792;0;0;0x0000;02 Illegal Data Address
24793;0;0;0x0000;02 Illegal Data Address
24794;0;0;0x0000;02 Illegal Data Address
24795;0;0;0x0000;02 Illegal Data Address
24796;0;0;0x0000;02 Illegal Data Address
24797;0;0;0x0000;02 Illegal Data Address
24798;0;0;0x0000;02 Illegal Data Address
24799;0;0;0x0000;02 Illegal Data Address
24800;0;0;0x0000;02 Illegal Data Address
24801;0;0;0x0000;02 Illegal Data Address
24802;0;0;0x0000;02 Illegal Data Address
24803;0;0;0x0000;02 Illegal Data Address
24804;0;0;0x0000;02 Illegal Data Address
24805;0;0;0x0000;02 Illegal Data Address
24806;0;0;0x0000;02 Illegal Data Address
24807;0;0;0x0000;02 Illegal Data Address
24808;0;0;0x0000;02 Illegal Data Address
24809;0;0;0x0000;02 Illegal Data Address
24810;0;0;0x0000;02 Illegal Data Address
24811;0;0;0x0000;02 Illegal Data Address
24812;0;0;0x0000;02 Illegal Data Address
24813;0;0;0x0000;02 Illegal Data Address
24814;0;0;0x0000;02 Illegal Data Address
24815;0;0;0x0000;02 Illegal Data Address
24816;0;0;0x0000;02 Illegal Data Address
24817;0;0;0x0000;02 Illegal Data Address
24818;0;0;0x0000;02 Illegal Data Address
24819;0;0;0x0000;02 Illegal Data Address
24820;0;0;0x0000;02 Illegal Data Address
24821;0;0;0x0000;02 Illegal Data Address
24822;0;0;0x0000;02 Illegal Data Address
24823;0;0;0x0000;02 Illegal Data Address
24824;0;0;0x0000;02 Illegal Data Address
24825;0;0;0x0000;02 Illegal Data Address
24826;0;0;0x0000;02 Illegal Data Address
24827;0;0;0x0000;02 Illegal Data Address
24828;0;0;0x0000;02 Illegal Data Address
24829;0;0;0x0000;02 Illegal Data Address
24830;0;0;0x0000;02 Illegal Data Address
24831;0;0;0x0000;02 Illegal Data Address
24832;0;0;0x0000;02 Illegal Data Address
24833;0;0;0x0000;02 Illegal Data Address
24834;0;0;0x0000;02 Illegal Data Address
24835;0;0;0x0000;02 Illegal Data Address
24836;0;0;0x0000;02 Illegal Data Address
24837;0;0;0x0000;02 Illegal Data Address
24838;0;0;0x0000;02 Illegal Data Address
24839;0;0;0x0000;02 Illegal Data Address
24840;0;0;0x0000;02 Illegal Data Address
24841;0;0;0x0000;02 Illegal Data Address
24842;0;0;0x0000;02 Illegal Data Address
24843;0;0;0x0000;02 Illegal Data Address
24844;0;0;0x0000;02 Illegal Data Address
24845;0;0;0x0000;02 Illegal Data Address
24846;0;0;0x0000;02 Illegal Data Address
24847;0;0;0x0000;02 Illegal Data Address
24848;0;0;0x0000;02 Illegal Data Address
24849;0;0;0x0000;02 Illegal Data Address
24850;0;0;0x0000;02 Illegal Data Address
24851;0;0;0x0000;02 Illegal Data Address
24852;0;0;0x0000;02 Illegal Data Address
24853;0;0;0x0000;02 Illegal Data Address
24854;0;0;0x0000;02 Illegal Data Address
24855;0;0;0x0000;02 Illegal Data Address
24856;0;0;0x0000;02 Illegal Data Address
24857;0;0;0x0000;02 Illegal Data Address
24858;0;0;0x0000;02 Illegal Data Address
24859;0;0;0x0000;02 Illegal Data Address
24860;0;0;0x0000;02 Illegal Data Address
24861;0;0;0x0000;02 Illegal Data Address
24862;0;0;0x0000;02 Illegal Data Address
24863;0;0;0x0000;02 Illegal Data Address
24864;0;0;0x0000;02 Illegal Data Address
24865;0;0;0x0000;02 Illegal Data Address
24866;0;0;0x0000;02 Illegal Data Address
24867;0;0;0x0000;02 Illegal Data Address
24868;0;0;0x0000;02 Illegal Data Address
24869;0;0;0x0000;02 Illegal Data Address
24870;0;0;0x0000;02 Illegal Data Address
24871;0;0;0x0000;02 Illegal Data Address
24872;0;0;0x0000;02 Illegal Data Address
24873;0;0;0x0000;02 Illegal Data Address
24874;0;0;0x0000;02 Illegal Data Address
24875;0;0;0x0000;02 Illegal Data Address
24876;0;0;0x0000;02 Illegal Data Address
24877;0;0;0x0000;02 Illegal Data Address
24878;0;0;0x0000;02 Illegal Data Address
24879;0;0;0x0000;02 Illegal Data Address
24880;0;0;0x0000;02 Illegal Data Address
24881;0;0;0x0000;02 Illegal Data Address
24882;0;0;0x0000;02 Illegal Data Address
24883;0;0;0x0000;02 Illegal Data Address
24884;0;0;0x0000;02 Illegal Data Address
24885;0;0;0x0000;02 Illegal Data Address
24886;0;0;0x0000;02 Illegal Data Address
24887;0;0;0x0000;02 Illegal Data Address
24888;0;0;0x0000;02 Illegal Data Address
24889;0;0;0x0000;02 Illegal Data Address
24890;0;0;0x0000;02 Illegal Data Address
24891;0;0;0x0000;02 Illegal Data Address
24892;0;0;0x0000;02 Illegal Data Address
24893;0;0;0x0000;02 Illegal Data Address
24894;0;0;0x0000;02 Illegal Data Address
24895;0;0;0x0000;02 Illegal Data Address
24896;0;0;0x0000;02 Illegal Data Address
24897;0;0;0x0000;02 Illegal Data Address
24898;0;0;0x0000;02 Illegal Data Address
24899;0;0;0x0000;02 Illegal Data Address
24900;0;0;0x0000;02 Illegal Data Address
24901;0;0;0x0000;02 Illegal Data Address
24902;0;0;0x0000;02 Illegal Data Address
24903;0;0;0x0000;02 Illegal Data Address
24904;0;0;0x0000;02 Illegal Data Address
24905;0;0;0x0000;02 Illegal Data Address
24906;0;0;0x0000;02 Illegal Data Address
24907;0;0;0x0000;02 Illegal Data Address
24908;0;0;0x0000;02 Illegal Data Address
24909;0;0;0x0000;02 Illegal Data Address
24910;0;0;0x0000;02 Illegal Data Address
24911;0;0;0x0000;02 Illegal Data Address
24912;0;0;0x0000;02 Illegal Data Address
24913;0;0;0x0000;02 Illegal Data Address
24914;0;0;0x0000;02 Illegal Data Address
24915;0;0;0x0000;02 Illegal Data Address
24916;0;0;0x0000;02 Illegal Data Address
24917;0;0;0x0000;02 Illegal Data Address
24918;0;0;0x0000;02 Illegal Data Address
24919;0;0;0x0000;02 Illegal Data Address
24920;0;0;0x0000;02 Illegal Data Address
24921;0;0;0x0000;02 Illegal Data Address
24922;0;0;0x0000;02 Illegal Data Address
24923;0;0;0x0000;02 Illegal Data Address
24924;0;0;0x0000;02 Illegal Data Address
24925;0;0;0x0000;02 Illegal Data Address
24926;0;0;0x0000;02 Illegal Data Address
24927;0;0;0x0000;02 Illegal Data Address
24928;0;0;0x0000;02 Illegal Data Address
24929;0;0;0x0000;02 Illegal Data Address
24930;0;0;0x0000;02 Illegal Data Address
24931;0;0;0x0000;02 Illegal Data Address
24932;0;0;0x0000;02 Illegal Data Address
24933;0;0;0x0000;02 Illegal Data Address
24934;0;0;0x0000;02 Illegal Data Address
24935;0;0;0x0000;02 Illegal Data Address
24936;0;0;0x0000;02 Illegal Data Address
24937;0;0;0x0000;02 Illegal Data Address
24938;0;0;0x0000;02 Illegal Data Address
24939;0;0;0x0000;02 Illegal Data Address
24940;0;0;0x0000;02 Illegal Data Address
24941;0;0;0x0000;02 Illegal Data Address
24942;0;0;0x0000;02 Illegal Data Address
24943;0;0;0x0000;02 Illegal Data Address
24944;0;0;0x0000;02 Illegal Data Address
24945;0;0;0x0000;02 Illegal Data Address
24946;0;0;0x0000;02 Illegal Data Address
24947;0;0;0x0000;02 Illegal Data Address
24948;0;0;0x0000;02 Illegal Data Address
24949;0;0;0x0000;02 Illegal Data Address
24950;0;0;0x0000;02 Illegal Data Address
24951;0;0;0x0000;02 Illegal Data Address
24952;0;0;0x0000;02 Illegal Data Address
24953;0;0;0x0000;02 Illegal Data Address
24954;0;0;0x0000;02 Illegal Data Address
24955;0;0;0x0000;02 Illegal Data Address
24956;0;0;0x0000;02 Illegal Data Address
24957;0;0;0x0000;02 Illegal Data Address
24958;0;0;0x0000;02 Illegal Data Address
24959;0;0;0x0000;02 Illegal Data Address
24960;0;0;0x0000;02 Illegal Data Address
24961;0;0;0x0000;02 Illegal Data Address
24962;0;0;0x0000;02 Illegal Data Address
24963;0;0;0x0000;02 Illegal Data Address
24964;0;0;0x0000;02 Illegal Data Address
24965;0;0;0x0000;02 Illegal Data Address
24966;0;0;0x0000;02 Illegal Data Address
24967;0;0;0x0000;02 Illegal Data Address
24968;0;0;0x0000;02 Illegal Data Address
24969;0;0;0x0000;02 Illegal Data Address
24970;0;0;0x0000;02 Illegal Data Address
24971;0;0;0x0000;02 Illegal Data Address
24972;0;0;0x0000;02 Illegal Data Address
24973;0;0;0x0000;02 Illegal Data Address
24974;0;0;0x0000;02 Illegal Data Address
24975;0;0;0x0000;02 Illegal Data Address
24976;0;0;0x0000;02 Illegal Data Address
24977;0;0;0x0000;02 Illegal Data Address
24978;0;0;0x0000;02 Illegal Data Address
24979;0;0;0x0000;02 Illegal Data Address
24980;0;0;0x0000;02 Illegal Data Address
24981;0;0;0x0000;02 Illegal Data Address
24982;0;0;0x0000;02 Illegal Data Address
24983;0;0;0x0000;02 Illegal Data Address
24984;0;0;0x0000;02 Illegal Data Address
24985;0;0;0x0000;02 Illegal Data Address
24986;0;0;0x0000;02 Illegal Data Address
24987;0;0;0x0000;02 Illegal Data Address
24988;0;0;0x0000;02 Illegal Data Address
24989;0;0;0x0000;02 Illegal Data Address
24990;0;0;0x0000;02 Illegal Data Address
24991;0;0;0x0000;02 Illegal Data Address
24992;0;0;0x0000;02 Illegal Data Address
24993;0;0;0x0000;02 Illegal Data Address
24994;0;0;0x0000;02 Illegal Data Address
24995;0;0;0x0000;02 Illegal Data Address
24996;0;0;0x0000;02 Illegal Data Address
24997;0;0;0x0000;02 Illegal Data Address
24998;0;0;0x0000;02 Illegal Data Address
24999;0;0;0x0000;02 Illegal Data Address
25000;0;0;0x0000;02 Illegal Data Address
25001;0;0;0x0000;02 Illegal Data Address
25002;0;0;0x0000;02 Illegal Data Address
25003;0;0;0x0000;02 Illegal Data Address
25004;0;0;0x0000;02 Illegal Data Address
25005;0;0;0x0000;02 Illegal Data Address
25006;0;0;0x0000;02 Illegal Data Address
25007;0;0;0x0000;02 Illegal Data Address
25008;0;0;0x0000;02 Illegal Data Address
25009;0;0;0x0000;02 Illegal Data Address
25010;0;0;0x0000;02 Illegal Data Address
25011;0;0;0x0000;02 Illegal Data Address
25012;0;0;0x0000;02 Illegal Data Address
25013;0;0;0x0000;02 Illegal Data Address
25014;0;0;0x0000;02 Illegal Data Address
25015;0;0;0x0000;02 Illegal Data Address
25016;0;0;0x0000;02 Illegal Data Address
25017;0;0;0x0000;02 Illegal Data Address
25018;0;0;0x0000;02 Illegal Data Address
25019;0;0;0x0000;02 Illegal Data Address
25020;0;0;0x0000;02 Illegal Data Address
25021;0;0;0x0000;02 Illegal Data Address
25022;0;0;0x0000;02 Illegal Data Address
25023;0;0;0x0000;02 Illegal Data Address
25024;0;0;0x0000;02 Illegal Data Address
25025;0;0;0x0000;02 Illegal Data Address
25026;0;0;0x0000;02 Illegal Data Address
25027;0;0;0x0000;02 Illegal Data Address
25028;0;0;0x0000;02 Illegal Data Address
25029;0;0;0x0000;02 Illegal Data Address
25030;0;0;0x0000;02 Illegal Data Address
25031;0;0;0x0000;02 Illegal Data Address
25032;0;0;0x0000;02 Illegal Data Address
25033;0;0;0x0000;02 Illegal Data Address
25034;0;0;0x0000;02 Illegal Data Address
25035;0;0;0x0000;02 Illegal Data Address
25036;0;0;0x0000;02 Illegal Data Address
25037;0;0;0x0000;02 Illegal Data Address
25038;0;0;0x0000;02 Illegal Data Address
25039;0;0;0x0000;02 Illegal Data Address
25040;0;0;0x0000;02 Illegal Data Address
25041;0;0;0x0000;02 Illegal Data Address
25042;0;0;0x0000;02 Illegal Data Address
25043;0;0;0x0000;02 Illegal Data Address
25044;0;0;0x0000;02 Illegal Data Address
25045;0;0;0x0000;02 Illegal Data Address
25046;0;0;0x0000;02 Illegal Data Address
25047;0;0;0x0000;02 Illegal Data Address
25048;0;0;0x0000;02 Illegal Data Address
25049;0;0;0x0000;02 Illegal Data Address
25050;0;0;0x0000;02 Illegal Data Address
25051;0;0;0x0000;02 Illegal Data Address
25052;0;0;0x0000;02 Illegal Data Address
25053;0;0;0x0000;02 Illegal Data Address
25054;0;0;0x0000;02 Illegal Data Address
25055;0;0;0x0000;02 Illegal Data Address
25056;0;0;0x0000;02 Illegal Data Address
25057;0;0;0x0000;02 Illegal Data Address
25058;0;0;0x0000;02 Illegal Data Address
25059;0;0;0x0000;02 Illegal Data Address
25060;0;0;0x0000;02 Illegal Data Address
25061;0;0;0x0000;02 Illegal Data Address
25062;0;0;0x0000;02 Illegal Data Address
25063;0;0;0x0000;02 Illegal Data Address
25064;0;0;0x0000;02 Illegal Data Address
25065;0;0;0x0000;02 Illegal Data Address
25066;0;0;0x0000;02 Illegal Data Address
25067;0;0;0x0000;02 Illegal Data Address
25068;0;0;0x0000;02 Illegal Data Address
25069;0;0;0x0000;02 Illegal Data Address
25070;0;0;0x0000;02 Illegal Data Address
25071;0;0;0x0000;02 Illegal Data Address
25072;0;0;0x0000;02 Illegal Data Address
25073;0;0;0x0000;02 Illegal Data Address
25074;0;0;0x0000;02 Illegal Data Address
25075;0;0;0x0000;02 Illegal Data Address
25076;0;0;0x0000;02 Illegal Data Address
25077;0;0;0x0000;02 Illegal Data Address
25078;0;0;0x0000;02 Illegal Data Address
25079;0;0;0x0000;02 Illegal Data Address
25080;0;0;0x0000;02 Illegal Data Address
25081;0;0;0x0000;02 Illegal Data Address
25082;0;0;0x0000;02 Illegal Data Address
25083;0;0;0x0000;02 Illegal Data Address
25084;0;0;0x0000;02 Illegal Data Address
25085;0;0;0x0000;02 Illegal Data Address
25086;0;0;0x0000;02 Illegal Data Address
25087;0;0;0x0000;02 Illegal Data Address
25088;0;0;0x0000;02 Illegal Data Address
25089;0;0;0x0000;02 Illegal Data Address
25090;0;0;0x0000;02 Illegal Data Address
25091;0;0;0x0000;02 Illegal Data Address
25092;0;0;0x0000;02 Illegal Data Address
25093;0;0;0x0000;02 Illegal Data Address
25094;0;0;0x0000;02 Illegal Data Address
25095;0;0;0x0000;02 Illegal Data Address
25096;0;0;0x0000;02 Illegal Data Address
25097;0;0;0x0000;02 Illegal Data Address
25098;0;0;0x0000;02 Illegal Data Address
25099;0;0;0x0000;02 Illegal Data Address
25100;0;0;0x0000;02 Illegal Data Address
25101;0;0;0x0000;02 Illegal Data Address
25102;0;0;0x0000;02 Illegal Data Address
25103;0;0;0x0000;02 Illegal Data Address
25104;0;0;0x0000;02 Illegal Data Address
25105;0;0;0x0000;02 Illegal Data Address
25106;0;0;0x0000;02 Illegal Data Address
25107;0;0;0x0000;02 Illegal Data Address
25108;0;0;0x0000;02 Illegal Data Address
25109;0;0;0x0000;02 Illegal Data Address
25110;0;0;0x0000;02 Illegal Data Address
25111;0;0;0x0000;02 Illegal Data Address
25112;0;0;0x0000;02 Illegal Data Address
25113;0;0;0x0000;02 Illegal Data Address
25114;0;0;0x0000;02 Illegal Data Address
25115;0;0;0x0000;02 Illegal Data Address
25116;0;0;0x0000;02 Illegal Data Address
25117;0;0;0x0000;02 Illegal Data Address
25118;0;0;0x0000;02 Illegal Data Address
25119;0;0;0x0000;02 Illegal Data Address
25120;0;0;0x0000;02 Illegal Data Address
25121;0;0;0x0000;02 Illegal Data Address
25122;0;0;0x0000;02 Illegal Data Address
25123;0;0;0x0000;02 Illegal Data Address
25124;0;0;0x0000;02 Illegal Data Address
25125;0;0;0x0000;02 Illegal Data Address
25126;0;0;0x0000;02 Illegal Data Address
25127;0;0;0x0000;02 Illegal Data Address
25128;0;0;0x0000;02 Illegal Data Address
25129;0;0;0x0000;02 Illegal Data Address
25130;0;0;0x0000;02 Illegal Data Address
25131;0;0;0x0000;02 Illegal Data Address
25132;0;0;0x0000;02 Illegal Data Address
25133;0;0;0x0000;02 Illegal Data Address
25134;0;0;0x0000;02 Illegal Data Address
25135;0;0;0x0000;02 Illegal Data Address
25136;0;0;0x0000;02 Illegal Data Address
25137;0;0;0x0000;02 Illegal Data Address
25138;0;0;0x0000;02 Illegal Data Address
25139;0;0;0x0000;02 Illegal Data Address
25140;0;0;0x0000;02 Illegal Data Address
25141;0;0;0x0000;02 Illegal Data Address
25142;0;0;0x0000;02 Illegal Data Address
25143;0;0;0x0000;02 Illegal Data Address
25144;0;0;0x0000;02 Illegal Data Address
25145;0;0;0x0000;02 Illegal Data Address
25146;0;0;0x0000;02 Illegal Data Address
25147;0;0;0x0000;02 Illegal Data Address
25148;0;0;0x0000;02 Illegal Data Address
25149;0;0;0x0000;02 Illegal Data Address
25150;0;0;0x0000;02 Illegal Data Address
25151;0;0;0x0000;02 Illegal Data Address
25152;0;0;0x0000;02 Illegal Data Address
25153;0;0;0x0000;02 Illegal Data Address
25154;0;0;0x0000;02 Illegal Data Address
25155;0;0;0x0000;02 Illegal Data Address
25156;0;0;0x0000;02 Illegal Data Address
25157;0;0;0x0000;02 Illegal Data Address
25158;0;0;0x0000;02 Illegal Data Address
25159;0;0;0x0000;02 Illegal Data Address
25160;0;0;0x0000;02 Illegal Data Address
25161;0;0;0x0000;02 Illegal Data Address
25162;0;0;0x0000;02 Illegal Data Address
25163;0;0;0x0000;02 Illegal Data Address
25164;0;0;0x0000;02 Illegal Data Address
25165;0;0;0x0000;02 Illegal Data Address
25166;0;0;0x0000;02 Illegal Data Address
25167;0;0;0x0000;02 Illegal Data Address
25168;0;0;0x0000;02 Illegal Data Address
25169;0;0;0x0000;02 Illegal Data Address
25170;0;0;0x0000;02 Illegal Data Address
25171;0;0;0x0000;02 Illegal Data Address
25172;0;0;0x0000;02 Illegal Data Address
25173;0;0;0x0000;02 Illegal Data Address
25174;0;0;0x0000;02 Illegal Data Address
25175;0;0;0x0000;02 Illegal Data Address
25176;0;0;0x0000;02 Illegal Data Address
25177;0;0;0x0000;02 Illegal Data Address
25178;0;0;0x0000;02 Illegal Data Address
25179;0;0;0x0000;02 Illegal Data Address
25180;0;0;0x0000;02 Illegal Data Address
25181;0;0;0x0000;02 Illegal Data Address
25182;0;0;0x0000;02 Illegal Data Address
25183;0;0;0x0000;02 Illegal Data Address
25184;0;0;0x0000;02 Illegal Data Address
25185;0;0;0x0000;02 Illegal Data Address
25186;0;0;0x0000;02 Illegal Data Address
25187;0;0;0x0000;02 Illegal Data Address
25188;0;0;0x0000;02 Illegal Data Address
25189;0;0;0x0000;02 Illegal Data Address
25190;0;0;0x0000;02 Illegal Data Address
25191;0;0;0x0000;02 Illegal Data Address
25192;0;0;0x0000;02 Illegal Data Address
25193;0;0;0x0000;02 Illegal Data Address
25194;0;0;0x0000;02 Illegal Data Address
25195;0;0;0x0000;02 Illegal Data Address
25196;0;0;0x0000;02 Illegal Data Address
25197;0;0;0x0000;02 Illegal Data Address
25198;0;0;0x0000;02 Illegal Data Address
25199;0;0;0x0000;02 Illegal Data Address
25200;0;0;0x0000;02 Illegal Data Address
25201;0;0;0x0000;02 Illegal Data Address
25202;0;0;0x0000;02 Illegal Data Address
25203;0;0;0x0000;02 Illegal Data Address
25204;0;0;0x0000;02 Illegal Data Address
25205;0;0;0x0000;02 Illegal Data Address
25206;0;0;0x0000;02 Illegal Data Address
25207;0;0;0x0000;02 Illegal Data Address
25208;0;0;0x0000;02 Illegal Data Address
25209;0;0;0x0000;02 Illegal Data Address
25210;0;0;0x0000;02 Illegal Data Address
25211;0;0;0x0000;02 Illegal Data Address
25212;0;0;0x0000;02 Illegal Data Address
25213;0;0;0x0000;02 Illegal Data Address
25214;0;0;0x0000;02 Illegal Data Address
25215;0;0;0x0000;02 Illegal Data Address
25216;0;0;0x0000;02 Illegal Data Address
25217;0;0;0x0000;02 Illegal Data Address
25218;0;0;0x0000;02 Illegal Data Address
25219;0;0;0x0000;02 Illegal Data Address
25220;0;0;0x0000;02 Illegal Data Address
25221;0;0;0x0000;02 Illegal Data Address
25222;0;0;0x0000;02 Illegal Data Address
25223;0;0;0x0000;02 Illegal Data Address
25224;0;0;0x0000;02 Illegal Data Address
25225;0;0;0x0000;02 Illegal Data Address
25226;0;0;0x0000;02 Illegal Data Address
25227;0;0;0x0000;02 Illegal Data Address
25228;0;0;0x0000;02 Illegal Data Address
25229;0;0;0x0000;02 Illegal Data Address
25230;0;0;0x0000;02 Illegal Data Address
25231;0;0;0x0000;02 Illegal Data Address
25232;0;0;0x0000;02 Illegal Data Address
25233;0;0;0x0000;02 Illegal Data Address
25234;0;0;0x0000;02 Illegal Data Address
25235;0;0;0x0000;02 Illegal Data Address
25236;0;0;0x0000;02 Illegal Data Address
25237;0;0;0x0000;02 Illegal Data Address
25238;0;0;0x0000;02 Illegal Data Address
25239;0;0;0x0000;02 Illegal Data Address
25240;0;0;0x0000;02 Illegal Data Address
25241;0;0;0x0000;02 Illegal Data Address
25242;0;0;0x0000;02 Illegal Data Address
25243;0;0;0x0000;02 Illegal Data Address
25244;0;0;0x0000;02 Illegal Data Address
25245;0;0;0x0000;02 Illegal Data Address
25246;0;0;0x0000;02 Illegal Data Address
25247;0;0;0x0000;02 Illegal Data Address
25248;0;0;0x0000;02 Illegal Data Address
25249;0;0;0x0000;02 Illegal Data Address
25250;0;0;0x0000;02 Illegal Data Address
25251;0;0;0x0000;02 Illegal Data Address
25252;0;0;0x0000;02 Illegal Data Address
25253;0;0;0x0000;02 Illegal Data Address
25254;0;0;0x0000;02 Illegal Data Address
25255;0;0;0x0000;02 Illegal Data Address
25256;0;0;0x0000;02 Illegal Data Address
25257;0;0;0x0000;02 Illegal Data Address
25258;0;0;0x0000;02 Illegal Data Address
25259;0;0;0x0000;02 Illegal Data Address
25260;0;0;0x0000;02 Illegal Data Address
25261;0;0;0x0000;02 Illegal Data Address
25262;0;0;0x0000;02 Illegal Data Address
25263;0;0;0x0000;02 Illegal Data Address
25264;0;0;0x0000;02 Illegal Data Address
25265;0;0;0x0000;02 Illegal Data Address
25266;0;0;0x0000;02 Illegal Data Address
25267;0;0;0x0000;02 Illegal Data Address
25268;0;0;0x0000;02 Illegal Data Address
25269;0;0;0x0000;02 Illegal Data Address
25270;0;0;0x0000;02 Illegal Data Address
25271;0;0;0x0000;02 Illegal Data Address
25272;0;0;0x0000;02 Illegal Data Address
25273;0;0;0x0000;02 Illegal Data Address
25274;0;0;0x0000;02 Illegal Data Address
25275;0;0;0x0000;02 Illegal Data Address
25276;0;0;0x0000;02 Illegal Data Address
25277;0;0;0x0000;02 Illegal Data Address
25278;0;0;0x0000;02 Illegal Data Address
25279;0;0;0x0000;02 Illegal Data Address
25280;0;0;0x0000;02 Illegal Data Address
25281;0;0;0x0000;02 Illegal Data Address
25282;0;0;0x0000;02 Illegal Data Address
25283;0;0;0x0000;02 Illegal Data Address
25284;0;0;0x0000;02 Illegal Data Address
25285;0;0;0x0000;02 Illegal Data Address
25286;0;0;0x0000;02 Illegal Data Address
25287;0;0;0x0000;02 Illegal Data Address
25288;0;0;0x0000;02 Illegal Data Address
25289;0;0;0x0000;02 Illegal Data Address
25290;0;0;0x0000;02 Illegal Data Address
25291;0;0;0x0000;02 Illegal Data Address
25292;0;0;0x0000;02 Illegal Data Address
25293;0;0;0x0000;02 Illegal Data Address
25294;0;0;0x0000;02 Illegal Data Address
25295;0;0;0x0000;02 Illegal Data Address
25296;0;0;0x0000;02 Illegal Data Address
25297;0;0;0x0000;02 Illegal Data Address
25298;0;0;0x0000;02 Illegal Data Address
25299;0;0;0x0000;02 Illegal Data Address
25300;0;0;0x0000;02 Illegal Data Address
25301;0;0;0x0000;02 Illegal Data Address
25302;0;0;0x0000;02 Illegal Data Address
25303;0;0;0x0000;02 Illegal Data Address
25304;0;0;0x0000;02 Illegal Data Address
25305;0;0;0x0000;02 Illegal Data Address
25306;0;0;0x0000;02 Illegal Data Address
25307;0;0;0x0000;02 Illegal Data Address
25308;0;0;0x0000;02 Illegal Data Address
25309;0;0;0x0000;02 Illegal Data Address
25310;0;0;0x0000;02 Illegal Data Address
25311;0;0;0x0000;02 Illegal Data Address
25312;0;0;0x0000;02 Illegal Data Address
25313;0;0;0x0000;02 Illegal Data Address
25314;0;0;0x0000;02 Illegal Data Address
25315;0;0;0x0000;02 Illegal Data Address
25316;0;0;0x0000;02 Illegal Data Address
25317;0;0;0x0000;02 Illegal Data Address
25318;0;0;0x0000;02 Illegal Data Address
25319;0;0;0x0000;02 Illegal Data Address
25320;0;0;0x0000;02 Illegal Data Address
25321;0;0;0x0000;02 Illegal Data Address
25322;0;0;0x0000;02 Illegal Data Address
25323;0;0;0x0000;02 Illegal Data Address
25324;0;0;0x0000;02 Illegal Data Address
25325;0;0;0x0000;02 Illegal Data Address
25326;0;0;0x0000;02 Illegal Data Address
25327;0;0;0x0000;02 Illegal Data Address
25328;0;0;0x0000;02 Illegal Data Address
25329;0;0;0x0000;02 Illegal Data Address
25330;0;0;0x0000;02 Illegal Data Address
25331;0;0;0x0000;02 Illegal Data Address
25332;0;0;0x0000;02 Illegal Data Address
25333;0;0;0x0000;02 Illegal Data Address
25334;0;0;0x0000;02 Illegal Data Address
25335;0;0;0x0000;02 Illegal Data Address
25336;0;0;0x0000;02 Illegal Data Address
25337;0;0;0x0000;02 Illegal Data Address
25338;0;0;0x0000;02 Illegal Data Address
25339;0;0;0x0000;02 Illegal Data Address
25340;0;0;0x0000;02 Illegal Data Address
25341;0;0;0x0000;02 Illegal Data Address
25342;0;0;0x0000;02 Illegal Data Address
25343;0;0;0x0000;02 Illegal Data Address
25344;0;0;0x0000;02 Illegal Data Address
25345;0;0;0x0000;02 Illegal Data Address
25346;0;0;0x0000;02 Illegal Data Address
25347;0;0;0x0000;02 Illegal Data Address
25348;0;0;0x0000;02 Illegal Data Address
25349;0;0;0x0000;02 Illegal Data Address
25350;0;0;0x0000;02 Illegal Data Address
25351;0;0;0x0000;02 Illegal Data Address
25352;0;0;0x0000;02 Illegal Data Address
25353;0;0;0x0000;02 Illegal Data Address
25354;0;0;0x0000;02 Illegal Data Address
25355;0;0;0x0000;02 Illegal Data Address
25356;0;0;0x0000;02 Illegal Data Address
25357;0;0;0x0000;02 Illegal Data Address
25358;0;0;0x0000;02 Illegal Data Address
25359;0;0;0x0000;02 Illegal Data Address
25360;0;0;0x0000;02 Illegal Data Address
25361;0;0;0x0000;02 Illegal Data Address
25362;0;0;0x0000;02 Illegal Data Address
25363;0;0;0x0000;02 Illegal Data Address
25364;0;0;0x0000;02 Illegal Data Address
25365;0;0;0x0000;02 Illegal Data Address
25366;0;0;0x0000;02 Illegal Data Address
25367;0;0;0x0000;02 Illegal Data Address
25368;0;0;0x0000;02 Illegal Data Address
25369;0;0;0x0000;02 Illegal Data Address
25370;0;0;0x0000;02 Illegal Data Address
25371;0;0;0x0000;02 Illegal Data Address
25372;0;0;0x0000;02 Illegal Data Address
25373;0;0;0x0000;02 Illegal Data Address
25374;0;0;0x0000;02 Illegal Data Address
25375;0;0;0x0000;02 Illegal Data Address
25376;0;0;0x0000;02 Illegal Data Address
25377;0;0;0x0000;02 Illegal Data Address
25378;0;0;0x0000;02 Illegal Data Address
25379;0;0;0x0000;02 Illegal Data Address
25380;0;0;0x0000;02 Illegal Data Address
25381;0;0;0x0000;02 Illegal Data Address
25382;0;0;0x0000;02 Illegal Data Address
25383;0;0;0x0000;02 Illegal Data Address
25384;0;0;0x0000;02 Illegal Data Address
25385;0;0;0x0000;02 Illegal Data Address
25386;0;0;0x0000;02 Illegal Data Address
25387;0;0;0x0000;02 Illegal Data Address
25388;0;0;0x0000;02 Illegal Data Address
25389;0;0;0x0000;02 Illegal Data Address
25390;0;0;0x0000;02 Illegal Data Address
25391;0;0;0x0000;02 Illegal Data Address
25392;0;0;0x0000;02 Illegal Data Address
25393;0;0;0x0000;02 Illegal Data Address
25394;0;0;0x0000;02 Illegal Data Address
25395;0;0;0x0000;02 Illegal Data Address
25396;0;0;0x0000;02 Illegal Data Address
25397;0;0;0x0000;02 Illegal Data Address
25398;0;0;0x0000;02 Illegal Data Address
25399;0;0;0x0000;02 Illegal Data Address
25400;0;0;0x0000;02 Illegal Data Address
25401;0;0;0x0000;02 Illegal Data Address
25402;0;0;0x0000;02 Illegal Data Address
25403;0;0;0x0000;02 Illegal Data Address
25404;0;0;0x0000;02 Illegal Data Address
25405;0;0;0x0000;02 Illegal Data Address
25406;0;0;0x0000;02 Illegal Data Address
25407;0;0;0x0000;02 Illegal Data Address
25408;0;0;0x0000;02 Illegal Data Address
25409;0;0;0x0000;02 Illegal Data Address
25410;0;0;0x0000;02 Illegal Data Address
25411;0;0;0x0000;02 Illegal Data Address
25412;0;0;0x0000;02 Illegal Data Address
25413;0;0;0x0000;02 Illegal Data Address
25414;0;0;0x0000;02 Illegal Data Address
25415;0;0;0x0000;02 Illegal Data Address
25416;0;0;0x0000;02 Illegal Data Address
25417;0;0;0x0000;02 Illegal Data Address
25418;0;0;0x0000;02 Illegal Data Address
25419;0;0;0x0000;02 Illegal Data Address
25420;0;0;0x0000;02 Illegal Data Address
25421;0;0;0x0000;02 Illegal Data Address
25422;0;0;0x0000;02 Illegal Data Address
25423;0;0;0x0000;02 Illegal Data Address
25424;0;0;0x0000;02 Illegal Data Address
25425;0;0;0x0000;02 Illegal Data Address
25426;0;0;0x0000;02 Illegal Data Address
25427;0;0;0x0000;02 Illegal Data Address
25428;0;0;0x0000;02 Illegal Data Address
25429;0;0;0x0000;02 Illegal Data Address
25430;0;0;0x0000;02 Illegal Data Address
25431;0;0;0x0000;02 Illegal Data Address
25432;0;0;0x0000;02 Illegal Data Address
25433;0;0;0x0000;02 Illegal Data Address
25434;0;0;0x0000;02 Illegal Data Address
25435;0;0;0x0000;02 Illegal Data Address
25436;0;0;0x0000;02 Illegal Data Address
25437;0;0;0x0000;02 Illegal Data Address
25438;0;0;0x0000;02 Illegal Data Address
25439;0;0;0x0000;02 Illegal Data Address
25440;0;0;0x0000;02 Illegal Data Address
25441;0;0;0x0000;02 Illegal Data Address
25442;0;0;0x0000;02 Illegal Data Address
25443;0;0;0x0000;02 Illegal Data Address
25444;0;0;0x0000;02 Illegal Data Address
25445;0;0;0x0000;02 Illegal Data Address
25446;0;0;0x0000;02 Illegal Data Address
25447;0;0;0x0000;02 Illegal Data Address
25448;0;0;0x0000;02 Illegal Data Address
25449;0;0;0x0000;02 Illegal Data Address
25450;0;0;0x0000;02 Illegal Data Address
25451;0;0;0x0000;02 Illegal Data Address
25452;0;0;0x0000;02 Illegal Data Address
25453;0;0;0x0000;02 Illegal Data Address
25454;0;0;0x0000;02 Illegal Data Address
25455;0;0;0x0000;02 Illegal Data Address
25456;0;0;0x0000;02 Illegal Data Address
25457;0;0;0x0000;02 Illegal Data Address
25458;0;0;0x0000;02 Illegal Data Address
25459;0;0;0x0000;02 Illegal Data Address
25460;0;0;0x0000;02 Illegal Data Address
25461;0;0;0x0000;02 Illegal Data Address
25462;0;0;0x0000;02 Illegal Data Address
25463;0;0;0x0000;02 Illegal Data Address
25464;0;0;0x0000;02 Illegal Data Address
25465;0;0;0x0000;02 Illegal Data Address
25466;0;0;0x0000;02 Illegal Data Address
25467;0;0;0x0000;02 Illegal Data Address
25468;0;0;0x0000;02 Illegal Data Address
25469;0;0;0x0000;02 Illegal Data Address
25470;0;0;0x0000;02 Illegal Data Address
25471;0;0;0x0000;02 Illegal Data Address
25472;0;0;0x0000;02 Illegal Data Address
25473;0;0;0x0000;02 Illegal Data Address
25474;0;0;0x0000;02 Illegal Data Address
25475;0;0;0x0000;02 Illegal Data Address
25476;0;0;0x0000;02 Illegal Data Address
25477;0;0;0x0000;02 Illegal Data Address
25478;0;0;0x0000;02 Illegal Data Address
25479;0;0;0x0000;02 Illegal Data Address
25480;0;0;0x0000;02 Illegal Data Address
25481;0;0;0x0000;02 Illegal Data Address
25482;0;0;0x0000;02 Illegal Data Address
25483;0;0;0x0000;02 Illegal Data Address
25484;0;0;0x0000;02 Illegal Data Address
25485;0;0;0x0000;02 Illegal Data Address
25486;0;0;0x0000;02 Illegal Data Address
25487;0;0;0x0000;02 Illegal Data Address
25488;0;0;0x0000;02 Illegal Data Address
25489;0;0;0x0000;02 Illegal Data Address
25490;0;0;0x0000;02 Illegal Data Address
25491;0;0;0x0000;02 Illegal Data Address
25492;0;0;0x0000;02 Illegal Data Address
25493;0;0;0x0000;02 Illegal Data Address
25494;0;0;0x0000;02 Illegal Data Address
25495;0;0;0x0000;02 Illegal Data Address
25496;0;0;0x0000;02 Illegal Data Address
25497;0;0;0x0000;02 Illegal Data Address
25498;0;0;0x0000;02 Illegal Data Address
25499;0;0;0x0000;02 Illegal Data Address
25500;0;0;0x0000;02 Illegal Data Address
25501;0;0;0x0000;02 Illegal Data Address
25502;0;0;0x0000;02 Illegal Data Address
25503;0;0;0x0000;02 Illegal Data Address
25504;0;0;0x0000;02 Illegal Data Address
25505;0;0;0x0000;02 Illegal Data Address
25506;0;0;0x0000;02 Illegal Data Address
25507;0;0;0x0000;02 Illegal Data Address
25508;0;0;0x0000;02 Illegal Data Address
25509;0;0;0x0000;02 Illegal Data Address
25510;0;0;0x0000;02 Illegal Data Address
25511;0;0;0x0000;02 Illegal Data Address
25512;0;0;0x0000;02 Illegal Data Address
25513;0;0;0x0000;02 Illegal Data Address
25514;0;0;0x0000;02 Illegal Data Address
25515;0;0;0x0000;02 Illegal Data Address
25516;0;0;0x0000;02 Illegal Data Address
25517;0;0;0x0000;02 Illegal Data Address
25518;0;0;0x0000;02 Illegal Data Address
25519;0;0;0x0000;02 Illegal Data Address
25520;0;0;0x0000;02 Illegal Data Address
25521;0;0;0x0000;02 Illegal Data Address
25522;0;0;0x0000;02 Illegal Data Address
25523;0;0;0x0000;02 Illegal Data Address
25524;0;0;0x0000;02 Illegal Data Address
25525;0;0;0x0000;02 Illegal Data Address
25526;0;0;0x0000;02 Illegal Data Address
25527;0;0;0x0000;02 Illegal Data Address
25528;0;0;0x0000;02 Illegal Data Address
25529;0;0;0x0000;02 Illegal Data Address
25530;0;0;0x0000;02 Illegal Data Address
25531;0;0;0x0000;02 Illegal Data Address
25532;0;0;0x0000;02 Illegal Data Address
25533;0;0;0x0000;02 Illegal Data Address
25534;0;0;0x0000;02 Illegal Data Address
25535;0;0;0x0000;02 Illegal Data Address
25536;0;0;0x0000;02 Illegal Data Address
25537;0;0;0x0000;02 Illegal Data Address
25538;0;0;0x0000;02 Illegal Data Address
25539;0;0;0x0000;02 Illegal Data Address
25540;0;0;0x0000;02 Illegal Data Address
25541;0;0;0x0000;02 Illegal Data Address
25542;0;0;0x0000;02 Illegal Data Address
25543;0;0;0x0000;02 Illegal Data Address
25544;0;0;0x0000;02 Illegal Data Address
25545;0;0;0x0000;02 Illegal Data Address
25546;0;0;0x0000;02 Illegal Data Address
25547;0;0;0x0000;02 Illegal Data Address
25548;0;0;0x0000;02 Illegal Data Address
25549;0;0;0x0000;02 Illegal Data Address
25550;0;0;0x0000;02 Illegal Data Address
25551;0;0;0x0000;02 Illegal Data Address
25552;0;0;0x0000;02 Illegal Data Address
25553;0;0;0x0000;02 Illegal Data Address
25554;0;0;0x0000;02 Illegal Data Address
25555;0;0;0x0000;02 Illegal Data Address
25556;0;0;0x0000;02 Illegal Data Address
25557;0;0;0x0000;02 Illegal Data Address
25558;0;0;0x0000;02 Illegal Data Address
25559;0;0;0x0000;02 Illegal Data Address
25560;0;0;0x0000;02 Illegal Data Address
25561;0;0;0x0000;02 Illegal Data Address
25562;0;0;0x0000;02 Illegal Data Address
25563;0;0;0x0000;02 Illegal Data Address
25564;0;0;0x0000;02 Illegal Data Address
25565;0;0;0x0000;02 Illegal Data Address
25566;0;0;0x0000;02 Illegal Data Address
25567;0;0;0x0000;02 Illegal Data Address
25568;0;0;0x0000;02 Illegal Data Address
25569;0;0;0x0000;02 Illegal Data Address
25570;0;0;0x0000;02 Illegal Data Address
25571;0;0;0x0000;02 Illegal Data Address
25572;0;0;0x0000;02 Illegal Data Address
25573;0;0;0x0000;02 Illegal Data Address
25574;0;0;0x0000;02 Illegal Data Address
25575;0;0;0x0000;02 Illegal Data Address
25576;0;0;0x0000;02 Illegal Data Address
25577;0;0;0x0000;02 Illegal Data Address
25578;0;0;0x0000;02 Illegal Data Address
25579;0;0;0x0000;02 Illegal Data Address
25580;0;0;0x0000;02 Illegal Data Address
25581;0;0;0x0000;02 Illegal Data Address
25582;0;0;0x0000;02 Illegal Data Address
25583;0;0;0x0000;02 Illegal Data Address
25584;0;0;0x0000;02 Illegal Data Address
25585;0;0;0x0000;02 Illegal Data Address
25586;0;0;0x0000;02 Illegal Data Address
25587;0;0;0x0000;02 Illegal Data Address
25588;0;0;0x0000;02 Illegal Data Address
25589;0;0;0x0000;02 Illegal Data Address
25590;0;0;0x0000;02 Illegal Data Address
25591;0;0;0x0000;02 Illegal Data Address
25592;0;0;0x0000;02 Illegal Data Address
25593;0;0;0x0000;02 Illegal Data Address
25594;0;0;0x0000;02 Illegal Data Address
25595;0;0;0x0000;02 Illegal Data Address
25596;0;0;0x0000;02 Illegal Data Address
25597;0;0;0x0000;02 Illegal Data Address
25598;0;0;0x0000;02 Illegal Data Address
25599;0;0;0x0000;02 Illegal Data Address
25600;0;0;0x0000;02 Illegal Data Address
25601;0;0;0x0000;02 Illegal Data Address
25602;0;0;0x0000;02 Illegal Data Address
25603;0;0;0x0000;02 Illegal Data Address
25604;0;0;0x0000;02 Illegal Data Address
25605;0;0;0x0000;02 Illegal Data Address
25606;0;0;0x0000;02 Illegal Data Address
25607;0;0;0x0000;02 Illegal Data Address
25608;0;0;0x0000;02 Illegal Data Address
25609;0;0;0x0000;02 Illegal Data Address
25610;0;0;0x0000;02 Illegal Data Address
25611;0;0;0x0000;02 Illegal Data Address
25612;0;0;0x0000;02 Illegal Data Address
25613;0;0;0x0000;02 Illegal Data Address
25614;0;0;0x0000;02 Illegal Data Address
25615;0;0;0x0000;02 Illegal Data Address
25616;0;0;0x0000;02 Illegal Data Address
25617;0;0;0x0000;02 Illegal Data Address
25618;0;0;0x0000;02 Illegal Data Address
25619;0;0;0x0000;02 Illegal Data Address
25620;0;0;0x0000;02 Illegal Data Address
25621;0;0;0x0000;02 Illegal Data Address
25622;0;0;0x0000;02 Illegal Data Address
25623;0;0;0x0000;02 Illegal Data Address
25624;0;0;0x0000;02 Illegal Data Address
25625;0;0;0x0000;02 Illegal Data Address
25626;0;0;0x0000;02 Illegal Data Address
25627;0;0;0x0000;02 Illegal Data Address
25628;0;0;0x0000;02 Illegal Data Address
25629;0;0;0x0000;02 Illegal Data Address
25630;0;0;0x0000;02 Illegal Data Address
25631;0;0;0x0000;02 Illegal Data Address
25632;0;0;0x0000;02 Illegal Data Address
25633;0;0;0x0000;02 Illegal Data Address
25634;0;0;0x0000;02 Illegal Data Address
25635;0;0;0x0000;02 Illegal Data Address
25636;0;0;0x0000;02 Illegal Data Address
25637;0;0;0x0000;02 Illegal Data Address
25638;0;0;0x0000;02 Illegal Data Address
25639;0;0;0x0000;02 Illegal Data Address
25640;0;0;0x0000;02 Illegal Data Address
25641;0;0;0x0000;02 Illegal Data Address
25642;0;0;0x0000;02 Illegal Data Address
25643;0;0;0x0000;02 Illegal Data Address
25644;0;0;0x0000;02 Illegal Data Address
25645;0;0;0x0000;02 Illegal Data Address
25646;0;0;0x0000;02 Illegal Data Address
25647;0;0;0x0000;02 Illegal Data Address
25648;0;0;0x0000;02 Illegal Data Address
25649;0;0;0x0000;02 Illegal Data Address
25650;0;0;0x0000;02 Illegal Data Address
25651;0;0;0x0000;02 Illegal Data Address
25652;0;0;0x0000;02 Illegal Data Address
25653;0;0;0x0000;02 Illegal Data Address
25654;0;0;0x0000;02 Illegal Data Address
25655;0;0;0x0000;02 Illegal Data Address
25656;0;0;0x0000;02 Illegal Data Address
25657;0;0;0x0000;02 Illegal Data Address
25658;0;0;0x0000;02 Illegal Data Address
25659;0;0;0x0000;02 Illegal Data Address
25660;0;0;0x0000;02 Illegal Data Address
25661;0;0;0x0000;02 Illegal Data Address
25662;0;0;0x0000;02 Illegal Data Address
25663;0;0;0x0000;02 Illegal Data Address
25664;0;0;0x0000;02 Illegal Data Address
25665;0;0;0x0000;02 Illegal Data Address
25666;0;0;0x0000;02 Illegal Data Address
25667;0;0;0x0000;02 Illegal Data Address
25668;0;0;0x0000;02 Illegal Data Address
25669;0;0;0x0000;02 Illegal Data Address
25670;0;0;0x0000;02 Illegal Data Address
25671;0;0;0x0000;02 Illegal Data Address
25672;0;0;0x0000;02 Illegal Data Address
25673;0;0;0x0000;02 Illegal Data Address
25674;0;0;0x0000;02 Illegal Data Address
25675;0;0;0x0000;02 Illegal Data Address
25676;0;0;0x0000;02 Illegal Data Address
25677;0;0;0x0000;02 Illegal Data Address
25678;0;0;0x0000;02 Illegal Data Address
25679;0;0;0x0000;02 Illegal Data Address
25680;0;0;0x0000;02 Illegal Data Address
25681;0;0;0x0000;02 Illegal Data Address
25682;0;0;0x0000;02 Illegal Data Address
25683;0;0;0x0000;02 Illegal Data Address
25684;0;0;0x0000;02 Illegal Data Address
25685;0;0;0x0000;02 Illegal Data Address
25686;0;0;0x0000;02 Illegal Data Address
25687;0;0;0x0000;02 Illegal Data Address
25688;0;0;0x0000;02 Illegal Data Address
25689;0;0;0x0000;02 Illegal Data Address
25690;0;0;0x0000;02 Illegal Data Address
25691;0;0;0x0000;02 Illegal Data Address
25692;0;0;0x0000;02 Illegal Data Address
25693;0;0;0x0000;02 Illegal Data Address
25694;0;0;0x0000;02 Illegal Data Address
25695;0;0;0x0000;02 Illegal Data Address
25696;0;0;0x0000;02 Illegal Data Address
25697;0;0;0x0000;02 Illegal Data Address
25698;0;0;0x0000;02 Illegal Data Address
25699;0;0;0x0000;02 Illegal Data Address
25700;0;0;0x0000;02 Illegal Data Address
25701;0;0;0x0000;02 Illegal Data Address
25702;0;0;0x0000;02 Illegal Data Address
25703;0;0;0x0000;02 Illegal Data Address
25704;0;0;0x0000;02 Illegal Data Address
25705;0;0;0x0000;02 Illegal Data Address
25706;0;0;0x0000;02 Illegal Data Address
25707;0;0;0x0000;02 Illegal Data Address
25708;0;0;0x0000;02 Illegal Data Address
25709;0;0;0x0000;02 Illegal Data Address
25710;0;0;0x0000;02 Illegal Data Address
25711;0;0;0x0000;02 Illegal Data Address
25712;0;0;0x0000;02 Illegal Data Address
25713;0;0;0x0000;02 Illegal Data Address
25714;0;0;0x0000;02 Illegal Data Address
25715;0;0;0x0000;02 Illegal Data Address
25716;0;0;0x0000;02 Illegal Data Address
25717;0;0;0x0000;02 Illegal Data Address
25718;0;0;0x0000;02 Illegal Data Address
25719;0;0;0x0000;02 Illegal Data Address
25720;0;0;0x0000;02 Illegal Data Address
25721;0;0;0x0000;02 Illegal Data Address
25722;0;0;0x0000;02 Illegal Data Address
25723;0;0;0x0000;02 Illegal Data Address
25724;0;0;0x0000;02 Illegal Data Address
25725;0;0;0x0000;02 Illegal Data Address
25726;0;0;0x0000;02 Illegal Data Address
25727;0;0;0x0000;02 Illegal Data Address
25728;0;0;0x0000;02 Illegal Data Address
25729;0;0;0x0000;02 Illegal Data Address
25730;0;0;0x0000;02 Illegal Data Address
25731;0;0;0x0000;02 Illegal Data Address
25732;0;0;0x0000;02 Illegal Data Address
25733;0;0;0x0000;02 Illegal Data Address
25734;0;0;0x0000;02 Illegal Data Address
25735;0;0;0x0000;02 Illegal Data Address
25736;0;0;0x0000;02 Illegal Data Address
25737;0;0;0x0000;02 Illegal Data Address
25738;0;0;0x0000;02 Illegal Data Address
25739;0;0;0x0000;02 Illegal Data Address
25740;0;0;0x0000;02 Illegal Data Address
25741;0;0;0x0000;02 Illegal Data Address
25742;0;0;0x0000;02 Illegal Data Address
25743;0;0;0x0000;02 Illegal Data Address
25744;0;0;0x0000;02 Illegal Data Address
25745;0;0;0x0000;02 Illegal Data Address
25746;0;0;0x0000;02 Illegal Data Address
25747;0;0;0x0000;02 Illegal Data Address
25748;0;0;0x0000;02 Illegal Data Address
25749;0;0;0x0000;02 Illegal Data Address
25750;0;0;0x0000;02 Illegal Data Address
25751;0;0;0x0000;02 Illegal Data Address
25752;0;0;0x0000;02 Illegal Data Address
25753;0;0;0x0000;02 Illegal Data Address
25754;0;0;0x0000;02 Illegal Data Address
25755;0;0;0x0000;02 Illegal Data Address
25756;0;0;0x0000;02 Illegal Data Address
25757;0;0;0x0000;02 Illegal Data Address
25758;0;0;0x0000;02 Illegal Data Address
25759;0;0;0x0000;02 Illegal Data Address
25760;0;0;0x0000;02 Illegal Data Address
25761;0;0;0x0000;02 Illegal Data Address
25762;0;0;0x0000;02 Illegal Data Address
25763;0;0;0x0000;02 Illegal Data Address
25764;0;0;0x0000;02 Illegal Data Address
25765;0;0;0x0000;02 Illegal Data Address
25766;0;0;0x0000;02 Illegal Data Address
25767;0;0;0x0000;02 Illegal Data Address
25768;0;0;0x0000;02 Illegal Data Address
25769;0;0;0x0000;02 Illegal Data Address
25770;0;0;0x0000;02 Illegal Data Address
25771;0;0;0x0000;02 Illegal Data Address
25772;0;0;0x0000;02 Illegal Data Address
25773;0;0;0x0000;02 Illegal Data Address
25774;0;0;0x0000;02 Illegal Data Address
25775;0;0;0x0000;02 Illegal Data Address
25776;0;0;0x0000;02 Illegal Data Address
25777;0;0;0x0000;02 Illegal Data Address
25778;0;0;0x0000;02 Illegal Data Address
25779;0;0;0x0000;02 Illegal Data Address
25780;0;0;0x0000;02 Illegal Data Address
25781;0;0;0x0000;02 Illegal Data Address
25782;0;0;0x0000;02 Illegal Data Address
25783;0;0;0x0000;02 Illegal Data Address
25784;0;0;0x0000;02 Illegal Data Address
25785;0;0;0x0000;02 Illegal Data Address
25786;0;0;0x0000;02 Illegal Data Address
25787;0;0;0x0000;02 Illegal Data Address
25788;0;0;0x0000;02 Illegal Data Address
25789;0;0;0x0000;02 Illegal Data Address
25790;0;0;0x0000;02 Illegal Data Address
25791;0;0;0x0000;02 Illegal Data Address
25792;0;0;0x0000;02 Illegal Data Address
25793;0;0;0x0000;02 Illegal Data Address
25794;0;0;0x0000;02 Illegal Data Address
25795;0;0;0x0000;02 Illegal Data Address
25796;0;0;0x0000;02 Illegal Data Address
25797;0;0;0x0000;02 Illegal Data Address
25798;0;0;0x0000;02 Illegal Data Address
25799;0;0;0x0000;02 Illegal Data Address
25800;0;0;0x0000;02 Illegal Data Address
25801;0;0;0x0000;02 Illegal Data Address
25802;0;0;0x0000;02 Illegal Data Address
25803;0;0;0x0000;02 Illegal Data Address
25804;0;0;0x0000;02 Illegal Data Address
25805;0;0;0x0000;02 Illegal Data Address
25806;0;0;0x0000;02 Illegal Data Address
25807;0;0;0x0000;02 Illegal Data Address
25808;0;0;0x0000;02 Illegal Data Address
25809;0;0;0x0000;02 Illegal Data Address
25810;0;0;0x0000;02 Illegal Data Address
25811;0;0;0x0000;02 Illegal Data Address
25812;0;0;0x0000;02 Illegal Data Address
25813;0;0;0x0000;02 Illegal Data Address
25814;0;0;0x0000;02 Illegal Data Address
25815;0;0;0x0000;02 Illegal Data Address
25816;0;0;0x0000;02 Illegal Data Address
25817;0;0;0x0000;02 Illegal Data Address
25818;0;0;0x0000;02 Illegal Data Address
25819;0;0;0x0000;02 Illegal Data Address
25820;0;0;0x0000;02 Illegal Data Address
25821;0;0;0x0000;02 Illegal Data Address
25822;0;0;0x0000;02 Illegal Data Address
25823;0;0;0x0000;02 Illegal Data Address
25824;0;0;0x0000;02 Illegal Data Address
25825;0;0;0x0000;02 Illegal Data Address
25826;0;0;0x0000;02 Illegal Data Address
25827;0;0;0x0000;02 Illegal Data Address
25828;0;0;0x0000;02 Illegal Data Address
25829;0;0;0x0000;02 Illegal Data Address
25830;0;0;0x0000;02 Illegal Data Address
25831;0;0;0x0000;02 Illegal Data Address
25832;0;0;0x0000;02 Illegal Data Address
25833;0;0;0x0000;02 Illegal Data Address
25834;0;0;0x0000;02 Illegal Data Address
25835;0;0;0x0000;02 Illegal Data Address
25836;0;0;0x0000;02 Illegal Data Address
25837;0;0;0x0000;02 Illegal Data Address
25838;0;0;0x0000;02 Illegal Data Address
25839;0;0;0x0000;02 Illegal Data Address
25840;0;0;0x0000;02 Illegal Data Address
25841;0;0;0x0000;02 Illegal Data Address
25842;0;0;0x0000;02 Illegal Data Address
25843;0;0;0x0000;02 Illegal Data Address
25844;0;0;0x0000;02 Illegal Data Address
25845;0;0;0x0000;02 Illegal Data Address
25846;0;0;0x0000;02 Illegal Data Address
25847;0;0;0x0000;02 Illegal Data Address
25848;0;0;0x0000;02 Illegal Data Address
25849;0;0;0x0000;02 Illegal Data Address
25850;0;0;0x0000;02 Illegal Data Address
25851;0;0;0x0000;02 Illegal Data Address
25852;0;0;0x0000;02 Illegal Data Address
25853;0;0;0x0000;02 Illegal Data Address
25854;0;0;0x0000;02 Illegal Data Address
25855;0;0;0x0000;02 Illegal Data Address
25856;0;0;0x0000;02 Illegal Data Address
25857;0;0;0x0000;02 Illegal Data Address
25858;0;0;0x0000;02 Illegal Data Address
25859;0;0;0x0000;02 Illegal Data Address
25860;0;0;0x0000;02 Illegal Data Address
25861;0;0;0x0000;02 Illegal Data Address
25862;0;0;0x0000;02 Illegal Data Address
25863;0;0;0x0000;02 Illegal Data Address
25864;0;0;0x0000;02 Illegal Data Address
25865;0;0;0x0000;02 Illegal Data Address
25866;0;0;0x0000;02 Illegal Data Address
25867;0;0;0x0000;02 Illegal Data Address
25868;0;0;0x0000;02 Illegal Data Address
25869;0;0;0x0000;02 Illegal Data Address
25870;0;0;0x0000;02 Illegal Data Address
25871;0;0;0x0000;02 Illegal Data Address
25872;0;0;0x0000;02 Illegal Data Address
25873;0;0;0x0000;02 Illegal Data Address
25874;0;0;0x0000;02 Illegal Data Address
25875;0;0;0x0000;02 Illegal Data Address
25876;0;0;0x0000;02 Illegal Data Address
25877;0;0;0x0000;02 Illegal Data Address
25878;0;0;0x0000;02 Illegal Data Address
25879;0;0;0x0000;02 Illegal Data Address
25880;0;0;0x0000;02 Illegal Data Address
25881;0;0;0x0000;02 Illegal Data Address
25882;0;0;0x0000;02 Illegal Data Address
25883;0;0;0x0000;02 Illegal Data Address
25884;0;0;0x0000;02 Illegal Data Address
25885;0;0;0x0000;02 Illegal Data Address
25886;0;0;0x0000;02 Illegal Data Address
25887;0;0;0x0000;02 Illegal Data Address
25888;0;0;0x0000;02 Illegal Data Address
25889;0;0;0x0000;02 Illegal Data Address
25890;0;0;0x0000;02 Illegal Data Address
25891;0;0;0x0000;02 Illegal Data Address
25892;0;0;0x0000;02 Illegal Data Address
25893;0;0;0x0000;02 Illegal Data Address
25894;0;0;0x0000;02 Illegal Data Address
25895;0;0;0x0000;02 Illegal Data Address
25896;0;0;0x0000;02 Illegal Data Address
25897;0;0;0x0000;02 Illegal Data Address
25898;0;0;0x0000;02 Illegal Data Address
25899;0;0;0x0000;02 Illegal Data Address
25900;0;0;0x0000;02 Illegal Data Address
25901;0;0;0x0000;02 Illegal Data Address
25902;0;0;0x0000;02 Illegal Data Address
25903;0;0;0x0000;02 Illegal Data Address
25904;0;0;0x0000;02 Illegal Data Address
25905;0;0;0x0000;02 Illegal Data Address
25906;0;0;0x0000;02 Illegal Data Address
25907;0;0;0x0000;02 Illegal Data Address
25908;0;0;0x0000;02 Illegal Data Address
25909;0;0;0x0000;02 Illegal Data Address
25910;0;0;0x0000;02 Illegal Data Address
25911;0;0;0x0000;02 Illegal Data Address
25912;0;0;0x0000;02 Illegal Data Address
25913;0;0;0x0000;02 Illegal Data Address
25914;0;0;0x0000;02 Illegal Data Address
25915;0;0;0x0000;02 Illegal Data Address
25916;0;0;0x0000;02 Illegal Data Address
25917;0;0;0x0000;02 Illegal Data Address
25918;0;0;0x0000;02 Illegal Data Address
25919;0;0;0x0000;02 Illegal Data Address
25920;0;0;0x0000;02 Illegal Data Address
25921;0;0;0x0000;02 Illegal Data Address
25922;0;0;0x0000;02 Illegal Data Address
25923;0;0;0x0000;02 Illegal Data Address
25924;0;0;0x0000;02 Illegal Data Address
25925;0;0;0x0000;02 Illegal Data Address
25926;0;0;0x0000;02 Illegal Data Address
25927;0;0;0x0000;02 Illegal Data Address
25928;0;0;0x0000;02 Illegal Data Address
25929;0;0;0x0000;02 Illegal Data Address
25930;0;0;0x0000;02 Illegal Data Address
25931;0;0;0x0000;02 Illegal Data Address
25932;0;0;0x0000;02 Illegal Data Address
25933;0;0;0x0000;02 Illegal Data Address
25934;0;0;0x0000;02 Illegal Data Address
25935;0;0;0x0000;02 Illegal Data Address
25936;0;0;0x0000;02 Illegal Data Address
25937;0;0;0x0000;02 Illegal Data Address
25938;0;0;0x0000;02 Illegal Data Address
25939;0;0;0x0000;02 Illegal Data Address
25940;0;0;0x0000;02 Illegal Data Address
25941;0;0;0x0000;02 Illegal Data Address
25942;0;0;0x0000;02 Illegal Data Address
25943;0;0;0x0000;02 Illegal Data Address
25944;0;0;0x0000;02 Illegal Data Address
25945;0;0;0x0000;02 Illegal Data Address
25946;0;0;0x0000;02 Illegal Data Address
25947;0;0;0x0000;02 Illegal Data Address
25948;0;0;0x0000;02 Illegal Data Address
25949;0;0;0x0000;02 Illegal Data Address
25950;0;0;0x0000;02 Illegal Data Address
25951;0;0;0x0000;02 Illegal Data Address
25952;0;0;0x0000;02 Illegal Data Address
25953;0;0;0x0000;02 Illegal Data Address
25954;0;0;0x0000;02 Illegal Data Address
25955;0;0;0x0000;02 Illegal Data Address
25956;0;0;0x0000;02 Illegal Data Address
25957;0;0;0x0000;02 Illegal Data Address
25958;0;0;0x0000;02 Illegal Data Address
25959;0;0;0x0000;02 Illegal Data Address
25960;0;0;0x0000;02 Illegal Data Address
25961;0;0;0x0000;02 Illegal Data Address
25962;0;0;0x0000;02 Illegal Data Address
25963;0;0;0x0000;02 Illegal Data Address
25964;0;0;0x0000;02 Illegal Data Address
25965;0;0;0x0000;02 Illegal Data Address
25966;0;0;0x0000;02 Illegal Data Address
25967;0;0;0x0000;02 Illegal Data Address
25968;0;0;0x0000;02 Illegal Data Address
25969;0;0;0x0000;02 Illegal Data Address
25970;0;0;0x0000;02 Illegal Data Address
25971;0;0;0x0000;02 Illegal Data Address
25972;0;0;0x0000;02 Illegal Data Address
25973;0;0;0x0000;02 Illegal Data Address
25974;0;0;0x0000;02 Illegal Data Address
25975;0;0;0x0000;02 Illegal Data Address
25976;0;0;0x0000;02 Illegal Data Address
25977;0;0;0x0000;02 Illegal Data Address
25978;0;0;0x0000;02 Illegal Data Address
25979;0;0;0x0000;02 Illegal Data Address
25980;0;0;0x0000;02 Illegal Data Address
25981;0;0;0x0000;02 Illegal Data Address
25982;0;0;0x0000;02 Illegal Data Address
25983;0;0;0x0000;02 Illegal Data Address
25984;0;0;0x0000;02 Illegal Data Address
25985;0;0;0x0000;02 Illegal Data Address
25986;0;0;0x0000;02 Illegal Data Address
25987;0;0;0x0000;02 Illegal Data Address
25988;0;0;0x0000;02 Illegal Data Address
25989;0;0;0x0000;02 Illegal Data Address
25990;0;0;0x0000;02 Illegal Data Address
25991;0;0;0x0000;02 Illegal Data Address
25992;0;0;0x0000;02 Illegal Data Address
25993;0;0;0x0000;02 Illegal Data Address
25994;0;0;0x0000;02 Illegal Data Address
25995;0;0;0x0000;02 Illegal Data Address
25996;0;0;0x0000;02 Illegal Data Address
25997;0;0;0x0000;02 Illegal Data Address
25998;0;0;0x0000;02 Illegal Data Address
25999;0;0;0x0000;02 Illegal Data Address
26000;0;0;0x0000;02 Illegal Data Address
26001;0;0;0x0000;02 Illegal Data Address
26002;0;0;0x0000;02 Illegal Data Address
26003;0;0;0x0000;02 Illegal Data Address
26004;0;0;0x0000;02 Illegal Data Address
26005;0;0;0x0000;02 Illegal Data Address
26006;0;0;0x0000;02 Illegal Data Address
26007;0;0;0x0000;02 Illegal Data Address
26008;0;0;0x0000;02 Illegal Data Address
26009;0;0;0x0000;02 Illegal Data Address
26010;0;0;0x0000;02 Illegal Data Address
26011;0;0;0x0000;02 Illegal Data Address
26012;0;0;0x0000;02 Illegal Data Address
26013;0;0;0x0000;02 Illegal Data Address
26014;0;0;0x0000;02 Illegal Data Address
26015;0;0;0x0000;02 Illegal Data Address
26016;0;0;0x0000;02 Illegal Data Address
26017;0;0;0x0000;02 Illegal Data Address
26018;0;0;0x0000;02 Illegal Data Address
26019;0;0;0x0000;02 Illegal Data Address
26020;0;0;0x0000;02 Illegal Data Address
26021;0;0;0x0000;02 Illegal Data Address
26022;0;0;0x0000;02 Illegal Data Address
26023;0;0;0x0000;02 Illegal Data Address
26024;0;0;0x0000;02 Illegal Data Address
26025;0;0;0x0000;02 Illegal Data Address
26026;0;0;0x0000;02 Illegal Data Address
26027;0;0;0x0000;02 Illegal Data Address
26028;0;0;0x0000;02 Illegal Data Address
26029;0;0;0x0000;02 Illegal Data Address
26030;0;0;0x0000;02 Illegal Data Address
26031;0;0;0x0000;02 Illegal Data Address
26032;0;0;0x0000;02 Illegal Data Address
26033;0;0;0x0000;02 Illegal Data Address
26034;0;0;0x0000;02 Illegal Data Address
26035;0;0;0x0000;02 Illegal Data Address
26036;0;0;0x0000;02 Illegal Data Address
26037;0;0;0x0000;02 Illegal Data Address
26038;0;0;0x0000;02 Illegal Data Address
26039;0;0;0x0000;02 Illegal Data Address
26040;0;0;0x0000;02 Illegal Data Address
26041;0;0;0x0000;02 Illegal Data Address
26042;0;0;0x0000;02 Illegal Data Address
26043;0;0;0x0000;02 Illegal Data Address
26044;0;0;0x0000;02 Illegal Data Address
26045;0;0;0x0000;02 Illegal Data Address
26046;0;0;0x0000;02 Illegal Data Address
26047;0;0;0x0000;02 Illegal Data Address
26048;0;0;0x0000;02 Illegal Data Address
26049;0;0;0x0000;02 Illegal Data Address
26050;0;0;0x0000;02 Illegal Data Address
26051;0;0;0x0000;02 Illegal Data Address
26052;0;0;0x0000;02 Illegal Data Address
26053;0;0;0x0000;02 Illegal Data Address
26054;0;0;0x0000;02 Illegal Data Address
26055;0;0;0x0000;02 Illegal Data Address
26056;0;0;0x0000;02 Illegal Data Address
26057;0;0;0x0000;02 Illegal Data Address
26058;0;0;0x0000;02 Illegal Data Address
26059;0;0;0x0000;02 Illegal Data Address
26060;0;0;0x0000;02 Illegal Data Address
26061;0;0;0x0000;02 Illegal Data Address
26062;0;0;0x0000;02 Illegal Data Address
26063;0;0;0x0000;02 Illegal Data Address
26064;0;0;0x0000;02 Illegal Data Address
26065;0;0;0x0000;02 Illegal Data Address
26066;0;0;0x0000;02 Illegal Data Address
26067;0;0;0x0000;02 Illegal Data Address
26068;0;0;0x0000;02 Illegal Data Address
26069;0;0;0x0000;02 Illegal Data Address
26070;0;0;0x0000;02 Illegal Data Address
26071;0;0;0x0000;02 Illegal Data Address
26072;0;0;0x0000;02 Illegal Data Address
26073;0;0;0x0000;02 Illegal Data Address
26074;0;0;0x0000;02 Illegal Data Address
26075;0;0;0x0000;02 Illegal Data Address
26076;0;0;0x0000;02 Illegal Data Address
26077;0;0;0x0000;02 Illegal Data Address
26078;0;0;0x0000;02 Illegal Data Address
26079;0;0;0x0000;02 Illegal Data Address
26080;0;0;0x0000;02 Illegal Data Address
26081;0;0;0x0000;02 Illegal Data Address
26082;0;0;0x0000;02 Illegal Data Address
26083;0;0;0x0000;02 Illegal Data Address
26084;0;0;0x0000;02 Illegal Data Address
26085;0;0;0x0000;02 Illegal Data Address
26086;0;0;0x0000;02 Illegal Data Address
26087;0;0;0x0000;02 Illegal Data Address
26088;0;0;0x0000;02 Illegal Data Address
26089;0;0;0x0000;02 Illegal Data Address
26090;0;0;0x0000;02 Illegal Data Address
26091;0;0;0x0000;02 Illegal Data Address
26092;0;0;0x0000;02 Illegal Data Address
26093;0;0;0x0000;02 Illegal Data Address
26094;0;0;0x0000;02 Illegal Data Address
26095;0;0;0x0000;02 Illegal Data Address
26096;0;0;0x0000;02 Illegal Data Address
26097;0;0;0x0000;02 Illegal Data Address
26098;0;0;0x0000;02 Illegal Data Address
26099;0;0;0x0000;02 Illegal Data Address
26100;0;0;0x0000;02 Illegal Data Address
26101;0;0;0x0000;02 Illegal Data Address
26102;0;0;0x0000;02 Illegal Data Address
26103;0;0;0x0000;02 Illegal Data Address
26104;0;0;0x0000;02 Illegal Data Address
26105;0;0;0x0000;02 Illegal Data Address
26106;0;0;0x0000;02 Illegal Data Address
26107;0;0;0x0000;02 Illegal Data Address
26108;0;0;0x0000;02 Illegal Data Address
26109;0;0;0x0000;02 Illegal Data Address
26110;0;0;0x0000;02 Illegal Data Address
26111;0;0;0x0000;02 Illegal Data Address
26112;0;0;0x0000;02 Illegal Data Address
26113;0;0;0x0000;02 Illegal Data Address
26114;0;0;0x0000;02 Illegal Data Address
26115;0;0;0x0000;02 Illegal Data Address
26116;0;0;0x0000;02 Illegal Data Address
26117;0;0;0x0000;02 Illegal Data Address
26118;0;0;0x0000;02 Illegal Data Address
26119;0;0;0x0000;02 Illegal Data Address
26120;0;0;0x0000;02 Illegal Data Address
26121;0;0;0x0000;02 Illegal Data Address
26122;0;0;0x0000;02 Illegal Data Address
26123;0;0;0x0000;02 Illegal Data Address
26124;0;0;0x0000;02 Illegal Data Address
26125;0;0;0x0000;02 Illegal Data Address
26126;0;0;0x0000;02 Illegal Data Address
26127;0;0;0x0000;02 Illegal Data Address
26128;0;0;0x0000;02 Illegal Data Address
26129;0;0;0x0000;02 Illegal Data Address
26130;0;0;0x0000;02 Illegal Data Address
26131;0;0;0x0000;02 Illegal Data Address
26132;0;0;0x0000;02 Illegal Data Address
26133;0;0;0x0000;02 Illegal Data Address
26134;0;0;0x0000;02 Illegal Data Address
26135;0;0;0x0000;02 Illegal Data Address
26136;0;0;0x0000;02 Illegal Data Address
26137;0;0;0x0000;02 Illegal Data Address
26138;0;0;0x0000;02 Illegal Data Address
26139;0;0;0x0000;02 Illegal Data Address
26140;0;0;0x0000;02 Illegal Data Address
26141;0;0;0x0000;02 Illegal Data Address
26142;0;0;0x0000;02 Illegal Data Address
26143;0;0;0x0000;02 Illegal Data Address
26144;0;0;0x0000;02 Illegal Data Address
26145;0;0;0x0000;02 Illegal Data Address
26146;0;0;0x0000;02 Illegal Data Address
26147;0;0;0x0000;02 Illegal Data Address
26148;0;0;0x0000;02 Illegal Data Address
26149;0;0;0x0000;02 Illegal Data Address
26150;0;0;0x0000;02 Illegal Data Address
26151;0;0;0x0000;02 Illegal Data Address
26152;0;0;0x0000;02 Illegal Data Address
26153;0;0;0x0000;02 Illegal Data Address
26154;0;0;0x0000;02 Illegal Data Address
26155;0;0;0x0000;02 Illegal Data Address
26156;0;0;0x0000;02 Illegal Data Address
26157;0;0;0x0000;02 Illegal Data Address
26158;0;0;0x0000;02 Illegal Data Address
26159;0;0;0x0000;02 Illegal Data Address
26160;0;0;0x0000;02 Illegal Data Address
26161;0;0;0x0000;02 Illegal Data Address
26162;0;0;0x0000;02 Illegal Data Address
26163;0;0;0x0000;02 Illegal Data Address
26164;0;0;0x0000;02 Illegal Data Address
26165;0;0;0x0000;02 Illegal Data Address
26166;0;0;0x0000;02 Illegal Data Address
26167;0;0;0x0000;02 Illegal Data Address
26168;0;0;0x0000;02 Illegal Data Address
26169;0;0;0x0000;02 Illegal Data Address
26170;0;0;0x0000;02 Illegal Data Address
26171;0;0;0x0000;02 Illegal Data Address
26172;0;0;0x0000;02 Illegal Data Address
26173;0;0;0x0000;02 Illegal Data Address
26174;0;0;0x0000;02 Illegal Data Address
26175;0;0;0x0000;02 Illegal Data Address
26176;0;0;0x0000;02 Illegal Data Address
26177;0;0;0x0000;02 Illegal Data Address
26178;0;0;0x0000;02 Illegal Data Address
26179;0;0;0x0000;02 Illegal Data Address
26180;0;0;0x0000;02 Illegal Data Address
26181;0;0;0x0000;02 Illegal Data Address
26182;0;0;0x0000;02 Illegal Data Address
26183;0;0;0x0000;02 Illegal Data Address
26184;0;0;0x0000;02 Illegal Data Address
26185;0;0;0x0000;02 Illegal Data Address
26186;0;0;0x0000;02 Illegal Data Address
26187;0;0;0x0000;02 Illegal Data Address
26188;0;0;0x0000;02 Illegal Data Address
26189;0;0;0x0000;02 Illegal Data Address
26190;0;0;0x0000;02 Illegal Data Address
26191;0;0;0x0000;02 Illegal Data Address
26192;0;0;0x0000;02 Illegal Data Address
26193;0;0;0x0000;02 Illegal Data Address
26194;0;0;0x0000;02 Illegal Data Address
26195;0;0;0x0000;02 Illegal Data Address
26196;0;0;0x0000;02 Illegal Data Address
26197;0;0;0x0000;02 Illegal Data Address
26198;0;0;0x0000;02 Illegal Data Address
26199;0;0;0x0000;02 Illegal Data Address
26200;0;0;0x0000;02 Illegal Data Address
26201;0;0;0x0000;02 Illegal Data Address
26202;0;0;0x0000;02 Illegal Data Address
26203;0;0;0x0000;02 Illegal Data Address
26204;0;0;0x0000;02 Illegal Data Address
26205;0;0;0x0000;02 Illegal Data Address
26206;0;0;0x0000;02 Illegal Data Address
26207;0;0;0x0000;02 Illegal Data Address
26208;0;0;0x0000;02 Illegal Data Address
26209;0;0;0x0000;02 Illegal Data Address
26210;0;0;0x0000;02 Illegal Data Address
26211;0;0;0x0000;02 Illegal Data Address
26212;0;0;0x0000;02 Illegal Data Address
26213;0;0;0x0000;02 Illegal Data Address
26214;0;0;0x0000;02 Illegal Data Address
26215;0;0;0x0000;02 Illegal Data Address
26216;0;0;0x0000;02 Illegal Data Address
26217;0;0;0x0000;02 Illegal Data Address
26218;0;0;0x0000;02 Illegal Data Address
26219;0;0;0x0000;02 Illegal Data Address
26220;0;0;0x0000;02 Illegal Data Address
26221;0;0;0x0000;02 Illegal Data Address
26222;0;0;0x0000;02 Illegal Data Address
26223;0;0;0x0000;02 Illegal Data Address
26224;0;0;0x0000;02 Illegal Data Address
26225;0;0;0x0000;02 Illegal Data Address
26226;0;0;0x0000;02 Illegal Data Address
26227;0;0;0x0000;02 Illegal Data Address
26228;0;0;0x0000;02 Illegal Data Address
26229;0;0;0x0000;02 Illegal Data Address
26230;0;0;0x0000;02 Illegal Data Address
26231;0;0;0x0000;02 Illegal Data Address
26232;0;0;0x0000;02 Illegal Data Address
26233;0;0;0x0000;02 Illegal Data Address
26234;0;0;0x0000;02 Illegal Data Address
26235;0;0;0x0000;02 Illegal Data Address
26236;0;0;0x0000;02 Illegal Data Address
26237;0;0;0x0000;02 Illegal Data Address
26238;0;0;0x0000;02 Illegal Data Address
26239;0;0;0x0000;02 Illegal Data Address
26240;0;0;0x0000;02 Illegal Data Address
26241;0;0;0x0000;02 Illegal Data Address
26242;0;0;0x0000;02 Illegal Data Address
26243;0;0;0x0000;02 Illegal Data Address
26244;0;0;0x0000;02 Illegal Data Address
26245;0;0;0x0000;02 Illegal Data Address
26246;0;0;0x0000;02 Illegal Data Address
26247;0;0;0x0000;02 Illegal Data Address
26248;0;0;0x0000;02 Illegal Data Address
26249;0;0;0x0000;02 Illegal Data Address
26250;0;0;0x0000;02 Illegal Data Address
26251;0;0;0x0000;02 Illegal Data Address
26252;0;0;0x0000;02 Illegal Data Address
26253;0;0;0x0000;02 Illegal Data Address
26254;0;0;0x0000;02 Illegal Data Address
26255;0;0;0x0000;02 Illegal Data Address
26256;0;0;0x0000;02 Illegal Data Address
26257;0;0;0x0000;02 Illegal Data Address
26258;0;0;0x0000;02 Illegal Data Address
26259;0;0;0x0000;02 Illegal Data Address
26260;0;0;0x0000;02 Illegal Data Address
26261;0;0;0x0000;02 Illegal Data Address
26262;0;0;0x0000;02 Illegal Data Address
26263;0;0;0x0000;02 Illegal Data Address
26264;0;0;0x0000;02 Illegal Data Address
26265;0;0;0x0000;02 Illegal Data Address
26266;0;0;0x0000;02 Illegal Data Address
26267;0;0;0x0000;02 Illegal Data Address
26268;0;0;0x0000;02 Illegal Data Address
26269;0;0;0x0000;02 Illegal Data Address
26270;0;0;0x0000;02 Illegal Data Address
26271;0;0;0x0000;02 Illegal Data Address
26272;0;0;0x0000;02 Illegal Data Address
26273;0;0;0x0000;02 Illegal Data Address
26274;0;0;0x0000;02 Illegal Data Address
26275;0;0;0x0000;02 Illegal Data Address
26276;0;0;0x0000;02 Illegal Data Address
26277;0;0;0x0000;02 Illegal Data Address
26278;0;0;0x0000;02 Illegal Data Address
26279;0;0;0x0000;02 Illegal Data Address
26280;0;0;0x0000;02 Illegal Data Address
26281;0;0;0x0000;02 Illegal Data Address
26282;0;0;0x0000;02 Illegal Data Address
26283;0;0;0x0000;02 Illegal Data Address
26284;0;0;0x0000;02 Illegal Data Address
26285;0;0;0x0000;02 Illegal Data Address
26286;0;0;0x0000;02 Illegal Data Address
26287;0;0;0x0000;02 Illegal Data Address
26288;0;0;0x0000;02 Illegal Data Address
26289;0;0;0x0000;02 Illegal Data Address
26290;0;0;0x0000;02 Illegal Data Address
26291;0;0;0x0000;02 Illegal Data Address
26292;0;0;0x0000;02 Illegal Data Address
26293;0;0;0x0000;02 Illegal Data Address
26294;0;0;0x0000;02 Illegal Data Address
26295;0;0;0x0000;02 Illegal Data Address
26296;0;0;0x0000;02 Illegal Data Address
26297;0;0;0x0000;02 Illegal Data Address
26298;0;0;0x0000;02 Illegal Data Address
26299;0;0;0x0000;02 Illegal Data Address
26300;0;0;0x0000;02 Illegal Data Address
26301;0;0;0x0000;02 Illegal Data Address
26302;0;0;0x0000;02 Illegal Data Address
26303;0;0;0x0000;02 Illegal Data Address
26304;0;0;0x0000;02 Illegal Data Address
26305;0;0;0x0000;02 Illegal Data Address
26306;0;0;0x0000;02 Illegal Data Address
26307;0;0;0x0000;02 Illegal Data Address
26308;0;0;0x0000;02 Illegal Data Address
26309;0;0;0x0000;02 Illegal Data Address
26310;0;0;0x0000;02 Illegal Data Address
26311;0;0;0x0000;02 Illegal Data Address
26312;0;0;0x0000;02 Illegal Data Address
26313;0;0;0x0000;02 Illegal Data Address
26314;0;0;0x0000;02 Illegal Data Address
26315;0;0;0x0000;02 Illegal Data Address
26316;0;0;0x0000;02 Illegal Data Address
26317;0;0;0x0000;02 Illegal Data Address
26318;0;0;0x0000;02 Illegal Data Address
26319;0;0;0x0000;02 Illegal Data Address
26320;0;0;0x0000;02 Illegal Data Address
26321;0;0;0x0000;02 Illegal Data Address
26322;0;0;0x0000;02 Illegal Data Address
26323;0;0;0x0000;02 Illegal Data Address
26324;0;0;0x0000;02 Illegal Data Address
26325;0;0;0x0000;02 Illegal Data Address
26326;0;0;0x0000;02 Illegal Data Address
26327;0;0;0x0000;02 Illegal Data Address
26328;0;0;0x0000;02 Illegal Data Address
26329;0;0;0x0000;02 Illegal Data Address
26330;0;0;0x0000;02 Illegal Data Address
26331;0;0;0x0000;02 Illegal Data Address
26332;0;0;0x0000;02 Illegal Data Address
26333;0;0;0x0000;02 Illegal Data Address
26334;0;0;0x0000;02 Illegal Data Address
26335;0;0;0x0000;02 Illegal Data Address
26336;0;0;0x0000;02 Illegal Data Address
26337;0;0;0x0000;02 Illegal Data Address
26338;0;0;0x0000;02 Illegal Data Address
26339;0;0;0x0000;02 Illegal Data Address
26340;0;0;0x0000;02 Illegal Data Address
26341;0;0;0x0000;02 Illegal Data Address
26342;0;0;0x0000;02 Illegal Data Address
26343;0;0;0x0000;02 Illegal Data Address
26344;0;0;0x0000;02 Illegal Data Address
26345;0;0;0x0000;02 Illegal Data Address
26346;0;0;0x0000;02 Illegal Data Address
26347;0;0;0x0000;02 Illegal Data Address
26348;0;0;0x0000;02 Illegal Data Address
26349;0;0;0x0000;02 Illegal Data Address
26350;0;0;0x0000;02 Illegal Data Address
26351;0;0;0x0000;02 Illegal Data Address
26352;0;0;0x0000;02 Illegal Data Address
26353;0;0;0x0000;02 Illegal Data Address
26354;0;0;0x0000;02 Illegal Data Address
26355;0;0;0x0000;02 Illegal Data Address
26356;0;0;0x0000;02 Illegal Data Address
26357;0;0;0x0000;02 Illegal Data Address
26358;0;0;0x0000;02 Illegal Data Address
26359;0;0;0x0000;02 Illegal Data Address
26360;0;0;0x0000;02 Illegal Data Address
26361;0;0;0x0000;02 Illegal Data Address
26362;0;0;0x0000;02 Illegal Data Address
26363;0;0;0x0000;02 Illegal Data Address
26364;0;0;0x0000;02 Illegal Data Address
26365;0;0;0x0000;02 Illegal Data Address
26366;0;0;0x0000;02 Illegal Data Address
26367;0;0;0x0000;02 Illegal Data Address
26368;0;0;0x0000;02 Illegal Data Address
26369;0;0;0x0000;02 Illegal Data Address
26370;0;0;0x0000;02 Illegal Data Address
26371;0;0;0x0000;02 Illegal Data Address
26372;0;0;0x0000;02 Illegal Data Address
26373;0;0;0x0000;02 Illegal Data Address
26374;0;0;0x0000;02 Illegal Data Address
26375;0;0;0x0000;02 Illegal Data Address
26376;0;0;0x0000;02 Illegal Data Address
26377;0;0;0x0000;02 Illegal Data Address
26378;0;0;0x0000;02 Illegal Data Address
26379;0;0;0x0000;02 Illegal Data Address
26380;0;0;0x0000;02 Illegal Data Address
26381;0;0;0x0000;02 Illegal Data Address
26382;0;0;0x0000;02 Illegal Data Address
26383;0;0;0x0000;02 Illegal Data Address
26384;0;0;0x0000;02 Illegal Data Address
26385;0;0;0x0000;02 Illegal Data Address
26386;0;0;0x0000;02 Illegal Data Address
26387;0;0;0x0000;02 Illegal Data Address
26388;0;0;0x0000;02 Illegal Data Address
26389;0;0;0x0000;02 Illegal Data Address
26390;0;0;0x0000;02 Illegal Data Address
26391;0;0;0x0000;02 Illegal Data Address
26392;0;0;0x0000;02 Illegal Data Address
26393;0;0;0x0000;02 Illegal Data Address
26394;0;0;0x0000;02 Illegal Data Address
26395;0;0;0x0000;02 Illegal Data Address
26396;0;0;0x0000;02 Illegal Data Address
26397;0;0;0x0000;02 Illegal Data Address
26398;0;0;0x0000;02 Illegal Data Address
26399;0;0;0x0000;02 Illegal Data Address
26400;0;0;0x0000;02 Illegal Data Address
26401;0;0;0x0000;02 Illegal Data Address
26402;0;0;0x0000;02 Illegal Data Address
26403;0;0;0x0000;02 Illegal Data Address
26404;0;0;0x0000;02 Illegal Data Address
26405;0;0;0x0000;02 Illegal Data Address
26406;0;0;0x0000;02 Illegal Data Address
26407;0;0;0x0000;02 Illegal Data Address
26408;0;0;0x0000;02 Illegal Data Address
26409;0;0;0x0000;02 Illegal Data Address
26410;0;0;0x0000;02 Illegal Data Address
26411;0;0;0x0000;02 Illegal Data Address
26412;0;0;0x0000;02 Illegal Data Address
26413;0;0;0x0000;02 Illegal Data Address
26414;0;0;0x0000;02 Illegal Data Address
26415;0;0;0x0000;02 Illegal Data Address
26416;0;0;0x0000;02 Illegal Data Address
26417;0;0;0x0000;02 Illegal Data Address
26418;0;0;0x0000;02 Illegal Data Address
26419;0;0;0x0000;02 Illegal Data Address
26420;0;0;0x0000;02 Illegal Data Address
26421;0;0;0x0000;02 Illegal Data Address
26422;0;0;0x0000;02 Illegal Data Address
26423;0;0;0x0000;02 Illegal Data Address
26424;0;0;0x0000;02 Illegal Data Address
26425;0;0;0x0000;02 Illegal Data Address
26426;0;0;0x0000;02 Illegal Data Address
26427;0;0;0x0000;02 Illegal Data Address
26428;0;0;0x0000;02 Illegal Data Address
26429;0;0;0x0000;02 Illegal Data Address
26430;0;0;0x0000;02 Illegal Data Address
26431;0;0;0x0000;02 Illegal Data Address
26432;0;0;0x0000;02 Illegal Data Address
26433;0;0;0x0000;02 Illegal Data Address
26434;0;0;0x0000;02 Illegal Data Address
26435;0;0;0x0000;02 Illegal Data Address
26436;0;0;0x0000;02 Illegal Data Address
26437;0;0;0x0000;02 Illegal Data Address
26438;0;0;0x0000;02 Illegal Data Address
26439;0;0;0x0000;02 Illegal Data Address
26440;0;0;0x0000;02 Illegal Data Address
26441;0;0;0x0000;02 Illegal Data Address
26442;0;0;0x0000;02 Illegal Data Address
26443;0;0;0x0000;02 Illegal Data Address
26444;0;0;0x0000;02 Illegal Data Address
26445;0;0;0x0000;02 Illegal Data Address
26446;0;0;0x0000;02 Illegal Data Address
26447;0;0;0x0000;02 Illegal Data Address
26448;0;0;0x0000;02 Illegal Data Address
26449;0;0;0x0000;02 Illegal Data Address
26450;0;0;0x0000;02 Illegal Data Address
26451;0;0;0x0000;02 Illegal Data Address
26452;0;0;0x0000;02 Illegal Data Address
26453;0;0;0x0000;02 Illegal Data Address
26454;0;0;0x0000;02 Illegal Data Address
26455;0;0;0x0000;02 Illegal Data Address
26456;0;0;0x0000;02 Illegal Data Address
26457;0;0;0x0000;02 Illegal Data Address
26458;0;0;0x0000;02 Illegal Data Address
26459;0;0;0x0000;02 Illegal Data Address
26460;0;0;0x0000;02 Illegal Data Address
26461;0;0;0x0000;02 Illegal Data Address
26462;0;0;0x0000;02 Illegal Data Address
26463;0;0;0x0000;02 Illegal Data Address
26464;0;0;0x0000;02 Illegal Data Address
26465;0;0;0x0000;02 Illegal Data Address
26466;0;0;0x0000;02 Illegal Data Address
26467;0;0;0x0000;02 Illegal Data Address
26468;0;0;0x0000;02 Illegal Data Address
26469;0;0;0x0000;02 Illegal Data Address
26470;0;0;0x0000;02 Illegal Data Address
26471;0;0;0x0000;02 Illegal Data Address
26472;0;0;0x0000;02 Illegal Data Address
26473;0;0;0x0000;02 Illegal Data Address
26474;0;0;0x0000;02 Illegal Data Address
26475;0;0;0x0000;02 Illegal Data Address
26476;0;0;0x0000;02 Illegal Data Address
26477;0;0;0x0000;02 Illegal Data Address
26478;0;0;0x0000;02 Illegal Data Address
26479;0;0;0x0000;02 Illegal Data Address
26480;0;0;0x0000;02 Illegal Data Address
26481;0;0;0x0000;02 Illegal Data Address
26482;0;0;0x0000;02 Illegal Data Address
26483;0;0;0x0000;02 Illegal Data Address
26484;0;0;0x0000;02 Illegal Data Address
26485;0;0;0x0000;02 Illegal Data Address
26486;0;0;0x0000;02 Illegal Data Address
26487;0;0;0x0000;02 Illegal Data Address
26488;0;0;0x0000;02 Illegal Data Address
26489;0;0;0x0000;02 Illegal Data Address
26490;0;0;0x0000;02 Illegal Data Address
26491;0;0;0x0000;02 Illegal Data Address
26492;0;0;0x0000;02 Illegal Data Address
26493;0;0;0x0000;02 Illegal Data Address
26494;0;0;0x0000;02 Illegal Data Address
26495;0;0;0x0000;02 Illegal Data Address
26496;0;0;0x0000;02 Illegal Data Address
26497;0;0;0x0000;02 Illegal Data Address
26498;0;0;0x0000;02 Illegal Data Address
26499;0;0;0x0000;02 Illegal Data Address
26500;0;0;0x0000;02 Illegal Data Address
26501;0;0;0x0000;02 Illegal Data Address
26502;0;0;0x0000;02 Illegal Data Address
26503;0;0;0x0000;02 Illegal Data Address
26504;0;0;0x0000;02 Illegal Data Address
26505;0;0;0x0000;02 Illegal Data Address
26506;0;0;0x0000;02 Illegal Data Address
26507;0;0;0x0000;02 Illegal Data Address
26508;0;0;0x0000;02 Illegal Data Address
26509;0;0;0x0000;02 Illegal Data Address
26510;0;0;0x0000;02 Illegal Data Address
26511;0;0;0x0000;02 Illegal Data Address
26512;0;0;0x0000;02 Illegal Data Address
26513;0;0;0x0000;02 Illegal Data Address
26514;0;0;0x0000;02 Illegal Data Address
26515;0;0;0x0000;02 Illegal Data Address
26516;0;0;0x0000;02 Illegal Data Address
26517;0;0;0x0000;02 Illegal Data Address
26518;0;0;0x0000;02 Illegal Data Address
26519;0;0;0x0000;02 Illegal Data Address
26520;0;0;0x0000;02 Illegal Data Address
26521;0;0;0x0000;02 Illegal Data Address
26522;0;0;0x0000;02 Illegal Data Address
26523;0;0;0x0000;02 Illegal Data Address
26524;0;0;0x0000;02 Illegal Data Address
26525;0;0;0x0000;02 Illegal Data Address
26526;0;0;0x0000;02 Illegal Data Address
26527;0;0;0x0000;02 Illegal Data Address
26528;0;0;0x0000;02 Illegal Data Address
26529;0;0;0x0000;02 Illegal Data Address
26530;0;0;0x0000;02 Illegal Data Address
26531;0;0;0x0000;02 Illegal Data Address
26532;0;0;0x0000;02 Illegal Data Address
26533;0;0;0x0000;02 Illegal Data Address
26534;0;0;0x0000;02 Illegal Data Address
26535;0;0;0x0000;02 Illegal Data Address
26536;0;0;0x0000;02 Illegal Data Address
26537;0;0;0x0000;02 Illegal Data Address
26538;0;0;0x0000;02 Illegal Data Address
26539;0;0;0x0000;02 Illegal Data Address
26540;0;0;0x0000;02 Illegal Data Address
26541;0;0;0x0000;02 Illegal Data Address
26542;0;0;0x0000;02 Illegal Data Address
26543;0;0;0x0000;02 Illegal Data Address
26544;0;0;0x0000;02 Illegal Data Address
26545;0;0;0x0000;02 Illegal Data Address
26546;0;0;0x0000;02 Illegal Data Address
26547;0;0;0x0000;02 Illegal Data Address
26548;0;0;0x0000;02 Illegal Data Address
26549;0;0;0x0000;02 Illegal Data Address
26550;0;0;0x0000;02 Illegal Data Address
26551;0;0;0x0000;02 Illegal Data Address
26552;0;0;0x0000;02 Illegal Data Address
26553;0;0;0x0000;02 Illegal Data Address
26554;0;0;0x0000;02 Illegal Data Address
26555;0;0;0x0000;02 Illegal Data Address
26556;0;0;0x0000;02 Illegal Data Address
26557;0;0;0x0000;02 Illegal Data Address
26558;0;0;0x0000;02 Illegal Data Address
26559;0;0;0x0000;02 Illegal Data Address
26560;0;0;0x0000;02 Illegal Data Address
26561;0;0;0x0000;02 Illegal Data Address
26562;0;0;0x0000;02 Illegal Data Address
26563;0;0;0x0000;02 Illegal Data Address
26564;0;0;0x0000;02 Illegal Data Address
26565;0;0;0x0000;02 Illegal Data Address
26566;0;0;0x0000;02 Illegal Data Address
26567;0;0;0x0000;02 Illegal Data Address
26568;0;0;0x0000;02 Illegal Data Address
26569;0;0;0x0000;02 Illegal Data Address
26570;0;0;0x0000;02 Illegal Data Address
26571;0;0;0x0000;02 Illegal Data Address
26572;0;0;0x0000;02 Illegal Data Address
26573;0;0;0x0000;02 Illegal Data Address
26574;0;0;0x0000;02 Illegal Data Address
26575;0;0;0x0000;02 Illegal Data Address
26576;0;0;0x0000;02 Illegal Data Address
26577;0;0;0x0000;02 Illegal Data Address
26578;0;0;0x0000;02 Illegal Data Address
26579;0;0;0x0000;02 Illegal Data Address
26580;0;0;0x0000;02 Illegal Data Address
26581;0;0;0x0000;02 Illegal Data Address
26582;0;0;0x0000;02 Illegal Data Address
26583;0;0;0x0000;02 Illegal Data Address
26584;0;0;0x0000;02 Illegal Data Address
26585;0;0;0x0000;02 Illegal Data Address
26586;0;0;0x0000;02 Illegal Data Address
26587;0;0;0x0000;02 Illegal Data Address
26588;0;0;0x0000;02 Illegal Data Address
26589;0;0;0x0000;02 Illegal Data Address
26590;0;0;0x0000;02 Illegal Data Address
26591;0;0;0x0000;02 Illegal Data Address
26592;0;0;0x0000;02 Illegal Data Address
26593;0;0;0x0000;02 Illegal Data Address
26594;0;0;0x0000;02 Illegal Data Address
26595;0;0;0x0000;02 Illegal Data Address
26596;0;0;0x0000;02 Illegal Data Address
26597;0;0;0x0000;02 Illegal Data Address
26598;0;0;0x0000;02 Illegal Data Address
26599;0;0;0x0000;02 Illegal Data Address
26600;0;0;0x0000;02 Illegal Data Address
26601;0;0;0x0000;02 Illegal Data Address
26602;0;0;0x0000;02 Illegal Data Address
26603;0;0;0x0000;02 Illegal Data Address
26604;0;0;0x0000;02 Illegal Data Address
26605;0;0;0x0000;02 Illegal Data Address
26606;0;0;0x0000;02 Illegal Data Address
26607;0;0;0x0000;02 Illegal Data Address
26608;0;0;0x0000;02 Illegal Data Address
26609;0;0;0x0000;02 Illegal Data Address
26610;0;0;0x0000;02 Illegal Data Address
26611;0;0;0x0000;02 Illegal Data Address
26612;0;0;0x0000;02 Illegal Data Address
26613;0;0;0x0000;02 Illegal Data Address
26614;0;0;0x0000;02 Illegal Data Address
26615;0;0;0x0000;02 Illegal Data Address
26616;0;0;0x0000;02 Illegal Data Address
26617;0;0;0x0000;02 Illegal Data Address
26618;0;0;0x0000;02 Illegal Data Address
26619;0;0;0x0000;02 Illegal Data Address
26620;0;0;0x0000;02 Illegal Data Address
26621;0;0;0x0000;02 Illegal Data Address
26622;0;0;0x0000;02 Illegal Data Address
26623;0;0;0x0000;02 Illegal Data Address
26624;0;0;0x0000;02 Illegal Data Address
26625;0;0;0x0000;02 Illegal Data Address
26626;0;0;0x0000;02 Illegal Data Address
26627;0;0;0x0000;02 Illegal Data Address
26628;0;0;0x0000;02 Illegal Data Address
26629;0;0;0x0000;02 Illegal Data Address
26630;0;0;0x0000;02 Illegal Data Address
26631;0;0;0x0000;02 Illegal Data Address
26632;0;0;0x0000;02 Illegal Data Address
26633;0;0;0x0000;02 Illegal Data Address
26634;0;0;0x0000;02 Illegal Data Address
26635;0;0;0x0000;02 Illegal Data Address
26636;0;0;0x0000;02 Illegal Data Address
26637;0;0;0x0000;02 Illegal Data Address
26638;0;0;0x0000;02 Illegal Data Address
26639;0;0;0x0000;02 Illegal Data Address
26640;0;0;0x0000;02 Illegal Data Address
26641;0;0;0x0000;02 Illegal Data Address
26642;0;0;0x0000;02 Illegal Data Address
26643;0;0;0x0000;02 Illegal Data Address
26644;0;0;0x0000;02 Illegal Data Address
26645;0;0;0x0000;02 Illegal Data Address
26646;0;0;0x0000;02 Illegal Data Address
26647;0;0;0x0000;02 Illegal Data Address
26648;0;0;0x0000;02 Illegal Data Address
26649;0;0;0x0000;02 Illegal Data Address
26650;0;0;0x0000;02 Illegal Data Address
26651;0;0;0x0000;02 Illegal Data Address
26652;0;0;0x0000;02 Illegal Data Address
26653;0;0;0x0000;02 Illegal Data Address
26654;0;0;0x0000;02 Illegal Data Address
26655;0;0;0x0000;02 Illegal Data Address
26656;0;0;0x0000;02 Illegal Data Address
26657;0;0;0x0000;02 Illegal Data Address
26658;0;0;0x0000;02 Illegal Data Address
26659;0;0;0x0000;02 Illegal Data Address
26660;0;0;0x0000;02 Illegal Data Address
26661;0;0;0x0000;02 Illegal Data Address
26662;0;0;0x0000;02 Illegal Data Address
26663;0;0;0x0000;02 Illegal Data Address
26664;0;0;0x0000;02 Illegal Data Address
26665;0;0;0x0000;02 Illegal Data Address
26666;0;0;0x0000;02 Illegal Data Address
26667;0;0;0x0000;02 Illegal Data Address
26668;0;0;0x0000;02 Illegal Data Address
26669;0;0;0x0000;02 Illegal Data Address
26670;0;0;0x0000;02 Illegal Data Address
26671;0;0;0x0000;02 Illegal Data Address
26672;0;0;0x0000;02 Illegal Data Address
26673;0;0;0x0000;02 Illegal Data Address
26674;0;0;0x0000;02 Illegal Data Address
26675;0;0;0x0000;02 Illegal Data Address
26676;0;0;0x0000;02 Illegal Data Address
26677;0;0;0x0000;02 Illegal Data Address
26678;0;0;0x0000;02 Illegal Data Address
26679;0;0;0x0000;02 Illegal Data Address
26680;0;0;0x0000;02 Illegal Data Address
26681;0;0;0x0000;02 Illegal Data Address
26682;0;0;0x0000;02 Illegal Data Address
26683;0;0;0x0000;02 Illegal Data Address
26684;0;0;0x0000;02 Illegal Data Address
26685;0;0;0x0000;02 Illegal Data Address
26686;0;0;0x0000;02 Illegal Data Address
26687;0;0;0x0000;02 Illegal Data Address
26688;0;0;0x0000;02 Illegal Data Address
26689;0;0;0x0000;02 Illegal Data Address
26690;0;0;0x0000;02 Illegal Data Address
26691;0;0;0x0000;02 Illegal Data Address
26692;0;0;0x0000;02 Illegal Data Address
26693;0;0;0x0000;02 Illegal Data Address
26694;0;0;0x0000;02 Illegal Data Address
26695;0;0;0x0000;02 Illegal Data Address
26696;0;0;0x0000;02 Illegal Data Address
26697;0;0;0x0000;02 Illegal Data Address
26698;0;0;0x0000;02 Illegal Data Address
26699;0;0;0x0000;02 Illegal Data Address
26700;0;0;0x0000;02 Illegal Data Address
26701;0;0;0x0000;02 Illegal Data Address
26702;0;0;0x0000;02 Illegal Data Address
26703;0;0;0x0000;02 Illegal Data Address
26704;0;0;0x0000;02 Illegal Data Address
26705;0;0;0x0000;02 Illegal Data Address
26706;0;0;0x0000;02 Illegal Data Address
26707;0;0;0x0000;02 Illegal Data Address
26708;0;0;0x0000;02 Illegal Data Address
26709;0;0;0x0000;02 Illegal Data Address
26710;0;0;0x0000;02 Illegal Data Address
26711;0;0;0x0000;02 Illegal Data Address
26712;0;0;0x0000;02 Illegal Data Address
26713;0;0;0x0000;02 Illegal Data Address
26714;0;0;0x0000;02 Illegal Data Address
26715;0;0;0x0000;02 Illegal Data Address
26716;0;0;0x0000;02 Illegal Data Address
26717;0;0;0x0000;02 Illegal Data Address
26718;0;0;0x0000;02 Illegal Data Address
26719;0;0;0x0000;02 Illegal Data Address
26720;0;0;0x0000;02 Illegal Data Address
26721;0;0;0x0000;02 Illegal Data Address
26722;0;0;0x0000;02 Illegal Data Address
26723;0;0;0x0000;02 Illegal Data Address
26724;0;0;0x0000;02 Illegal Data Address
26725;0;0;0x0000;02 Illegal Data Address
26726;0;0;0x0000;02 Illegal Data Address
26727;0;0;0x0000;02 Illegal Data Address
26728;0;0;0x0000;02 Illegal Data Address
26729;0;0;0x0000;02 Illegal Data Address
26730;0;0;0x0000;02 Illegal Data Address
26731;0;0;0x0000;02 Illegal Data Address
26732;0;0;0x0000;02 Illegal Data Address
26733;0;0;0x0000;02 Illegal Data Address
26734;0;0;0x0000;02 Illegal Data Address
26735;0;0;0x0000;02 Illegal Data Address
26736;0;0;0x0000;02 Illegal Data Address
26737;0;0;0x0000;02 Illegal Data Address
26738;0;0;0x0000;02 Illegal Data Address
26739;0;0;0x0000;02 Illegal Data Address
26740;0;0;0x0000;02 Illegal Data Address
26741;0;0;0x0000;02 Illegal Data Address
26742;0;0;0x0000;02 Illegal Data Address
26743;0;0;0x0000;02 Illegal Data Address
26744;0;0;0x0000;02 Illegal Data Address
26745;0;0;0x0000;02 Illegal Data Address
26746;0;0;0x0000;02 Illegal Data Address
26747;0;0;0x0000;02 Illegal Data Address
26748;0;0;0x0000;02 Illegal Data Address
26749;0;0;0x0000;02 Illegal Data Address
26750;0;0;0x0000;02 Illegal Data Address
26751;0;0;0x0000;02 Illegal Data Address
26752;0;0;0x0000;02 Illegal Data Address
26753;0;0;0x0000;02 Illegal Data Address
26754;0;0;0x0000;02 Illegal Data Address
26755;0;0;0x0000;02 Illegal Data Address
26756;0;0;0x0000;02 Illegal Data Address
26757;0;0;0x0000;02 Illegal Data Address
26758;0;0;0x0000;02 Illegal Data Address
26759;0;0;0x0000;02 Illegal Data Address
26760;0;0;0x0000;02 Illegal Data Address
26761;0;0;0x0000;02 Illegal Data Address
26762;0;0;0x0000;02 Illegal Data Address
26763;0;0;0x0000;02 Illegal Data Address
26764;0;0;0x0000;02 Illegal Data Address
26765;0;0;0x0000;02 Illegal Data Address
26766;0;0;0x0000;02 Illegal Data Address
26767;0;0;0x0000;02 Illegal Data Address
26768;0;0;0x0000;02 Illegal Data Address
26769;0;0;0x0000;02 Illegal Data Address
26770;0;0;0x0000;02 Illegal Data Address
26771;0;0;0x0000;02 Illegal Data Address
26772;0;0;0x0000;02 Illegal Data Address
26773;0;0;0x0000;02 Illegal Data Address
26774;0;0;0x0000;02 Illegal Data Address
26775;0;0;0x0000;02 Illegal Data Address
26776;0;0;0x0000;02 Illegal Data Address
26777;0;0;0x0000;02 Illegal Data Address
26778;0;0;0x0000;02 Illegal Data Address
26779;0;0;0x0000;02 Illegal Data Address
26780;0;0;0x0000;02 Illegal Data Address
26781;0;0;0x0000;02 Illegal Data Address
26782;0;0;0x0000;02 Illegal Data Address
26783;0;0;0x0000;02 Illegal Data Address
26784;0;0;0x0000;02 Illegal Data Address
26785;0;0;0x0000;02 Illegal Data Address
26786;0;0;0x0000;02 Illegal Data Address
26787;0;0;0x0000;02 Illegal Data Address
26788;0;0;0x0000;02 Illegal Data Address
26789;0;0;0x0000;02 Illegal Data Address
26790;0;0;0x0000;02 Illegal Data Address
26791;0;0;0x0000;02 Illegal Data Address
26792;0;0;0x0000;02 Illegal Data Address
26793;0;0;0x0000;02 Illegal Data Address
26794;0;0;0x0000;02 Illegal Data Address
26795;0;0;0x0000;02 Illegal Data Address
26796;0;0;0x0000;02 Illegal Data Address
26797;0;0;0x0000;02 Illegal Data Address
26798;0;0;0x0000;02 Illegal Data Address
26799;0;0;0x0000;02 Illegal Data Address
26800;0;0;0x0000;02 Illegal Data Address
26801;0;0;0x0000;02 Illegal Data Address
26802;0;0;0x0000;02 Illegal Data Address
26803;0;0;0x0000;02 Illegal Data Address
26804;0;0;0x0000;02 Illegal Data Address
26805;0;0;0x0000;02 Illegal Data Address
26806;0;0;0x0000;02 Illegal Data Address
26807;0;0;0x0000;02 Illegal Data Address
26808;0;0;0x0000;02 Illegal Data Address
26809;0;0;0x0000;02 Illegal Data Address
26810;0;0;0x0000;02 Illegal Data Address
26811;0;0;0x0000;02 Illegal Data Address
26812;0;0;0x0000;02 Illegal Data Address
26813;0;0;0x0000;02 Illegal Data Address
26814;0;0;0x0000;02 Illegal Data Address
26815;0;0;0x0000;02 Illegal Data Address
26816;0;0;0x0000;02 Illegal Data Address
26817;0;0;0x0000;02 Illegal Data Address
26818;0;0;0x0000;02 Illegal Data Address
26819;0;0;0x0000;02 Illegal Data Address
26820;0;0;0x0000;02 Illegal Data Address
26821;0;0;0x0000;02 Illegal Data Address
26822;0;0;0x0000;02 Illegal Data Address
26823;0;0;0x0000;02 Illegal Data Address
26824;0;0;0x0000;02 Illegal Data Address
26825;0;0;0x0000;02 Illegal Data Address
26826;0;0;0x0000;02 Illegal Data Address
26827;0;0;0x0000;02 Illegal Data Address
26828;0;0;0x0000;02 Illegal Data Address
26829;0;0;0x0000;02 Illegal Data Address
26830;0;0;0x0000;02 Illegal Data Address
26831;0;0;0x0000;02 Illegal Data Address
26832;0;0;0x0000;02 Illegal Data Address
26833;0;0;0x0000;02 Illegal Data Address
26834;0;0;0x0000;02 Illegal Data Address
26835;0;0;0x0000;02 Illegal Data Address
26836;0;0;0x0000;02 Illegal Data Address
26837;0;0;0x0000;02 Illegal Data Address
26838;0;0;0x0000;02 Illegal Data Address
26839;0;0;0x0000;02 Illegal Data Address
26840;0;0;0x0000;02 Illegal Data Address
26841;0;0;0x0000;02 Illegal Data Address
26842;0;0;0x0000;02 Illegal Data Address
26843;0;0;0x0000;02 Illegal Data Address
26844;0;0;0x0000;02 Illegal Data Address
26845;0;0;0x0000;02 Illegal Data Address
26846;0;0;0x0000;02 Illegal Data Address
26847;0;0;0x0000;02 Illegal Data Address
26848;0;0;0x0000;02 Illegal Data Address
26849;0;0;0x0000;02 Illegal Data Address
26850;0;0;0x0000;02 Illegal Data Address
26851;0;0;0x0000;02 Illegal Data Address
26852;0;0;0x0000;02 Illegal Data Address
26853;0;0;0x0000;02 Illegal Data Address
26854;0;0;0x0000;02 Illegal Data Address
26855;0;0;0x0000;02 Illegal Data Address
26856;0;0;0x0000;02 Illegal Data Address
26857;0;0;0x0000;02 Illegal Data Address
26858;0;0;0x0000;02 Illegal Data Address
26859;0;0;0x0000;02 Illegal Data Address
26860;0;0;0x0000;02 Illegal Data Address
26861;0;0;0x0000;02 Illegal Data Address
26862;0;0;0x0000;02 Illegal Data Address
26863;0;0;0x0000;02 Illegal Data Address
26864;0;0;0x0000;02 Illegal Data Address
26865;0;0;0x0000;02 Illegal Data Address
26866;0;0;0x0000;02 Illegal Data Address
26867;0;0;0x0000;02 Illegal Data Address
26868;0;0;0x0000;02 Illegal Data Address
26869;0;0;0x0000;02 Illegal Data Address
26870;0;0;0x0000;02 Illegal Data Address
26871;0;0;0x0000;02 Illegal Data Address
26872;0;0;0x0000;02 Illegal Data Address
26873;0;0;0x0000;02 Illegal Data Address
26874;0;0;0x0000;02 Illegal Data Address
26875;0;0;0x0000;02 Illegal Data Address
26876;0;0;0x0000;02 Illegal Data Address
26877;0;0;0x0000;02 Illegal Data Address
26878;0;0;0x0000;02 Illegal Data Address
26879;0;0;0x0000;02 Illegal Data Address
26880;0;0;0x0000;02 Illegal Data Address
26881;0;0;0x0000;02 Illegal Data Address
26882;0;0;0x0000;02 Illegal Data Address
26883;0;0;0x0000;02 Illegal Data Address
26884;0;0;0x0000;02 Illegal Data Address
26885;0;0;0x0000;02 Illegal Data Address
26886;0;0;0x0000;02 Illegal Data Address
26887;0;0;0x0000;02 Illegal Data Address
26888;0;0;0x0000;02 Illegal Data Address
26889;0;0;0x0000;02 Illegal Data Address
26890;0;0;0x0000;02 Illegal Data Address
26891;0;0;0x0000;02 Illegal Data Address
26892;0;0;0x0000;02 Illegal Data Address
26893;0;0;0x0000;02 Illegal Data Address
26894;0;0;0x0000;02 Illegal Data Address
26895;0;0;0x0000;02 Illegal Data Address
26896;0;0;0x0000;02 Illegal Data Address
26897;0;0;0x0000;02 Illegal Data Address
26898;0;0;0x0000;02 Illegal Data Address
26899;0;0;0x0000;02 Illegal Data Address
26900;0;0;0x0000;02 Illegal Data Address
26901;0;0;0x0000;02 Illegal Data Address
26902;0;0;0x0000;02 Illegal Data Address
26903;0;0;0x0000;02 Illegal Data Address
26904;0;0;0x0000;02 Illegal Data Address
26905;0;0;0x0000;02 Illegal Data Address
26906;0;0;0x0000;02 Illegal Data Address
26907;0;0;0x0000;02 Illegal Data Address
26908;0;0;0x0000;02 Illegal Data Address
26909;0;0;0x0000;02 Illegal Data Address
26910;0;0;0x0000;02 Illegal Data Address
26911;0;0;0x0000;02 Illegal Data Address
26912;0;0;0x0000;02 Illegal Data Address
26913;0;0;0x0000;02 Illegal Data Address
26914;0;0;0x0000;02 Illegal Data Address
26915;0;0;0x0000;02 Illegal Data Address
26916;0;0;0x0000;02 Illegal Data Address
26917;0;0;0x0000;02 Illegal Data Address
26918;0;0;0x0000;02 Illegal Data Address
26919;0;0;0x0000;02 Illegal Data Address
26920;0;0;0x0000;02 Illegal Data Address
26921;0;0;0x0000;02 Illegal Data Address
26922;0;0;0x0000;02 Illegal Data Address
26923;0;0;0x0000;02 Illegal Data Address
26924;0;0;0x0000;02 Illegal Data Address
26925;0;0;0x0000;02 Illegal Data Address
26926;0;0;0x0000;02 Illegal Data Address
26927;0;0;0x0000;02 Illegal Data Address
26928;0;0;0x0000;02 Illegal Data Address
26929;0;0;0x0000;02 Illegal Data Address
26930;0;0;0x0000;02 Illegal Data Address
26931;0;0;0x0000;02 Illegal Data Address
26932;0;0;0x0000;02 Illegal Data Address
26933;0;0;0x0000;02 Illegal Data Address
26934;0;0;0x0000;02 Illegal Data Address
26935;0;0;0x0000;02 Illegal Data Address
26936;0;0;0x0000;02 Illegal Data Address
26937;0;0;0x0000;02 Illegal Data Address
26938;0;0;0x0000;02 Illegal Data Address
26939;0;0;0x0000;02 Illegal Data Address
26940;0;0;0x0000;02 Illegal Data Address
26941;0;0;0x0000;02 Illegal Data Address
26942;0;0;0x0000;02 Illegal Data Address
26943;0;0;0x0000;02 Illegal Data Address
26944;0;0;0x0000;02 Illegal Data Address
26945;0;0;0x0000;02 Illegal Data Address
26946;0;0;0x0000;02 Illegal Data Address
26947;0;0;0x0000;02 Illegal Data Address
26948;0;0;0x0000;02 Illegal Data Address
26949;0;0;0x0000;02 Illegal Data Address
26950;0;0;0x0000;02 Illegal Data Address
26951;0;0;0x0000;02 Illegal Data Address
26952;0;0;0x0000;02 Illegal Data Address
26953;0;0;0x0000;02 Illegal Data Address
26954;0;0;0x0000;02 Illegal Data Address
26955;0;0;0x0000;02 Illegal Data Address
26956;0;0;0x0000;02 Illegal Data Address
26957;0;0;0x0000;02 Illegal Data Address
26958;0;0;0x0000;02 Illegal Data Address
26959;0;0;0x0000;02 Illegal Data Address
26960;0;0;0x0000;02 Illegal Data Address
26961;0;0;0x0000;02 Illegal Data Address
26962;0;0;0x0000;02 Illegal Data Address
26963;0;0;0x0000;02 Illegal Data Address
26964;0;0;0x0000;02 Illegal Data Address
26965;0;0;0x0000;02 Illegal Data Address
26966;0;0;0x0000;02 Illegal Data Address
26967;0;0;0x0000;02 Illegal Data Address
26968;0;0;0x0000;02 Illegal Data Address
26969;0;0;0x0000;02 Illegal Data Address
26970;0;0;0x0000;02 Illegal Data Address
26971;0;0;0x0000;02 Illegal Data Address
26972;0;0;0x0000;02 Illegal Data Address
26973;0;0;0x0000;02 Illegal Data Address
26974;0;0;0x0000;02 Illegal Data Address
26975;0;0;0x0000;02 Illegal Data Address
26976;0;0;0x0000;02 Illegal Data Address
26977;0;0;0x0000;02 Illegal Data Address
26978;0;0;0x0000;02 Illegal Data Address
26979;0;0;0x0000;02 Illegal Data Address
26980;0;0;0x0000;02 Illegal Data Address
26981;0;0;0x0000;02 Illegal Data Address
26982;0;0;0x0000;02 Illegal Data Address
26983;0;0;0x0000;02 Illegal Data Address
26984;0;0;0x0000;02 Illegal Data Address
26985;0;0;0x0000;02 Illegal Data Address
26986;0;0;0x0000;02 Illegal Data Address
26987;0;0;0x0000;02 Illegal Data Address
26988;0;0;0x0000;02 Illegal Data Address
26989;0;0;0x0000;02 Illegal Data Address
26990;0;0;0x0000;02 Illegal Data Address
26991;0;0;0x0000;02 Illegal Data Address
26992;0;0;0x0000;02 Illegal Data Address
26993;0;0;0x0000;02 Illegal Data Address
26994;0;0;0x0000;02 Illegal Data Address
26995;0;0;0x0000;02 Illegal Data Address
26996;0;0;0x0000;02 Illegal Data Address
26997;0;0;0x0000;02 Illegal Data Address
26998;0;0;0x0000;02 Illegal Data Address
26999;0;0;0x0000;02 Illegal Data Address
27000;0;0;0x0000;02 Illegal Data Address
27001;0;0;0x0000;02 Illegal Data Address
27002;0;0;0x0000;02 Illegal Data Address
27003;0;0;0x0000;02 Illegal Data Address
27004;0;0;0x0000;02 Illegal Data Address
27005;0;0;0x0000;02 Illegal Data Address
27006;0;0;0x0000;02 Illegal Data Address
27007;0;0;0x0000;02 Illegal Data Address
27008;0;0;0x0000;02 Illegal Data Address
27009;0;0;0x0000;02 Illegal Data Address
27010;0;0;0x0000;02 Illegal Data Address
27011;0;0;0x0000;02 Illegal Data Address
27012;0;0;0x0000;02 Illegal Data Address
27013;0;0;0x0000;02 Illegal Data Address
27014;0;0;0x0000;02 Illegal Data Address
27015;0;0;0x0000;02 Illegal Data Address
27016;0;0;0x0000;02 Illegal Data Address
27017;0;0;0x0000;02 Illegal Data Address
27018;0;0;0x0000;02 Illegal Data Address
27019;0;0;0x0000;02 Illegal Data Address
27020;0;0;0x0000;02 Illegal Data Address
27021;0;0;0x0000;02 Illegal Data Address
27022;0;0;0x0000;02 Illegal Data Address
27023;0;0;0x0000;02 Illegal Data Address
27024;0;0;0x0000;02 Illegal Data Address
27025;0;0;0x0000;02 Illegal Data Address
27026;0;0;0x0000;02 Illegal Data Address
27027;0;0;0x0000;02 Illegal Data Address
27028;0;0;0x0000;02 Illegal Data Address
27029;0;0;0x0000;02 Illegal Data Address
27030;0;0;0x0000;02 Illegal Data Address
27031;0;0;0x0000;02 Illegal Data Address
27032;0;0;0x0000;02 Illegal Data Address
27033;0;0;0x0000;02 Illegal Data Address
27034;0;0;0x0000;02 Illegal Data Address
27035;0;0;0x0000;02 Illegal Data Address
27036;0;0;0x0000;02 Illegal Data Address
27037;0;0;0x0000;02 Illegal Data Address
27038;0;0;0x0000;02 Illegal Data Address
27039;0;0;0x0000;02 Illegal Data Address
27040;0;0;0x0000;02 Illegal Data Address
27041;0;0;0x0000;02 Illegal Data Address
27042;0;0;0x0000;02 Illegal Data Address
27043;0;0;0x0000;02 Illegal Data Address
27044;0;0;0x0000;02 Illegal Data Address
27045;0;0;0x0000;02 Illegal Data Address
27046;0;0;0x0000;02 Illegal Data Address
27047;0;0;0x0000;02 Illegal Data Address
27048;0;0;0x0000;02 Illegal Data Address
27049;0;0;0x0000;02 Illegal Data Address
27050;0;0;0x0000;02 Illegal Data Address
27051;0;0;0x0000;02 Illegal Data Address
27052;0;0;0x0000;02 Illegal Data Address
27053;0;0;0x0000;02 Illegal Data Address
27054;0;0;0x0000;02 Illegal Data Address
27055;0;0;0x0000;02 Illegal Data Address
27056;0;0;0x0000;02 Illegal Data Address
27057;0;0;0x0000;02 Illegal Data Address
27058;0;0;0x0000;02 Illegal Data Address
27059;0;0;0x0000;02 Illegal Data Address
27060;0;0;0x0000;02 Illegal Data Address
27061;0;0;0x0000;02 Illegal Data Address
27062;0;0;0x0000;02 Illegal Data Address
27063;0;0;0x0000;02 Illegal Data Address
27064;0;0;0x0000;02 Illegal Data Address
27065;0;0;0x0000;02 Illegal Data Address
27066;0;0;0x0000;02 Illegal Data Address
27067;0;0;0x0000;02 Illegal Data Address
27068;0;0;0x0000;02 Illegal Data Address
27069;0;0;0x0000;02 Illegal Data Address
27070;0;0;0x0000;02 Illegal Data Address
27071;0;0;0x0000;02 Illegal Data Address
27072;0;0;0x0000;02 Illegal Data Address
27073;0;0;0x0000;02 Illegal Data Address
27074;0;0;0x0000;02 Illegal Data Address
27075;0;0;0x0000;02 Illegal Data Address
27076;0;0;0x0000;02 Illegal Data Address
27077;0;0;0x0000;02 Illegal Data Address
27078;0;0;0x0000;02 Illegal Data Address
27079;0;0;0x0000;02 Illegal Data Address
27080;0;0;0x0000;02 Illegal Data Address
27081;0;0;0x0000;02 Illegal Data Address
27082;0;0;0x0000;02 Illegal Data Address
27083;0;0;0x0000;02 Illegal Data Address
27084;0;0;0x0000;02 Illegal Data Address
27085;0;0;0x0000;02 Illegal Data Address
27086;0;0;0x0000;02 Illegal Data Address
27087;0;0;0x0000;02 Illegal Data Address
27088;0;0;0x0000;02 Illegal Data Address
27089;0;0;0x0000;02 Illegal Data Address
27090;0;0;0x0000;02 Illegal Data Address
27091;0;0;0x0000;02 Illegal Data Address
27092;0;0;0x0000;02 Illegal Data Address
27093;0;0;0x0000;02 Illegal Data Address
27094;0;0;0x0000;02 Illegal Data Address
27095;0;0;0x0000;02 Illegal Data Address
27096;0;0;0x0000;02 Illegal Data Address
27097;0;0;0x0000;02 Illegal Data Address
27098;0;0;0x0000;02 Illegal Data Address
27099;0;0;0x0000;02 Illegal Data Address
27100;0;0;0x0000;02 Illegal Data Address
27101;0;0;0x0000;02 Illegal Data Address
27102;0;0;0x0000;02 Illegal Data Address
27103;0;0;0x0000;02 Illegal Data Address
27104;0;0;0x0000;02 Illegal Data Address
27105;0;0;0x0000;02 Illegal Data Address
27106;0;0;0x0000;02 Illegal Data Address
27107;0;0;0x0000;02 Illegal Data Address
27108;0;0;0x0000;02 Illegal Data Address
27109;0;0;0x0000;02 Illegal Data Address
27110;0;0;0x0000;02 Illegal Data Address
27111;0;0;0x0000;02 Illegal Data Address
27112;0;0;0x0000;02 Illegal Data Address
27113;0;0;0x0000;02 Illegal Data Address
27114;0;0;0x0000;02 Illegal Data Address
27115;0;0;0x0000;02 Illegal Data Address
27116;0;0;0x0000;02 Illegal Data Address
27117;0;0;0x0000;02 Illegal Data Address
27118;0;0;0x0000;02 Illegal Data Address
27119;0;0;0x0000;02 Illegal Data Address
27120;0;0;0x0000;02 Illegal Data Address
27121;0;0;0x0000;02 Illegal Data Address
27122;0;0;0x0000;02 Illegal Data Address
27123;0;0;0x0000;02 Illegal Data Address
27124;0;0;0x0000;02 Illegal Data Address
27125;0;0;0x0000;02 Illegal Data Address
27126;0;0;0x0000;02 Illegal Data Address
27127;0;0;0x0000;02 Illegal Data Address
27128;0;0;0x0000;02 Illegal Data Address
27129;0;0;0x0000;02 Illegal Data Address
27130;0;0;0x0000;02 Illegal Data Address
27131;0;0;0x0000;02 Illegal Data Address
27132;0;0;0x0000;02 Illegal Data Address
27133;0;0;0x0000;02 Illegal Data Address
27134;0;0;0x0000;02 Illegal Data Address
27135;0;0;0x0000;02 Illegal Data Address
27136;0;0;0x0000;02 Illegal Data Address
27137;0;0;0x0000;02 Illegal Data Address
27138;0;0;0x0000;02 Illegal Data Address
27139;0;0;0x0000;02 Illegal Data Address
27140;0;0;0x0000;02 Illegal Data Address
27141;0;0;0x0000;02 Illegal Data Address
27142;0;0;0x0000;02 Illegal Data Address
27143;0;0;0x0000;02 Illegal Data Address
27144;0;0;0x0000;02 Illegal Data Address
27145;0;0;0x0000;02 Illegal Data Address
27146;0;0;0x0000;02 Illegal Data Address
27147;0;0;0x0000;02 Illegal Data Address
27148;0;0;0x0000;02 Illegal Data Address
27149;0;0;0x0000;02 Illegal Data Address
27150;0;0;0x0000;02 Illegal Data Address
27151;0;0;0x0000;02 Illegal Data Address
27152;0;0;0x0000;02 Illegal Data Address
27153;0;0;0x0000;02 Illegal Data Address
27154;0;0;0x0000;02 Illegal Data Address
27155;0;0;0x0000;02 Illegal Data Address
27156;0;0;0x0000;02 Illegal Data Address
27157;0;0;0x0000;02 Illegal Data Address
27158;0;0;0x0000;02 Illegal Data Address
27159;0;0;0x0000;02 Illegal Data Address
27160;0;0;0x0000;02 Illegal Data Address
27161;0;0;0x0000;02 Illegal Data Address
27162;0;0;0x0000;02 Illegal Data Address
27163;0;0;0x0000;02 Illegal Data Address
27164;0;0;0x0000;02 Illegal Data Address
27165;0;0;0x0000;02 Illegal Data Address
27166;0;0;0x0000;02 Illegal Data Address
27167;0;0;0x0000;02 Illegal Data Address
27168;0;0;0x0000;02 Illegal Data Address
27169;0;0;0x0000;02 Illegal Data Address
27170;0;0;0x0000;02 Illegal Data Address
27171;0;0;0x0000;02 Illegal Data Address
27172;0;0;0x0000;02 Illegal Data Address
27173;0;0;0x0000;02 Illegal Data Address
27174;0;0;0x0000;02 Illegal Data Address
27175;0;0;0x0000;02 Illegal Data Address
27176;0;0;0x0000;02 Illegal Data Address
27177;0;0;0x0000;02 Illegal Data Address
27178;0;0;0x0000;02 Illegal Data Address
27179;0;0;0x0000;02 Illegal Data Address
27180;0;0;0x0000;02 Illegal Data Address
27181;0;0;0x0000;02 Illegal Data Address
27182;0;0;0x0000;02 Illegal Data Address
27183;0;0;0x0000;02 Illegal Data Address
27184;0;0;0x0000;02 Illegal Data Address
27185;0;0;0x0000;02 Illegal Data Address
27186;0;0;0x0000;02 Illegal Data Address
27187;0;0;0x0000;02 Illegal Data Address
27188;0;0;0x0000;02 Illegal Data Address
27189;0;0;0x0000;02 Illegal Data Address
27190;0;0;0x0000;02 Illegal Data Address
27191;0;0;0x0000;02 Illegal Data Address
27192;0;0;0x0000;02 Illegal Data Address
27193;0;0;0x0000;02 Illegal Data Address
27194;0;0;0x0000;02 Illegal Data Address
27195;0;0;0x0000;02 Illegal Data Address
27196;0;0;0x0000;02 Illegal Data Address
27197;0;0;0x0000;02 Illegal Data Address
27198;0;0;0x0000;02 Illegal Data Address
27199;0;0;0x0000;02 Illegal Data Address
27200;0;0;0x0000;02 Illegal Data Address
27201;0;0;0x0000;02 Illegal Data Address
27202;0;0;0x0000;02 Illegal Data Address
27203;0;0;0x0000;02 Illegal Data Address
27204;0;0;0x0000;02 Illegal Data Address
27205;0;0;0x0000;02 Illegal Data Address
27206;0;0;0x0000;02 Illegal Data Address
27207;0;0;0x0000;02 Illegal Data Address
27208;0;0;0x0000;02 Illegal Data Address
27209;0;0;0x0000;02 Illegal Data Address
27210;0;0;0x0000;02 Illegal Data Address
27211;0;0;0x0000;02 Illegal Data Address
27212;0;0;0x0000;02 Illegal Data Address
27213;0;0;0x0000;02 Illegal Data Address
27214;0;0;0x0000;02 Illegal Data Address
27215;0;0;0x0000;02 Illegal Data Address
27216;0;0;0x0000;02 Illegal Data Address
27217;0;0;0x0000;02 Illegal Data Address
27218;0;0;0x0000;02 Illegal Data Address
27219;0;0;0x0000;02 Illegal Data Address
27220;0;0;0x0000;02 Illegal Data Address
27221;0;0;0x0000;02 Illegal Data Address
27222;0;0;0x0000;02 Illegal Data Address
27223;0;0;0x0000;02 Illegal Data Address
27224;0;0;0x0000;02 Illegal Data Address
27225;0;0;0x0000;02 Illegal Data Address
27226;0;0;0x0000;02 Illegal Data Address
27227;0;0;0x0000;02 Illegal Data Address
27228;0;0;0x0000;02 Illegal Data Address
27229;0;0;0x0000;02 Illegal Data Address
27230;0;0;0x0000;02 Illegal Data Address
27231;0;0;0x0000;02 Illegal Data Address
27232;0;0;0x0000;02 Illegal Data Address
27233;0;0;0x0000;02 Illegal Data Address
27234;0;0;0x0000;02 Illegal Data Address
27235;0;0;0x0000;02 Illegal Data Address
27236;0;0;0x0000;02 Illegal Data Address
27237;0;0;0x0000;02 Illegal Data Address
27238;0;0;0x0000;02 Illegal Data Address
27239;0;0;0x0000;02 Illegal Data Address
27240;0;0;0x0000;02 Illegal Data Address
27241;0;0;0x0000;02 Illegal Data Address
27242;0;0;0x0000;02 Illegal Data Address
27243;0;0;0x0000;02 Illegal Data Address
27244;0;0;0x0000;02 Illegal Data Address
27245;0;0;0x0000;02 Illegal Data Address
27246;0;0;0x0000;02 Illegal Data Address
27247;0;0;0x0000;02 Illegal Data Address
27248;0;0;0x0000;02 Illegal Data Address
27249;0;0;0x0000;02 Illegal Data Address
27250;0;0;0x0000;02 Illegal Data Address
27251;0;0;0x0000;02 Illegal Data Address
27252;0;0;0x0000;02 Illegal Data Address
27253;0;0;0x0000;02 Illegal Data Address
27254;0;0;0x0000;02 Illegal Data Address
27255;0;0;0x0000;02 Illegal Data Address
27256;0;0;0x0000;02 Illegal Data Address
27257;0;0;0x0000;02 Illegal Data Address
27258;0;0;0x0000;02 Illegal Data Address
27259;0;0;0x0000;02 Illegal Data Address
27260;0;0;0x0000;02 Illegal Data Address
27261;0;0;0x0000;02 Illegal Data Address
27262;0;0;0x0000;02 Illegal Data Address
27263;0;0;0x0000;02 Illegal Data Address
27264;0;0;0x0000;02 Illegal Data Address
27265;0;0;0x0000;02 Illegal Data Address
27266;0;0;0x0000;02 Illegal Data Address
27267;0;0;0x0000;02 Illegal Data Address
27268;0;0;0x0000;02 Illegal Data Address
27269;0;0;0x0000;02 Illegal Data Address
27270;0;0;0x0000;02 Illegal Data Address
27271;0;0;0x0000;02 Illegal Data Address
27272;0;0;0x0000;02 Illegal Data Address
27273;0;0;0x0000;02 Illegal Data Address
27274;0;0;0x0000;02 Illegal Data Address
27275;0;0;0x0000;02 Illegal Data Address
27276;0;0;0x0000;02 Illegal Data Address
27277;0;0;0x0000;02 Illegal Data Address
27278;0;0;0x0000;02 Illegal Data Address
27279;0;0;0x0000;02 Illegal Data Address
27280;0;0;0x0000;02 Illegal Data Address
27281;0;0;0x0000;02 Illegal Data Address
27282;0;0;0x0000;02 Illegal Data Address
27283;0;0;0x0000;02 Illegal Data Address
27284;0;0;0x0000;02 Illegal Data Address
27285;0;0;0x0000;02 Illegal Data Address
27286;0;0;0x0000;02 Illegal Data Address
27287;0;0;0x0000;02 Illegal Data Address
27288;0;0;0x0000;02 Illegal Data Address
27289;0;0;0x0000;02 Illegal Data Address
27290;0;0;0x0000;02 Illegal Data Address
27291;0;0;0x0000;02 Illegal Data Address
27292;0;0;0x0000;02 Illegal Data Address
27293;0;0;0x0000;02 Illegal Data Address
27294;0;0;0x0000;02 Illegal Data Address
27295;0;0;0x0000;02 Illegal Data Address
27296;0;0;0x0000;02 Illegal Data Address
27297;0;0;0x0000;02 Illegal Data Address
27298;0;0;0x0000;02 Illegal Data Address
27299;0;0;0x0000;02 Illegal Data Address
27300;0;0;0x0000;02 Illegal Data Address
27301;0;0;0x0000;02 Illegal Data Address
27302;0;0;0x0000;02 Illegal Data Address
27303;0;0;0x0000;02 Illegal Data Address
27304;0;0;0x0000;02 Illegal Data Address
27305;0;0;0x0000;02 Illegal Data Address
27306;0;0;0x0000;02 Illegal Data Address
27307;0;0;0x0000;02 Illegal Data Address
27308;0;0;0x0000;02 Illegal Data Address
27309;0;0;0x0000;02 Illegal Data Address
27310;0;0;0x0000;02 Illegal Data Address
27311;0;0;0x0000;02 Illegal Data Address
27312;0;0;0x0000;02 Illegal Data Address
27313;0;0;0x0000;02 Illegal Data Address
27314;0;0;0x0000;02 Illegal Data Address
27315;0;0;0x0000;02 Illegal Data Address
27316;0;0;0x0000;02 Illegal Data Address
27317;0;0;0x0000;02 Illegal Data Address
27318;0;0;0x0000;02 Illegal Data Address
27319;0;0;0x0000;02 Illegal Data Address
27320;0;0;0x0000;02 Illegal Data Address
27321;0;0;0x0000;02 Illegal Data Address
27322;0;0;0x0000;02 Illegal Data Address
27323;0;0;0x0000;02 Illegal Data Address
27324;0;0;0x0000;02 Illegal Data Address
27325;0;0;0x0000;02 Illegal Data Address
27326;0;0;0x0000;02 Illegal Data Address
27327;0;0;0x0000;02 Illegal Data Address
27328;0;0;0x0000;02 Illegal Data Address
27329;0;0;0x0000;02 Illegal Data Address
27330;0;0;0x0000;02 Illegal Data Address
27331;0;0;0x0000;02 Illegal Data Address
27332;0;0;0x0000;02 Illegal Data Address
27333;0;0;0x0000;02 Illegal Data Address
27334;0;0;0x0000;02 Illegal Data Address
27335;0;0;0x0000;02 Illegal Data Address
27336;0;0;0x0000;02 Illegal Data Address
27337;0;0;0x0000;02 Illegal Data Address
27338;0;0;0x0000;02 Illegal Data Address
27339;0;0;0x0000;02 Illegal Data Address
27340;0;0;0x0000;02 Illegal Data Address
27341;0;0;0x0000;02 Illegal Data Address
27342;0;0;0x0000;02 Illegal Data Address
27343;0;0;0x0000;02 Illegal Data Address
27344;0;0;0x0000;02 Illegal Data Address
27345;0;0;0x0000;02 Illegal Data Address
27346;0;0;0x0000;02 Illegal Data Address
27347;0;0;0x0000;02 Illegal Data Address
27348;0;0;0x0000;02 Illegal Data Address
27349;0;0;0x0000;02 Illegal Data Address
27350;0;0;0x0000;02 Illegal Data Address
27351;0;0;0x0000;02 Illegal Data Address
27352;0;0;0x0000;02 Illegal Data Address
27353;0;0;0x0000;02 Illegal Data Address
27354;0;0;0x0000;02 Illegal Data Address
27355;0;0;0x0000;02 Illegal Data Address
27356;0;0;0x0000;02 Illegal Data Address
27357;0;0;0x0000;02 Illegal Data Address
27358;0;0;0x0000;02 Illegal Data Address
27359;0;0;0x0000;02 Illegal Data Address
27360;0;0;0x0000;02 Illegal Data Address
27361;0;0;0x0000;02 Illegal Data Address
27362;0;0;0x0000;02 Illegal Data Address
27363;0;0;0x0000;02 Illegal Data Address
27364;0;0;0x0000;02 Illegal Data Address
27365;0;0;0x0000;02 Illegal Data Address
27366;0;0;0x0000;02 Illegal Data Address
27367;0;0;0x0000;02 Illegal Data Address
27368;0;0;0x0000;02 Illegal Data Address
27369;0;0;0x0000;02 Illegal Data Address
27370;0;0;0x0000;02 Illegal Data Address
27371;0;0;0x0000;02 Illegal Data Address
27372;0;0;0x0000;02 Illegal Data Address
27373;0;0;0x0000;02 Illegal Data Address
27374;0;0;0x0000;02 Illegal Data Address
27375;0;0;0x0000;02 Illegal Data Address
27376;0;0;0x0000;02 Illegal Data Address
27377;0;0;0x0000;02 Illegal Data Address
27378;0;0;0x0000;02 Illegal Data Address
27379;0;0;0x0000;02 Illegal Data Address
27380;0;0;0x0000;02 Illegal Data Address
27381;0;0;0x0000;02 Illegal Data Address
27382;0;0;0x0000;02 Illegal Data Address
27383;0;0;0x0000;02 Illegal Data Address
27384;0;0;0x0000;02 Illegal Data Address
27385;0;0;0x0000;02 Illegal Data Address
27386;0;0;0x0000;02 Illegal Data Address
27387;0;0;0x0000;02 Illegal Data Address
27388;0;0;0x0000;02 Illegal Data Address
27389;0;0;0x0000;02 Illegal Data Address
27390;0;0;0x0000;02 Illegal Data Address
27391;0;0;0x0000;02 Illegal Data Address
27392;0;0;0x0000;02 Illegal Data Address
27393;0;0;0x0000;02 Illegal Data Address
27394;0;0;0x0000;02 Illegal Data Address
27395;0;0;0x0000;02 Illegal Data Address
27396;0;0;0x0000;02 Illegal Data Address
27397;0;0;0x0000;02 Illegal Data Address
27398;0;0;0x0000;02 Illegal Data Address
27399;0;0;0x0000;02 Illegal Data Address
27400;0;0;0x0000;02 Illegal Data Address
27401;0;0;0x0000;02 Illegal Data Address
27402;0;0;0x0000;02 Illegal Data Address
27403;0;0;0x0000;02 Illegal Data Address
27404;0;0;0x0000;02 Illegal Data Address
27405;0;0;0x0000;02 Illegal Data Address
27406;0;0;0x0000;02 Illegal Data Address
27407;0;0;0x0000;02 Illegal Data Address
27408;0;0;0x0000;02 Illegal Data Address
27409;0;0;0x0000;02 Illegal Data Address
27410;0;0;0x0000;02 Illegal Data Address
27411;0;0;0x0000;02 Illegal Data Address
27412;0;0;0x0000;02 Illegal Data Address
27413;0;0;0x0000;02 Illegal Data Address
27414;0;0;0x0000;02 Illegal Data Address
27415;0;0;0x0000;02 Illegal Data Address
27416;0;0;0x0000;02 Illegal Data Address
27417;0;0;0x0000;02 Illegal Data Address
27418;0;0;0x0000;02 Illegal Data Address
27419;0;0;0x0000;02 Illegal Data Address
27420;0;0;0x0000;02 Illegal Data Address
27421;0;0;0x0000;02 Illegal Data Address
27422;0;0;0x0000;02 Illegal Data Address
27423;0;0;0x0000;02 Illegal Data Address
27424;0;0;0x0000;02 Illegal Data Address
27425;0;0;0x0000;02 Illegal Data Address
27426;0;0;0x0000;02 Illegal Data Address
27427;0;0;0x0000;02 Illegal Data Address
27428;0;0;0x0000;02 Illegal Data Address
27429;0;0;0x0000;02 Illegal Data Address
27430;0;0;0x0000;02 Illegal Data Address
27431;0;0;0x0000;02 Illegal Data Address
27432;0;0;0x0000;02 Illegal Data Address
27433;0;0;0x0000;02 Illegal Data Address
27434;0;0;0x0000;02 Illegal Data Address
27435;0;0;0x0000;02 Illegal Data Address
27436;0;0;0x0000;02 Illegal Data Address
27437;0;0;0x0000;02 Illegal Data Address
27438;0;0;0x0000;02 Illegal Data Address
27439;0;0;0x0000;02 Illegal Data Address
27440;0;0;0x0000;02 Illegal Data Address
27441;0;0;0x0000;02 Illegal Data Address
27442;0;0;0x0000;02 Illegal Data Address
27443;0;0;0x0000;02 Illegal Data Address
27444;0;0;0x0000;02 Illegal Data Address
27445;0;0;0x0000;02 Illegal Data Address
27446;0;0;0x0000;02 Illegal Data Address
27447;0;0;0x0000;02 Illegal Data Address
27448;0;0;0x0000;02 Illegal Data Address
27449;0;0;0x0000;02 Illegal Data Address
27450;0;0;0x0000;02 Illegal Data Address
27451;0;0;0x0000;02 Illegal Data Address
27452;0;0;0x0000;02 Illegal Data Address
27453;0;0;0x0000;02 Illegal Data Address
27454;0;0;0x0000;02 Illegal Data Address
27455;0;0;0x0000;02 Illegal Data Address
27456;0;0;0x0000;02 Illegal Data Address
27457;0;0;0x0000;02 Illegal Data Address
27458;0;0;0x0000;02 Illegal Data Address
27459;0;0;0x0000;02 Illegal Data Address
27460;0;0;0x0000;02 Illegal Data Address
27461;0;0;0x0000;02 Illegal Data Address
27462;0;0;0x0000;02 Illegal Data Address
27463;0;0;0x0000;02 Illegal Data Address
27464;0;0;0x0000;02 Illegal Data Address
27465;0;0;0x0000;02 Illegal Data Address
27466;0;0;0x0000;02 Illegal Data Address
27467;0;0;0x0000;02 Illegal Data Address
27468;0;0;0x0000;02 Illegal Data Address
27469;0;0;0x0000;02 Illegal Data Address
27470;0;0;0x0000;02 Illegal Data Address
27471;0;0;0x0000;02 Illegal Data Address
27472;0;0;0x0000;02 Illegal Data Address
27473;0;0;0x0000;02 Illegal Data Address
27474;0;0;0x0000;02 Illegal Data Address
27475;0;0;0x0000;02 Illegal Data Address
27476;0;0;0x0000;02 Illegal Data Address
27477;0;0;0x0000;02 Illegal Data Address
27478;0;0;0x0000;02 Illegal Data Address
27479;0;0;0x0000;02 Illegal Data Address
27480;0;0;0x0000;02 Illegal Data Address
27481;0;0;0x0000;02 Illegal Data Address
27482;0;0;0x0000;02 Illegal Data Address
27483;0;0;0x0000;02 Illegal Data Address
27484;0;0;0x0000;02 Illegal Data Address
27485;0;0;0x0000;02 Illegal Data Address
27486;0;0;0x0000;02 Illegal Data Address
27487;0;0;0x0000;02 Illegal Data Address
27488;0;0;0x0000;02 Illegal Data Address
27489;0;0;0x0000;02 Illegal Data Address
27490;0;0;0x0000;02 Illegal Data Address
27491;0;0;0x0000;02 Illegal Data Address
27492;0;0;0x0000;02 Illegal Data Address
27493;0;0;0x0000;02 Illegal Data Address
27494;0;0;0x0000;02 Illegal Data Address
27495;0;0;0x0000;02 Illegal Data Address
27496;0;0;0x0000;02 Illegal Data Address
27497;0;0;0x0000;02 Illegal Data Address
27498;0;0;0x0000;02 Illegal Data Address
27499;0;0;0x0000;02 Illegal Data Address
27500;0;0;0x0000;02 Illegal Data Address
27501;0;0;0x0000;02 Illegal Data Address
27502;0;0;0x0000;02 Illegal Data Address
27503;0;0;0x0000;02 Illegal Data Address
27504;0;0;0x0000;02 Illegal Data Address
27505;0;0;0x0000;02 Illegal Data Address
27506;0;0;0x0000;02 Illegal Data Address
27507;0;0;0x0000;02 Illegal Data Address
27508;0;0;0x0000;02 Illegal Data Address
27509;0;0;0x0000;02 Illegal Data Address
27510;0;0;0x0000;02 Illegal Data Address
27511;0;0;0x0000;02 Illegal Data Address
27512;0;0;0x0000;02 Illegal Data Address
27513;0;0;0x0000;02 Illegal Data Address
27514;0;0;0x0000;02 Illegal Data Address
27515;0;0;0x0000;02 Illegal Data Address
27516;0;0;0x0000;02 Illegal Data Address
27517;0;0;0x0000;02 Illegal Data Address
27518;0;0;0x0000;02 Illegal Data Address
27519;0;0;0x0000;02 Illegal Data Address
27520;0;0;0x0000;02 Illegal Data Address
27521;0;0;0x0000;02 Illegal Data Address
27522;0;0;0x0000;02 Illegal Data Address
27523;0;0;0x0000;02 Illegal Data Address
27524;0;0;0x0000;02 Illegal Data Address
27525;0;0;0x0000;02 Illegal Data Address
27526;0;0;0x0000;02 Illegal Data Address
27527;0;0;0x0000;02 Illegal Data Address
27528;0;0;0x0000;02 Illegal Data Address
27529;0;0;0x0000;02 Illegal Data Address
27530;0;0;0x0000;02 Illegal Data Address
27531;0;0;0x0000;02 Illegal Data Address
27532;0;0;0x0000;02 Illegal Data Address
27533;0;0;0x0000;02 Illegal Data Address
27534;0;0;0x0000;02 Illegal Data Address
27535;0;0;0x0000;02 Illegal Data Address
27536;0;0;0x0000;02 Illegal Data Address
27537;0;0;0x0000;02 Illegal Data Address
27538;0;0;0x0000;02 Illegal Data Address
27539;0;0;0x0000;02 Illegal Data Address
27540;0;0;0x0000;02 Illegal Data Address
27541;0;0;0x0000;02 Illegal Data Address
27542;0;0;0x0000;02 Illegal Data Address
27543;0;0;0x0000;02 Illegal Data Address
27544;0;0;0x0000;02 Illegal Data Address
27545;0;0;0x0000;02 Illegal Data Address
27546;0;0;0x0000;02 Illegal Data Address
27547;0;0;0x0000;02 Illegal Data Address
27548;0;0;0x0000;02 Illegal Data Address
27549;0;0;0x0000;02 Illegal Data Address
27550;0;0;0x0000;02 Illegal Data Address
27551;0;0;0x0000;02 Illegal Data Address
27552;0;0;0x0000;02 Illegal Data Address
27553;0;0;0x0000;02 Illegal Data Address
27554;0;0;0x0000;02 Illegal Data Address
27555;0;0;0x0000;02 Illegal Data Address
27556;0;0;0x0000;02 Illegal Data Address
27557;0;0;0x0000;02 Illegal Data Address
27558;0;0;0x0000;02 Illegal Data Address
27559;0;0;0x0000;02 Illegal Data Address
27560;0;0;0x0000;02 Illegal Data Address
27561;0;0;0x0000;02 Illegal Data Address
27562;0;0;0x0000;02 Illegal Data Address
27563;0;0;0x0000;02 Illegal Data Address
27564;0;0;0x0000;02 Illegal Data Address
27565;0;0;0x0000;02 Illegal Data Address
27566;0;0;0x0000;02 Illegal Data Address
27567;0;0;0x0000;02 Illegal Data Address
27568;0;0;0x0000;02 Illegal Data Address
27569;0;0;0x0000;02 Illegal Data Address
27570;0;0;0x0000;02 Illegal Data Address
27571;0;0;0x0000;02 Illegal Data Address
27572;0;0;0x0000;02 Illegal Data Address
27573;0;0;0x0000;02 Illegal Data Address
27574;0;0;0x0000;02 Illegal Data Address
27575;0;0;0x0000;02 Illegal Data Address
27576;0;0;0x0000;02 Illegal Data Address
27577;0;0;0x0000;02 Illegal Data Address
27578;0;0;0x0000;02 Illegal Data Address
27579;0;0;0x0000;02 Illegal Data Address
27580;0;0;0x0000;02 Illegal Data Address
27581;0;0;0x0000;02 Illegal Data Address
27582;0;0;0x0000;02 Illegal Data Address
27583;0;0;0x0000;02 Illegal Data Address
27584;0;0;0x0000;02 Illegal Data Address
27585;0;0;0x0000;02 Illegal Data Address
27586;0;0;0x0000;02 Illegal Data Address
27587;0;0;0x0000;02 Illegal Data Address
27588;0;0;0x0000;02 Illegal Data Address
27589;0;0;0x0000;02 Illegal Data Address
27590;0;0;0x0000;02 Illegal Data Address
27591;0;0;0x0000;02 Illegal Data Address
27592;0;0;0x0000;02 Illegal Data Address
27593;0;0;0x0000;02 Illegal Data Address
27594;0;0;0x0000;02 Illegal Data Address
27595;0;0;0x0000;02 Illegal Data Address
27596;0;0;0x0000;02 Illegal Data Address
27597;0;0;0x0000;02 Illegal Data Address
27598;0;0;0x0000;02 Illegal Data Address
27599;0;0;0x0000;02 Illegal Data Address
27600;0;0;0x0000;02 Illegal Data Address
27601;0;0;0x0000;02 Illegal Data Address
27602;0;0;0x0000;02 Illegal Data Address
27603;0;0;0x0000;02 Illegal Data Address
27604;0;0;0x0000;02 Illegal Data Address
27605;0;0;0x0000;02 Illegal Data Address
27606;0;0;0x0000;02 Illegal Data Address
27607;0;0;0x0000;02 Illegal Data Address
27608;0;0;0x0000;02 Illegal Data Address
27609;0;0;0x0000;02 Illegal Data Address
27610;0;0;0x0000;02 Illegal Data Address
27611;0;0;0x0000;02 Illegal Data Address
27612;0;0;0x0000;02 Illegal Data Address
27613;0;0;0x0000;02 Illegal Data Address
27614;0;0;0x0000;02 Illegal Data Address
27615;0;0;0x0000;02 Illegal Data Address
27616;0;0;0x0000;02 Illegal Data Address
27617;0;0;0x0000;02 Illegal Data Address
27618;0;0;0x0000;02 Illegal Data Address
27619;0;0;0x0000;02 Illegal Data Address
27620;0;0;0x0000;02 Illegal Data Address
27621;0;0;0x0000;02 Illegal Data Address
27622;0;0;0x0000;02 Illegal Data Address
27623;0;0;0x0000;02 Illegal Data Address
27624;0;0;0x0000;02 Illegal Data Address
27625;0;0;0x0000;02 Illegal Data Address
27626;0;0;0x0000;02 Illegal Data Address
27627;0;0;0x0000;02 Illegal Data Address
27628;0;0;0x0000;02 Illegal Data Address
27629;0;0;0x0000;02 Illegal Data Address
27630;0;0;0x0000;02 Illegal Data Address
27631;0;0;0x0000;02 Illegal Data Address
27632;0;0;0x0000;02 Illegal Data Address
27633;0;0;0x0000;02 Illegal Data Address
27634;0;0;0x0000;02 Illegal Data Address
27635;0;0;0x0000;02 Illegal Data Address
27636;0;0;0x0000;02 Illegal Data Address
27637;0;0;0x0000;02 Illegal Data Address
27638;0;0;0x0000;02 Illegal Data Address
27639;0;0;0x0000;02 Illegal Data Address
27640;0;0;0x0000;02 Illegal Data Address
27641;0;0;0x0000;02 Illegal Data Address
27642;0;0;0x0000;02 Illegal Data Address
27643;0;0;0x0000;02 Illegal Data Address
27644;0;0;0x0000;02 Illegal Data Address
27645;0;0;0x0000;02 Illegal Data Address
27646;0;0;0x0000;02 Illegal Data Address
27647;0;0;0x0000;02 Illegal Data Address
27648;0;0;0x0000;02 Illegal Data Address
27649;0;0;0x0000;02 Illegal Data Address
27650;0;0;0x0000;02 Illegal Data Address
27651;0;0;0x0000;02 Illegal Data Address
27652;0;0;0x0000;02 Illegal Data Address
27653;0;0;0x0000;02 Illegal Data Address
27654;0;0;0x0000;02 Illegal Data Address
27655;0;0;0x0000;02 Illegal Data Address
27656;0;0;0x0000;02 Illegal Data Address
27657;0;0;0x0000;02 Illegal Data Address
27658;0;0;0x0000;02 Illegal Data Address
27659;0;0;0x0000;02 Illegal Data Address
27660;0;0;0x0000;02 Illegal Data Address
27661;0;0;0x0000;02 Illegal Data Address
27662;0;0;0x0000;02 Illegal Data Address
27663;0;0;0x0000;02 Illegal Data Address
27664;0;0;0x0000;02 Illegal Data Address
27665;0;0;0x0000;02 Illegal Data Address
27666;0;0;0x0000;02 Illegal Data Address
27667;0;0;0x0000;02 Illegal Data Address
27668;0;0;0x0000;02 Illegal Data Address
27669;0;0;0x0000;02 Illegal Data Address
27670;0;0;0x0000;02 Illegal Data Address
27671;0;0;0x0000;02 Illegal Data Address
27672;0;0;0x0000;02 Illegal Data Address
27673;0;0;0x0000;02 Illegal Data Address
27674;0;0;0x0000;02 Illegal Data Address
27675;0;0;0x0000;02 Illegal Data Address
27676;0;0;0x0000;02 Illegal Data Address
27677;0;0;0x0000;02 Illegal Data Address
27678;0;0;0x0000;02 Illegal Data Address
27679;0;0;0x0000;02 Illegal Data Address
27680;0;0;0x0000;02 Illegal Data Address
27681;0;0;0x0000;02 Illegal Data Address
27682;0;0;0x0000;02 Illegal Data Address
27683;0;0;0x0000;02 Illegal Data Address
27684;0;0;0x0000;02 Illegal Data Address
27685;0;0;0x0000;02 Illegal Data Address
27686;0;0;0x0000;02 Illegal Data Address
27687;0;0;0x0000;02 Illegal Data Address
27688;0;0;0x0000;02 Illegal Data Address
27689;0;0;0x0000;02 Illegal Data Address
27690;0;0;0x0000;02 Illegal Data Address
27691;0;0;0x0000;02 Illegal Data Address
27692;0;0;0x0000;02 Illegal Data Address
27693;0;0;0x0000;02 Illegal Data Address
27694;0;0;0x0000;02 Illegal Data Address
27695;0;0;0x0000;02 Illegal Data Address
27696;0;0;0x0000;02 Illegal Data Address
27697;0;0;0x0000;02 Illegal Data Address
27698;0;0;0x0000;02 Illegal Data Address
27699;0;0;0x0000;02 Illegal Data Address
27700;0;0;0x0000;02 Illegal Data Address
27701;0;0;0x0000;02 Illegal Data Address
27702;0;0;0x0000;02 Illegal Data Address
27703;0;0;0x0000;02 Illegal Data Address
27704;0;0;0x0000;02 Illegal Data Address
27705;0;0;0x0000;02 Illegal Data Address
27706;0;0;0x0000;02 Illegal Data Address
27707;0;0;0x0000;02 Illegal Data Address
27708;0;0;0x0000;02 Illegal Data Address
27709;0;0;0x0000;02 Illegal Data Address
27710;0;0;0x0000;02 Illegal Data Address
27711;0;0;0x0000;02 Illegal Data Address
27712;0;0;0x0000;02 Illegal Data Address
27713;0;0;0x0000;02 Illegal Data Address
27714;0;0;0x0000;02 Illegal Data Address
27715;0;0;0x0000;02 Illegal Data Address
27716;0;0;0x0000;02 Illegal Data Address
27717;0;0;0x0000;02 Illegal Data Address
27718;0;0;0x0000;02 Illegal Data Address
27719;0;0;0x0000;02 Illegal Data Address
27720;0;0;0x0000;02 Illegal Data Address
27721;0;0;0x0000;02 Illegal Data Address
27722;0;0;0x0000;02 Illegal Data Address
27723;0;0;0x0000;02 Illegal Data Address
27724;0;0;0x0000;02 Illegal Data Address
27725;0;0;0x0000;02 Illegal Data Address
27726;0;0;0x0000;02 Illegal Data Address
27727;0;0;0x0000;02 Illegal Data Address
27728;0;0;0x0000;02 Illegal Data Address
27729;0;0;0x0000;02 Illegal Data Address
27730;0;0;0x0000;02 Illegal Data Address
27731;0;0;0x0000;02 Illegal Data Address
27732;0;0;0x0000;02 Illegal Data Address
27733;0;0;0x0000;02 Illegal Data Address
27734;0;0;0x0000;02 Illegal Data Address
27735;0;0;0x0000;02 Illegal Data Address
27736;0;0;0x0000;02 Illegal Data Address
27737;0;0;0x0000;02 Illegal Data Address
27738;0;0;0x0000;02 Illegal Data Address
27739;0;0;0x0000;02 Illegal Data Address
27740;0;0;0x0000;02 Illegal Data Address
27741;0;0;0x0000;02 Illegal Data Address
27742;0;0;0x0000;02 Illegal Data Address
27743;0;0;0x0000;02 Illegal Data Address
27744;0;0;0x0000;02 Illegal Data Address
27745;0;0;0x0000;02 Illegal Data Address
27746;0;0;0x0000;02 Illegal Data Address
27747;0;0;0x0000;02 Illegal Data Address
27748;0;0;0x0000;02 Illegal Data Address
27749;0;0;0x0000;02 Illegal Data Address
27750;0;0;0x0000;02 Illegal Data Address
27751;0;0;0x0000;02 Illegal Data Address
27752;0;0;0x0000;02 Illegal Data Address
27753;0;0;0x0000;02 Illegal Data Address
27754;0;0;0x0000;02 Illegal Data Address
27755;0;0;0x0000;02 Illegal Data Address
27756;0;0;0x0000;02 Illegal Data Address
27757;0;0;0x0000;02 Illegal Data Address
27758;0;0;0x0000;02 Illegal Data Address
27759;0;0;0x0000;02 Illegal Data Address
27760;0;0;0x0000;02 Illegal Data Address
27761;0;0;0x0000;02 Illegal Data Address
27762;0;0;0x0000;02 Illegal Data Address
27763;0;0;0x0000;02 Illegal Data Address
27764;0;0;0x0000;02 Illegal Data Address
27765;0;0;0x0000;02 Illegal Data Address
27766;0;0;0x0000;02 Illegal Data Address
27767;0;0;0x0000;02 Illegal Data Address
27768;0;0;0x0000;02 Illegal Data Address
27769;0;0;0x0000;02 Illegal Data Address
27770;0;0;0x0000;02 Illegal Data Address
27771;0;0;0x0000;02 Illegal Data Address
27772;0;0;0x0000;02 Illegal Data Address
27773;0;0;0x0000;02 Illegal Data Address
27774;0;0;0x0000;02 Illegal Data Address
27775;0;0;0x0000;02 Illegal Data Address
27776;0;0;0x0000;02 Illegal Data Address
27777;0;0;0x0000;02 Illegal Data Address
27778;0;0;0x0000;02 Illegal Data Address
27779;0;0;0x0000;02 Illegal Data Address
27780;0;0;0x0000;02 Illegal Data Address
27781;0;0;0x0000;02 Illegal Data Address
27782;0;0;0x0000;02 Illegal Data Address
27783;0;0;0x0000;02 Illegal Data Address
27784;0;0;0x0000;02 Illegal Data Address
27785;0;0;0x0000;02 Illegal Data Address
27786;0;0;0x0000;02 Illegal Data Address
27787;0;0;0x0000;02 Illegal Data Address
27788;0;0;0x0000;02 Illegal Data Address
27789;0;0;0x0000;02 Illegal Data Address
27790;0;0;0x0000;02 Illegal Data Address
27791;0;0;0x0000;02 Illegal Data Address
27792;0;0;0x0000;02 Illegal Data Address
27793;0;0;0x0000;02 Illegal Data Address
27794;0;0;0x0000;02 Illegal Data Address
27795;0;0;0x0000;02 Illegal Data Address
27796;0;0;0x0000;02 Illegal Data Address
27797;0;0;0x0000;02 Illegal Data Address
27798;0;0;0x0000;02 Illegal Data Address
27799;0;0;0x0000;02 Illegal Data Address
27800;0;0;0x0000;02 Illegal Data Address
27801;0;0;0x0000;02 Illegal Data Address
27802;0;0;0x0000;02 Illegal Data Address
27803;0;0;0x0000;02 Illegal Data Address
27804;0;0;0x0000;02 Illegal Data Address
27805;0;0;0x0000;02 Illegal Data Address
27806;0;0;0x0000;02 Illegal Data Address
27807;0;0;0x0000;02 Illegal Data Address
27808;0;0;0x0000;02 Illegal Data Address
27809;0;0;0x0000;02 Illegal Data Address
27810;0;0;0x0000;02 Illegal Data Address
27811;0;0;0x0000;02 Illegal Data Address
27812;0;0;0x0000;02 Illegal Data Address
27813;0;0;0x0000;02 Illegal Data Address
27814;0;0;0x0000;02 Illegal Data Address
27815;0;0;0x0000;02 Illegal Data Address
27816;0;0;0x0000;02 Illegal Data Address
27817;0;0;0x0000;02 Illegal Data Address
27818;0;0;0x0000;02 Illegal Data Address
27819;0;0;0x0000;02 Illegal Data Address
27820;0;0;0x0000;02 Illegal Data Address
27821;0;0;0x0000;02 Illegal Data Address
27822;0;0;0x0000;02 Illegal Data Address
27823;0;0;0x0000;02 Illegal Data Address
27824;0;0;0x0000;02 Illegal Data Address
27825;0;0;0x0000;02 Illegal Data Address
27826;0;0;0x0000;02 Illegal Data Address
27827;0;0;0x0000;02 Illegal Data Address
27828;0;0;0x0000;02 Illegal Data Address
27829;0;0;0x0000;02 Illegal Data Address
27830;0;0;0x0000;02 Illegal Data Address
27831;0;0;0x0000;02 Illegal Data Address
27832;0;0;0x0000;02 Illegal Data Address
27833;0;0;0x0000;02 Illegal Data Address
27834;0;0;0x0000;02 Illegal Data Address
27835;0;0;0x0000;02 Illegal Data Address
27836;0;0;0x0000;02 Illegal Data Address
27837;0;0;0x0000;02 Illegal Data Address
27838;0;0;0x0000;02 Illegal Data Address
27839;0;0;0x0000;02 Illegal Data Address
27840;0;0;0x0000;02 Illegal Data Address
27841;0;0;0x0000;02 Illegal Data Address
27842;0;0;0x0000;02 Illegal Data Address
27843;0;0;0x0000;02 Illegal Data Address
27844;0;0;0x0000;02 Illegal Data Address
27845;0;0;0x0000;02 Illegal Data Address
27846;0;0;0x0000;02 Illegal Data Address
27847;0;0;0x0000;02 Illegal Data Address
27848;0;0;0x0000;02 Illegal Data Address
27849;0;0;0x0000;02 Illegal Data Address
27850;0;0;0x0000;02 Illegal Data Address
27851;0;0;0x0000;02 Illegal Data Address
27852;0;0;0x0000;02 Illegal Data Address
27853;0;0;0x0000;02 Illegal Data Address
27854;0;0;0x0000;02 Illegal Data Address
27855;0;0;0x0000;02 Illegal Data Address
27856;0;0;0x0000;02 Illegal Data Address
27857;0;0;0x0000;02 Illegal Data Address
27858;0;0;0x0000;02 Illegal Data Address
27859;0;0;0x0000;02 Illegal Data Address
27860;0;0;0x0000;02 Illegal Data Address
27861;0;0;0x0000;02 Illegal Data Address
27862;0;0;0x0000;02 Illegal Data Address
27863;0;0;0x0000;02 Illegal Data Address
27864;0;0;0x0000;02 Illegal Data Address
27865;0;0;0x0000;02 Illegal Data Address
27866;0;0;0x0000;02 Illegal Data Address
27867;0;0;0x0000;02 Illegal Data Address
27868;0;0;0x0000;02 Illegal Data Address
27869;0;0;0x0000;02 Illegal Data Address
27870;0;0;0x0000;02 Illegal Data Address
27871;0;0;0x0000;02 Illegal Data Address
27872;0;0;0x0000;02 Illegal Data Address
27873;0;0;0x0000;02 Illegal Data Address
27874;0;0;0x0000;02 Illegal Data Address
27875;0;0;0x0000;02 Illegal Data Address
27876;0;0;0x0000;02 Illegal Data Address
27877;0;0;0x0000;02 Illegal Data Address
27878;0;0;0x0000;02 Illegal Data Address
27879;0;0;0x0000;02 Illegal Data Address
27880;0;0;0x0000;02 Illegal Data Address
27881;0;0;0x0000;02 Illegal Data Address
27882;0;0;0x0000;02 Illegal Data Address
27883;0;0;0x0000;02 Illegal Data Address
27884;0;0;0x0000;02 Illegal Data Address
27885;0;0;0x0000;02 Illegal Data Address
27886;0;0;0x0000;02 Illegal Data Address
27887;0;0;0x0000;02 Illegal Data Address
27888;0;0;0x0000;02 Illegal Data Address
27889;0;0;0x0000;02 Illegal Data Address
27890;0;0;0x0000;02 Illegal Data Address
27891;0;0;0x0000;02 Illegal Data Address
27892;0;0;0x0000;02 Illegal Data Address
27893;0;0;0x0000;02 Illegal Data Address
27894;0;0;0x0000;02 Illegal Data Address
27895;0;0;0x0000;02 Illegal Data Address
27896;0;0;0x0000;02 Illegal Data Address
27897;0;0;0x0000;02 Illegal Data Address
27898;0;0;0x0000;02 Illegal Data Address
27899;0;0;0x0000;02 Illegal Data Address
27900;0;0;0x0000;02 Illegal Data Address
27901;0;0;0x0000;02 Illegal Data Address
27902;0;0;0x0000;02 Illegal Data Address
27903;0;0;0x0000;02 Illegal Data Address
27904;0;0;0x0000;02 Illegal Data Address
27905;0;0;0x0000;02 Illegal Data Address
27906;0;0;0x0000;02 Illegal Data Address
27907;0;0;0x0000;02 Illegal Data Address
27908;0;0;0x0000;02 Illegal Data Address
27909;0;0;0x0000;02 Illegal Data Address
27910;0;0;0x0000;02 Illegal Data Address
27911;0;0;0x0000;02 Illegal Data Address
27912;0;0;0x0000;02 Illegal Data Address
27913;0;0;0x0000;02 Illegal Data Address
27914;0;0;0x0000;02 Illegal Data Address
27915;0;0;0x0000;02 Illegal Data Address
27916;0;0;0x0000;02 Illegal Data Address
27917;0;0;0x0000;02 Illegal Data Address
27918;0;0;0x0000;02 Illegal Data Address
27919;0;0;0x0000;02 Illegal Data Address
27920;0;0;0x0000;02 Illegal Data Address
27921;0;0;0x0000;02 Illegal Data Address
27922;0;0;0x0000;02 Illegal Data Address
27923;0;0;0x0000;02 Illegal Data Address
27924;0;0;0x0000;02 Illegal Data Address
27925;0;0;0x0000;02 Illegal Data Address
27926;0;0;0x0000;02 Illegal Data Address
27927;0;0;0x0000;02 Illegal Data Address
27928;0;0;0x0000;02 Illegal Data Address
27929;0;0;0x0000;02 Illegal Data Address
27930;0;0;0x0000;02 Illegal Data Address
27931;0;0;0x0000;02 Illegal Data Address
27932;0;0;0x0000;02 Illegal Data Address
27933;0;0;0x0000;02 Illegal Data Address
27934;0;0;0x0000;02 Illegal Data Address
27935;0;0;0x0000;02 Illegal Data Address
27936;0;0;0x0000;02 Illegal Data Address
27937;0;0;0x0000;02 Illegal Data Address
27938;0;0;0x0000;02 Illegal Data Address
27939;0;0;0x0000;02 Illegal Data Address
27940;0;0;0x0000;02 Illegal Data Address
27941;0;0;0x0000;02 Illegal Data Address
27942;0;0;0x0000;02 Illegal Data Address
27943;0;0;0x0000;02 Illegal Data Address
27944;0;0;0x0000;02 Illegal Data Address
27945;0;0;0x0000;02 Illegal Data Address
27946;0;0;0x0000;02 Illegal Data Address
27947;0;0;0x0000;02 Illegal Data Address
27948;0;0;0x0000;02 Illegal Data Address
27949;0;0;0x0000;02 Illegal Data Address
27950;0;0;0x0000;02 Illegal Data Address
27951;0;0;0x0000;02 Illegal Data Address
27952;0;0;0x0000;02 Illegal Data Address
27953;0;0;0x0000;02 Illegal Data Address
27954;0;0;0x0000;02 Illegal Data Address
27955;0;0;0x0000;02 Illegal Data Address
27956;0;0;0x0000;02 Illegal Data Address
27957;0;0;0x0000;02 Illegal Data Address
27958;0;0;0x0000;02 Illegal Data Address
27959;0;0;0x0000;02 Illegal Data Address
27960;0;0;0x0000;02 Illegal Data Address
27961;0;0;0x0000;02 Illegal Data Address
27962;0;0;0x0000;02 Illegal Data Address
27963;0;0;0x0000;02 Illegal Data Address
27964;0;0;0x0000;02 Illegal Data Address
27965;0;0;0x0000;02 Illegal Data Address
27966;0;0;0x0000;02 Illegal Data Address
27967;0;0;0x0000;02 Illegal Data Address
27968;0;0;0x0000;02 Illegal Data Address
27969;0;0;0x0000;02 Illegal Data Address
27970;0;0;0x0000;02 Illegal Data Address
27971;0;0;0x0000;02 Illegal Data Address
27972;0;0;0x0000;02 Illegal Data Address
27973;0;0;0x0000;02 Illegal Data Address
27974;0;0;0x0000;02 Illegal Data Address
27975;0;0;0x0000;02 Illegal Data Address
27976;0;0;0x0000;02 Illegal Data Address
27977;0;0;0x0000;02 Illegal Data Address
27978;0;0;0x0000;02 Illegal Data Address
27979;0;0;0x0000;02 Illegal Data Address
27980;0;0;0x0000;02 Illegal Data Address
27981;0;0;0x0000;02 Illegal Data Address
27982;0;0;0x0000;02 Illegal Data Address
27983;0;0;0x0000;02 Illegal Data Address
27984;0;0;0x0000;02 Illegal Data Address
27985;0;0;0x0000;02 Illegal Data Address
27986;0;0;0x0000;02 Illegal Data Address
27987;0;0;0x0000;02 Illegal Data Address
27988;0;0;0x0000;02 Illegal Data Address
27989;0;0;0x0000;02 Illegal Data Address
27990;0;0;0x0000;02 Illegal Data Address
27991;0;0;0x0000;02 Illegal Data Address
27992;0;0;0x0000;02 Illegal Data Address
27993;0;0;0x0000;02 Illegal Data Address
27994;0;0;0x0000;02 Illegal Data Address
27995;0;0;0x0000;02 Illegal Data Address
27996;0;0;0x0000;02 Illegal Data Address
27997;0;0;0x0000;02 Illegal Data Address
27998;0;0;0x0000;02 Illegal Data Address
27999;0;0;0x0000;02 Illegal Data Address
28000;0;0;0x0000;02 Illegal Data Address
28001;0;0;0x0000;02 Illegal Data Address
28002;0;0;0x0000;02 Illegal Data Address
28003;0;0;0x0000;02 Illegal Data Address
28004;0;0;0x0000;02 Illegal Data Address
28005;0;0;0x0000;02 Illegal Data Address
28006;0;0;0x0000;02 Illegal Data Address
28007;0;0;0x0000;02 Illegal Data Address
28008;0;0;0x0000;02 Illegal Data Address
28009;0;0;0x0000;02 Illegal Data Address
28010;0;0;0x0000;02 Illegal Data Address
28011;0;0;0x0000;02 Illegal Data Address
28012;0;0;0x0000;02 Illegal Data Address
28013;0;0;0x0000;02 Illegal Data Address
28014;0;0;0x0000;02 Illegal Data Address
28015;0;0;0x0000;02 Illegal Data Address
28016;0;0;0x0000;02 Illegal Data Address
28017;0;0;0x0000;02 Illegal Data Address
28018;0;0;0x0000;02 Illegal Data Address
28019;0;0;0x0000;02 Illegal Data Address
28020;0;0;0x0000;02 Illegal Data Address
28021;0;0;0x0000;02 Illegal Data Address
28022;0;0;0x0000;02 Illegal Data Address
28023;0;0;0x0000;02 Illegal Data Address
28024;0;0;0x0000;02 Illegal Data Address
28025;0;0;0x0000;02 Illegal Data Address
28026;0;0;0x0000;02 Illegal Data Address
28027;0;0;0x0000;02 Illegal Data Address
28028;0;0;0x0000;02 Illegal Data Address
28029;0;0;0x0000;02 Illegal Data Address
28030;0;0;0x0000;02 Illegal Data Address
28031;0;0;0x0000;02 Illegal Data Address
28032;0;0;0x0000;02 Illegal Data Address
28033;0;0;0x0000;02 Illegal Data Address
28034;0;0;0x0000;02 Illegal Data Address
28035;0;0;0x0000;02 Illegal Data Address
28036;0;0;0x0000;02 Illegal Data Address
28037;0;0;0x0000;02 Illegal Data Address
28038;0;0;0x0000;02 Illegal Data Address
28039;0;0;0x0000;02 Illegal Data Address
28040;0;0;0x0000;02 Illegal Data Address
28041;0;0;0x0000;02 Illegal Data Address
28042;0;0;0x0000;02 Illegal Data Address
28043;0;0;0x0000;02 Illegal Data Address
28044;0;0;0x0000;02 Illegal Data Address
28045;0;0;0x0000;02 Illegal Data Address
28046;0;0;0x0000;02 Illegal Data Address
28047;0;0;0x0000;02 Illegal Data Address
28048;0;0;0x0000;02 Illegal Data Address
28049;0;0;0x0000;02 Illegal Data Address
28050;0;0;0x0000;02 Illegal Data Address
28051;0;0;0x0000;02 Illegal Data Address
28052;0;0;0x0000;02 Illegal Data Address
28053;0;0;0x0000;02 Illegal Data Address
28054;0;0;0x0000;02 Illegal Data Address
28055;0;0;0x0000;02 Illegal Data Address
28056;0;0;0x0000;02 Illegal Data Address
28057;0;0;0x0000;02 Illegal Data Address
28058;0;0;0x0000;02 Illegal Data Address
28059;0;0;0x0000;02 Illegal Data Address
28060;0;0;0x0000;02 Illegal Data Address
28061;0;0;0x0000;02 Illegal Data Address
28062;0;0;0x0000;02 Illegal Data Address
28063;0;0;0x0000;02 Illegal Data Address
28064;0;0;0x0000;02 Illegal Data Address
28065;0;0;0x0000;02 Illegal Data Address
28066;0;0;0x0000;02 Illegal Data Address
28067;0;0;0x0000;02 Illegal Data Address
28068;0;0;0x0000;02 Illegal Data Address
28069;0;0;0x0000;02 Illegal Data Address
28070;0;0;0x0000;02 Illegal Data Address
28071;0;0;0x0000;02 Illegal Data Address
28072;0;0;0x0000;02 Illegal Data Address
28073;0;0;0x0000;02 Illegal Data Address
28074;0;0;0x0000;02 Illegal Data Address
28075;0;0;0x0000;02 Illegal Data Address
28076;0;0;0x0000;02 Illegal Data Address
28077;0;0;0x0000;02 Illegal Data Address
28078;0;0;0x0000;02 Illegal Data Address
28079;0;0;0x0000;02 Illegal Data Address
28080;0;0;0x0000;02 Illegal Data Address
28081;0;0;0x0000;02 Illegal Data Address
28082;0;0;0x0000;02 Illegal Data Address
28083;0;0;0x0000;02 Illegal Data Address
28084;0;0;0x0000;02 Illegal Data Address
28085;0;0;0x0000;02 Illegal Data Address
28086;0;0;0x0000;02 Illegal Data Address
28087;0;0;0x0000;02 Illegal Data Address
28088;0;0;0x0000;02 Illegal Data Address
28089;0;0;0x0000;02 Illegal Data Address
28090;0;0;0x0000;02 Illegal Data Address
28091;0;0;0x0000;02 Illegal Data Address
28092;0;0;0x0000;02 Illegal Data Address
28093;0;0;0x0000;02 Illegal Data Address
28094;0;0;0x0000;02 Illegal Data Address
28095;0;0;0x0000;02 Illegal Data Address
28096;0;0;0x0000;02 Illegal Data Address
28097;0;0;0x0000;02 Illegal Data Address
28098;0;0;0x0000;02 Illegal Data Address
28099;0;0;0x0000;02 Illegal Data Address
28100;0;0;0x0000;02 Illegal Data Address
28101;0;0;0x0000;02 Illegal Data Address
28102;0;0;0x0000;02 Illegal Data Address
28103;0;0;0x0000;02 Illegal Data Address
28104;0;0;0x0000;02 Illegal Data Address
28105;0;0;0x0000;02 Illegal Data Address
28106;0;0;0x0000;02 Illegal Data Address
28107;0;0;0x0000;02 Illegal Data Address
28108;0;0;0x0000;02 Illegal Data Address
28109;0;0;0x0000;02 Illegal Data Address
28110;0;0;0x0000;02 Illegal Data Address
28111;0;0;0x0000;02 Illegal Data Address
28112;0;0;0x0000;02 Illegal Data Address
28113;0;0;0x0000;02 Illegal Data Address
28114;0;0;0x0000;02 Illegal Data Address
28115;0;0;0x0000;02 Illegal Data Address
28116;0;0;0x0000;02 Illegal Data Address
28117;0;0;0x0000;02 Illegal Data Address
28118;0;0;0x0000;02 Illegal Data Address
28119;0;0;0x0000;02 Illegal Data Address
28120;0;0;0x0000;02 Illegal Data Address
28121;0;0;0x0000;02 Illegal Data Address
28122;0;0;0x0000;02 Illegal Data Address
28123;0;0;0x0000;02 Illegal Data Address
28124;0;0;0x0000;02 Illegal Data Address
28125;0;0;0x0000;02 Illegal Data Address
28126;0;0;0x0000;02 Illegal Data Address
28127;0;0;0x0000;02 Illegal Data Address
28128;0;0;0x0000;02 Illegal Data Address
28129;0;0;0x0000;02 Illegal Data Address
28130;0;0;0x0000;02 Illegal Data Address
28131;0;0;0x0000;02 Illegal Data Address
28132;0;0;0x0000;02 Illegal Data Address
28133;0;0;0x0000;02 Illegal Data Address
28134;0;0;0x0000;02 Illegal Data Address
28135;0;0;0x0000;02 Illegal Data Address
28136;0;0;0x0000;02 Illegal Data Address
28137;0;0;0x0000;02 Illegal Data Address
28138;0;0;0x0000;02 Illegal Data Address
28139;0;0;0x0000;02 Illegal Data Address
28140;0;0;0x0000;02 Illegal Data Address
28141;0;0;0x0000;02 Illegal Data Address
28142;0;0;0x0000;02 Illegal Data Address
28143;0;0;0x0000;02 Illegal Data Address
28144;0;0;0x0000;02 Illegal Data Address
28145;0;0;0x0000;02 Illegal Data Address
28146;0;0;0x0000;02 Illegal Data Address
28147;0;0;0x0000;02 Illegal Data Address
28148;0;0;0x0000;02 Illegal Data Address
28149;0;0;0x0000;02 Illegal Data Address
28150;0;0;0x0000;02 Illegal Data Address
28151;0;0;0x0000;02 Illegal Data Address
28152;0;0;0x0000;02 Illegal Data Address
28153;0;0;0x0000;02 Illegal Data Address
28154;0;0;0x0000;02 Illegal Data Address
28155;0;0;0x0000;02 Illegal Data Address
28156;0;0;0x0000;02 Illegal Data Address
28157;0;0;0x0000;02 Illegal Data Address
28158;0;0;0x0000;02 Illegal Data Address
28159;0;0;0x0000;02 Illegal Data Address
28160;0;0;0x0000;02 Illegal Data Address
28161;0;0;0x0000;02 Illegal Data Address
28162;0;0;0x0000;02 Illegal Data Address
28163;0;0;0x0000;02 Illegal Data Address
28164;0;0;0x0000;02 Illegal Data Address
28165;0;0;0x0000;02 Illegal Data Address
28166;0;0;0x0000;02 Illegal Data Address
28167;0;0;0x0000;02 Illegal Data Address
28168;0;0;0x0000;02 Illegal Data Address
28169;0;0;0x0000;02 Illegal Data Address
28170;0;0;0x0000;02 Illegal Data Address
28171;0;0;0x0000;02 Illegal Data Address
28172;0;0;0x0000;02 Illegal Data Address
28173;0;0;0x0000;02 Illegal Data Address
28174;0;0;0x0000;02 Illegal Data Address
28175;0;0;0x0000;02 Illegal Data Address
28176;0;0;0x0000;02 Illegal Data Address
28177;0;0;0x0000;02 Illegal Data Address
28178;0;0;0x0000;02 Illegal Data Address
28179;0;0;0x0000;02 Illegal Data Address
28180;0;0;0x0000;02 Illegal Data Address
28181;0;0;0x0000;02 Illegal Data Address
28182;0;0;0x0000;02 Illegal Data Address
28183;0;0;0x0000;02 Illegal Data Address
28184;0;0;0x0000;02 Illegal Data Address
28185;0;0;0x0000;02 Illegal Data Address
28186;0;0;0x0000;02 Illegal Data Address
28187;0;0;0x0000;02 Illegal Data Address
28188;0;0;0x0000;02 Illegal Data Address
28189;0;0;0x0000;02 Illegal Data Address
28190;0;0;0x0000;02 Illegal Data Address
28191;0;0;0x0000;02 Illegal Data Address
28192;0;0;0x0000;02 Illegal Data Address
28193;0;0;0x0000;02 Illegal Data Address
28194;0;0;0x0000;02 Illegal Data Address
28195;0;0;0x0000;02 Illegal Data Address
28196;0;0;0x0000;02 Illegal Data Address
28197;0;0;0x0000;02 Illegal Data Address
28198;0;0;0x0000;02 Illegal Data Address
28199;0;0;0x0000;02 Illegal Data Address
28200;0;0;0x0000;02 Illegal Data Address
28201;0;0;0x0000;02 Illegal Data Address
28202;0;0;0x0000;02 Illegal Data Address
28203;0;0;0x0000;02 Illegal Data Address
28204;0;0;0x0000;02 Illegal Data Address
28205;0;0;0x0000;02 Illegal Data Address
28206;0;0;0x0000;02 Illegal Data Address
28207;0;0;0x0000;02 Illegal Data Address
28208;0;0;0x0000;02 Illegal Data Address
28209;0;0;0x0000;02 Illegal Data Address
28210;0;0;0x0000;02 Illegal Data Address
28211;0;0;0x0000;02 Illegal Data Address
28212;0;0;0x0000;02 Illegal Data Address
28213;0;0;0x0000;02 Illegal Data Address
28214;0;0;0x0000;02 Illegal Data Address
28215;0;0;0x0000;02 Illegal Data Address
28216;0;0;0x0000;02 Illegal Data Address
28217;0;0;0x0000;02 Illegal Data Address
28218;0;0;0x0000;02 Illegal Data Address
28219;0;0;0x0000;02 Illegal Data Address
28220;0;0;0x0000;02 Illegal Data Address
28221;0;0;0x0000;02 Illegal Data Address
28222;0;0;0x0000;02 Illegal Data Address
28223;0;0;0x0000;02 Illegal Data Address
28224;0;0;0x0000;02 Illegal Data Address
28225;0;0;0x0000;02 Illegal Data Address
28226;0;0;0x0000;02 Illegal Data Address
28227;0;0;0x0000;02 Illegal Data Address
28228;0;0;0x0000;02 Illegal Data Address
28229;0;0;0x0000;02 Illegal Data Address
28230;0;0;0x0000;02 Illegal Data Address
28231;0;0;0x0000;02 Illegal Data Address
28232;0;0;0x0000;02 Illegal Data Address
28233;0;0;0x0000;02 Illegal Data Address
28234;0;0;0x0000;02 Illegal Data Address
28235;0;0;0x0000;02 Illegal Data Address
28236;0;0;0x0000;02 Illegal Data Address
28237;0;0;0x0000;02 Illegal Data Address
28238;0;0;0x0000;02 Illegal Data Address
28239;0;0;0x0000;02 Illegal Data Address
28240;0;0;0x0000;02 Illegal Data Address
28241;0;0;0x0000;02 Illegal Data Address
28242;0;0;0x0000;02 Illegal Data Address
28243;0;0;0x0000;02 Illegal Data Address
28244;0;0;0x0000;02 Illegal Data Address
28245;0;0;0x0000;02 Illegal Data Address
28246;0;0;0x0000;02 Illegal Data Address
28247;0;0;0x0000;02 Illegal Data Address
28248;0;0;0x0000;02 Illegal Data Address
28249;0;0;0x0000;02 Illegal Data Address
28250;0;0;0x0000;02 Illegal Data Address
28251;0;0;0x0000;02 Illegal Data Address
28252;0;0;0x0000;02 Illegal Data Address
28253;0;0;0x0000;02 Illegal Data Address
28254;0;0;0x0000;02 Illegal Data Address
28255;0;0;0x0000;02 Illegal Data Address
28256;0;0;0x0000;02 Illegal Data Address
28257;0;0;0x0000;02 Illegal Data Address
28258;0;0;0x0000;02 Illegal Data Address
28259;0;0;0x0000;02 Illegal Data Address
28260;0;0;0x0000;02 Illegal Data Address
28261;0;0;0x0000;02 Illegal Data Address
28262;0;0;0x0000;02 Illegal Data Address
28263;0;0;0x0000;02 Illegal Data Address
28264;0;0;0x0000;02 Illegal Data Address
28265;0;0;0x0000;02 Illegal Data Address
28266;0;0;0x0000;02 Illegal Data Address
28267;0;0;0x0000;02 Illegal Data Address
28268;0;0;0x0000;02 Illegal Data Address
28269;0;0;0x0000;02 Illegal Data Address
28270;0;0;0x0000;02 Illegal Data Address
28271;0;0;0x0000;02 Illegal Data Address
28272;0;0;0x0000;02 Illegal Data Address
28273;0;0;0x0000;02 Illegal Data Address
28274;0;0;0x0000;02 Illegal Data Address
28275;0;0;0x0000;02 Illegal Data Address
28276;0;0;0x0000;02 Illegal Data Address
28277;0;0;0x0000;02 Illegal Data Address
28278;0;0;0x0000;02 Illegal Data Address
28279;0;0;0x0000;02 Illegal Data Address
28280;0;0;0x0000;02 Illegal Data Address
28281;0;0;0x0000;02 Illegal Data Address
28282;0;0;0x0000;02 Illegal Data Address
28283;0;0;0x0000;02 Illegal Data Address
28284;0;0;0x0000;02 Illegal Data Address
28285;0;0;0x0000;02 Illegal Data Address
28286;0;0;0x0000;02 Illegal Data Address
28287;0;0;0x0000;02 Illegal Data Address
28288;0;0;0x0000;02 Illegal Data Address
28289;0;0;0x0000;02 Illegal Data Address
28290;0;0;0x0000;02 Illegal Data Address
28291;0;0;0x0000;02 Illegal Data Address
28292;0;0;0x0000;02 Illegal Data Address
28293;0;0;0x0000;02 Illegal Data Address
28294;0;0;0x0000;02 Illegal Data Address
28295;0;0;0x0000;02 Illegal Data Address
28296;0;0;0x0000;02 Illegal Data Address
28297;0;0;0x0000;02 Illegal Data Address
28298;0;0;0x0000;02 Illegal Data Address
28299;0;0;0x0000;02 Illegal Data Address
28300;0;0;0x0000;02 Illegal Data Address
28301;0;0;0x0000;02 Illegal Data Address
28302;0;0;0x0000;02 Illegal Data Address
28303;0;0;0x0000;02 Illegal Data Address
28304;0;0;0x0000;02 Illegal Data Address
28305;0;0;0x0000;02 Illegal Data Address
28306;0;0;0x0000;02 Illegal Data Address
28307;0;0;0x0000;02 Illegal Data Address
28308;0;0;0x0000;02 Illegal Data Address
28309;0;0;0x0000;02 Illegal Data Address
28310;0;0;0x0000;02 Illegal Data Address
28311;0;0;0x0000;02 Illegal Data Address
28312;0;0;0x0000;02 Illegal Data Address
28313;0;0;0x0000;02 Illegal Data Address
28314;0;0;0x0000;02 Illegal Data Address
28315;0;0;0x0000;02 Illegal Data Address
28316;0;0;0x0000;02 Illegal Data Address
28317;0;0;0x0000;02 Illegal Data Address
28318;0;0;0x0000;02 Illegal Data Address
28319;0;0;0x0000;02 Illegal Data Address
28320;0;0;0x0000;02 Illegal Data Address
28321;0;0;0x0000;02 Illegal Data Address
28322;0;0;0x0000;02 Illegal Data Address
28323;0;0;0x0000;02 Illegal Data Address
28324;0;0;0x0000;02 Illegal Data Address
28325;0;0;0x0000;02 Illegal Data Address
28326;0;0;0x0000;02 Illegal Data Address
28327;0;0;0x0000;02 Illegal Data Address
28328;0;0;0x0000;02 Illegal Data Address
28329;0;0;0x0000;02 Illegal Data Address
28330;0;0;0x0000;02 Illegal Data Address
28331;0;0;0x0000;02 Illegal Data Address
28332;0;0;0x0000;02 Illegal Data Address
28333;0;0;0x0000;02 Illegal Data Address
28334;0;0;0x0000;02 Illegal Data Address
28335;0;0;0x0000;02 Illegal Data Address
28336;0;0;0x0000;02 Illegal Data Address
28337;0;0;0x0000;02 Illegal Data Address
28338;0;0;0x0000;02 Illegal Data Address
28339;0;0;0x0000;02 Illegal Data Address
28340;0;0;0x0000;02 Illegal Data Address
28341;0;0;0x0000;02 Illegal Data Address
28342;0;0;0x0000;02 Illegal Data Address
28343;0;0;0x0000;02 Illegal Data Address
28344;0;0;0x0000;02 Illegal Data Address
28345;0;0;0x0000;02 Illegal Data Address
28346;0;0;0x0000;02 Illegal Data Address
28347;0;0;0x0000;02 Illegal Data Address
28348;0;0;0x0000;02 Illegal Data Address
28349;0;0;0x0000;02 Illegal Data Address
28350;0;0;0x0000;02 Illegal Data Address
28351;0;0;0x0000;02 Illegal Data Address
28352;0;0;0x0000;02 Illegal Data Address
28353;0;0;0x0000;02 Illegal Data Address
28354;0;0;0x0000;02 Illegal Data Address
28355;0;0;0x0000;02 Illegal Data Address
28356;0;0;0x0000;02 Illegal Data Address
28357;0;0;0x0000;02 Illegal Data Address
28358;0;0;0x0000;02 Illegal Data Address
28359;0;0;0x0000;02 Illegal Data Address
28360;0;0;0x0000;02 Illegal Data Address
28361;0;0;0x0000;02 Illegal Data Address
28362;0;0;0x0000;02 Illegal Data Address
28363;0;0;0x0000;02 Illegal Data Address
28364;0;0;0x0000;02 Illegal Data Address
28365;0;0;0x0000;02 Illegal Data Address
28366;0;0;0x0000;02 Illegal Data Address
28367;0;0;0x0000;02 Illegal Data Address
28368;0;0;0x0000;02 Illegal Data Address
28369;0;0;0x0000;02 Illegal Data Address
28370;0;0;0x0000;02 Illegal Data Address
28371;0;0;0x0000;02 Illegal Data Address
28372;0;0;0x0000;02 Illegal Data Address
28373;0;0;0x0000;02 Illegal Data Address
28374;0;0;0x0000;02 Illegal Data Address
28375;0;0;0x0000;02 Illegal Data Address
28376;0;0;0x0000;02 Illegal Data Address
28377;0;0;0x0000;02 Illegal Data Address
28378;0;0;0x0000;02 Illegal Data Address
28379;0;0;0x0000;02 Illegal Data Address
28380;0;0;0x0000;02 Illegal Data Address
28381;0;0;0x0000;02 Illegal Data Address
28382;0;0;0x0000;02 Illegal Data Address
28383;0;0;0x0000;02 Illegal Data Address
28384;0;0;0x0000;02 Illegal Data Address
28385;0;0;0x0000;02 Illegal Data Address
28386;0;0;0x0000;02 Illegal Data Address
28387;0;0;0x0000;02 Illegal Data Address
28388;0;0;0x0000;02 Illegal Data Address
28389;0;0;0x0000;02 Illegal Data Address
28390;0;0;0x0000;02 Illegal Data Address
28391;0;0;0x0000;02 Illegal Data Address
28392;0;0;0x0000;02 Illegal Data Address
28393;0;0;0x0000;02 Illegal Data Address
28394;0;0;0x0000;02 Illegal Data Address
28395;0;0;0x0000;02 Illegal Data Address
28396;0;0;0x0000;02 Illegal Data Address
28397;0;0;0x0000;02 Illegal Data Address
28398;0;0;0x0000;02 Illegal Data Address
28399;0;0;0x0000;02 Illegal Data Address
28400;0;0;0x0000;02 Illegal Data Address
28401;0;0;0x0000;02 Illegal Data Address
28402;0;0;0x0000;02 Illegal Data Address
28403;0;0;0x0000;02 Illegal Data Address
28404;0;0;0x0000;02 Illegal Data Address
28405;0;0;0x0000;02 Illegal Data Address
28406;0;0;0x0000;02 Illegal Data Address
28407;0;0;0x0000;02 Illegal Data Address
28408;0;0;0x0000;02 Illegal Data Address
28409;0;0;0x0000;02 Illegal Data Address
28410;0;0;0x0000;02 Illegal Data Address
28411;0;0;0x0000;02 Illegal Data Address
28412;0;0;0x0000;02 Illegal Data Address
28413;0;0;0x0000;02 Illegal Data Address
28414;0;0;0x0000;02 Illegal Data Address
28415;0;0;0x0000;02 Illegal Data Address
28416;0;0;0x0000;02 Illegal Data Address
28417;0;0;0x0000;02 Illegal Data Address
28418;0;0;0x0000;02 Illegal Data Address
28419;0;0;0x0000;02 Illegal Data Address
28420;0;0;0x0000;02 Illegal Data Address
28421;0;0;0x0000;02 Illegal Data Address
28422;0;0;0x0000;02 Illegal Data Address
28423;0;0;0x0000;02 Illegal Data Address
28424;0;0;0x0000;02 Illegal Data Address
28425;0;0;0x0000;02 Illegal Data Address
28426;0;0;0x0000;02 Illegal Data Address
28427;0;0;0x0000;02 Illegal Data Address
28428;0;0;0x0000;02 Illegal Data Address
28429;0;0;0x0000;02 Illegal Data Address
28430;0;0;0x0000;02 Illegal Data Address
28431;0;0;0x0000;02 Illegal Data Address
28432;0;0;0x0000;02 Illegal Data Address
28433;0;0;0x0000;02 Illegal Data Address
28434;0;0;0x0000;02 Illegal Data Address
28435;0;0;0x0000;02 Illegal Data Address
28436;0;0;0x0000;02 Illegal Data Address
28437;0;0;0x0000;02 Illegal Data Address
28438;0;0;0x0000;02 Illegal Data Address
28439;0;0;0x0000;02 Illegal Data Address
28440;0;0;0x0000;02 Illegal Data Address
28441;0;0;0x0000;02 Illegal Data Address
28442;0;0;0x0000;02 Illegal Data Address
28443;0;0;0x0000;02 Illegal Data Address
28444;0;0;0x0000;02 Illegal Data Address
28445;0;0;0x0000;02 Illegal Data Address
28446;0;0;0x0000;02 Illegal Data Address
28447;0;0;0x0000;02 Illegal Data Address
28448;0;0;0x0000;02 Illegal Data Address
28449;0;0;0x0000;02 Illegal Data Address
28450;0;0;0x0000;02 Illegal Data Address
28451;0;0;0x0000;02 Illegal Data Address
28452;0;0;0x0000;02 Illegal Data Address
28453;0;0;0x0000;02 Illegal Data Address
28454;0;0;0x0000;02 Illegal Data Address
28455;0;0;0x0000;02 Illegal Data Address
28456;0;0;0x0000;02 Illegal Data Address
28457;0;0;0x0000;02 Illegal Data Address
28458;0;0;0x0000;02 Illegal Data Address
28459;0;0;0x0000;02 Illegal Data Address
28460;0;0;0x0000;02 Illegal Data Address
28461;0;0;0x0000;02 Illegal Data Address
28462;0;0;0x0000;02 Illegal Data Address
28463;0;0;0x0000;02 Illegal Data Address
28464;0;0;0x0000;02 Illegal Data Address
28465;0;0;0x0000;02 Illegal Data Address
28466;0;0;0x0000;02 Illegal Data Address
28467;0;0;0x0000;02 Illegal Data Address
28468;0;0;0x0000;02 Illegal Data Address
28469;0;0;0x0000;02 Illegal Data Address
28470;0;0;0x0000;02 Illegal Data Address
28471;0;0;0x0000;02 Illegal Data Address
28472;0;0;0x0000;02 Illegal Data Address
28473;0;0;0x0000;02 Illegal Data Address
28474;0;0;0x0000;02 Illegal Data Address
28475;0;0;0x0000;02 Illegal Data Address
28476;0;0;0x0000;02 Illegal Data Address
28477;0;0;0x0000;02 Illegal Data Address
28478;0;0;0x0000;02 Illegal Data Address
28479;0;0;0x0000;02 Illegal Data Address
28480;0;0;0x0000;02 Illegal Data Address
28481;0;0;0x0000;02 Illegal Data Address
28482;0;0;0x0000;02 Illegal Data Address
28483;0;0;0x0000;02 Illegal Data Address
28484;0;0;0x0000;02 Illegal Data Address
28485;0;0;0x0000;02 Illegal Data Address
28486;0;0;0x0000;02 Illegal Data Address
28487;0;0;0x0000;02 Illegal Data Address
28488;0;0;0x0000;02 Illegal Data Address
28489;0;0;0x0000;02 Illegal Data Address
28490;0;0;0x0000;02 Illegal Data Address
28491;0;0;0x0000;02 Illegal Data Address
28492;0;0;0x0000;02 Illegal Data Address
28493;0;0;0x0000;02 Illegal Data Address
28494;0;0;0x0000;02 Illegal Data Address
28495;0;0;0x0000;02 Illegal Data Address
28496;0;0;0x0000;02 Illegal Data Address
28497;0;0;0x0000;02 Illegal Data Address
28498;0;0;0x0000;02 Illegal Data Address
28499;0;0;0x0000;02 Illegal Data Address
28500;0;0;0x0000;02 Illegal Data Address
28501;0;0;0x0000;02 Illegal Data Address
28502;0;0;0x0000;02 Illegal Data Address
28503;0;0;0x0000;02 Illegal Data Address
28504;0;0;0x0000;02 Illegal Data Address
28505;0;0;0x0000;02 Illegal Data Address
28506;0;0;0x0000;02 Illegal Data Address
28507;0;0;0x0000;02 Illegal Data Address
28508;0;0;0x0000;02 Illegal Data Address
28509;0;0;0x0000;02 Illegal Data Address
28510;0;0;0x0000;02 Illegal Data Address
28511;0;0;0x0000;02 Illegal Data Address
28512;0;0;0x0000;02 Illegal Data Address
28513;0;0;0x0000;02 Illegal Data Address
28514;0;0;0x0000;02 Illegal Data Address
28515;0;0;0x0000;02 Illegal Data Address
28516;0;0;0x0000;02 Illegal Data Address
28517;0;0;0x0000;02 Illegal Data Address
28518;0;0;0x0000;02 Illegal Data Address
28519;0;0;0x0000;02 Illegal Data Address
28520;0;0;0x0000;02 Illegal Data Address
28521;0;0;0x0000;02 Illegal Data Address
28522;0;0;0x0000;02 Illegal Data Address
28523;0;0;0x0000;02 Illegal Data Address
28524;0;0;0x0000;02 Illegal Data Address
28525;0;0;0x0000;02 Illegal Data Address
28526;0;0;0x0000;02 Illegal Data Address
28527;0;0;0x0000;02 Illegal Data Address
28528;0;0;0x0000;02 Illegal Data Address
28529;0;0;0x0000;02 Illegal Data Address
28530;0;0;0x0000;02 Illegal Data Address
28531;0;0;0x0000;02 Illegal Data Address
28532;0;0;0x0000;02 Illegal Data Address
28533;0;0;0x0000;02 Illegal Data Address
28534;0;0;0x0000;02 Illegal Data Address
28535;0;0;0x0000;02 Illegal Data Address
28536;0;0;0x0000;02 Illegal Data Address
28537;0;0;0x0000;02 Illegal Data Address
28538;0;0;0x0000;02 Illegal Data Address
28539;0;0;0x0000;02 Illegal Data Address
28540;0;0;0x0000;02 Illegal Data Address
28541;0;0;0x0000;02 Illegal Data Address
28542;0;0;0x0000;02 Illegal Data Address
28543;0;0;0x0000;02 Illegal Data Address
28544;0;0;0x0000;02 Illegal Data Address
28545;0;0;0x0000;02 Illegal Data Address
28546;0;0;0x0000;02 Illegal Data Address
28547;0;0;0x0000;02 Illegal Data Address
28548;0;0;0x0000;02 Illegal Data Address
28549;0;0;0x0000;02 Illegal Data Address
28550;0;0;0x0000;02 Illegal Data Address
28551;0;0;0x0000;02 Illegal Data Address
28552;0;0;0x0000;02 Illegal Data Address
28553;0;0;0x0000;02 Illegal Data Address
28554;0;0;0x0000;02 Illegal Data Address
28555;0;0;0x0000;02 Illegal Data Address
28556;0;0;0x0000;02 Illegal Data Address
28557;0;0;0x0000;02 Illegal Data Address
28558;0;0;0x0000;02 Illegal Data Address
28559;0;0;0x0000;02 Illegal Data Address
28560;0;0;0x0000;02 Illegal Data Address
28561;0;0;0x0000;02 Illegal Data Address
28562;0;0;0x0000;02 Illegal Data Address
28563;0;0;0x0000;02 Illegal Data Address
28564;0;0;0x0000;02 Illegal Data Address
28565;0;0;0x0000;02 Illegal Data Address
28566;0;0;0x0000;02 Illegal Data Address
28567;0;0;0x0000;02 Illegal Data Address
28568;0;0;0x0000;02 Illegal Data Address
28569;0;0;0x0000;02 Illegal Data Address
28570;0;0;0x0000;02 Illegal Data Address
28571;0;0;0x0000;02 Illegal Data Address
28572;0;0;0x0000;02 Illegal Data Address
28573;0;0;0x0000;02 Illegal Data Address
28574;0;0;0x0000;02 Illegal Data Address
28575;0;0;0x0000;02 Illegal Data Address
28576;0;0;0x0000;02 Illegal Data Address
28577;0;0;0x0000;02 Illegal Data Address
28578;0;0;0x0000;02 Illegal Data Address
28579;0;0;0x0000;02 Illegal Data Address
28580;0;0;0x0000;02 Illegal Data Address
28581;0;0;0x0000;02 Illegal Data Address
28582;0;0;0x0000;02 Illegal Data Address
28583;0;0;0x0000;02 Illegal Data Address
28584;0;0;0x0000;02 Illegal Data Address
28585;0;0;0x0000;02 Illegal Data Address
28586;0;0;0x0000;02 Illegal Data Address
28587;0;0;0x0000;02 Illegal Data Address
28588;0;0;0x0000;02 Illegal Data Address
28589;0;0;0x0000;02 Illegal Data Address
28590;0;0;0x0000;02 Illegal Data Address
28591;0;0;0x0000;02 Illegal Data Address
28592;0;0;0x0000;02 Illegal Data Address
28593;0;0;0x0000;02 Illegal Data Address
28594;0;0;0x0000;02 Illegal Data Address
28595;0;0;0x0000;02 Illegal Data Address
28596;0;0;0x0000;02 Illegal Data Address
28597;0;0;0x0000;02 Illegal Data Address
28598;0;0;0x0000;02 Illegal Data Address
28599;0;0;0x0000;02 Illegal Data Address
28600;0;0;0x0000;02 Illegal Data Address
28601;0;0;0x0000;02 Illegal Data Address
28602;0;0;0x0000;02 Illegal Data Address
28603;0;0;0x0000;02 Illegal Data Address
28604;0;0;0x0000;02 Illegal Data Address
28605;0;0;0x0000;02 Illegal Data Address
28606;0;0;0x0000;02 Illegal Data Address
28607;0;0;0x0000;02 Illegal Data Address
28608;0;0;0x0000;02 Illegal Data Address
28609;0;0;0x0000;02 Illegal Data Address
28610;0;0;0x0000;02 Illegal Data Address
28611;0;0;0x0000;02 Illegal Data Address
28612;0;0;0x0000;02 Illegal Data Address
28613;0;0;0x0000;02 Illegal Data Address
28614;0;0;0x0000;02 Illegal Data Address
28615;0;0;0x0000;02 Illegal Data Address
28616;0;0;0x0000;02 Illegal Data Address
28617;0;0;0x0000;02 Illegal Data Address
28618;0;0;0x0000;02 Illegal Data Address
28619;0;0;0x0000;02 Illegal Data Address
28620;0;0;0x0000;02 Illegal Data Address
28621;0;0;0x0000;02 Illegal Data Address
28622;0;0;0x0000;02 Illegal Data Address
28623;0;0;0x0000;02 Illegal Data Address
28624;0;0;0x0000;02 Illegal Data Address
28625;0;0;0x0000;02 Illegal Data Address
28626;0;0;0x0000;02 Illegal Data Address
28627;0;0;0x0000;02 Illegal Data Address
28628;0;0;0x0000;02 Illegal Data Address
28629;0;0;0x0000;02 Illegal Data Address
28630;0;0;0x0000;02 Illegal Data Address
28631;0;0;0x0000;02 Illegal Data Address
28632;0;0;0x0000;02 Illegal Data Address
28633;0;0;0x0000;02 Illegal Data Address
28634;0;0;0x0000;02 Illegal Data Address
28635;0;0;0x0000;02 Illegal Data Address
28636;0;0;0x0000;02 Illegal Data Address
28637;0;0;0x0000;02 Illegal Data Address
28638;0;0;0x0000;02 Illegal Data Address
28639;0;0;0x0000;02 Illegal Data Address
28640;0;0;0x0000;02 Illegal Data Address
28641;0;0;0x0000;02 Illegal Data Address
28642;0;0;0x0000;02 Illegal Data Address
28643;0;0;0x0000;02 Illegal Data Address
28644;0;0;0x0000;02 Illegal Data Address
28645;0;0;0x0000;02 Illegal Data Address
28646;0;0;0x0000;02 Illegal Data Address
28647;0;0;0x0000;02 Illegal Data Address
28648;0;0;0x0000;02 Illegal Data Address
28649;0;0;0x0000;02 Illegal Data Address
28650;0;0;0x0000;02 Illegal Data Address
28651;0;0;0x0000;02 Illegal Data Address
28652;0;0;0x0000;02 Illegal Data Address
28653;0;0;0x0000;02 Illegal Data Address
28654;0;0;0x0000;02 Illegal Data Address
28655;0;0;0x0000;02 Illegal Data Address
28656;0;0;0x0000;02 Illegal Data Address
28657;0;0;0x0000;02 Illegal Data Address
28658;0;0;0x0000;02 Illegal Data Address
28659;0;0;0x0000;02 Illegal Data Address
28660;0;0;0x0000;02 Illegal Data Address
28661;0;0;0x0000;02 Illegal Data Address
28662;0;0;0x0000;02 Illegal Data Address
28663;0;0;0x0000;02 Illegal Data Address
28664;0;0;0x0000;02 Illegal Data Address
28665;0;0;0x0000;02 Illegal Data Address
28666;0;0;0x0000;02 Illegal Data Address
28667;0;0;0x0000;02 Illegal Data Address
28668;0;0;0x0000;02 Illegal Data Address
28669;0;0;0x0000;02 Illegal Data Address
28670;0;0;0x0000;02 Illegal Data Address
28671;0;0;0x0000;02 Illegal Data Address
28672;0;0;0x0000;02 Illegal Data Address
28673;0;0;0x0000;02 Illegal Data Address
28674;0;0;0x0000;02 Illegal Data Address
28675;0;0;0x0000;02 Illegal Data Address
28676;0;0;0x0000;02 Illegal Data Address
28677;0;0;0x0000;02 Illegal Data Address
28678;0;0;0x0000;02 Illegal Data Address
28679;0;0;0x0000;02 Illegal Data Address
28680;0;0;0x0000;02 Illegal Data Address
28681;0;0;0x0000;02 Illegal Data Address
28682;0;0;0x0000;02 Illegal Data Address
28683;0;0;0x0000;02 Illegal Data Address
28684;0;0;0x0000;02 Illegal Data Address
28685;0;0;0x0000;02 Illegal Data Address
28686;0;0;0x0000;02 Illegal Data Address
28687;0;0;0x0000;02 Illegal Data Address
28688;0;0;0x0000;02 Illegal Data Address
28689;0;0;0x0000;02 Illegal Data Address
28690;0;0;0x0000;02 Illegal Data Address
28691;0;0;0x0000;02 Illegal Data Address
28692;0;0;0x0000;02 Illegal Data Address
28693;0;0;0x0000;02 Illegal Data Address
28694;0;0;0x0000;02 Illegal Data Address
28695;0;0;0x0000;02 Illegal Data Address
28696;0;0;0x0000;02 Illegal Data Address
28697;0;0;0x0000;02 Illegal Data Address
28698;0;0;0x0000;02 Illegal Data Address
28699;0;0;0x0000;02 Illegal Data Address
28700;0;0;0x0000;02 Illegal Data Address
28701;0;0;0x0000;02 Illegal Data Address
28702;0;0;0x0000;02 Illegal Data Address
28703;0;0;0x0000;02 Illegal Data Address
28704;0;0;0x0000;02 Illegal Data Address
28705;0;0;0x0000;02 Illegal Data Address
28706;0;0;0x0000;02 Illegal Data Address
28707;0;0;0x0000;02 Illegal Data Address
28708;0;0;0x0000;02 Illegal Data Address
28709;0;0;0x0000;02 Illegal Data Address
28710;0;0;0x0000;02 Illegal Data Address
28711;0;0;0x0000;02 Illegal Data Address
28712;0;0;0x0000;02 Illegal Data Address
28713;0;0;0x0000;02 Illegal Data Address
28714;0;0;0x0000;02 Illegal Data Address
28715;0;0;0x0000;02 Illegal Data Address
28716;0;0;0x0000;02 Illegal Data Address
28717;0;0;0x0000;02 Illegal Data Address
28718;0;0;0x0000;02 Illegal Data Address
28719;0;0;0x0000;02 Illegal Data Address
28720;0;0;0x0000;02 Illegal Data Address
28721;0;0;0x0000;02 Illegal Data Address
28722;0;0;0x0000;02 Illegal Data Address
28723;0;0;0x0000;02 Illegal Data Address
28724;0;0;0x0000;02 Illegal Data Address
28725;0;0;0x0000;02 Illegal Data Address
28726;0;0;0x0000;02 Illegal Data Address
28727;0;0;0x0000;02 Illegal Data Address
28728;0;0;0x0000;02 Illegal Data Address
28729;0;0;0x0000;02 Illegal Data Address
28730;0;0;0x0000;02 Illegal Data Address
28731;0;0;0x0000;02 Illegal Data Address
28732;0;0;0x0000;02 Illegal Data Address
28733;0;0;0x0000;02 Illegal Data Address
28734;0;0;0x0000;02 Illegal Data Address
28735;0;0;0x0000;02 Illegal Data Address
28736;0;0;0x0000;02 Illegal Data Address
28737;0;0;0x0000;02 Illegal Data Address
28738;0;0;0x0000;02 Illegal Data Address
28739;0;0;0x0000;02 Illegal Data Address
28740;0;0;0x0000;02 Illegal Data Address
28741;0;0;0x0000;02 Illegal Data Address
28742;0;0;0x0000;02 Illegal Data Address
28743;0;0;0x0000;02 Illegal Data Address
28744;0;0;0x0000;02 Illegal Data Address
28745;0;0;0x0000;02 Illegal Data Address
28746;0;0;0x0000;02 Illegal Data Address
28747;0;0;0x0000;02 Illegal Data Address
28748;0;0;0x0000;02 Illegal Data Address
28749;0;0;0x0000;02 Illegal Data Address
28750;0;0;0x0000;02 Illegal Data Address
28751;0;0;0x0000;02 Illegal Data Address
28752;0;0;0x0000;02 Illegal Data Address
28753;0;0;0x0000;02 Illegal Data Address
28754;0;0;0x0000;02 Illegal Data Address
28755;0;0;0x0000;02 Illegal Data Address
28756;0;0;0x0000;02 Illegal Data Address
28757;0;0;0x0000;02 Illegal Data Address
28758;0;0;0x0000;02 Illegal Data Address
28759;0;0;0x0000;02 Illegal Data Address
28760;0;0;0x0000;02 Illegal Data Address
28761;0;0;0x0000;02 Illegal Data Address
28762;0;0;0x0000;02 Illegal Data Address
28763;0;0;0x0000;02 Illegal Data Address
28764;0;0;0x0000;02 Illegal Data Address
28765;0;0;0x0000;02 Illegal Data Address
28766;0;0;0x0000;02 Illegal Data Address
28767;0;0;0x0000;02 Illegal Data Address
28768;0;0;0x0000;02 Illegal Data Address
28769;0;0;0x0000;02 Illegal Data Address
28770;0;0;0x0000;02 Illegal Data Address
28771;0;0;0x0000;02 Illegal Data Address
28772;0;0;0x0000;02 Illegal Data Address
28773;0;0;0x0000;02 Illegal Data Address
28774;0;0;0x0000;02 Illegal Data Address
28775;0;0;0x0000;02 Illegal Data Address
28776;0;0;0x0000;02 Illegal Data Address
28777;0;0;0x0000;02 Illegal Data Address
28778;0;0;0x0000;02 Illegal Data Address
28779;0;0;0x0000;02 Illegal Data Address
28780;0;0;0x0000;02 Illegal Data Address
28781;0;0;0x0000;02 Illegal Data Address
28782;0;0;0x0000;02 Illegal Data Address
28783;0;0;0x0000;02 Illegal Data Address
28784;0;0;0x0000;02 Illegal Data Address
28785;0;0;0x0000;02 Illegal Data Address
28786;0;0;0x0000;02 Illegal Data Address
28787;0;0;0x0000;02 Illegal Data Address
28788;0;0;0x0000;02 Illegal Data Address
28789;0;0;0x0000;02 Illegal Data Address
28790;0;0;0x0000;02 Illegal Data Address
28791;0;0;0x0000;02 Illegal Data Address
28792;0;0;0x0000;02 Illegal Data Address
28793;0;0;0x0000;02 Illegal Data Address
28794;0;0;0x0000;02 Illegal Data Address
28795;0;0;0x0000;02 Illegal Data Address
28796;0;0;0x0000;02 Illegal Data Address
28797;0;0;0x0000;02 Illegal Data Address
28798;0;0;0x0000;02 Illegal Data Address
28799;0;0;0x0000;02 Illegal Data Address
28800;0;0;0x0000;02 Illegal Data Address
28801;0;0;0x0000;02 Illegal Data Address
28802;0;0;0x0000;02 Illegal Data Address
28803;0;0;0x0000;02 Illegal Data Address
28804;0;0;0x0000;02 Illegal Data Address
28805;0;0;0x0000;02 Illegal Data Address
28806;0;0;0x0000;02 Illegal Data Address
28807;0;0;0x0000;02 Illegal Data Address
28808;0;0;0x0000;02 Illegal Data Address
28809;0;0;0x0000;02 Illegal Data Address
28810;0;0;0x0000;02 Illegal Data Address
28811;0;0;0x0000;02 Illegal Data Address
28812;0;0;0x0000;02 Illegal Data Address
28813;0;0;0x0000;02 Illegal Data Address
28814;0;0;0x0000;02 Illegal Data Address
28815;0;0;0x0000;02 Illegal Data Address
28816;0;0;0x0000;02 Illegal Data Address
28817;0;0;0x0000;02 Illegal Data Address
28818;0;0;0x0000;02 Illegal Data Address
28819;0;0;0x0000;02 Illegal Data Address
28820;0;0;0x0000;02 Illegal Data Address
28821;0;0;0x0000;02 Illegal Data Address
28822;0;0;0x0000;02 Illegal Data Address
28823;0;0;0x0000;02 Illegal Data Address
28824;0;0;0x0000;02 Illegal Data Address
28825;0;0;0x0000;02 Illegal Data Address
28826;0;0;0x0000;02 Illegal Data Address
28827;0;0;0x0000;02 Illegal Data Address
28828;0;0;0x0000;02 Illegal Data Address
28829;0;0;0x0000;02 Illegal Data Address
28830;0;0;0x0000;02 Illegal Data Address
28831;0;0;0x0000;02 Illegal Data Address
28832;0;0;0x0000;02 Illegal Data Address
28833;0;0;0x0000;02 Illegal Data Address
28834;0;0;0x0000;02 Illegal Data Address
28835;0;0;0x0000;02 Illegal Data Address
28836;0;0;0x0000;02 Illegal Data Address
28837;0;0;0x0000;02 Illegal Data Address
28838;0;0;0x0000;02 Illegal Data Address
28839;0;0;0x0000;02 Illegal Data Address
28840;0;0;0x0000;02 Illegal Data Address
28841;0;0;0x0000;02 Illegal Data Address
28842;0;0;0x0000;02 Illegal Data Address
28843;0;0;0x0000;02 Illegal Data Address
28844;0;0;0x0000;02 Illegal Data Address
28845;0;0;0x0000;02 Illegal Data Address
28846;0;0;0x0000;02 Illegal Data Address
28847;0;0;0x0000;02 Illegal Data Address
28848;0;0;0x0000;02 Illegal Data Address
28849;0;0;0x0000;02 Illegal Data Address
28850;0;0;0x0000;02 Illegal Data Address
28851;0;0;0x0000;02 Illegal Data Address
28852;0;0;0x0000;02 Illegal Data Address
28853;0;0;0x0000;02 Illegal Data Address
28854;0;0;0x0000;02 Illegal Data Address
28855;0;0;0x0000;02 Illegal Data Address
28856;0;0;0x0000;02 Illegal Data Address
28857;0;0;0x0000;02 Illegal Data Address
28858;0;0;0x0000;02 Illegal Data Address
28859;0;0;0x0000;02 Illegal Data Address
28860;0;0;0x0000;02 Illegal Data Address
28861;0;0;0x0000;02 Illegal Data Address
28862;0;0;0x0000;02 Illegal Data Address
28863;0;0;0x0000;02 Illegal Data Address
28864;0;0;0x0000;02 Illegal Data Address
28865;0;0;0x0000;02 Illegal Data Address
28866;0;0;0x0000;02 Illegal Data Address
28867;0;0;0x0000;02 Illegal Data Address
28868;0;0;0x0000;02 Illegal Data Address
28869;0;0;0x0000;02 Illegal Data Address
28870;0;0;0x0000;02 Illegal Data Address
28871;0;0;0x0000;02 Illegal Data Address
28872;0;0;0x0000;02 Illegal Data Address
28873;0;0;0x0000;02 Illegal Data Address
28874;0;0;0x0000;02 Illegal Data Address
28875;0;0;0x0000;02 Illegal Data Address
28876;0;0;0x0000;02 Illegal Data Address
28877;0;0;0x0000;02 Illegal Data Address
28878;0;0;0x0000;02 Illegal Data Address
28879;0;0;0x0000;02 Illegal Data Address
28880;0;0;0x0000;02 Illegal Data Address
28881;0;0;0x0000;02 Illegal Data Address
28882;0;0;0x0000;02 Illegal Data Address
28883;0;0;0x0000;02 Illegal Data Address
28884;0;0;0x0000;02 Illegal Data Address
28885;0;0;0x0000;02 Illegal Data Address
28886;0;0;0x0000;02 Illegal Data Address
28887;0;0;0x0000;02 Illegal Data Address
28888;0;0;0x0000;02 Illegal Data Address
28889;0;0;0x0000;02 Illegal Data Address
28890;0;0;0x0000;02 Illegal Data Address
28891;0;0;0x0000;02 Illegal Data Address
28892;0;0;0x0000;02 Illegal Data Address
28893;0;0;0x0000;02 Illegal Data Address
28894;0;0;0x0000;02 Illegal Data Address
28895;0;0;0x0000;02 Illegal Data Address
28896;0;0;0x0000;02 Illegal Data Address
28897;0;0;0x0000;02 Illegal Data Address
28898;0;0;0x0000;02 Illegal Data Address
28899;0;0;0x0000;02 Illegal Data Address
28900;0;0;0x0000;02 Illegal Data Address
28901;0;0;0x0000;02 Illegal Data Address
28902;0;0;0x0000;02 Illegal Data Address
28903;0;0;0x0000;02 Illegal Data Address
28904;0;0;0x0000;02 Illegal Data Address
28905;0;0;0x0000;02 Illegal Data Address
28906;0;0;0x0000;02 Illegal Data Address
28907;0;0;0x0000;02 Illegal Data Address
28908;0;0;0x0000;02 Illegal Data Address
28909;0;0;0x0000;02 Illegal Data Address
28910;0;0;0x0000;02 Illegal Data Address
28911;0;0;0x0000;02 Illegal Data Address
28912;0;0;0x0000;02 Illegal Data Address
28913;0;0;0x0000;02 Illegal Data Address
28914;0;0;0x0000;02 Illegal Data Address
28915;0;0;0x0000;02 Illegal Data Address
28916;0;0;0x0000;02 Illegal Data Address
28917;0;0;0x0000;02 Illegal Data Address
28918;0;0;0x0000;02 Illegal Data Address
28919;0;0;0x0000;02 Illegal Data Address
28920;0;0;0x0000;02 Illegal Data Address
28921;0;0;0x0000;02 Illegal Data Address
28922;0;0;0x0000;02 Illegal Data Address
28923;0;0;0x0000;02 Illegal Data Address
28924;0;0;0x0000;02 Illegal Data Address
28925;0;0;0x0000;02 Illegal Data Address
28926;0;0;0x0000;02 Illegal Data Address
28927;0;0;0x0000;02 Illegal Data Address
28928;0;0;0x0000;02 Illegal Data Address
28929;0;0;0x0000;02 Illegal Data Address
28930;0;0;0x0000;02 Illegal Data Address
28931;0;0;0x0000;02 Illegal Data Address
28932;0;0;0x0000;02 Illegal Data Address
28933;0;0;0x0000;02 Illegal Data Address
28934;0;0;0x0000;02 Illegal Data Address
28935;0;0;0x0000;02 Illegal Data Address
28936;0;0;0x0000;02 Illegal Data Address
28937;0;0;0x0000;02 Illegal Data Address
28938;0;0;0x0000;02 Illegal Data Address
28939;0;0;0x0000;02 Illegal Data Address
28940;0;0;0x0000;02 Illegal Data Address
28941;0;0;0x0000;02 Illegal Data Address
28942;0;0;0x0000;02 Illegal Data Address
28943;0;0;0x0000;02 Illegal Data Address
28944;0;0;0x0000;02 Illegal Data Address
28945;0;0;0x0000;02 Illegal Data Address
28946;0;0;0x0000;02 Illegal Data Address
28947;0;0;0x0000;02 Illegal Data Address
28948;0;0;0x0000;02 Illegal Data Address
28949;0;0;0x0000;02 Illegal Data Address
28950;0;0;0x0000;02 Illegal Data Address
28951;0;0;0x0000;02 Illegal Data Address
28952;0;0;0x0000;02 Illegal Data Address
28953;0;0;0x0000;02 Illegal Data Address
28954;0;0;0x0000;02 Illegal Data Address
28955;0;0;0x0000;02 Illegal Data Address
28956;0;0;0x0000;02 Illegal Data Address
28957;0;0;0x0000;02 Illegal Data Address
28958;0;0;0x0000;02 Illegal Data Address
28959;0;0;0x0000;02 Illegal Data Address
28960;0;0;0x0000;02 Illegal Data Address
28961;0;0;0x0000;02 Illegal Data Address
28962;0;0;0x0000;02 Illegal Data Address
28963;0;0;0x0000;02 Illegal Data Address
28964;0;0;0x0000;02 Illegal Data Address
28965;0;0;0x0000;02 Illegal Data Address
28966;0;0;0x0000;02 Illegal Data Address
28967;0;0;0x0000;02 Illegal Data Address
28968;0;0;0x0000;02 Illegal Data Address
28969;0;0;0x0000;02 Illegal Data Address
28970;0;0;0x0000;02 Illegal Data Address
28971;0;0;0x0000;02 Illegal Data Address
28972;0;0;0x0000;02 Illegal Data Address
28973;0;0;0x0000;02 Illegal Data Address
28974;0;0;0x0000;02 Illegal Data Address
28975;0;0;0x0000;02 Illegal Data Address
28976;0;0;0x0000;02 Illegal Data Address
28977;0;0;0x0000;02 Illegal Data Address
28978;0;0;0x0000;02 Illegal Data Address
28979;0;0;0x0000;02 Illegal Data Address
28980;0;0;0x0000;02 Illegal Data Address
28981;0;0;0x0000;02 Illegal Data Address
28982;0;0;0x0000;02 Illegal Data Address
28983;0;0;0x0000;02 Illegal Data Address
28984;0;0;0x0000;02 Illegal Data Address
28985;0;0;0x0000;02 Illegal Data Address
28986;0;0;0x0000;02 Illegal Data Address
28987;0;0;0x0000;02 Illegal Data Address
28988;0;0;0x0000;02 Illegal Data Address
28989;0;0;0x0000;02 Illegal Data Address
28990;0;0;0x0000;02 Illegal Data Address
28991;0;0;0x0000;02 Illegal Data Address
28992;0;0;0x0000;02 Illegal Data Address
28993;0;0;0x0000;02 Illegal Data Address
28994;0;0;0x0000;02 Illegal Data Address
28995;0;0;0x0000;02 Illegal Data Address
28996;0;0;0x0000;02 Illegal Data Address
28997;0;0;0x0000;02 Illegal Data Address
28998;0;0;0x0000;02 Illegal Data Address
28999;0;0;0x0000;02 Illegal Data Address
29000;0;0;0x0000;02 Illegal Data Address
29001;0;0;0x0000;02 Illegal Data Address
29002;0;0;0x0000;02 Illegal Data Address
29003;0;0;0x0000;02 Illegal Data Address
29004;0;0;0x0000;02 Illegal Data Address
29005;0;0;0x0000;02 Illegal Data Address
29006;0;0;0x0000;02 Illegal Data Address
29007;0;0;0x0000;02 Illegal Data Address
29008;0;0;0x0000;02 Illegal Data Address
29009;0;0;0x0000;02 Illegal Data Address
29010;0;0;0x0000;02 Illegal Data Address
29011;0;0;0x0000;02 Illegal Data Address
29012;0;0;0x0000;02 Illegal Data Address
29013;0;0;0x0000;02 Illegal Data Address
29014;0;0;0x0000;02 Illegal Data Address
29015;0;0;0x0000;02 Illegal Data Address
29016;0;0;0x0000;02 Illegal Data Address
29017;0;0;0x0000;02 Illegal Data Address
29018;0;0;0x0000;02 Illegal Data Address
29019;0;0;0x0000;02 Illegal Data Address
29020;0;0;0x0000;02 Illegal Data Address
29021;0;0;0x0000;02 Illegal Data Address
29022;0;0;0x0000;02 Illegal Data Address
29023;0;0;0x0000;02 Illegal Data Address
29024;0;0;0x0000;02 Illegal Data Address
29025;0;0;0x0000;02 Illegal Data Address
29026;0;0;0x0000;02 Illegal Data Address
29027;0;0;0x0000;02 Illegal Data Address
29028;0;0;0x0000;02 Illegal Data Address
29029;0;0;0x0000;02 Illegal Data Address
29030;0;0;0x0000;02 Illegal Data Address
29031;0;0;0x0000;02 Illegal Data Address
29032;0;0;0x0000;02 Illegal Data Address
29033;0;0;0x0000;02 Illegal Data Address
29034;0;0;0x0000;02 Illegal Data Address
29035;0;0;0x0000;02 Illegal Data Address
29036;0;0;0x0000;02 Illegal Data Address
29037;0;0;0x0000;02 Illegal Data Address
29038;0;0;0x0000;02 Illegal Data Address
29039;0;0;0x0000;02 Illegal Data Address
29040;0;0;0x0000;02 Illegal Data Address
29041;0;0;0x0000;02 Illegal Data Address
29042;0;0;0x0000;02 Illegal Data Address
29043;0;0;0x0000;02 Illegal Data Address
29044;0;0;0x0000;02 Illegal Data Address
29045;0;0;0x0000;02 Illegal Data Address
29046;0;0;0x0000;02 Illegal Data Address
29047;0;0;0x0000;02 Illegal Data Address
29048;0;0;0x0000;02 Illegal Data Address
29049;0;0;0x0000;02 Illegal Data Address
29050;0;0;0x0000;02 Illegal Data Address
29051;0;0;0x0000;02 Illegal Data Address
29052;0;0;0x0000;02 Illegal Data Address
29053;0;0;0x0000;02 Illegal Data Address
29054;0;0;0x0000;02 Illegal Data Address
29055;0;0;0x0000;02 Illegal Data Address
29056;0;0;0x0000;02 Illegal Data Address
29057;0;0;0x0000;02 Illegal Data Address
29058;0;0;0x0000;02 Illegal Data Address
29059;0;0;0x0000;02 Illegal Data Address
29060;0;0;0x0000;02 Illegal Data Address
29061;0;0;0x0000;02 Illegal Data Address
29062;0;0;0x0000;02 Illegal Data Address
29063;0;0;0x0000;02 Illegal Data Address
29064;0;0;0x0000;02 Illegal Data Address
29065;0;0;0x0000;02 Illegal Data Address
29066;0;0;0x0000;02 Illegal Data Address
29067;0;0;0x0000;02 Illegal Data Address
29068;0;0;0x0000;02 Illegal Data Address
29069;0;0;0x0000;02 Illegal Data Address
29070;0;0;0x0000;02 Illegal Data Address
29071;0;0;0x0000;02 Illegal Data Address
29072;0;0;0x0000;02 Illegal Data Address
29073;0;0;0x0000;02 Illegal Data Address
29074;0;0;0x0000;02 Illegal Data Address
29075;0;0;0x0000;02 Illegal Data Address
29076;0;0;0x0000;02 Illegal Data Address
29077;0;0;0x0000;02 Illegal Data Address
29078;0;0;0x0000;02 Illegal Data Address
29079;0;0;0x0000;02 Illegal Data Address
29080;0;0;0x0000;02 Illegal Data Address
29081;0;0;0x0000;02 Illegal Data Address
29082;0;0;0x0000;02 Illegal Data Address
29083;0;0;0x0000;02 Illegal Data Address
29084;0;0;0x0000;02 Illegal Data Address
29085;0;0;0x0000;02 Illegal Data Address
29086;0;0;0x0000;02 Illegal Data Address
29087;0;0;0x0000;02 Illegal Data Address
29088;0;0;0x0000;02 Illegal Data Address
29089;0;0;0x0000;02 Illegal Data Address
29090;0;0;0x0000;02 Illegal Data Address
29091;0;0;0x0000;02 Illegal Data Address
29092;0;0;0x0000;02 Illegal Data Address
29093;0;0;0x0000;02 Illegal Data Address
29094;0;0;0x0000;02 Illegal Data Address
29095;0;0;0x0000;02 Illegal Data Address
29096;0;0;0x0000;02 Illegal Data Address
29097;0;0;0x0000;02 Illegal Data Address
29098;0;0;0x0000;02 Illegal Data Address
29099;0;0;0x0000;02 Illegal Data Address
29100;0;0;0x0000;02 Illegal Data Address
29101;0;0;0x0000;02 Illegal Data Address
29102;0;0;0x0000;02 Illegal Data Address
29103;0;0;0x0000;02 Illegal Data Address
29104;0;0;0x0000;02 Illegal Data Address
29105;0;0;0x0000;02 Illegal Data Address
29106;0;0;0x0000;02 Illegal Data Address
29107;0;0;0x0000;02 Illegal Data Address
29108;0;0;0x0000;02 Illegal Data Address
29109;0;0;0x0000;02 Illegal Data Address
29110;0;0;0x0000;02 Illegal Data Address
29111;0;0;0x0000;02 Illegal Data Address
29112;0;0;0x0000;02 Illegal Data Address
29113;0;0;0x0000;02 Illegal Data Address
29114;0;0;0x0000;02 Illegal Data Address
29115;0;0;0x0000;02 Illegal Data Address
29116;0;0;0x0000;02 Illegal Data Address
29117;0;0;0x0000;02 Illegal Data Address
29118;0;0;0x0000;02 Illegal Data Address
29119;0;0;0x0000;02 Illegal Data Address
29120;0;0;0x0000;02 Illegal Data Address
29121;0;0;0x0000;02 Illegal Data Address
29122;0;0;0x0000;02 Illegal Data Address
29123;0;0;0x0000;02 Illegal Data Address
29124;0;0;0x0000;02 Illegal Data Address
29125;0;0;0x0000;02 Illegal Data Address
29126;0;0;0x0000;02 Illegal Data Address
29127;0;0;0x0000;02 Illegal Data Address
29128;0;0;0x0000;02 Illegal Data Address
29129;0;0;0x0000;02 Illegal Data Address
29130;0;0;0x0000;02 Illegal Data Address
29131;0;0;0x0000;02 Illegal Data Address
29132;0;0;0x0000;02 Illegal Data Address
29133;0;0;0x0000;02 Illegal Data Address
29134;0;0;0x0000;02 Illegal Data Address
29135;0;0;0x0000;02 Illegal Data Address
29136;0;0;0x0000;02 Illegal Data Address
29137;0;0;0x0000;02 Illegal Data Address
29138;0;0;0x0000;02 Illegal Data Address
29139;0;0;0x0000;02 Illegal Data Address
29140;0;0;0x0000;02 Illegal Data Address
29141;0;0;0x0000;02 Illegal Data Address
29142;0;0;0x0000;02 Illegal Data Address
29143;0;0;0x0000;02 Illegal Data Address
29144;0;0;0x0000;02 Illegal Data Address
29145;0;0;0x0000;02 Illegal Data Address
29146;0;0;0x0000;02 Illegal Data Address
29147;0;0;0x0000;02 Illegal Data Address
29148;0;0;0x0000;02 Illegal Data Address
29149;0;0;0x0000;02 Illegal Data Address
29150;0;0;0x0000;02 Illegal Data Address
29151;0;0;0x0000;02 Illegal Data Address
29152;0;0;0x0000;02 Illegal Data Address
29153;0;0;0x0000;02 Illegal Data Address
29154;0;0;0x0000;02 Illegal Data Address
29155;0;0;0x0000;02 Illegal Data Address
29156;0;0;0x0000;02 Illegal Data Address
29157;0;0;0x0000;02 Illegal Data Address
29158;0;0;0x0000;02 Illegal Data Address
29159;0;0;0x0000;02 Illegal Data Address
29160;0;0;0x0000;02 Illegal Data Address
29161;0;0;0x0000;02 Illegal Data Address
29162;0;0;0x0000;02 Illegal Data Address
29163;0;0;0x0000;02 Illegal Data Address
29164;0;0;0x0000;02 Illegal Data Address
29165;0;0;0x0000;02 Illegal Data Address
29166;0;0;0x0000;02 Illegal Data Address
29167;0;0;0x0000;02 Illegal Data Address
29168;0;0;0x0000;02 Illegal Data Address
29169;0;0;0x0000;02 Illegal Data Address
29170;0;0;0x0000;02 Illegal Data Address
29171;0;0;0x0000;02 Illegal Data Address
29172;0;0;0x0000;02 Illegal Data Address
29173;0;0;0x0000;02 Illegal Data Address
29174;0;0;0x0000;02 Illegal Data Address
29175;0;0;0x0000;02 Illegal Data Address
29176;0;0;0x0000;02 Illegal Data Address
29177;0;0;0x0000;02 Illegal Data Address
29178;0;0;0x0000;02 Illegal Data Address
29179;0;0;0x0000;02 Illegal Data Address
29180;0;0;0x0000;02 Illegal Data Address
29181;0;0;0x0000;02 Illegal Data Address
29182;0;0;0x0000;02 Illegal Data Address
29183;0;0;0x0000;02 Illegal Data Address
29184;0;0;0x0000;02 Illegal Data Address
29185;0;0;0x0000;02 Illegal Data Address
29186;0;0;0x0000;02 Illegal Data Address
29187;0;0;0x0000;02 Illegal Data Address
29188;0;0;0x0000;02 Illegal Data Address
29189;0;0;0x0000;02 Illegal Data Address
29190;0;0;0x0000;02 Illegal Data Address
29191;0;0;0x0000;02 Illegal Data Address
29192;0;0;0x0000;02 Illegal Data Address
29193;0;0;0x0000;02 Illegal Data Address
29194;0;0;0x0000;02 Illegal Data Address
29195;0;0;0x0000;02 Illegal Data Address
29196;0;0;0x0000;02 Illegal Data Address
29197;0;0;0x0000;02 Illegal Data Address
29198;0;0;0x0000;02 Illegal Data Address
29199;0;0;0x0000;02 Illegal Data Address
29200;0;0;0x0000;02 Illegal Data Address
29201;0;0;0x0000;02 Illegal Data Address
29202;0;0;0x0000;02 Illegal Data Address
29203;0;0;0x0000;02 Illegal Data Address
29204;0;0;0x0000;02 Illegal Data Address
29205;0;0;0x0000;02 Illegal Data Address
29206;0;0;0x0000;02 Illegal Data Address
29207;0;0;0x0000;02 Illegal Data Address
29208;0;0;0x0000;02 Illegal Data Address
29209;0;0;0x0000;02 Illegal Data Address
29210;0;0;0x0000;02 Illegal Data Address
29211;0;0;0x0000;02 Illegal Data Address
29212;0;0;0x0000;02 Illegal Data Address
29213;0;0;0x0000;02 Illegal Data Address
29214;0;0;0x0000;02 Illegal Data Address
29215;0;0;0x0000;02 Illegal Data Address
29216;0;0;0x0000;02 Illegal Data Address
29217;0;0;0x0000;02 Illegal Data Address
29218;0;0;0x0000;02 Illegal Data Address
29219;0;0;0x0000;02 Illegal Data Address
29220;0;0;0x0000;02 Illegal Data Address
29221;0;0;0x0000;02 Illegal Data Address
29222;0;0;0x0000;02 Illegal Data Address
29223;0;0;0x0000;02 Illegal Data Address
29224;0;0;0x0000;02 Illegal Data Address
29225;0;0;0x0000;02 Illegal Data Address
29226;0;0;0x0000;02 Illegal Data Address
29227;0;0;0x0000;02 Illegal Data Address
29228;0;0;0x0000;02 Illegal Data Address
29229;0;0;0x0000;02 Illegal Data Address
29230;0;0;0x0000;02 Illegal Data Address
29231;0;0;0x0000;02 Illegal Data Address
29232;0;0;0x0000;02 Illegal Data Address
29233;0;0;0x0000;02 Illegal Data Address
29234;0;0;0x0000;02 Illegal Data Address
29235;0;0;0x0000;02 Illegal Data Address
29236;0;0;0x0000;02 Illegal Data Address
29237;0;0;0x0000;02 Illegal Data Address
29238;0;0;0x0000;02 Illegal Data Address
29239;0;0;0x0000;02 Illegal Data Address
29240;0;0;0x0000;02 Illegal Data Address
29241;0;0;0x0000;02 Illegal Data Address
29242;0;0;0x0000;02 Illegal Data Address
29243;0;0;0x0000;02 Illegal Data Address
29244;0;0;0x0000;02 Illegal Data Address
29245;0;0;0x0000;02 Illegal Data Address
29246;0;0;0x0000;02 Illegal Data Address
29247;0;0;0x0000;02 Illegal Data Address
29248;0;0;0x0000;02 Illegal Data Address
29249;0;0;0x0000;02 Illegal Data Address
29250;0;0;0x0000;02 Illegal Data Address
29251;0;0;0x0000;02 Illegal Data Address
29252;0;0;0x0000;02 Illegal Data Address
29253;0;0;0x0000;02 Illegal Data Address
29254;0;0;0x0000;02 Illegal Data Address
29255;0;0;0x0000;02 Illegal Data Address
29256;0;0;0x0000;02 Illegal Data Address
29257;0;0;0x0000;02 Illegal Data Address
29258;0;0;0x0000;02 Illegal Data Address
29259;0;0;0x0000;02 Illegal Data Address
29260;0;0;0x0000;02 Illegal Data Address
29261;0;0;0x0000;02 Illegal Data Address
29262;0;0;0x0000;02 Illegal Data Address
29263;0;0;0x0000;02 Illegal Data Address
29264;0;0;0x0000;02 Illegal Data Address
29265;0;0;0x0000;02 Illegal Data Address
29266;0;0;0x0000;02 Illegal Data Address
29267;0;0;0x0000;02 Illegal Data Address
29268;0;0;0x0000;02 Illegal Data Address
29269;0;0;0x0000;02 Illegal Data Address
29270;0;0;0x0000;02 Illegal Data Address
29271;0;0;0x0000;02 Illegal Data Address
29272;0;0;0x0000;02 Illegal Data Address
29273;0;0;0x0000;02 Illegal Data Address
29274;0;0;0x0000;02 Illegal Data Address
29275;0;0;0x0000;02 Illegal Data Address
29276;0;0;0x0000;02 Illegal Data Address
29277;0;0;0x0000;02 Illegal Data Address
29278;0;0;0x0000;02 Illegal Data Address
29279;0;0;0x0000;02 Illegal Data Address
29280;0;0;0x0000;02 Illegal Data Address
29281;0;0;0x0000;02 Illegal Data Address
29282;0;0;0x0000;02 Illegal Data Address
29283;0;0;0x0000;02 Illegal Data Address
29284;0;0;0x0000;02 Illegal Data Address
29285;0;0;0x0000;02 Illegal Data Address
29286;0;0;0x0000;02 Illegal Data Address
29287;0;0;0x0000;02 Illegal Data Address
29288;0;0;0x0000;02 Illegal Data Address
29289;0;0;0x0000;02 Illegal Data Address
29290;0;0;0x0000;02 Illegal Data Address
29291;0;0;0x0000;02 Illegal Data Address
29292;0;0;0x0000;02 Illegal Data Address
29293;0;0;0x0000;02 Illegal Data Address
29294;0;0;0x0000;02 Illegal Data Address
29295;0;0;0x0000;02 Illegal Data Address
29296;0;0;0x0000;02 Illegal Data Address
29297;0;0;0x0000;02 Illegal Data Address
29298;0;0;0x0000;02 Illegal Data Address
29299;0;0;0x0000;02 Illegal Data Address
29300;0;0;0x0000;02 Illegal Data Address
29301;0;0;0x0000;02 Illegal Data Address
29302;0;0;0x0000;02 Illegal Data Address
29303;0;0;0x0000;02 Illegal Data Address
29304;0;0;0x0000;02 Illegal Data Address
29305;0;0;0x0000;02 Illegal Data Address
29306;0;0;0x0000;02 Illegal Data Address
29307;0;0;0x0000;02 Illegal Data Address
29308;0;0;0x0000;02 Illegal Data Address
29309;0;0;0x0000;02 Illegal Data Address
29310;0;0;0x0000;02 Illegal Data Address
29311;0;0;0x0000;02 Illegal Data Address
29312;0;0;0x0000;02 Illegal Data Address
29313;0;0;0x0000;02 Illegal Data Address
29314;0;0;0x0000;02 Illegal Data Address
29315;0;0;0x0000;02 Illegal Data Address
29316;0;0;0x0000;02 Illegal Data Address
29317;0;0;0x0000;02 Illegal Data Address
29318;0;0;0x0000;02 Illegal Data Address
29319;0;0;0x0000;02 Illegal Data Address
29320;0;0;0x0000;02 Illegal Data Address
29321;0;0;0x0000;02 Illegal Data Address
29322;0;0;0x0000;02 Illegal Data Address
29323;0;0;0x0000;02 Illegal Data Address
29324;0;0;0x0000;02 Illegal Data Address
29325;0;0;0x0000;02 Illegal Data Address
29326;0;0;0x0000;02 Illegal Data Address
29327;0;0;0x0000;02 Illegal Data Address
29328;0;0;0x0000;02 Illegal Data Address
29329;0;0;0x0000;02 Illegal Data Address
29330;0;0;0x0000;02 Illegal Data Address
29331;0;0;0x0000;02 Illegal Data Address
29332;0;0;0x0000;02 Illegal Data Address
29333;0;0;0x0000;02 Illegal Data Address
29334;0;0;0x0000;02 Illegal Data Address
29335;0;0;0x0000;02 Illegal Data Address
29336;0;0;0x0000;02 Illegal Data Address
29337;0;0;0x0000;02 Illegal Data Address
29338;0;0;0x0000;02 Illegal Data Address
29339;0;0;0x0000;02 Illegal Data Address
29340;0;0;0x0000;02 Illegal Data Address
29341;0;0;0x0000;02 Illegal Data Address
29342;0;0;0x0000;02 Illegal Data Address
29343;0;0;0x0000;02 Illegal Data Address
29344;0;0;0x0000;02 Illegal Data Address
29345;0;0;0x0000;02 Illegal Data Address
29346;0;0;0x0000;02 Illegal Data Address
29347;0;0;0x0000;02 Illegal Data Address
29348;0;0;0x0000;02 Illegal Data Address
29349;0;0;0x0000;02 Illegal Data Address
29350;0;0;0x0000;02 Illegal Data Address
29351;0;0;0x0000;02 Illegal Data Address
29352;0;0;0x0000;02 Illegal Data Address
29353;0;0;0x0000;02 Illegal Data Address
29354;0;0;0x0000;02 Illegal Data Address
29355;0;0;0x0000;02 Illegal Data Address
29356;0;0;0x0000;02 Illegal Data Address
29357;0;0;0x0000;02 Illegal Data Address
29358;0;0;0x0000;02 Illegal Data Address
29359;0;0;0x0000;02 Illegal Data Address
29360;0;0;0x0000;02 Illegal Data Address
29361;0;0;0x0000;02 Illegal Data Address
29362;0;0;0x0000;02 Illegal Data Address
29363;0;0;0x0000;02 Illegal Data Address
29364;0;0;0x0000;02 Illegal Data Address
29365;0;0;0x0000;02 Illegal Data Address
29366;0;0;0x0000;02 Illegal Data Address
29367;0;0;0x0000;02 Illegal Data Address
29368;0;0;0x0000;02 Illegal Data Address
29369;0;0;0x0000;02 Illegal Data Address
29370;0;0;0x0000;02 Illegal Data Address
29371;0;0;0x0000;02 Illegal Data Address
29372;0;0;0x0000;02 Illegal Data Address
29373;0;0;0x0000;02 Illegal Data Address
29374;0;0;0x0000;02 Illegal Data Address
29375;0;0;0x0000;02 Illegal Data Address
29376;0;0;0x0000;02 Illegal Data Address
29377;0;0;0x0000;02 Illegal Data Address
29378;0;0;0x0000;02 Illegal Data Address
29379;0;0;0x0000;02 Illegal Data Address
29380;0;0;0x0000;02 Illegal Data Address
29381;0;0;0x0000;02 Illegal Data Address
29382;0;0;0x0000;02 Illegal Data Address
29383;0;0;0x0000;02 Illegal Data Address
29384;0;0;0x0000;02 Illegal Data Address
29385;0;0;0x0000;02 Illegal Data Address
29386;0;0;0x0000;02 Illegal Data Address
29387;0;0;0x0000;02 Illegal Data Address
29388;0;0;0x0000;02 Illegal Data Address
29389;0;0;0x0000;02 Illegal Data Address
29390;0;0;0x0000;02 Illegal Data Address
29391;0;0;0x0000;02 Illegal Data Address
29392;0;0;0x0000;02 Illegal Data Address
29393;0;0;0x0000;02 Illegal Data Address
29394;0;0;0x0000;02 Illegal Data Address
29395;0;0;0x0000;02 Illegal Data Address
29396;0;0;0x0000;02 Illegal Data Address
29397;0;0;0x0000;02 Illegal Data Address
29398;0;0;0x0000;02 Illegal Data Address
29399;0;0;0x0000;02 Illegal Data Address
29400;0;0;0x0000;02 Illegal Data Address
29401;0;0;0x0000;02 Illegal Data Address
29402;0;0;0x0000;02 Illegal Data Address
29403;0;0;0x0000;02 Illegal Data Address
29404;0;0;0x0000;02 Illegal Data Address
29405;0;0;0x0000;02 Illegal Data Address
29406;0;0;0x0000;02 Illegal Data Address
29407;0;0;0x0000;02 Illegal Data Address
29408;0;0;0x0000;02 Illegal Data Address
29409;0;0;0x0000;02 Illegal Data Address
29410;0;0;0x0000;02 Illegal Data Address
29411;0;0;0x0000;02 Illegal Data Address
29412;0;0;0x0000;02 Illegal Data Address
29413;0;0;0x0000;02 Illegal Data Address
29414;0;0;0x0000;02 Illegal Data Address
29415;0;0;0x0000;02 Illegal Data Address
29416;0;0;0x0000;02 Illegal Data Address
29417;0;0;0x0000;02 Illegal Data Address
29418;0;0;0x0000;02 Illegal Data Address
29419;0;0;0x0000;02 Illegal Data Address
29420;0;0;0x0000;02 Illegal Data Address
29421;0;0;0x0000;02 Illegal Data Address
29422;0;0;0x0000;02 Illegal Data Address
29423;0;0;0x0000;02 Illegal Data Address
29424;0;0;0x0000;02 Illegal Data Address
29425;0;0;0x0000;02 Illegal Data Address
29426;0;0;0x0000;02 Illegal Data Address
29427;0;0;0x0000;02 Illegal Data Address
29428;0;0;0x0000;02 Illegal Data Address
29429;0;0;0x0000;02 Illegal Data Address
29430;0;0;0x0000;02 Illegal Data Address
29431;0;0;0x0000;02 Illegal Data Address
29432;0;0;0x0000;02 Illegal Data Address
29433;0;0;0x0000;02 Illegal Data Address
29434;0;0;0x0000;02 Illegal Data Address
29435;0;0;0x0000;02 Illegal Data Address
29436;0;0;0x0000;02 Illegal Data Address
29437;0;0;0x0000;02 Illegal Data Address
29438;0;0;0x0000;02 Illegal Data Address
29439;0;0;0x0000;02 Illegal Data Address
29440;0;0;0x0000;02 Illegal Data Address
29441;0;0;0x0000;02 Illegal Data Address
29442;0;0;0x0000;02 Illegal Data Address
29443;0;0;0x0000;02 Illegal Data Address
29444;0;0;0x0000;02 Illegal Data Address
29445;0;0;0x0000;02 Illegal Data Address
29446;0;0;0x0000;02 Illegal Data Address
29447;0;0;0x0000;02 Illegal Data Address
29448;0;0;0x0000;02 Illegal Data Address
29449;0;0;0x0000;02 Illegal Data Address
29450;0;0;0x0000;02 Illegal Data Address
29451;0;0;0x0000;02 Illegal Data Address
29452;0;0;0x0000;02 Illegal Data Address
29453;0;0;0x0000;02 Illegal Data Address
29454;0;0;0x0000;02 Illegal Data Address
29455;0;0;0x0000;02 Illegal Data Address
29456;0;0;0x0000;02 Illegal Data Address
29457;0;0;0x0000;02 Illegal Data Address
29458;0;0;0x0000;02 Illegal Data Address
29459;0;0;0x0000;02 Illegal Data Address
29460;0;0;0x0000;02 Illegal Data Address
29461;0;0;0x0000;02 Illegal Data Address
29462;0;0;0x0000;02 Illegal Data Address
29463;0;0;0x0000;02 Illegal Data Address
29464;0;0;0x0000;02 Illegal Data Address
29465;0;0;0x0000;02 Illegal Data Address
29466;0;0;0x0000;02 Illegal Data Address
29467;0;0;0x0000;02 Illegal Data Address
29468;0;0;0x0000;02 Illegal Data Address
29469;0;0;0x0000;02 Illegal Data Address
29470;0;0;0x0000;02 Illegal Data Address
29471;0;0;0x0000;02 Illegal Data Address
29472;0;0;0x0000;02 Illegal Data Address
29473;0;0;0x0000;02 Illegal Data Address
29474;0;0;0x0000;02 Illegal Data Address
29475;0;0;0x0000;02 Illegal Data Address
29476;0;0;0x0000;02 Illegal Data Address
29477;0;0;0x0000;02 Illegal Data Address
29478;0;0;0x0000;02 Illegal Data Address
29479;0;0;0x0000;02 Illegal Data Address
29480;0;0;0x0000;02 Illegal Data Address
29481;0;0;0x0000;02 Illegal Data Address
29482;0;0;0x0000;02 Illegal Data Address
29483;0;0;0x0000;02 Illegal Data Address
29484;0;0;0x0000;02 Illegal Data Address
29485;0;0;0x0000;02 Illegal Data Address
29486;0;0;0x0000;02 Illegal Data Address
29487;0;0;0x0000;02 Illegal Data Address
29488;0;0;0x0000;02 Illegal Data Address
29489;0;0;0x0000;02 Illegal Data Address
29490;0;0;0x0000;02 Illegal Data Address
29491;0;0;0x0000;02 Illegal Data Address
29492;0;0;0x0000;02 Illegal Data Address
29493;0;0;0x0000;02 Illegal Data Address
29494;0;0;0x0000;02 Illegal Data Address
29495;0;0;0x0000;02 Illegal Data Address
29496;0;0;0x0000;02 Illegal Data Address
29497;0;0;0x0000;02 Illegal Data Address
29498;0;0;0x0000;02 Illegal Data Address
29499;0;0;0x0000;02 Illegal Data Address
29500;0;0;0x0000;02 Illegal Data Address
29501;0;0;0x0000;02 Illegal Data Address
29502;0;0;0x0000;02 Illegal Data Address
29503;0;0;0x0000;02 Illegal Data Address
29504;0;0;0x0000;02 Illegal Data Address
29505;0;0;0x0000;02 Illegal Data Address
29506;0;0;0x0000;02 Illegal Data Address
29507;0;0;0x0000;02 Illegal Data Address
29508;0;0;0x0000;02 Illegal Data Address
29509;0;0;0x0000;02 Illegal Data Address
29510;0;0;0x0000;02 Illegal Data Address
29511;0;0;0x0000;02 Illegal Data Address
29512;0;0;0x0000;02 Illegal Data Address
29513;0;0;0x0000;02 Illegal Data Address
29514;0;0;0x0000;02 Illegal Data Address
29515;0;0;0x0000;02 Illegal Data Address
29516;0;0;0x0000;02 Illegal Data Address
29517;0;0;0x0000;02 Illegal Data Address
29518;0;0;0x0000;02 Illegal Data Address
29519;0;0;0x0000;02 Illegal Data Address
29520;0;0;0x0000;02 Illegal Data Address
29521;0;0;0x0000;02 Illegal Data Address
29522;0;0;0x0000;02 Illegal Data Address
29523;0;0;0x0000;02 Illegal Data Address
29524;0;0;0x0000;02 Illegal Data Address
29525;0;0;0x0000;02 Illegal Data Address
29526;0;0;0x0000;02 Illegal Data Address
29527;0;0;0x0000;02 Illegal Data Address
29528;0;0;0x0000;02 Illegal Data Address
29529;0;0;0x0000;02 Illegal Data Address
29530;0;0;0x0000;02 Illegal Data Address
29531;0;0;0x0000;02 Illegal Data Address
29532;0;0;0x0000;02 Illegal Data Address
29533;0;0;0x0000;02 Illegal Data Address
29534;0;0;0x0000;02 Illegal Data Address
29535;0;0;0x0000;02 Illegal Data Address
29536;0;0;0x0000;02 Illegal Data Address
29537;0;0;0x0000;02 Illegal Data Address
29538;0;0;0x0000;02 Illegal Data Address
29539;0;0;0x0000;02 Illegal Data Address
29540;0;0;0x0000;02 Illegal Data Address
29541;0;0;0x0000;02 Illegal Data Address
29542;0;0;0x0000;02 Illegal Data Address
29543;0;0;0x0000;02 Illegal Data Address
29544;0;0;0x0000;02 Illegal Data Address
29545;0;0;0x0000;02 Illegal Data Address
29546;0;0;0x0000;02 Illegal Data Address
29547;0;0;0x0000;02 Illegal Data Address
29548;0;0;0x0000;02 Illegal Data Address
29549;0;0;0x0000;02 Illegal Data Address
29550;0;0;0x0000;02 Illegal Data Address
29551;0;0;0x0000;02 Illegal Data Address
29552;0;0;0x0000;02 Illegal Data Address
29553;0;0;0x0000;02 Illegal Data Address
29554;0;0;0x0000;02 Illegal Data Address
29555;0;0;0x0000;02 Illegal Data Address
29556;0;0;0x0000;02 Illegal Data Address
29557;0;0;0x0000;02 Illegal Data Address
29558;0;0;0x0000;02 Illegal Data Address
29559;0;0;0x0000;02 Illegal Data Address
29560;0;0;0x0000;02 Illegal Data Address
29561;0;0;0x0000;02 Illegal Data Address
29562;0;0;0x0000;02 Illegal Data Address
29563;0;0;0x0000;02 Illegal Data Address
29564;0;0;0x0000;02 Illegal Data Address
29565;0;0;0x0000;02 Illegal Data Address
29566;0;0;0x0000;02 Illegal Data Address
29567;0;0;0x0000;02 Illegal Data Address
29568;0;0;0x0000;02 Illegal Data Address
29569;0;0;0x0000;02 Illegal Data Address
29570;0;0;0x0000;02 Illegal Data Address
29571;0;0;0x0000;02 Illegal Data Address
29572;0;0;0x0000;02 Illegal Data Address
29573;0;0;0x0000;02 Illegal Data Address
29574;0;0;0x0000;02 Illegal Data Address
29575;0;0;0x0000;02 Illegal Data Address
29576;0;0;0x0000;02 Illegal Data Address
29577;0;0;0x0000;02 Illegal Data Address
29578;0;0;0x0000;02 Illegal Data Address
29579;0;0;0x0000;02 Illegal Data Address
29580;0;0;0x0000;02 Illegal Data Address
29581;0;0;0x0000;02 Illegal Data Address
29582;0;0;0x0000;02 Illegal Data Address
29583;0;0;0x0000;02 Illegal Data Address
29584;0;0;0x0000;02 Illegal Data Address
29585;0;0;0x0000;02 Illegal Data Address
29586;0;0;0x0000;02 Illegal Data Address
29587;0;0;0x0000;02 Illegal Data Address
29588;0;0;0x0000;02 Illegal Data Address
29589;0;0;0x0000;02 Illegal Data Address
29590;0;0;0x0000;02 Illegal Data Address
29591;0;0;0x0000;02 Illegal Data Address
29592;0;0;0x0000;02 Illegal Data Address
29593;0;0;0x0000;02 Illegal Data Address
29594;0;0;0x0000;02 Illegal Data Address
29595;0;0;0x0000;02 Illegal Data Address
29596;0;0;0x0000;02 Illegal Data Address
29597;0;0;0x0000;02 Illegal Data Address
29598;0;0;0x0000;02 Illegal Data Address
29599;0;0;0x0000;02 Illegal Data Address
29600;0;0;0x0000;02 Illegal Data Address
29601;0;0;0x0000;02 Illegal Data Address
29602;0;0;0x0000;02 Illegal Data Address
29603;0;0;0x0000;02 Illegal Data Address
29604;0;0;0x0000;02 Illegal Data Address
29605;0;0;0x0000;02 Illegal Data Address
29606;0;0;0x0000;02 Illegal Data Address
29607;0;0;0x0000;02 Illegal Data Address
29608;0;0;0x0000;02 Illegal Data Address
29609;0;0;0x0000;02 Illegal Data Address
29610;0;0;0x0000;02 Illegal Data Address
29611;0;0;0x0000;02 Illegal Data Address
29612;0;0;0x0000;02 Illegal Data Address
29613;0;0;0x0000;02 Illegal Data Address
29614;0;0;0x0000;02 Illegal Data Address
29615;0;0;0x0000;02 Illegal Data Address
29616;0;0;0x0000;02 Illegal Data Address
29617;0;0;0x0000;02 Illegal Data Address
29618;0;0;0x0000;02 Illegal Data Address
29619;0;0;0x0000;02 Illegal Data Address
29620;0;0;0x0000;02 Illegal Data Address
29621;0;0;0x0000;02 Illegal Data Address
29622;0;0;0x0000;02 Illegal Data Address
29623;0;0;0x0000;02 Illegal Data Address
29624;0;0;0x0000;02 Illegal Data Address
29625;0;0;0x0000;02 Illegal Data Address
29626;0;0;0x0000;02 Illegal Data Address
29627;0;0;0x0000;02 Illegal Data Address
29628;0;0;0x0000;02 Illegal Data Address
29629;0;0;0x0000;02 Illegal Data Address
29630;0;0;0x0000;02 Illegal Data Address
29631;0;0;0x0000;02 Illegal Data Address
29632;0;0;0x0000;02 Illegal Data Address
29633;0;0;0x0000;02 Illegal Data Address
29634;0;0;0x0000;02 Illegal Data Address
29635;0;0;0x0000;02 Illegal Data Address
29636;0;0;0x0000;02 Illegal Data Address
29637;0;0;0x0000;02 Illegal Data Address
29638;0;0;0x0000;02 Illegal Data Address
29639;0;0;0x0000;02 Illegal Data Address
29640;0;0;0x0000;02 Illegal Data Address
29641;0;0;0x0000;02 Illegal Data Address
29642;0;0;0x0000;02 Illegal Data Address
29643;0;0;0x0000;02 Illegal Data Address
29644;0;0;0x0000;02 Illegal Data Address
29645;0;0;0x0000;02 Illegal Data Address
29646;0;0;0x0000;02 Illegal Data Address
29647;0;0;0x0000;02 Illegal Data Address
29648;0;0;0x0000;02 Illegal Data Address
29649;0;0;0x0000;02 Illegal Data Address
29650;0;0;0x0000;02 Illegal Data Address
29651;0;0;0x0000;02 Illegal Data Address
29652;0;0;0x0000;02 Illegal Data Address
29653;0;0;0x0000;02 Illegal Data Address
29654;0;0;0x0000;02 Illegal Data Address
29655;0;0;0x0000;02 Illegal Data Address
29656;0;0;0x0000;02 Illegal Data Address
29657;0;0;0x0000;02 Illegal Data Address
29658;0;0;0x0000;02 Illegal Data Address
29659;0;0;0x0000;02 Illegal Data Address
29660;0;0;0x0000;02 Illegal Data Address
29661;0;0;0x0000;02 Illegal Data Address
29662;0;0;0x0000;02 Illegal Data Address
29663;0;0;0x0000;02 Illegal Data Address
29664;0;0;0x0000;02 Illegal Data Address
29665;0;0;0x0000;02 Illegal Data Address
29666;0;0;0x0000;02 Illegal Data Address
29667;0;0;0x0000;02 Illegal Data Address
29668;0;0;0x0000;02 Illegal Data Address
29669;0;0;0x0000;02 Illegal Data Address
29670;0;0;0x0000;02 Illegal Data Address
29671;0;0;0x0000;02 Illegal Data Address
29672;0;0;0x0000;02 Illegal Data Address
29673;0;0;0x0000;02 Illegal Data Address
29674;0;0;0x0000;02 Illegal Data Address
29675;0;0;0x0000;02 Illegal Data Address
29676;0;0;0x0000;02 Illegal Data Address
29677;0;0;0x0000;02 Illegal Data Address
29678;0;0;0x0000;02 Illegal Data Address
29679;0;0;0x0000;02 Illegal Data Address
29680;0;0;0x0000;02 Illegal Data Address
29681;0;0;0x0000;02 Illegal Data Address
29682;0;0;0x0000;02 Illegal Data Address
29683;0;0;0x0000;02 Illegal Data Address
29684;0;0;0x0000;02 Illegal Data Address
29685;0;0;0x0000;02 Illegal Data Address
29686;0;0;0x0000;02 Illegal Data Address
29687;0;0;0x0000;02 Illegal Data Address
29688;0;0;0x0000;02 Illegal Data Address
29689;0;0;0x0000;02 Illegal Data Address
29690;0;0;0x0000;02 Illegal Data Address
29691;0;0;0x0000;02 Illegal Data Address
29692;0;0;0x0000;02 Illegal Data Address
29693;0;0;0x0000;02 Illegal Data Address
29694;0;0;0x0000;02 Illegal Data Address
29695;0;0;0x0000;02 Illegal Data Address
29696;0;0;0x0000;02 Illegal Data Address
29697;0;0;0x0000;02 Illegal Data Address
29698;0;0;0x0000;02 Illegal Data Address
29699;0;0;0x0000;02 Illegal Data Address
29700;0;0;0x0000;02 Illegal Data Address
29701;0;0;0x0000;02 Illegal Data Address
29702;0;0;0x0000;02 Illegal Data Address
29703;0;0;0x0000;02 Illegal Data Address
29704;0;0;0x0000;02 Illegal Data Address
29705;0;0;0x0000;02 Illegal Data Address
29706;0;0;0x0000;02 Illegal Data Address
29707;0;0;0x0000;02 Illegal Data Address
29708;0;0;0x0000;02 Illegal Data Address
29709;0;0;0x0000;02 Illegal Data Address
29710;0;0;0x0000;02 Illegal Data Address
29711;0;0;0x0000;02 Illegal Data Address
29712;0;0;0x0000;02 Illegal Data Address
29713;0;0;0x0000;02 Illegal Data Address
29714;0;0;0x0000;02 Illegal Data Address
29715;0;0;0x0000;02 Illegal Data Address
29716;0;0;0x0000;02 Illegal Data Address
29717;0;0;0x0000;02 Illegal Data Address
29718;0;0;0x0000;02 Illegal Data Address
29719;0;0;0x0000;02 Illegal Data Address
29720;0;0;0x0000;02 Illegal Data Address
29721;0;0;0x0000;02 Illegal Data Address
29722;0;0;0x0000;02 Illegal Data Address
29723;0;0;0x0000;02 Illegal Data Address
29724;0;0;0x0000;02 Illegal Data Address
29725;0;0;0x0000;02 Illegal Data Address
29726;0;0;0x0000;02 Illegal Data Address
29727;0;0;0x0000;02 Illegal Data Address
29728;0;0;0x0000;02 Illegal Data Address
29729;0;0;0x0000;02 Illegal Data Address
29730;0;0;0x0000;02 Illegal Data Address
29731;0;0;0x0000;02 Illegal Data Address
29732;0;0;0x0000;02 Illegal Data Address
29733;0;0;0x0000;02 Illegal Data Address
29734;0;0;0x0000;02 Illegal Data Address
29735;0;0;0x0000;02 Illegal Data Address
29736;0;0;0x0000;02 Illegal Data Address
29737;0;0;0x0000;02 Illegal Data Address
29738;0;0;0x0000;02 Illegal Data Address
29739;0;0;0x0000;02 Illegal Data Address
29740;0;0;0x0000;02 Illegal Data Address
29741;0;0;0x0000;02 Illegal Data Address
29742;0;0;0x0000;02 Illegal Data Address
29743;0;0;0x0000;02 Illegal Data Address
29744;0;0;0x0000;02 Illegal Data Address
29745;0;0;0x0000;02 Illegal Data Address
29746;0;0;0x0000;02 Illegal Data Address
29747;0;0;0x0000;02 Illegal Data Address
29748;0;0;0x0000;02 Illegal Data Address
29749;0;0;0x0000;02 Illegal Data Address
29750;0;0;0x0000;02 Illegal Data Address
29751;0;0;0x0000;02 Illegal Data Address
29752;0;0;0x0000;02 Illegal Data Address
29753;0;0;0x0000;02 Illegal Data Address
29754;0;0;0x0000;02 Illegal Data Address
29755;0;0;0x0000;02 Illegal Data Address
29756;0;0;0x0000;02 Illegal Data Address
29757;0;0;0x0000;02 Illegal Data Address
29758;0;0;0x0000;02 Illegal Data Address
29759;0;0;0x0000;02 Illegal Data Address
29760;0;0;0x0000;02 Illegal Data Address
29761;0;0;0x0000;02 Illegal Data Address
29762;0;0;0x0000;02 Illegal Data Address
29763;0;0;0x0000;02 Illegal Data Address
29764;0;0;0x0000;02 Illegal Data Address
29765;0;0;0x0000;02 Illegal Data Address
29766;0;0;0x0000;02 Illegal Data Address
29767;0;0;0x0000;02 Illegal Data Address
29768;0;0;0x0000;02 Illegal Data Address
29769;0;0;0x0000;02 Illegal Data Address
29770;0;0;0x0000;02 Illegal Data Address
29771;0;0;0x0000;02 Illegal Data Address
29772;0;0;0x0000;02 Illegal Data Address
29773;0;0;0x0000;02 Illegal Data Address
29774;0;0;0x0000;02 Illegal Data Address
29775;0;0;0x0000;02 Illegal Data Address
29776;0;0;0x0000;02 Illegal Data Address
29777;0;0;0x0000;02 Illegal Data Address
29778;0;0;0x0000;02 Illegal Data Address
29779;0;0;0x0000;02 Illegal Data Address
29780;0;0;0x0000;02 Illegal Data Address
29781;0;0;0x0000;02 Illegal Data Address
29782;0;0;0x0000;02 Illegal Data Address
29783;0;0;0x0000;02 Illegal Data Address
29784;0;0;0x0000;02 Illegal Data Address
29785;0;0;0x0000;02 Illegal Data Address
29786;0;0;0x0000;02 Illegal Data Address
29787;0;0;0x0000;02 Illegal Data Address
29788;0;0;0x0000;02 Illegal Data Address
29789;0;0;0x0000;02 Illegal Data Address
29790;0;0;0x0000;02 Illegal Data Address
29791;0;0;0x0000;02 Illegal Data Address
29792;0;0;0x0000;02 Illegal Data Address
29793;0;0;0x0000;02 Illegal Data Address
29794;0;0;0x0000;02 Illegal Data Address
29795;0;0;0x0000;02 Illegal Data Address
29796;0;0;0x0000;02 Illegal Data Address
29797;0;0;0x0000;02 Illegal Data Address
29798;0;0;0x0000;02 Illegal Data Address
29799;0;0;0x0000;02 Illegal Data Address
29800;0;0;0x0000;02 Illegal Data Address
29801;0;0;0x0000;02 Illegal Data Address
29802;0;0;0x0000;02 Illegal Data Address
29803;0;0;0x0000;02 Illegal Data Address
29804;0;0;0x0000;02 Illegal Data Address
29805;0;0;0x0000;02 Illegal Data Address
29806;0;0;0x0000;02 Illegal Data Address
29807;0;0;0x0000;02 Illegal Data Address
29808;0;0;0x0000;02 Illegal Data Address
29809;0;0;0x0000;02 Illegal Data Address
29810;0;0;0x0000;02 Illegal Data Address
29811;0;0;0x0000;02 Illegal Data Address
29812;0;0;0x0000;02 Illegal Data Address
29813;0;0;0x0000;02 Illegal Data Address
29814;0;0;0x0000;02 Illegal Data Address
29815;0;0;0x0000;02 Illegal Data Address
29816;0;0;0x0000;02 Illegal Data Address
29817;0;0;0x0000;02 Illegal Data Address
29818;0;0;0x0000;02 Illegal Data Address
29819;0;0;0x0000;02 Illegal Data Address
29820;0;0;0x0000;02 Illegal Data Address
29821;0;0;0x0000;02 Illegal Data Address
29822;0;0;0x0000;02 Illegal Data Address
29823;0;0;0x0000;02 Illegal Data Address
29824;0;0;0x0000;02 Illegal Data Address
29825;0;0;0x0000;02 Illegal Data Address
29826;0;0;0x0000;02 Illegal Data Address
29827;0;0;0x0000;02 Illegal Data Address
29828;0;0;0x0000;02 Illegal Data Address
29829;0;0;0x0000;02 Illegal Data Address
29830;0;0;0x0000;02 Illegal Data Address
29831;0;0;0x0000;02 Illegal Data Address
29832;0;0;0x0000;02 Illegal Data Address
29833;0;0;0x0000;02 Illegal Data Address
29834;0;0;0x0000;02 Illegal Data Address
29835;0;0;0x0000;02 Illegal Data Address
29836;0;0;0x0000;02 Illegal Data Address
29837;0;0;0x0000;02 Illegal Data Address
29838;0;0;0x0000;02 Illegal Data Address
29839;0;0;0x0000;02 Illegal Data Address
29840;0;0;0x0000;02 Illegal Data Address
29841;0;0;0x0000;02 Illegal Data Address
29842;0;0;0x0000;02 Illegal Data Address
29843;0;0;0x0000;02 Illegal Data Address
29844;0;0;0x0000;02 Illegal Data Address
29845;0;0;0x0000;02 Illegal Data Address
29846;0;0;0x0000;02 Illegal Data Address
29847;0;0;0x0000;02 Illegal Data Address
29848;0;0;0x0000;02 Illegal Data Address
29849;0;0;0x0000;02 Illegal Data Address
29850;0;0;0x0000;02 Illegal Data Address
29851;0;0;0x0000;02 Illegal Data Address
29852;0;0;0x0000;02 Illegal Data Address
29853;0;0;0x0000;02 Illegal Data Address
29854;0;0;0x0000;02 Illegal Data Address
29855;0;0;0x0000;02 Illegal Data Address
29856;0;0;0x0000;02 Illegal Data Address
29857;0;0;0x0000;02 Illegal Data Address
29858;0;0;0x0000;02 Illegal Data Address
29859;0;0;0x0000;02 Illegal Data Address
29860;0;0;0x0000;02 Illegal Data Address
29861;0;0;0x0000;02 Illegal Data Address
29862;0;0;0x0000;02 Illegal Data Address
29863;0;0;0x0000;02 Illegal Data Address
29864;0;0;0x0000;02 Illegal Data Address
29865;0;0;0x0000;02 Illegal Data Address
29866;0;0;0x0000;02 Illegal Data Address
29867;0;0;0x0000;02 Illegal Data Address
29868;0;0;0x0000;02 Illegal Data Address
29869;0;0;0x0000;02 Illegal Data Address
29870;0;0;0x0000;02 Illegal Data Address
29871;0;0;0x0000;02 Illegal Data Address
29872;0;0;0x0000;02 Illegal Data Address
29873;0;0;0x0000;02 Illegal Data Address
29874;0;0;0x0000;02 Illegal Data Address
29875;0;0;0x0000;02 Illegal Data Address
29876;0;0;0x0000;02 Illegal Data Address
29877;0;0;0x0000;02 Illegal Data Address
29878;0;0;0x0000;02 Illegal Data Address
29879;0;0;0x0000;02 Illegal Data Address
29880;0;0;0x0000;02 Illegal Data Address
29881;0;0;0x0000;02 Illegal Data Address
29882;0;0;0x0000;02 Illegal Data Address
29883;0;0;0x0000;02 Illegal Data Address
29884;0;0;0x0000;02 Illegal Data Address
29885;0;0;0x0000;02 Illegal Data Address
29886;0;0;0x0000;02 Illegal Data Address
29887;0;0;0x0000;02 Illegal Data Address
29888;0;0;0x0000;02 Illegal Data Address
29889;0;0;0x0000;02 Illegal Data Address
29890;0;0;0x0000;02 Illegal Data Address
29891;0;0;0x0000;02 Illegal Data Address
29892;0;0;0x0000;02 Illegal Data Address
29893;0;0;0x0000;02 Illegal Data Address
29894;0;0;0x0000;02 Illegal Data Address
29895;0;0;0x0000;02 Illegal Data Address
29896;0;0;0x0000;02 Illegal Data Address
29897;0;0;0x0000;02 Illegal Data Address
29898;0;0;0x0000;02 Illegal Data Address
29899;0;0;0x0000;02 Illegal Data Address
29900;0;0;0x0000;02 Illegal Data Address
29901;0;0;0x0000;02 Illegal Data Address
29902;0;0;0x0000;02 Illegal Data Address
29903;0;0;0x0000;02 Illegal Data Address
29904;0;0;0x0000;02 Illegal Data Address
29905;0;0;0x0000;02 Illegal Data Address
29906;0;0;0x0000;02 Illegal Data Address
29907;0;0;0x0000;02 Illegal Data Address
29908;0;0;0x0000;02 Illegal Data Address
29909;0;0;0x0000;02 Illegal Data Address
29910;0;0;0x0000;02 Illegal Data Address
29911;0;0;0x0000;02 Illegal Data Address
29912;0;0;0x0000;02 Illegal Data Address
29913;0;0;0x0000;02 Illegal Data Address
29914;0;0;0x0000;02 Illegal Data Address
29915;0;0;0x0000;02 Illegal Data Address
29916;0;0;0x0000;02 Illegal Data Address
29917;0;0;0x0000;02 Illegal Data Address
29918;0;0;0x0000;02 Illegal Data Address
29919;0;0;0x0000;02 Illegal Data Address
29920;0;0;0x0000;02 Illegal Data Address
29921;0;0;0x0000;02 Illegal Data Address
29922;0;0;0x0000;02 Illegal Data Address
29923;0;0;0x0000;02 Illegal Data Address
29924;0;0;0x0000;02 Illegal Data Address
29925;0;0;0x0000;02 Illegal Data Address
29926;0;0;0x0000;02 Illegal Data Address
29927;0;0;0x0000;02 Illegal Data Address
29928;0;0;0x0000;02 Illegal Data Address
29929;0;0;0x0000;02 Illegal Data Address
29930;0;0;0x0000;02 Illegal Data Address
29931;0;0;0x0000;02 Illegal Data Address
29932;0;0;0x0000;02 Illegal Data Address
29933;0;0;0x0000;02 Illegal Data Address
29934;0;0;0x0000;02 Illegal Data Address
29935;0;0;0x0000;02 Illegal Data Address
29936;0;0;0x0000;02 Illegal Data Address
29937;0;0;0x0000;02 Illegal Data Address
29938;0;0;0x0000;02 Illegal Data Address
29939;0;0;0x0000;02 Illegal Data Address
29940;0;0;0x0000;02 Illegal Data Address
29941;0;0;0x0000;02 Illegal Data Address
29942;0;0;0x0000;02 Illegal Data Address
29943;0;0;0x0000;02 Illegal Data Address
29944;0;0;0x0000;02 Illegal Data Address
29945;0;0;0x0000;02 Illegal Data Address
29946;0;0;0x0000;02 Illegal Data Address
29947;0;0;0x0000;02 Illegal Data Address
29948;0;0;0x0000;02 Illegal Data Address
29949;0;0;0x0000;02 Illegal Data Address
29950;0;0;0x0000;02 Illegal Data Address
29951;0;0;0x0000;02 Illegal Data Address
29952;0;0;0x0000;02 Illegal Data Address
29953;0;0;0x0000;02 Illegal Data Address
29954;0;0;0x0000;02 Illegal Data Address
29955;0;0;0x0000;02 Illegal Data Address
29956;0;0;0x0000;02 Illegal Data Address
29957;0;0;0x0000;02 Illegal Data Address
29958;0;0;0x0000;02 Illegal Data Address
29959;0;0;0x0000;02 Illegal Data Address
29960;0;0;0x0000;02 Illegal Data Address
29961;0;0;0x0000;02 Illegal Data Address
29962;0;0;0x0000;02 Illegal Data Address
29963;0;0;0x0000;02 Illegal Data Address
29964;0;0;0x0000;02 Illegal Data Address
29965;0;0;0x0000;02 Illegal Data Address
29966;0;0;0x0000;02 Illegal Data Address
29967;0;0;0x0000;02 Illegal Data Address
29968;0;0;0x0000;02 Illegal Data Address
29969;0;0;0x0000;02 Illegal Data Address
29970;0;0;0x0000;02 Illegal Data Address
29971;0;0;0x0000;02 Illegal Data Address
29972;0;0;0x0000;02 Illegal Data Address
29973;0;0;0x0000;02 Illegal Data Address
29974;0;0;0x0000;02 Illegal Data Address
29975;0;0;0x0000;02 Illegal Data Address
29976;0;0;0x0000;02 Illegal Data Address
29977;0;0;0x0000;02 Illegal Data Address
29978;0;0;0x0000;02 Illegal Data Address
29979;0;0;0x0000;02 Illegal Data Address
29980;0;0;0x0000;02 Illegal Data Address
29981;0;0;0x0000;02 Illegal Data Address
29982;0;0;0x0000;02 Illegal Data Address
29983;0;0;0x0000;02 Illegal Data Address
29984;0;0;0x0000;02 Illegal Data Address
29985;0;0;0x0000;02 Illegal Data Address
29986;0;0;0x0000;02 Illegal Data Address
29987;0;0;0x0000;02 Illegal Data Address
29988;0;0;0x0000;02 Illegal Data Address
29989;0;0;0x0000;02 Illegal Data Address
29990;0;0;0x0000;02 Illegal Data Address
29991;0;0;0x0000;02 Illegal Data Address
29992;0;0;0x0000;02 Illegal Data Address
29993;0;0;0x0000;02 Illegal Data Address
29994;0;0;0x0000;02 Illegal Data Address
29995;0;0;0x0000;02 Illegal Data Address
29996;0;0;0x0000;02 Illegal Data Address
29997;0;0;0x0000;02 Illegal Data Address
29998;0;0;0x0000;02 Illegal Data Address
29999;0;0;0x0000;02 Illegal Data Address
30000;0;0;0x0000;02 Illegal Data Address
