40000;0;0;0x0000;02 Illegal Data Address
40001;0;0;0x0000;02 Illegal Data Address
40002;0;0;0x0000;02 Illegal Data Address
40003;0;0;0x0000;02 Illegal Data Address
40004;0;0;0x0000;02 Illegal Data Address
40005;0;0;0x0000;02 Illegal Data Address
40006;0;0;0x0000;02 Illegal Data Address
40007;0;0;0x0000;02 Illegal Data Address
40008;0;0;0x0000;02 Illegal Data Address
40009;0;0;0x0000;02 Illegal Data Address
40010;0;0;0x0000;02 Illegal Data Address
40011;0;0;0x0000;02 Illegal Data Address
40012;0;0;0x0000;02 Illegal Data Address
40013;0;0;0x0000;02 Illegal Data Address
40014;0;0;0x0000;02 Illegal Data Address
40015;0;0;0x0000;02 Illegal Data Address
40016;0;0;0x0000;02 Illegal Data Address
40017;0;0;0x0000;02 Illegal Data Address
40018;0;0;0x0000;02 Illegal Data Address
40019;0;0;0x0000;02 Illegal Data Address
40020;0;0;0x0000;02 Illegal Data Address
40021;0;0;0x0000;02 Illegal Data Address
40022;0;0;0x0000;02 Illegal Data Address
40023;0;0;0x0000;02 Illegal Data Address
40024;0;0;0x0000;02 Illegal Data Address
40025;0;0;0x0000;02 Illegal Data Address
40026;0;0;0x0000;02 Illegal Data Address
40027;0;0;0x0000;02 Illegal Data Address
40028;0;0;0x0000;02 Illegal Data Address
40029;0;0;0x0000;02 Illegal Data Address
40030;0;0;0x0000;02 Illegal Data Address
40031;0;0;0x0000;02 Illegal Data Address
40032;0;0;0x0000;02 Illegal Data Address
40033;0;0;0x0000;02 Illegal Data Address
40034;0;0;0x0000;02 Illegal Data Address
40035;0;0;0x0000;02 Illegal Data Address
40036;0;0;0x0000;02 Illegal Data Address
40037;0;0;0x0000;02 Illegal Data Address
40038;0;0;0x0000;02 Illegal Data Address
40039;0;0;0x0000;02 Illegal Data Address
40040;0;0;0x0000;02 Illegal Data Address
40041;0;0;0x0000;02 Illegal Data Address
40042;0;0;0x0000;02 Illegal Data Address
40043;0;0;0x0000;02 Illegal Data Address
40044;0;0;0x0000;02 Illegal Data Address
40045;0;0;0x0000;02 Illegal Data Address
40046;0;0;0x0000;02 Illegal Data Address
40047;0;0;0x0000;02 Illegal Data Address
40048;0;0;0x0000;02 Illegal Data Address
40049;0;0;0x0000;02 Illegal Data Address
40050;0;0;0x0000;02 Illegal Data Address
40051;0;0;0x0000;02 Illegal Data Address
40052;0;0;0x0000;02 Illegal Data Address
40053;0;0;0x0000;02 Illegal Data Address
40054;0;0;0x0000;02 Illegal Data Address
40055;0;0;0x0000;02 Illegal Data Address
40056;0;0;0x0000;02 Illegal Data Address
40057;0;0;0x0000;02 Illegal Data Address
40058;0;0;0x0000;02 Illegal Data Address
40059;0;0;0x0000;02 Illegal Data Address
40060;0;0;0x0000;02 Illegal Data Address
40061;0;0;0x0000;02 Illegal Data Address
40062;0;0;0x0000;02 Illegal Data Address
40063;0;0;0x0000;02 Illegal Data Address
40064;0;0;0x0000;02 Illegal Data Address
40065;0;0;0x0000;02 Illegal Data Address
40066;0;0;0x0000;02 Illegal Data Address
40067;0;0;0x0000;02 Illegal Data Address
40068;0;0;0x0000;02 Illegal Data Address
40069;0;0;0x0000;02 Illegal Data Address
40070;0;0;0x0000;02 Illegal Data Address
40071;0;0;0x0000;02 Illegal Data Address
40072;0;0;0x0000;02 Illegal Data Address
40073;0;0;0x0000;02 Illegal Data Address
40074;0;0;0x0000;02 Illegal Data Address
40075;0;0;0x0000;02 Illegal Data Address
40076;0;0;0x0000;02 Illegal Data Address
40077;0;0;0x0000;02 Illegal Data Address
40078;0;0;0x0000;02 Illegal Data Address
40079;0;0;0x0000;02 Illegal Data Address
40080;0;0;0x0000;02 Illegal Data Address
40081;0;0;0x0000;02 Illegal Data Address
40082;0;0;0x0000;02 Illegal Data Address
40083;0;0;0x0000;02 Illegal Data Address
40084;0;0;0x0000;02 Illegal Data Address
40085;0;0;0x0000;02 Illegal Data Address
40086;0;0;0x0000;02 Illegal Data Address
40087;0;0;0x0000;02 Illegal Data Address
40088;0;0;0x0000;02 Illegal Data Address
40089;0;0;0x0000;02 Illegal Data Address
40090;0;0;0x0000;02 Illegal Data Address
40091;0;0;0x0000;02 Illegal Data Address
40092;0;0;0x0000;02 Illegal Data Address
40093;0;0;0x0000;02 Illegal Data Address
40094;0;0;0x0000;02 Illegal Data Address
40095;0;0;0x0000;02 Illegal Data Address
40096;0;0;0x0000;02 Illegal Data Address
40097;0;0;0x0000;02 Illegal Data Address
40098;0;0;0x0000;02 Illegal Data Address
40099;0;0;0x0000;02 Illegal Data Address
40100;0;0;0x0000;02 Illegal Data Address
40101;0;0;0x0000;02 Illegal Data Address
40102;0;0;0x0000;02 Illegal Data Address
40103;0;0;0x0000;02 Illegal Data Address
40104;0;0;0x0000;02 Illegal Data Address
40105;0;0;0x0000;02 Illegal Data Address
40106;0;0;0x0000;02 Illegal Data Address
40107;0;0;0x0000;02 Illegal Data Address
40108;0;0;0x0000;02 Illegal Data Address
40109;0;0;0x0000;02 Illegal Data Address
40110;0;0;0x0000;02 Illegal Data Address
40111;0;0;0x0000;02 Illegal Data Address
40112;0;0;0x0000;02 Illegal Data Address
40113;0;0;0x0000;02 Illegal Data Address
40114;0;0;0x0000;02 Illegal Data Address
40115;0;0;0x0000;02 Illegal Data Address
40116;0;0;0x0000;02 Illegal Data Address
40117;0;0;0x0000;02 Illegal Data Address
40118;0;0;0x0000;02 Illegal Data Address
40119;0;0;0x0000;02 Illegal Data Address
40120;0;0;0x0000;02 Illegal Data Address
40121;0;0;0x0000;02 Illegal Data Address
40122;0;0;0x0000;02 Illegal Data Address
40123;0;0;0x0000;02 Illegal Data Address
40124;0;0;0x0000;02 Illegal Data Address
40125;0;0;0x0000;02 Illegal Data Address
40126;0;0;0x0000;02 Illegal Data Address
40127;0;0;0x0000;02 Illegal Data Address
40128;0;0;0x0000;02 Illegal Data Address
40129;0;0;0x0000;02 Illegal Data Address
40130;0;0;0x0000;02 Illegal Data Address
40131;0;0;0x0000;02 Illegal Data Address
40132;0;0;0x0000;02 Illegal Data Address
40133;0;0;0x0000;02 Illegal Data Address
40134;0;0;0x0000;02 Illegal Data Address
40135;0;0;0x0000;02 Illegal Data Address
40136;0;0;0x0000;02 Illegal Data Address
40137;0;0;0x0000;02 Illegal Data Address
40138;0;0;0x0000;02 Illegal Data Address
40139;0;0;0x0000;02 Illegal Data Address
40140;0;0;0x0000;02 Illegal Data Address
40141;0;0;0x0000;02 Illegal Data Address
40142;0;0;0x0000;02 Illegal Data Address
40143;0;0;0x0000;02 Illegal Data Address
40144;0;0;0x0000;02 Illegal Data Address
40145;0;0;0x0000;02 Illegal Data Address
40146;0;0;0x0000;02 Illegal Data Address
40147;0;0;0x0000;02 Illegal Data Address
40148;0;0;0x0000;02 Illegal Data Address
40149;0;0;0x0000;02 Illegal Data Address
40150;0;0;0x0000;02 Illegal Data Address
40151;0;0;0x0000;02 Illegal Data Address
40152;0;0;0x0000;02 Illegal Data Address
40153;0;0;0x0000;02 Illegal Data Address
40154;0;0;0x0000;02 Illegal Data Address
40155;0;0;0x0000;02 Illegal Data Address
40156;0;0;0x0000;02 Illegal Data Address
40157;0;0;0x0000;02 Illegal Data Address
40158;0;0;0x0000;02 Illegal Data Address
40159;0;0;0x0000;02 Illegal Data Address
40160;0;0;0x0000;02 Illegal Data Address
40161;0;0;0x0000;02 Illegal Data Address
40162;0;0;0x0000;02 Illegal Data Address
40163;0;0;0x0000;02 Illegal Data Address
40164;0;0;0x0000;02 Illegal Data Address
40165;0;0;0x0000;02 Illegal Data Address
40166;0;0;0x0000;02 Illegal Data Address
40167;0;0;0x0000;02 Illegal Data Address
40168;0;0;0x0000;02 Illegal Data Address
40169;0;0;0x0000;02 Illegal Data Address
40170;0;0;0x0000;02 Illegal Data Address
40171;0;0;0x0000;02 Illegal Data Address
40172;0;0;0x0000;02 Illegal Data Address
40173;0;0;0x0000;02 Illegal Data Address
40174;0;0;0x0000;02 Illegal Data Address
40175;0;0;0x0000;02 Illegal Data Address
40176;0;0;0x0000;02 Illegal Data Address
40177;0;0;0x0000;02 Illegal Data Address
40178;0;0;0x0000;02 Illegal Data Address
40179;0;0;0x0000;02 Illegal Data Address
40180;0;0;0x0000;02 Illegal Data Address
40181;0;0;0x0000;02 Illegal Data Address
40182;0;0;0x0000;02 Illegal Data Address
40183;0;0;0x0000;02 Illegal Data Address
40184;0;0;0x0000;02 Illegal Data Address
40185;0;0;0x0000;02 Illegal Data Address
40186;0;0;0x0000;02 Illegal Data Address
40187;0;0;0x0000;02 Illegal Data Address
40188;0;0;0x0000;02 Illegal Data Address
40189;0;0;0x0000;02 Illegal Data Address
40190;0;0;0x0000;02 Illegal Data Address
40191;0;0;0x0000;02 Illegal Data Address
40192;0;0;0x0000;02 Illegal Data Address
40193;0;0;0x0000;02 Illegal Data Address
40194;0;0;0x0000;02 Illegal Data Address
40195;0;0;0x0000;02 Illegal Data Address
40196;0;0;0x0000;02 Illegal Data Address
40197;0;0;0x0000;02 Illegal Data Address
40198;0;0;0x0000;02 Illegal Data Address
40199;0;0;0x0000;02 Illegal Data Address
40200;0;0;0x0000;02 Illegal Data Address
40201;0;0;0x0000;02 Illegal Data Address
40202;0;0;0x0000;02 Illegal Data Address
40203;0;0;0x0000;02 Illegal Data Address
40204;0;0;0x0000;02 Illegal Data Address
40205;0;0;0x0000;02 Illegal Data Address
40206;0;0;0x0000;02 Illegal Data Address
40207;0;0;0x0000;02 Illegal Data Address
40208;0;0;0x0000;02 Illegal Data Address
40209;0;0;0x0000;02 Illegal Data Address
40210;0;0;0x0000;02 Illegal Data Address
40211;0;0;0x0000;02 Illegal Data Address
40212;0;0;0x0000;02 Illegal Data Address
40213;0;0;0x0000;02 Illegal Data Address
40214;0;0;0x0000;02 Illegal Data Address
40215;0;0;0x0000;02 Illegal Data Address
40216;0;0;0x0000;02 Illegal Data Address
40217;0;0;0x0000;02 Illegal Data Address
40218;0;0;0x0000;02 Illegal Data Address
40219;0;0;0x0000;02 Illegal Data Address
40220;0;0;0x0000;02 Illegal Data Address
40221;0;0;0x0000;02 Illegal Data Address
40222;0;0;0x0000;02 Illegal Data Address
40223;0;0;0x0000;02 Illegal Data Address
40224;0;0;0x0000;02 Illegal Data Address
40225;0;0;0x0000;02 Illegal Data Address
40226;0;0;0x0000;02 Illegal Data Address
40227;0;0;0x0000;02 Illegal Data Address
40228;0;0;0x0000;02 Illegal Data Address
40229;0;0;0x0000;02 Illegal Data Address
40230;0;0;0x0000;02 Illegal Data Address
40231;0;0;0x0000;02 Illegal Data Address
40232;0;0;0x0000;02 Illegal Data Address
40233;0;0;0x0000;02 Illegal Data Address
40234;0;0;0x0000;02 Illegal Data Address
40235;0;0;0x0000;02 Illegal Data Address
40236;0;0;0x0000;02 Illegal Data Address
40237;0;0;0x0000;02 Illegal Data Address
40238;0;0;0x0000;02 Illegal Data Address
40239;0;0;0x0000;02 Illegal Data Address
40240;0;0;0x0000;02 Illegal Data Address
40241;0;0;0x0000;02 Illegal Data Address
40242;0;0;0x0000;02 Illegal Data Address
40243;0;0;0x0000;02 Illegal Data Address
40244;0;0;0x0000;02 Illegal Data Address
40245;0;0;0x0000;02 Illegal Data Address
40246;0;0;0x0000;02 Illegal Data Address
40247;0;0;0x0000;02 Illegal Data Address
40248;0;0;0x0000;02 Illegal Data Address
40249;0;0;0x0000;02 Illegal Data Address
40250;0;0;0x0000;02 Illegal Data Address
40251;0;0;0x0000;02 Illegal Data Address
40252;0;0;0x0000;02 Illegal Data Address
40253;0;0;0x0000;02 Illegal Data Address
40254;0;0;0x0000;02 Illegal Data Address
40255;0;0;0x0000;02 Illegal Data Address
40256;0;0;0x0000;02 Illegal Data Address
40257;0;0;0x0000;02 Illegal Data Address
40258;0;0;0x0000;02 Illegal Data Address
40259;0;0;0x0000;02 Illegal Data Address
40260;0;0;0x0000;02 Illegal Data Address
40261;0;0;0x0000;02 Illegal Data Address
40262;0;0;0x0000;02 Illegal Data Address
40263;0;0;0x0000;02 Illegal Data Address
40264;0;0;0x0000;02 Illegal Data Address
40265;0;0;0x0000;02 Illegal Data Address
40266;0;0;0x0000;02 Illegal Data Address
40267;0;0;0x0000;02 Illegal Data Address
40268;0;0;0x0000;02 Illegal Data Address
40269;0;0;0x0000;02 Illegal Data Address
40270;0;0;0x0000;02 Illegal Data Address
40271;0;0;0x0000;02 Illegal Data Address
40272;0;0;0x0000;02 Illegal Data Address
40273;0;0;0x0000;02 Illegal Data Address
40274;0;0;0x0000;02 Illegal Data Address
40275;0;0;0x0000;02 Illegal Data Address
40276;0;0;0x0000;02 Illegal Data Address
40277;0;0;0x0000;02 Illegal Data Address
40278;0;0;0x0000;02 Illegal Data Address
40279;0;0;0x0000;02 Illegal Data Address
40280;0;0;0x0000;02 Illegal Data Address
40281;0;0;0x0000;02 Illegal Data Address
40282;0;0;0x0000;02 Illegal Data Address
40283;0;0;0x0000;02 Illegal Data Address
40284;0;0;0x0000;02 Illegal Data Address
40285;0;0;0x0000;02 Illegal Data Address
40286;0;0;0x0000;02 Illegal Data Address
40287;0;0;0x0000;02 Illegal Data Address
40288;0;0;0x0000;02 Illegal Data Address
40289;0;0;0x0000;02 Illegal Data Address
40290;0;0;0x0000;02 Illegal Data Address
40291;0;0;0x0000;02 Illegal Data Address
40292;0;0;0x0000;02 Illegal Data Address
40293;0;0;0x0000;02 Illegal Data Address
40294;0;0;0x0000;02 Illegal Data Address
40295;0;0;0x0000;02 Illegal Data Address
40296;0;0;0x0000;02 Illegal Data Address
40297;0;0;0x0000;02 Illegal Data Address
40298;0;0;0x0000;02 Illegal Data Address
40299;0;0;0x0000;02 Illegal Data Address
40300;0;0;0x0000;02 Illegal Data Address
40301;0;0;0x0000;02 Illegal Data Address
40302;0;0;0x0000;02 Illegal Data Address
40303;0;0;0x0000;02 Illegal Data Address
40304;0;0;0x0000;02 Illegal Data Address
40305;0;0;0x0000;02 Illegal Data Address
40306;0;0;0x0000;02 Illegal Data Address
40307;0;0;0x0000;02 Illegal Data Address
40308;0;0;0x0000;02 Illegal Data Address
40309;0;0;0x0000;02 Illegal Data Address
40310;0;0;0x0000;02 Illegal Data Address
40311;0;0;0x0000;02 Illegal Data Address
40312;0;0;0x0000;02 Illegal Data Address
40313;0;0;0x0000;02 Illegal Data Address
40314;0;0;0x0000;02 Illegal Data Address
40315;0;0;0x0000;02 Illegal Data Address
40316;0;0;0x0000;02 Illegal Data Address
40317;0;0;0x0000;02 Illegal Data Address
40318;0;0;0x0000;02 Illegal Data Address
40319;0;0;0x0000;02 Illegal Data Address
40320;0;0;0x0000;02 Illegal Data Address
40321;0;0;0x0000;02 Illegal Data Address
40322;0;0;0x0000;02 Illegal Data Address
40323;0;0;0x0000;02 Illegal Data Address
40324;0;0;0x0000;02 Illegal Data Address
40325;0;0;0x0000;02 Illegal Data Address
40326;0;0;0x0000;02 Illegal Data Address
40327;0;0;0x0000;02 Illegal Data Address
40328;0;0;0x0000;02 Illegal Data Address
40329;0;0;0x0000;02 Illegal Data Address
40330;0;0;0x0000;02 Illegal Data Address
40331;0;0;0x0000;02 Illegal Data Address
40332;0;0;0x0000;02 Illegal Data Address
40333;0;0;0x0000;02 Illegal Data Address
40334;0;0;0x0000;02 Illegal Data Address
40335;0;0;0x0000;02 Illegal Data Address
40336;0;0;0x0000;02 Illegal Data Address
40337;0;0;0x0000;02 Illegal Data Address
40338;0;0;0x0000;02 Illegal Data Address
40339;0;0;0x0000;02 Illegal Data Address
40340;0;0;0x0000;02 Illegal Data Address
40341;0;0;0x0000;02 Illegal Data Address
40342;0;0;0x0000;02 Illegal Data Address
40343;0;0;0x0000;02 Illegal Data Address
40344;0;0;0x0000;02 Illegal Data Address
40345;0;0;0x0000;02 Illegal Data Address
40346;0;0;0x0000;02 Illegal Data Address
40347;0;0;0x0000;02 Illegal Data Address
40348;0;0;0x0000;02 Illegal Data Address
40349;0;0;0x0000;02 Illegal Data Address
40350;0;0;0x0000;02 Illegal Data Address
40351;0;0;0x0000;02 Illegal Data Address
40352;0;0;0x0000;02 Illegal Data Address
40353;0;0;0x0000;02 Illegal Data Address
40354;0;0;0x0000;02 Illegal Data Address
40355;0;0;0x0000;02 Illegal Data Address
40356;0;0;0x0000;02 Illegal Data Address
40357;0;0;0x0000;02 Illegal Data Address
40358;0;0;0x0000;02 Illegal Data Address
40359;0;0;0x0000;02 Illegal Data Address
40360;0;0;0x0000;02 Illegal Data Address
40361;0;0;0x0000;02 Illegal Data Address
40362;0;0;0x0000;02 Illegal Data Address
40363;0;0;0x0000;02 Illegal Data Address
40364;0;0;0x0000;02 Illegal Data Address
40365;0;0;0x0000;02 Illegal Data Address
40366;0;0;0x0000;02 Illegal Data Address
40367;0;0;0x0000;02 Illegal Data Address
40368;0;0;0x0000;02 Illegal Data Address
40369;0;0;0x0000;02 Illegal Data Address
40370;0;0;0x0000;02 Illegal Data Address
40371;0;0;0x0000;02 Illegal Data Address
40372;0;0;0x0000;02 Illegal Data Address
40373;0;0;0x0000;02 Illegal Data Address
40374;0;0;0x0000;02 Illegal Data Address
40375;0;0;0x0000;02 Illegal Data Address
40376;0;0;0x0000;02 Illegal Data Address
40377;0;0;0x0000;02 Illegal Data Address
40378;0;0;0x0000;02 Illegal Data Address
40379;0;0;0x0000;02 Illegal Data Address
40380;0;0;0x0000;02 Illegal Data Address
40381;0;0;0x0000;02 Illegal Data Address
40382;0;0;0x0000;02 Illegal Data Address
40383;0;0;0x0000;02 Illegal Data Address
40384;0;0;0x0000;02 Illegal Data Address
40385;0;0;0x0000;02 Illegal Data Address
40386;0;0;0x0000;02 Illegal Data Address
40387;0;0;0x0000;02 Illegal Data Address
40388;0;0;0x0000;02 Illegal Data Address
40389;0;0;0x0000;02 Illegal Data Address
40390;0;0;0x0000;02 Illegal Data Address
40391;0;0;0x0000;02 Illegal Data Address
40392;0;0;0x0000;02 Illegal Data Address
40393;0;0;0x0000;02 Illegal Data Address
40394;0;0;0x0000;02 Illegal Data Address
40395;0;0;0x0000;02 Illegal Data Address
40396;0;0;0x0000;02 Illegal Data Address
40397;0;0;0x0000;02 Illegal Data Address
40398;0;0;0x0000;02 Illegal Data Address
40399;0;0;0x0000;02 Illegal Data Address
40400;0;0;0x0000;02 Illegal Data Address
40401;0;0;0x0000;02 Illegal Data Address
40402;0;0;0x0000;02 Illegal Data Address
40403;0;0;0x0000;02 Illegal Data Address
40404;0;0;0x0000;02 Illegal Data Address
40405;0;0;0x0000;02 Illegal Data Address
40406;0;0;0x0000;02 Illegal Data Address
40407;0;0;0x0000;02 Illegal Data Address
40408;0;0;0x0000;02 Illegal Data Address
40409;0;0;0x0000;02 Illegal Data Address
40410;0;0;0x0000;02 Illegal Data Address
40411;0;0;0x0000;02 Illegal Data Address
40412;0;0;0x0000;02 Illegal Data Address
40413;0;0;0x0000;02 Illegal Data Address
40414;0;0;0x0000;02 Illegal Data Address
40415;0;0;0x0000;02 Illegal Data Address
40416;0;0;0x0000;02 Illegal Data Address
40417;0;0;0x0000;02 Illegal Data Address
40418;0;0;0x0000;02 Illegal Data Address
40419;0;0;0x0000;02 Illegal Data Address
40420;0;0;0x0000;02 Illegal Data Address
40421;0;0;0x0000;02 Illegal Data Address
40422;0;0;0x0000;02 Illegal Data Address
40423;0;0;0x0000;02 Illegal Data Address
40424;0;0;0x0000;02 Illegal Data Address
40425;0;0;0x0000;02 Illegal Data Address
40426;0;0;0x0000;02 Illegal Data Address
40427;0;0;0x0000;02 Illegal Data Address
40428;0;0;0x0000;02 Illegal Data Address
40429;0;0;0x0000;02 Illegal Data Address
40430;0;0;0x0000;02 Illegal Data Address
40431;0;0;0x0000;02 Illegal Data Address
40432;0;0;0x0000;02 Illegal Data Address
40433;0;0;0x0000;02 Illegal Data Address
40434;0;0;0x0000;02 Illegal Data Address
40435;0;0;0x0000;02 Illegal Data Address
40436;0;0;0x0000;02 Illegal Data Address
40437;0;0;0x0000;02 Illegal Data Address
40438;0;0;0x0000;02 Illegal Data Address
40439;0;0;0x0000;02 Illegal Data Address
40440;0;0;0x0000;02 Illegal Data Address
40441;0;0;0x0000;02 Illegal Data Address
40442;0;0;0x0000;02 Illegal Data Address
40443;0;0;0x0000;02 Illegal Data Address
40444;0;0;0x0000;02 Illegal Data Address
40445;0;0;0x0000;02 Illegal Data Address
40446;0;0;0x0000;02 Illegal Data Address
40447;0;0;0x0000;02 Illegal Data Address
40448;0;0;0x0000;02 Illegal Data Address
40449;0;0;0x0000;02 Illegal Data Address
40450;0;0;0x0000;02 Illegal Data Address
40451;0;0;0x0000;02 Illegal Data Address
40452;0;0;0x0000;02 Illegal Data Address
40453;0;0;0x0000;02 Illegal Data Address
40454;0;0;0x0000;02 Illegal Data Address
40455;0;0;0x0000;02 Illegal Data Address
40456;0;0;0x0000;02 Illegal Data Address
40457;0;0;0x0000;02 Illegal Data Address
40458;0;0;0x0000;02 Illegal Data Address
40459;0;0;0x0000;02 Illegal Data Address
40460;0;0;0x0000;02 Illegal Data Address
40461;0;0;0x0000;02 Illegal Data Address
40462;0;0;0x0000;02 Illegal Data Address
40463;0;0;0x0000;02 Illegal Data Address
40464;0;0;0x0000;02 Illegal Data Address
40465;0;0;0x0000;02 Illegal Data Address
40466;0;0;0x0000;02 Illegal Data Address
40467;0;0;0x0000;02 Illegal Data Address
40468;0;0;0x0000;02 Illegal Data Address
40469;0;0;0x0000;02 Illegal Data Address
40470;0;0;0x0000;02 Illegal Data Address
40471;0;0;0x0000;02 Illegal Data Address
40472;0;0;0x0000;02 Illegal Data Address
40473;0;0;0x0000;02 Illegal Data Address
40474;0;0;0x0000;02 Illegal Data Address
40475;0;0;0x0000;02 Illegal Data Address
40476;0;0;0x0000;02 Illegal Data Address
40477;0;0;0x0000;02 Illegal Data Address
40478;0;0;0x0000;02 Illegal Data Address
40479;0;0;0x0000;02 Illegal Data Address
40480;0;0;0x0000;02 Illegal Data Address
40481;0;0;0x0000;02 Illegal Data Address
40482;0;0;0x0000;02 Illegal Data Address
40483;0;0;0x0000;02 Illegal Data Address
40484;0;0;0x0000;02 Illegal Data Address
40485;0;0;0x0000;02 Illegal Data Address
40486;0;0;0x0000;02 Illegal Data Address
40487;0;0;0x0000;02 Illegal Data Address
40488;0;0;0x0000;02 Illegal Data Address
40489;0;0;0x0000;02 Illegal Data Address
40490;0;0;0x0000;02 Illegal Data Address
40491;0;0;0x0000;02 Illegal Data Address
40492;0;0;0x0000;02 Illegal Data Address
40493;0;0;0x0000;02 Illegal Data Address
40494;0;0;0x0000;02 Illegal Data Address
40495;0;0;0x0000;02 Illegal Data Address
40496;0;0;0x0000;02 Illegal Data Address
40497;0;0;0x0000;02 Illegal Data Address
40498;0;0;0x0000;02 Illegal Data Address
40499;0;0;0x0000;02 Illegal Data Address
40500;0;0;0x0000;02 Illegal Data Address
40501;0;0;0x0000;02 Illegal Data Address
40502;0;0;0x0000;02 Illegal Data Address
40503;0;0;0x0000;02 Illegal Data Address
40504;0;0;0x0000;02 Illegal Data Address
40505;0;0;0x0000;02 Illegal Data Address
40506;0;0;0x0000;02 Illegal Data Address
40507;0;0;0x0000;02 Illegal Data Address
40508;0;0;0x0000;02 Illegal Data Address
40509;0;0;0x0000;02 Illegal Data Address
40510;0;0;0x0000;02 Illegal Data Address
40511;0;0;0x0000;02 Illegal Data Address
40512;0;0;0x0000;02 Illegal Data Address
40513;0;0;0x0000;02 Illegal Data Address
40514;0;0;0x0000;02 Illegal Data Address
40515;0;0;0x0000;02 Illegal Data Address
40516;0;0;0x0000;02 Illegal Data Address
40517;0;0;0x0000;02 Illegal Data Address
40518;0;0;0x0000;02 Illegal Data Address
40519;0;0;0x0000;02 Illegal Data Address
40520;0;0;0x0000;02 Illegal Data Address
40521;0;0;0x0000;02 Illegal Data Address
40522;0;0;0x0000;02 Illegal Data Address
40523;0;0;0x0000;02 Illegal Data Address
40524;0;0;0x0000;02 Illegal Data Address
40525;0;0;0x0000;02 Illegal Data Address
40526;0;0;0x0000;02 Illegal Data Address
40527;0;0;0x0000;02 Illegal Data Address
40528;0;0;0x0000;02 Illegal Data Address
40529;0;0;0x0000;02 Illegal Data Address
40530;0;0;0x0000;02 Illegal Data Address
40531;0;0;0x0000;02 Illegal Data Address
40532;0;0;0x0000;02 Illegal Data Address
40533;0;0;0x0000;02 Illegal Data Address
40534;0;0;0x0000;02 Illegal Data Address
40535;0;0;0x0000;02 Illegal Data Address
40536;0;0;0x0000;02 Illegal Data Address
40537;0;0;0x0000;02 Illegal Data Address
40538;0;0;0x0000;02 Illegal Data Address
40539;0;0;0x0000;02 Illegal Data Address
40540;0;0;0x0000;02 Illegal Data Address
40541;0;0;0x0000;02 Illegal Data Address
40542;0;0;0x0000;02 Illegal Data Address
40543;0;0;0x0000;02 Illegal Data Address
40544;0;0;0x0000;02 Illegal Data Address
40545;0;0;0x0000;02 Illegal Data Address
40546;0;0;0x0000;02 Illegal Data Address
40547;0;0;0x0000;02 Illegal Data Address
40548;0;0;0x0000;02 Illegal Data Address
40549;0;0;0x0000;02 Illegal Data Address
40550;0;0;0x0000;02 Illegal Data Address
40551;0;0;0x0000;02 Illegal Data Address
40552;0;0;0x0000;02 Illegal Data Address
40553;0;0;0x0000;02 Illegal Data Address
40554;0;0;0x0000;02 Illegal Data Address
40555;0;0;0x0000;02 Illegal Data Address
40556;0;0;0x0000;02 Illegal Data Address
40557;0;0;0x0000;02 Illegal Data Address
40558;0;0;0x0000;02 Illegal Data Address
40559;0;0;0x0000;02 Illegal Data Address
40560;0;0;0x0000;02 Illegal Data Address
40561;0;0;0x0000;02 Illegal Data Address
40562;0;0;0x0000;02 Illegal Data Address
40563;0;0;0x0000;02 Illegal Data Address
40564;0;0;0x0000;02 Illegal Data Address
40565;0;0;0x0000;02 Illegal Data Address
40566;0;0;0x0000;02 Illegal Data Address
40567;0;0;0x0000;02 Illegal Data Address
40568;0;0;0x0000;02 Illegal Data Address
40569;0;0;0x0000;02 Illegal Data Address
40570;0;0;0x0000;02 Illegal Data Address
40571;0;0;0x0000;02 Illegal Data Address
40572;0;0;0x0000;02 Illegal Data Address
40573;0;0;0x0000;02 Illegal Data Address
40574;0;0;0x0000;02 Illegal Data Address
40575;0;0;0x0000;02 Illegal Data Address
40576;0;0;0x0000;02 Illegal Data Address
40577;0;0;0x0000;02 Illegal Data Address
40578;0;0;0x0000;02 Illegal Data Address
40579;0;0;0x0000;02 Illegal Data Address
40580;0;0;0x0000;02 Illegal Data Address
40581;0;0;0x0000;02 Illegal Data Address
40582;0;0;0x0000;02 Illegal Data Address
40583;0;0;0x0000;02 Illegal Data Address
40584;0;0;0x0000;02 Illegal Data Address
40585;0;0;0x0000;02 Illegal Data Address
40586;0;0;0x0000;02 Illegal Data Address
40587;0;0;0x0000;02 Illegal Data Address
40588;0;0;0x0000;02 Illegal Data Address
40589;0;0;0x0000;02 Illegal Data Address
40590;0;0;0x0000;02 Illegal Data Address
40591;0;0;0x0000;02 Illegal Data Address
40592;0;0;0x0000;02 Illegal Data Address
40593;0;0;0x0000;02 Illegal Data Address
40594;0;0;0x0000;02 Illegal Data Address
40595;0;0;0x0000;02 Illegal Data Address
40596;0;0;0x0000;02 Illegal Data Address
40597;0;0;0x0000;02 Illegal Data Address
40598;0;0;0x0000;02 Illegal Data Address
40599;0;0;0x0000;02 Illegal Data Address
40600;0;0;0x0000;02 Illegal Data Address
40601;0;0;0x0000;02 Illegal Data Address
40602;0;0;0x0000;02 Illegal Data Address
40603;0;0;0x0000;02 Illegal Data Address
40604;0;0;0x0000;02 Illegal Data Address
40605;0;0;0x0000;02 Illegal Data Address
40606;0;0;0x0000;02 Illegal Data Address
40607;0;0;0x0000;02 Illegal Data Address
40608;0;0;0x0000;02 Illegal Data Address
40609;0;0;0x0000;02 Illegal Data Address
40610;0;0;0x0000;02 Illegal Data Address
40611;0;0;0x0000;02 Illegal Data Address
40612;0;0;0x0000;02 Illegal Data Address
40613;0;0;0x0000;02 Illegal Data Address
40614;0;0;0x0000;02 Illegal Data Address
40615;0;0;0x0000;02 Illegal Data Address
40616;0;0;0x0000;02 Illegal Data Address
40617;0;0;0x0000;02 Illegal Data Address
40618;0;0;0x0000;02 Illegal Data Address
40619;0;0;0x0000;02 Illegal Data Address
40620;0;0;0x0000;02 Illegal Data Address
40621;0;0;0x0000;02 Illegal Data Address
40622;0;0;0x0000;02 Illegal Data Address
40623;0;0;0x0000;02 Illegal Data Address
40624;0;0;0x0000;02 Illegal Data Address
40625;0;0;0x0000;02 Illegal Data Address
40626;0;0;0x0000;02 Illegal Data Address
40627;0;0;0x0000;02 Illegal Data Address
40628;0;0;0x0000;02 Illegal Data Address
40629;0;0;0x0000;02 Illegal Data Address
40630;0;0;0x0000;02 Illegal Data Address
40631;0;0;0x0000;02 Illegal Data Address
40632;0;0;0x0000;02 Illegal Data Address
40633;0;0;0x0000;02 Illegal Data Address
40634;0;0;0x0000;02 Illegal Data Address
40635;0;0;0x0000;02 Illegal Data Address
40636;0;0;0x0000;02 Illegal Data Address
40637;0;0;0x0000;02 Illegal Data Address
40638;0;0;0x0000;02 Illegal Data Address
40639;0;0;0x0000;02 Illegal Data Address
40640;0;0;0x0000;02 Illegal Data Address
40641;0;0;0x0000;02 Illegal Data Address
40642;0;0;0x0000;02 Illegal Data Address
40643;0;0;0x0000;02 Illegal Data Address
40644;0;0;0x0000;02 Illegal Data Address
40645;0;0;0x0000;02 Illegal Data Address
40646;0;0;0x0000;02 Illegal Data Address
40647;0;0;0x0000;02 Illegal Data Address
40648;0;0;0x0000;02 Illegal Data Address
40649;0;0;0x0000;02 Illegal Data Address
40650;0;0;0x0000;02 Illegal Data Address
40651;0;0;0x0000;02 Illegal Data Address
40652;0;0;0x0000;02 Illegal Data Address
40653;0;0;0x0000;02 Illegal Data Address
40654;0;0;0x0000;02 Illegal Data Address
40655;0;0;0x0000;02 Illegal Data Address
40656;0;0;0x0000;02 Illegal Data Address
40657;0;0;0x0000;02 Illegal Data Address
40658;0;0;0x0000;02 Illegal Data Address
40659;0;0;0x0000;02 Illegal Data Address
40660;0;0;0x0000;02 Illegal Data Address
40661;0;0;0x0000;02 Illegal Data Address
40662;0;0;0x0000;02 Illegal Data Address
40663;0;0;0x0000;02 Illegal Data Address
40664;0;0;0x0000;02 Illegal Data Address
40665;0;0;0x0000;02 Illegal Data Address
40666;0;0;0x0000;02 Illegal Data Address
40667;0;0;0x0000;02 Illegal Data Address
40668;0;0;0x0000;02 Illegal Data Address
40669;0;0;0x0000;02 Illegal Data Address
40670;0;0;0x0000;02 Illegal Data Address
40671;0;0;0x0000;02 Illegal Data Address
40672;0;0;0x0000;02 Illegal Data Address
40673;0;0;0x0000;02 Illegal Data Address
40674;0;0;0x0000;02 Illegal Data Address
40675;0;0;0x0000;02 Illegal Data Address
40676;0;0;0x0000;02 Illegal Data Address
40677;0;0;0x0000;02 Illegal Data Address
40678;0;0;0x0000;02 Illegal Data Address
40679;0;0;0x0000;02 Illegal Data Address
40680;0;0;0x0000;02 Illegal Data Address
40681;0;0;0x0000;02 Illegal Data Address
40682;0;0;0x0000;02 Illegal Data Address
40683;0;0;0x0000;02 Illegal Data Address
40684;0;0;0x0000;02 Illegal Data Address
40685;0;0;0x0000;02 Illegal Data Address
40686;0;0;0x0000;02 Illegal Data Address
40687;0;0;0x0000;02 Illegal Data Address
40688;0;0;0x0000;02 Illegal Data Address
40689;0;0;0x0000;02 Illegal Data Address
40690;0;0;0x0000;02 Illegal Data Address
40691;0;0;0x0000;02 Illegal Data Address
40692;0;0;0x0000;02 Illegal Data Address
40693;0;0;0x0000;02 Illegal Data Address
40694;0;0;0x0000;02 Illegal Data Address
40695;0;0;0x0000;02 Illegal Data Address
40696;0;0;0x0000;02 Illegal Data Address
40697;0;0;0x0000;02 Illegal Data Address
40698;0;0;0x0000;02 Illegal Data Address
40699;0;0;0x0000;02 Illegal Data Address
40700;0;0;0x0000;02 Illegal Data Address
40701;0;0;0x0000;02 Illegal Data Address
40702;0;0;0x0000;02 Illegal Data Address
40703;0;0;0x0000;02 Illegal Data Address
40704;0;0;0x0000;02 Illegal Data Address
40705;0;0;0x0000;02 Illegal Data Address
40706;0;0;0x0000;02 Illegal Data Address
40707;0;0;0x0000;02 Illegal Data Address
40708;0;0;0x0000;02 Illegal Data Address
40709;0;0;0x0000;02 Illegal Data Address
40710;0;0;0x0000;02 Illegal Data Address
40711;0;0;0x0000;02 Illegal Data Address
40712;0;0;0x0000;02 Illegal Data Address
40713;0;0;0x0000;02 Illegal Data Address
40714;0;0;0x0000;02 Illegal Data Address
40715;0;0;0x0000;02 Illegal Data Address
40716;0;0;0x0000;02 Illegal Data Address
40717;0;0;0x0000;02 Illegal Data Address
40718;0;0;0x0000;02 Illegal Data Address
40719;0;0;0x0000;02 Illegal Data Address
40720;0;0;0x0000;02 Illegal Data Address
40721;0;0;0x0000;02 Illegal Data Address
40722;0;0;0x0000;02 Illegal Data Address
40723;0;0;0x0000;02 Illegal Data Address
40724;0;0;0x0000;02 Illegal Data Address
40725;0;0;0x0000;02 Illegal Data Address
40726;0;0;0x0000;02 Illegal Data Address
40727;0;0;0x0000;02 Illegal Data Address
40728;0;0;0x0000;02 Illegal Data Address
40729;0;0;0x0000;02 Illegal Data Address
40730;0;0;0x0000;02 Illegal Data Address
40731;0;0;0x0000;02 Illegal Data Address
40732;0;0;0x0000;02 Illegal Data Address
40733;0;0;0x0000;02 Illegal Data Address
40734;0;0;0x0000;02 Illegal Data Address
40735;0;0;0x0000;02 Illegal Data Address
40736;0;0;0x0000;02 Illegal Data Address
40737;0;0;0x0000;02 Illegal Data Address
40738;0;0;0x0000;02 Illegal Data Address
40739;0;0;0x0000;02 Illegal Data Address
40740;0;0;0x0000;02 Illegal Data Address
40741;0;0;0x0000;02 Illegal Data Address
40742;0;0;0x0000;02 Illegal Data Address
40743;0;0;0x0000;02 Illegal Data Address
40744;0;0;0x0000;02 Illegal Data Address
40745;0;0;0x0000;02 Illegal Data Address
40746;0;0;0x0000;02 Illegal Data Address
40747;0;0;0x0000;02 Illegal Data Address
40748;0;0;0x0000;02 Illegal Data Address
40749;0;0;0x0000;02 Illegal Data Address
40750;0;0;0x0000;02 Illegal Data Address
40751;0;0;0x0000;02 Illegal Data Address
40752;0;0;0x0000;02 Illegal Data Address
40753;0;0;0x0000;02 Illegal Data Address
40754;0;0;0x0000;02 Illegal Data Address
40755;0;0;0x0000;02 Illegal Data Address
40756;0;0;0x0000;02 Illegal Data Address
40757;0;0;0x0000;02 Illegal Data Address
40758;0;0;0x0000;02 Illegal Data Address
40759;0;0;0x0000;02 Illegal Data Address
40760;0;0;0x0000;02 Illegal Data Address
40761;0;0;0x0000;02 Illegal Data Address
40762;0;0;0x0000;02 Illegal Data Address
40763;0;0;0x0000;02 Illegal Data Address
40764;0;0;0x0000;02 Illegal Data Address
40765;0;0;0x0000;02 Illegal Data Address
40766;0;0;0x0000;02 Illegal Data Address
40767;0;0;0x0000;02 Illegal Data Address
40768;0;0;0x0000;02 Illegal Data Address
40769;0;0;0x0000;02 Illegal Data Address
40770;0;0;0x0000;02 Illegal Data Address
40771;0;0;0x0000;02 Illegal Data Address
40772;0;0;0x0000;02 Illegal Data Address
40773;0;0;0x0000;02 Illegal Data Address
40774;0;0;0x0000;02 Illegal Data Address
40775;0;0;0x0000;02 Illegal Data Address
40776;0;0;0x0000;02 Illegal Data Address
40777;0;0;0x0000;02 Illegal Data Address
40778;0;0;0x0000;02 Illegal Data Address
40779;0;0;0x0000;02 Illegal Data Address
40780;0;0;0x0000;02 Illegal Data Address
40781;0;0;0x0000;02 Illegal Data Address
40782;0;0;0x0000;02 Illegal Data Address
40783;0;0;0x0000;02 Illegal Data Address
40784;0;0;0x0000;02 Illegal Data Address
40785;0;0;0x0000;02 Illegal Data Address
40786;0;0;0x0000;02 Illegal Data Address
40787;0;0;0x0000;02 Illegal Data Address
40788;0;0;0x0000;02 Illegal Data Address
40789;0;0;0x0000;02 Illegal Data Address
40790;0;0;0x0000;02 Illegal Data Address
40791;0;0;0x0000;02 Illegal Data Address
40792;0;0;0x0000;02 Illegal Data Address
40793;0;0;0x0000;02 Illegal Data Address
40794;0;0;0x0000;02 Illegal Data Address
40795;0;0;0x0000;02 Illegal Data Address
40796;0;0;0x0000;02 Illegal Data Address
40797;0;0;0x0000;02 Illegal Data Address
40798;0;0;0x0000;02 Illegal Data Address
40799;0;0;0x0000;02 Illegal Data Address
40800;0;0;0x0000;02 Illegal Data Address
40801;0;0;0x0000;02 Illegal Data Address
40802;0;0;0x0000;02 Illegal Data Address
40803;0;0;0x0000;02 Illegal Data Address
40804;0;0;0x0000;02 Illegal Data Address
40805;0;0;0x0000;02 Illegal Data Address
40806;0;0;0x0000;02 Illegal Data Address
40807;0;0;0x0000;02 Illegal Data Address
40808;0;0;0x0000;02 Illegal Data Address
40809;0;0;0x0000;02 Illegal Data Address
40810;0;0;0x0000;02 Illegal Data Address
40811;0;0;0x0000;02 Illegal Data Address
40812;0;0;0x0000;02 Illegal Data Address
40813;0;0;0x0000;02 Illegal Data Address
40814;0;0;0x0000;02 Illegal Data Address
40815;0;0;0x0000;02 Illegal Data Address
40816;0;0;0x0000;02 Illegal Data Address
40817;0;0;0x0000;02 Illegal Data Address
40818;0;0;0x0000;02 Illegal Data Address
40819;0;0;0x0000;02 Illegal Data Address
40820;0;0;0x0000;02 Illegal Data Address
40821;0;0;0x0000;02 Illegal Data Address
40822;0;0;0x0000;02 Illegal Data Address
40823;0;0;0x0000;02 Illegal Data Address
40824;0;0;0x0000;02 Illegal Data Address
40825;0;0;0x0000;02 Illegal Data Address
40826;0;0;0x0000;02 Illegal Data Address
40827;0;0;0x0000;02 Illegal Data Address
40828;0;0;0x0000;02 Illegal Data Address
40829;0;0;0x0000;02 Illegal Data Address
40830;0;0;0x0000;02 Illegal Data Address
40831;0;0;0x0000;02 Illegal Data Address
40832;0;0;0x0000;02 Illegal Data Address
40833;0;0;0x0000;02 Illegal Data Address
40834;0;0;0x0000;02 Illegal Data Address
40835;0;0;0x0000;02 Illegal Data Address
40836;0;0;0x0000;02 Illegal Data Address
40837;0;0;0x0000;02 Illegal Data Address
40838;0;0;0x0000;02 Illegal Data Address
40839;0;0;0x0000;02 Illegal Data Address
40840;0;0;0x0000;02 Illegal Data Address
40841;0;0;0x0000;02 Illegal Data Address
40842;0;0;0x0000;02 Illegal Data Address
40843;0;0;0x0000;02 Illegal Data Address
40844;0;0;0x0000;02 Illegal Data Address
40845;0;0;0x0000;02 Illegal Data Address
40846;0;0;0x0000;02 Illegal Data Address
40847;0;0;0x0000;02 Illegal Data Address
40848;0;0;0x0000;02 Illegal Data Address
40849;0;0;0x0000;02 Illegal Data Address
40850;0;0;0x0000;02 Illegal Data Address
40851;0;0;0x0000;02 Illegal Data Address
40852;0;0;0x0000;02 Illegal Data Address
40853;0;0;0x0000;02 Illegal Data Address
40854;0;0;0x0000;02 Illegal Data Address
40855;0;0;0x0000;02 Illegal Data Address
40856;0;0;0x0000;02 Illegal Data Address
40857;0;0;0x0000;02 Illegal Data Address
40858;0;0;0x0000;02 Illegal Data Address
40859;0;0;0x0000;02 Illegal Data Address
40860;0;0;0x0000;02 Illegal Data Address
40861;0;0;0x0000;02 Illegal Data Address
40862;0;0;0x0000;02 Illegal Data Address
40863;0;0;0x0000;02 Illegal Data Address
40864;0;0;0x0000;02 Illegal Data Address
40865;0;0;0x0000;02 Illegal Data Address
40866;0;0;0x0000;02 Illegal Data Address
40867;0;0;0x0000;02 Illegal Data Address
40868;0;0;0x0000;02 Illegal Data Address
40869;0;0;0x0000;02 Illegal Data Address
40870;0;0;0x0000;02 Illegal Data Address
40871;0;0;0x0000;02 Illegal Data Address
40872;0;0;0x0000;02 Illegal Data Address
40873;0;0;0x0000;02 Illegal Data Address
40874;0;0;0x0000;02 Illegal Data Address
40875;0;0;0x0000;02 Illegal Data Address
40876;0;0;0x0000;02 Illegal Data Address
40877;0;0;0x0000;02 Illegal Data Address
40878;0;0;0x0000;02 Illegal Data Address
40879;0;0;0x0000;02 Illegal Data Address
40880;0;0;0x0000;02 Illegal Data Address
40881;0;0;0x0000;02 Illegal Data Address
40882;0;0;0x0000;02 Illegal Data Address
40883;0;0;0x0000;02 Illegal Data Address
40884;0;0;0x0000;02 Illegal Data Address
40885;0;0;0x0000;02 Illegal Data Address
40886;0;0;0x0000;02 Illegal Data Address
40887;0;0;0x0000;02 Illegal Data Address
40888;0;0;0x0000;02 Illegal Data Address
40889;0;0;0x0000;02 Illegal Data Address
40890;0;0;0x0000;02 Illegal Data Address
40891;0;0;0x0000;02 Illegal Data Address
40892;0;0;0x0000;02 Illegal Data Address
40893;0;0;0x0000;02 Illegal Data Address
40894;0;0;0x0000;02 Illegal Data Address
40895;0;0;0x0000;02 Illegal Data Address
40896;0;0;0x0000;02 Illegal Data Address
40897;0;0;0x0000;02 Illegal Data Address
40898;0;0;0x0000;02 Illegal Data Address
40899;0;0;0x0000;02 Illegal Data Address
40900;0;0;0x0000;02 Illegal Data Address
40901;0;0;0x0000;02 Illegal Data Address
40902;0;0;0x0000;02 Illegal Data Address
40903;0;0;0x0000;02 Illegal Data Address
40904;0;0;0x0000;02 Illegal Data Address
40905;0;0;0x0000;02 Illegal Data Address
40906;0;0;0x0000;02 Illegal Data Address
40907;0;0;0x0000;02 Illegal Data Address
40908;0;0;0x0000;02 Illegal Data Address
40909;0;0;0x0000;02 Illegal Data Address
40910;0;0;0x0000;02 Illegal Data Address
40911;0;0;0x0000;02 Illegal Data Address
40912;0;0;0x0000;02 Illegal Data Address
40913;0;0;0x0000;02 Illegal Data Address
40914;0;0;0x0000;02 Illegal Data Address
40915;0;0;0x0000;02 Illegal Data Address
40916;0;0;0x0000;02 Illegal Data Address
40917;0;0;0x0000;02 Illegal Data Address
40918;0;0;0x0000;02 Illegal Data Address
40919;0;0;0x0000;02 Illegal Data Address
40920;0;0;0x0000;02 Illegal Data Address
40921;0;0;0x0000;02 Illegal Data Address
40922;0;0;0x0000;02 Illegal Data Address
40923;0;0;0x0000;02 Illegal Data Address
40924;0;0;0x0000;02 Illegal Data Address
40925;0;0;0x0000;02 Illegal Data Address
40926;0;0;0x0000;02 Illegal Data Address
40927;0;0;0x0000;02 Illegal Data Address
40928;0;0;0x0000;02 Illegal Data Address
40929;0;0;0x0000;02 Illegal Data Address
40930;0;0;0x0000;02 Illegal Data Address
40931;0;0;0x0000;02 Illegal Data Address
40932;0;0;0x0000;02 Illegal Data Address
40933;0;0;0x0000;02 Illegal Data Address
40934;0;0;0x0000;02 Illegal Data Address
40935;0;0;0x0000;02 Illegal Data Address
40936;0;0;0x0000;02 Illegal Data Address
40937;0;0;0x0000;02 Illegal Data Address
40938;0;0;0x0000;02 Illegal Data Address
40939;0;0;0x0000;02 Illegal Data Address
40940;0;0;0x0000;02 Illegal Data Address
40941;0;0;0x0000;02 Illegal Data Address
40942;0;0;0x0000;02 Illegal Data Address
40943;0;0;0x0000;02 Illegal Data Address
40944;0;0;0x0000;02 Illegal Data Address
40945;0;0;0x0000;02 Illegal Data Address
40946;0;0;0x0000;02 Illegal Data Address
40947;0;0;0x0000;02 Illegal Data Address
40948;0;0;0x0000;02 Illegal Data Address
40949;0;0;0x0000;02 Illegal Data Address
40950;0;0;0x0000;02 Illegal Data Address
40951;0;0;0x0000;02 Illegal Data Address
40952;0;0;0x0000;02 Illegal Data Address
40953;0;0;0x0000;02 Illegal Data Address
40954;0;0;0x0000;02 Illegal Data Address
40955;0;0;0x0000;02 Illegal Data Address
40956;0;0;0x0000;02 Illegal Data Address
40957;0;0;0x0000;02 Illegal Data Address
40958;0;0;0x0000;02 Illegal Data Address
40959;0;0;0x0000;02 Illegal Data Address
40960;0;0;0x0000;02 Illegal Data Address
40961;0;0;0x0000;02 Illegal Data Address
40962;0;0;0x0000;02 Illegal Data Address
40963;0;0;0x0000;02 Illegal Data Address
40964;0;0;0x0000;02 Illegal Data Address
40965;0;0;0x0000;02 Illegal Data Address
40966;0;0;0x0000;02 Illegal Data Address
40967;0;0;0x0000;02 Illegal Data Address
40968;0;0;0x0000;02 Illegal Data Address
40969;0;0;0x0000;02 Illegal Data Address
40970;0;0;0x0000;02 Illegal Data Address
40971;0;0;0x0000;02 Illegal Data Address
40972;0;0;0x0000;02 Illegal Data Address
40973;0;0;0x0000;02 Illegal Data Address
40974;0;0;0x0000;02 Illegal Data Address
40975;0;0;0x0000;02 Illegal Data Address
40976;0;0;0x0000;02 Illegal Data Address
40977;0;0;0x0000;02 Illegal Data Address
40978;0;0;0x0000;02 Illegal Data Address
40979;0;0;0x0000;02 Illegal Data Address
40980;0;0;0x0000;02 Illegal Data Address
40981;0;0;0x0000;02 Illegal Data Address
40982;0;0;0x0000;02 Illegal Data Address
40983;0;0;0x0000;02 Illegal Data Address
40984;0;0;0x0000;02 Illegal Data Address
40985;0;0;0x0000;02 Illegal Data Address
40986;0;0;0x0000;02 Illegal Data Address
40987;0;0;0x0000;02 Illegal Data Address
40988;0;0;0x0000;02 Illegal Data Address
40989;0;0;0x0000;02 Illegal Data Address
40990;0;0;0x0000;02 Illegal Data Address
40991;0;0;0x0000;02 Illegal Data Address
40992;0;0;0x0000;02 Illegal Data Address
40993;0;0;0x0000;02 Illegal Data Address
40994;0;0;0x0000;02 Illegal Data Address
40995;0;0;0x0000;02 Illegal Data Address
40996;0;0;0x0000;02 Illegal Data Address
40997;0;0;0x0000;02 Illegal Data Address
40998;0;0;0x0000;02 Illegal Data Address
40999;0;0;0x0000;02 Illegal Data Address
41000;0;0;0x0000;02 Illegal Data Address
41001;0;0;0x0000;02 Illegal Data Address
41002;0;0;0x0000;02 Illegal Data Address
41003;0;0;0x0000;02 Illegal Data Address
41004;0;0;0x0000;02 Illegal Data Address
41005;0;0;0x0000;02 Illegal Data Address
41006;0;0;0x0000;02 Illegal Data Address
41007;0;0;0x0000;02 Illegal Data Address
41008;0;0;0x0000;02 Illegal Data Address
41009;0;0;0x0000;02 Illegal Data Address
41010;0;0;0x0000;02 Illegal Data Address
41011;0;0;0x0000;02 Illegal Data Address
41012;0;0;0x0000;02 Illegal Data Address
41013;0;0;0x0000;02 Illegal Data Address
41014;0;0;0x0000;02 Illegal Data Address
41015;0;0;0x0000;02 Illegal Data Address
41016;0;0;0x0000;02 Illegal Data Address
41017;0;0;0x0000;02 Illegal Data Address
41018;0;0;0x0000;02 Illegal Data Address
41019;0;0;0x0000;02 Illegal Data Address
41020;0;0;0x0000;02 Illegal Data Address
41021;0;0;0x0000;02 Illegal Data Address
41022;0;0;0x0000;02 Illegal Data Address
41023;0;0;0x0000;02 Illegal Data Address
41024;0;0;0x0000;02 Illegal Data Address
41025;0;0;0x0000;02 Illegal Data Address
41026;0;0;0x0000;02 Illegal Data Address
41027;0;0;0x0000;02 Illegal Data Address
41028;0;0;0x0000;02 Illegal Data Address
41029;0;0;0x0000;02 Illegal Data Address
41030;0;0;0x0000;02 Illegal Data Address
41031;0;0;0x0000;02 Illegal Data Address
41032;0;0;0x0000;02 Illegal Data Address
41033;0;0;0x0000;02 Illegal Data Address
41034;0;0;0x0000;02 Illegal Data Address
41035;0;0;0x0000;02 Illegal Data Address
41036;0;0;0x0000;02 Illegal Data Address
41037;0;0;0x0000;02 Illegal Data Address
41038;0;0;0x0000;02 Illegal Data Address
41039;0;0;0x0000;02 Illegal Data Address
41040;0;0;0x0000;02 Illegal Data Address
41041;0;0;0x0000;02 Illegal Data Address
41042;0;0;0x0000;02 Illegal Data Address
41043;0;0;0x0000;02 Illegal Data Address
41044;0;0;0x0000;02 Illegal Data Address
41045;0;0;0x0000;02 Illegal Data Address
41046;0;0;0x0000;02 Illegal Data Address
41047;0;0;0x0000;02 Illegal Data Address
41048;0;0;0x0000;02 Illegal Data Address
41049;0;0;0x0000;02 Illegal Data Address
41050;0;0;0x0000;02 Illegal Data Address
41051;0;0;0x0000;02 Illegal Data Address
41052;0;0;0x0000;02 Illegal Data Address
41053;0;0;0x0000;02 Illegal Data Address
41054;0;0;0x0000;02 Illegal Data Address
41055;0;0;0x0000;02 Illegal Data Address
41056;0;0;0x0000;02 Illegal Data Address
41057;0;0;0x0000;02 Illegal Data Address
41058;0;0;0x0000;02 Illegal Data Address
41059;0;0;0x0000;02 Illegal Data Address
41060;0;0;0x0000;02 Illegal Data Address
41061;0;0;0x0000;02 Illegal Data Address
41062;0;0;0x0000;02 Illegal Data Address
41063;0;0;0x0000;02 Illegal Data Address
41064;0;0;0x0000;02 Illegal Data Address
41065;0;0;0x0000;02 Illegal Data Address
41066;0;0;0x0000;02 Illegal Data Address
41067;0;0;0x0000;02 Illegal Data Address
41068;0;0;0x0000;02 Illegal Data Address
41069;0;0;0x0000;02 Illegal Data Address
41070;0;0;0x0000;02 Illegal Data Address
41071;0;0;0x0000;02 Illegal Data Address
41072;0;0;0x0000;02 Illegal Data Address
41073;0;0;0x0000;02 Illegal Data Address
41074;0;0;0x0000;02 Illegal Data Address
41075;0;0;0x0000;02 Illegal Data Address
41076;0;0;0x0000;02 Illegal Data Address
41077;0;0;0x0000;02 Illegal Data Address
41078;0;0;0x0000;02 Illegal Data Address
41079;0;0;0x0000;02 Illegal Data Address
41080;0;0;0x0000;02 Illegal Data Address
41081;0;0;0x0000;02 Illegal Data Address
41082;0;0;0x0000;02 Illegal Data Address
41083;0;0;0x0000;02 Illegal Data Address
41084;0;0;0x0000;02 Illegal Data Address
41085;0;0;0x0000;02 Illegal Data Address
41086;0;0;0x0000;02 Illegal Data Address
41087;0;0;0x0000;02 Illegal Data Address
41088;0;0;0x0000;02 Illegal Data Address
41089;0;0;0x0000;02 Illegal Data Address
41090;0;0;0x0000;02 Illegal Data Address
41091;0;0;0x0000;02 Illegal Data Address
41092;0;0;0x0000;02 Illegal Data Address
41093;0;0;0x0000;02 Illegal Data Address
41094;0;0;0x0000;02 Illegal Data Address
41095;0;0;0x0000;02 Illegal Data Address
41096;0;0;0x0000;02 Illegal Data Address
41097;0;0;0x0000;02 Illegal Data Address
41098;0;0;0x0000;02 Illegal Data Address
41099;0;0;0x0000;02 Illegal Data Address
41100;0;0;0x0000;02 Illegal Data Address
41101;0;0;0x0000;02 Illegal Data Address
41102;0;0;0x0000;02 Illegal Data Address
41103;0;0;0x0000;02 Illegal Data Address
41104;0;0;0x0000;02 Illegal Data Address
41105;0;0;0x0000;02 Illegal Data Address
41106;0;0;0x0000;02 Illegal Data Address
41107;0;0;0x0000;02 Illegal Data Address
41108;0;0;0x0000;02 Illegal Data Address
41109;0;0;0x0000;02 Illegal Data Address
41110;0;0;0x0000;02 Illegal Data Address
41111;0;0;0x0000;02 Illegal Data Address
41112;0;0;0x0000;02 Illegal Data Address
41113;0;0;0x0000;02 Illegal Data Address
41114;0;0;0x0000;02 Illegal Data Address
41115;0;0;0x0000;02 Illegal Data Address
41116;0;0;0x0000;02 Illegal Data Address
41117;0;0;0x0000;02 Illegal Data Address
41118;0;0;0x0000;02 Illegal Data Address
41119;0;0;0x0000;02 Illegal Data Address
41120;0;0;0x0000;02 Illegal Data Address
41121;0;0;0x0000;02 Illegal Data Address
41122;0;0;0x0000;02 Illegal Data Address
41123;0;0;0x0000;02 Illegal Data Address
41124;0;0;0x0000;02 Illegal Data Address
41125;0;0;0x0000;02 Illegal Data Address
41126;0;0;0x0000;02 Illegal Data Address
41127;0;0;0x0000;02 Illegal Data Address
41128;0;0;0x0000;02 Illegal Data Address
41129;0;0;0x0000;02 Illegal Data Address
41130;0;0;0x0000;02 Illegal Data Address
41131;0;0;0x0000;02 Illegal Data Address
41132;0;0;0x0000;02 Illegal Data Address
41133;0;0;0x0000;02 Illegal Data Address
41134;0;0;0x0000;02 Illegal Data Address
41135;0;0;0x0000;02 Illegal Data Address
41136;0;0;0x0000;02 Illegal Data Address
41137;0;0;0x0000;02 Illegal Data Address
41138;0;0;0x0000;02 Illegal Data Address
41139;0;0;0x0000;02 Illegal Data Address
41140;0;0;0x0000;02 Illegal Data Address
41141;0;0;0x0000;02 Illegal Data Address
41142;0;0;0x0000;02 Illegal Data Address
41143;0;0;0x0000;02 Illegal Data Address
41144;0;0;0x0000;02 Illegal Data Address
41145;0;0;0x0000;02 Illegal Data Address
41146;0;0;0x0000;02 Illegal Data Address
41147;0;0;0x0000;02 Illegal Data Address
41148;0;0;0x0000;02 Illegal Data Address
41149;0;0;0x0000;02 Illegal Data Address
41150;0;0;0x0000;02 Illegal Data Address
41151;0;0;0x0000;02 Illegal Data Address
41152;0;0;0x0000;02 Illegal Data Address
41153;0;0;0x0000;02 Illegal Data Address
41154;0;0;0x0000;02 Illegal Data Address
41155;0;0;0x0000;02 Illegal Data Address
41156;0;0;0x0000;02 Illegal Data Address
41157;0;0;0x0000;02 Illegal Data Address
41158;0;0;0x0000;02 Illegal Data Address
41159;0;0;0x0000;02 Illegal Data Address
41160;0;0;0x0000;02 Illegal Data Address
41161;0;0;0x0000;02 Illegal Data Address
41162;0;0;0x0000;02 Illegal Data Address
41163;0;0;0x0000;02 Illegal Data Address
41164;0;0;0x0000;02 Illegal Data Address
41165;0;0;0x0000;02 Illegal Data Address
41166;0;0;0x0000;02 Illegal Data Address
41167;0;0;0x0000;02 Illegal Data Address
41168;0;0;0x0000;02 Illegal Data Address
41169;0;0;0x0000;02 Illegal Data Address
41170;0;0;0x0000;02 Illegal Data Address
41171;0;0;0x0000;02 Illegal Data Address
41172;0;0;0x0000;02 Illegal Data Address
41173;0;0;0x0000;02 Illegal Data Address
41174;0;0;0x0000;02 Illegal Data Address
41175;0;0;0x0000;02 Illegal Data Address
41176;0;0;0x0000;02 Illegal Data Address
41177;0;0;0x0000;02 Illegal Data Address
41178;0;0;0x0000;02 Illegal Data Address
41179;0;0;0x0000;02 Illegal Data Address
41180;0;0;0x0000;02 Illegal Data Address
41181;0;0;0x0000;02 Illegal Data Address
41182;0;0;0x0000;02 Illegal Data Address
41183;0;0;0x0000;02 Illegal Data Address
41184;0;0;0x0000;02 Illegal Data Address
41185;0;0;0x0000;02 Illegal Data Address
41186;0;0;0x0000;02 Illegal Data Address
41187;0;0;0x0000;02 Illegal Data Address
41188;0;0;0x0000;02 Illegal Data Address
41189;0;0;0x0000;02 Illegal Data Address
41190;0;0;0x0000;02 Illegal Data Address
41191;0;0;0x0000;02 Illegal Data Address
41192;0;0;0x0000;02 Illegal Data Address
41193;0;0;0x0000;02 Illegal Data Address
41194;0;0;0x0000;02 Illegal Data Address
41195;0;0;0x0000;02 Illegal Data Address
41196;0;0;0x0000;02 Illegal Data Address
41197;0;0;0x0000;02 Illegal Data Address
41198;0;0;0x0000;02 Illegal Data Address
41199;0;0;0x0000;02 Illegal Data Address
41200;0;0;0x0000;02 Illegal Data Address
41201;0;0;0x0000;02 Illegal Data Address
41202;0;0;0x0000;02 Illegal Data Address
41203;0;0;0x0000;02 Illegal Data Address
41204;0;0;0x0000;02 Illegal Data Address
41205;0;0;0x0000;02 Illegal Data Address
41206;0;0;0x0000;02 Illegal Data Address
41207;0;0;0x0000;02 Illegal Data Address
41208;0;0;0x0000;02 Illegal Data Address
41209;0;0;0x0000;02 Illegal Data Address
41210;0;0;0x0000;02 Illegal Data Address
41211;0;0;0x0000;02 Illegal Data Address
41212;0;0;0x0000;02 Illegal Data Address
41213;0;0;0x0000;02 Illegal Data Address
41214;0;0;0x0000;02 Illegal Data Address
41215;0;0;0x0000;02 Illegal Data Address
41216;0;0;0x0000;02 Illegal Data Address
41217;0;0;0x0000;02 Illegal Data Address
41218;0;0;0x0000;02 Illegal Data Address
41219;0;0;0x0000;02 Illegal Data Address
41220;0;0;0x0000;02 Illegal Data Address
41221;0;0;0x0000;02 Illegal Data Address
41222;0;0;0x0000;02 Illegal Data Address
41223;0;0;0x0000;02 Illegal Data Address
41224;0;0;0x0000;02 Illegal Data Address
41225;0;0;0x0000;02 Illegal Data Address
41226;0;0;0x0000;02 Illegal Data Address
41227;0;0;0x0000;02 Illegal Data Address
41228;0;0;0x0000;02 Illegal Data Address
41229;0;0;0x0000;02 Illegal Data Address
41230;0;0;0x0000;02 Illegal Data Address
41231;0;0;0x0000;02 Illegal Data Address
41232;0;0;0x0000;02 Illegal Data Address
41233;0;0;0x0000;02 Illegal Data Address
41234;0;0;0x0000;02 Illegal Data Address
41235;0;0;0x0000;02 Illegal Data Address
41236;0;0;0x0000;02 Illegal Data Address
41237;0;0;0x0000;02 Illegal Data Address
41238;0;0;0x0000;02 Illegal Data Address
41239;0;0;0x0000;02 Illegal Data Address
41240;0;0;0x0000;02 Illegal Data Address
41241;0;0;0x0000;02 Illegal Data Address
41242;0;0;0x0000;02 Illegal Data Address
41243;0;0;0x0000;02 Illegal Data Address
41244;0;0;0x0000;02 Illegal Data Address
41245;0;0;0x0000;02 Illegal Data Address
41246;0;0;0x0000;02 Illegal Data Address
41247;0;0;0x0000;02 Illegal Data Address
41248;0;0;0x0000;02 Illegal Data Address
41249;0;0;0x0000;02 Illegal Data Address
41250;0;0;0x0000;02 Illegal Data Address
41251;0;0;0x0000;02 Illegal Data Address
41252;0;0;0x0000;02 Illegal Data Address
41253;0;0;0x0000;02 Illegal Data Address
41254;0;0;0x0000;02 Illegal Data Address
41255;0;0;0x0000;02 Illegal Data Address
41256;0;0;0x0000;02 Illegal Data Address
41257;0;0;0x0000;02 Illegal Data Address
41258;0;0;0x0000;02 Illegal Data Address
41259;0;0;0x0000;02 Illegal Data Address
41260;0;0;0x0000;02 Illegal Data Address
41261;0;0;0x0000;02 Illegal Data Address
41262;0;0;0x0000;02 Illegal Data Address
41263;0;0;0x0000;02 Illegal Data Address
41264;0;0;0x0000;02 Illegal Data Address
41265;0;0;0x0000;02 Illegal Data Address
41266;0;0;0x0000;02 Illegal Data Address
41267;0;0;0x0000;02 Illegal Data Address
41268;0;0;0x0000;02 Illegal Data Address
41269;0;0;0x0000;02 Illegal Data Address
41270;0;0;0x0000;02 Illegal Data Address
41271;0;0;0x0000;02 Illegal Data Address
41272;0;0;0x0000;02 Illegal Data Address
41273;0;0;0x0000;02 Illegal Data Address
41274;0;0;0x0000;02 Illegal Data Address
41275;0;0;0x0000;02 Illegal Data Address
41276;0;0;0x0000;02 Illegal Data Address
41277;0;0;0x0000;02 Illegal Data Address
41278;0;0;0x0000;02 Illegal Data Address
41279;0;0;0x0000;02 Illegal Data Address
41280;0;0;0x0000;02 Illegal Data Address
41281;0;0;0x0000;02 Illegal Data Address
41282;0;0;0x0000;02 Illegal Data Address
41283;0;0;0x0000;02 Illegal Data Address
41284;0;0;0x0000;02 Illegal Data Address
41285;0;0;0x0000;02 Illegal Data Address
41286;0;0;0x0000;02 Illegal Data Address
41287;0;0;0x0000;02 Illegal Data Address
41288;0;0;0x0000;02 Illegal Data Address
41289;0;0;0x0000;02 Illegal Data Address
41290;0;0;0x0000;02 Illegal Data Address
41291;0;0;0x0000;02 Illegal Data Address
41292;0;0;0x0000;02 Illegal Data Address
41293;0;0;0x0000;02 Illegal Data Address
41294;0;0;0x0000;02 Illegal Data Address
41295;0;0;0x0000;02 Illegal Data Address
41296;0;0;0x0000;02 Illegal Data Address
41297;0;0;0x0000;02 Illegal Data Address
41298;0;0;0x0000;02 Illegal Data Address
41299;0;0;0x0000;02 Illegal Data Address
41300;0;0;0x0000;02 Illegal Data Address
41301;0;0;0x0000;02 Illegal Data Address
41302;0;0;0x0000;02 Illegal Data Address
41303;0;0;0x0000;02 Illegal Data Address
41304;0;0;0x0000;02 Illegal Data Address
41305;0;0;0x0000;02 Illegal Data Address
41306;0;0;0x0000;02 Illegal Data Address
41307;0;0;0x0000;02 Illegal Data Address
41308;0;0;0x0000;02 Illegal Data Address
41309;0;0;0x0000;02 Illegal Data Address
41310;0;0;0x0000;02 Illegal Data Address
41311;0;0;0x0000;02 Illegal Data Address
41312;0;0;0x0000;02 Illegal Data Address
41313;0;0;0x0000;02 Illegal Data Address
41314;0;0;0x0000;02 Illegal Data Address
41315;0;0;0x0000;02 Illegal Data Address
41316;0;0;0x0000;02 Illegal Data Address
41317;0;0;0x0000;02 Illegal Data Address
41318;0;0;0x0000;02 Illegal Data Address
41319;0;0;0x0000;02 Illegal Data Address
41320;0;0;0x0000;02 Illegal Data Address
41321;0;0;0x0000;02 Illegal Data Address
41322;0;0;0x0000;02 Illegal Data Address
41323;0;0;0x0000;02 Illegal Data Address
41324;0;0;0x0000;02 Illegal Data Address
41325;0;0;0x0000;02 Illegal Data Address
41326;0;0;0x0000;02 Illegal Data Address
41327;0;0;0x0000;02 Illegal Data Address
41328;0;0;0x0000;02 Illegal Data Address
41329;0;0;0x0000;02 Illegal Data Address
41330;0;0;0x0000;02 Illegal Data Address
41331;0;0;0x0000;02 Illegal Data Address
41332;0;0;0x0000;02 Illegal Data Address
41333;0;0;0x0000;02 Illegal Data Address
41334;0;0;0x0000;02 Illegal Data Address
41335;0;0;0x0000;02 Illegal Data Address
41336;0;0;0x0000;02 Illegal Data Address
41337;0;0;0x0000;02 Illegal Data Address
41338;0;0;0x0000;02 Illegal Data Address
41339;0;0;0x0000;02 Illegal Data Address
41340;0;0;0x0000;02 Illegal Data Address
41341;0;0;0x0000;02 Illegal Data Address
41342;0;0;0x0000;02 Illegal Data Address
41343;0;0;0x0000;02 Illegal Data Address
41344;0;0;0x0000;02 Illegal Data Address
41345;0;0;0x0000;02 Illegal Data Address
41346;0;0;0x0000;02 Illegal Data Address
41347;0;0;0x0000;02 Illegal Data Address
41348;0;0;0x0000;02 Illegal Data Address
41349;0;0;0x0000;02 Illegal Data Address
41350;0;0;0x0000;02 Illegal Data Address
41351;0;0;0x0000;02 Illegal Data Address
41352;0;0;0x0000;02 Illegal Data Address
41353;0;0;0x0000;02 Illegal Data Address
41354;0;0;0x0000;02 Illegal Data Address
41355;0;0;0x0000;02 Illegal Data Address
41356;0;0;0x0000;02 Illegal Data Address
41357;0;0;0x0000;02 Illegal Data Address
41358;0;0;0x0000;02 Illegal Data Address
41359;0;0;0x0000;02 Illegal Data Address
41360;0;0;0x0000;02 Illegal Data Address
41361;0;0;0x0000;02 Illegal Data Address
41362;0;0;0x0000;02 Illegal Data Address
41363;0;0;0x0000;02 Illegal Data Address
41364;0;0;0x0000;02 Illegal Data Address
41365;0;0;0x0000;02 Illegal Data Address
41366;0;0;0x0000;02 Illegal Data Address
41367;0;0;0x0000;02 Illegal Data Address
41368;0;0;0x0000;02 Illegal Data Address
41369;0;0;0x0000;02 Illegal Data Address
41370;0;0;0x0000;02 Illegal Data Address
41371;0;0;0x0000;02 Illegal Data Address
41372;0;0;0x0000;02 Illegal Data Address
41373;0;0;0x0000;02 Illegal Data Address
41374;0;0;0x0000;02 Illegal Data Address
41375;0;0;0x0000;02 Illegal Data Address
41376;0;0;0x0000;02 Illegal Data Address
41377;0;0;0x0000;02 Illegal Data Address
41378;0;0;0x0000;02 Illegal Data Address
41379;0;0;0x0000;02 Illegal Data Address
41380;0;0;0x0000;02 Illegal Data Address
41381;0;0;0x0000;02 Illegal Data Address
41382;0;0;0x0000;02 Illegal Data Address
41383;0;0;0x0000;02 Illegal Data Address
41384;0;0;0x0000;02 Illegal Data Address
41385;0;0;0x0000;02 Illegal Data Address
41386;0;0;0x0000;02 Illegal Data Address
41387;0;0;0x0000;02 Illegal Data Address
41388;0;0;0x0000;02 Illegal Data Address
41389;0;0;0x0000;02 Illegal Data Address
41390;0;0;0x0000;02 Illegal Data Address
41391;0;0;0x0000;02 Illegal Data Address
41392;0;0;0x0000;02 Illegal Data Address
41393;0;0;0x0000;02 Illegal Data Address
41394;0;0;0x0000;02 Illegal Data Address
41395;0;0;0x0000;02 Illegal Data Address
41396;0;0;0x0000;02 Illegal Data Address
41397;0;0;0x0000;02 Illegal Data Address
41398;0;0;0x0000;02 Illegal Data Address
41399;0;0;0x0000;02 Illegal Data Address
41400;0;0;0x0000;02 Illegal Data Address
41401;0;0;0x0000;02 Illegal Data Address
41402;0;0;0x0000;02 Illegal Data Address
41403;0;0;0x0000;02 Illegal Data Address
41404;0;0;0x0000;02 Illegal Data Address
41405;0;0;0x0000;02 Illegal Data Address
41406;0;0;0x0000;02 Illegal Data Address
41407;0;0;0x0000;02 Illegal Data Address
41408;0;0;0x0000;02 Illegal Data Address
41409;0;0;0x0000;02 Illegal Data Address
41410;0;0;0x0000;02 Illegal Data Address
41411;0;0;0x0000;02 Illegal Data Address
41412;0;0;0x0000;02 Illegal Data Address
41413;0;0;0x0000;02 Illegal Data Address
41414;0;0;0x0000;02 Illegal Data Address
41415;0;0;0x0000;02 Illegal Data Address
41416;0;0;0x0000;02 Illegal Data Address
41417;0;0;0x0000;02 Illegal Data Address
41418;0;0;0x0000;02 Illegal Data Address
41419;0;0;0x0000;02 Illegal Data Address
41420;0;0;0x0000;02 Illegal Data Address
41421;0;0;0x0000;02 Illegal Data Address
41422;0;0;0x0000;02 Illegal Data Address
41423;0;0;0x0000;02 Illegal Data Address
41424;0;0;0x0000;02 Illegal Data Address
41425;0;0;0x0000;02 Illegal Data Address
41426;0;0;0x0000;02 Illegal Data Address
41427;0;0;0x0000;02 Illegal Data Address
41428;0;0;0x0000;02 Illegal Data Address
41429;0;0;0x0000;02 Illegal Data Address
41430;0;0;0x0000;02 Illegal Data Address
41431;0;0;0x0000;02 Illegal Data Address
41432;0;0;0x0000;02 Illegal Data Address
41433;0;0;0x0000;02 Illegal Data Address
41434;0;0;0x0000;02 Illegal Data Address
41435;0;0;0x0000;02 Illegal Data Address
41436;0;0;0x0000;02 Illegal Data Address
41437;0;0;0x0000;02 Illegal Data Address
41438;0;0;0x0000;02 Illegal Data Address
41439;0;0;0x0000;02 Illegal Data Address
41440;0;0;0x0000;02 Illegal Data Address
41441;0;0;0x0000;02 Illegal Data Address
41442;0;0;0x0000;02 Illegal Data Address
41443;0;0;0x0000;02 Illegal Data Address
41444;0;0;0x0000;02 Illegal Data Address
41445;0;0;0x0000;02 Illegal Data Address
41446;0;0;0x0000;02 Illegal Data Address
41447;0;0;0x0000;02 Illegal Data Address
41448;0;0;0x0000;02 Illegal Data Address
41449;0;0;0x0000;02 Illegal Data Address
41450;0;0;0x0000;02 Illegal Data Address
41451;0;0;0x0000;02 Illegal Data Address
41452;0;0;0x0000;02 Illegal Data Address
41453;0;0;0x0000;02 Illegal Data Address
41454;0;0;0x0000;02 Illegal Data Address
41455;0;0;0x0000;02 Illegal Data Address
41456;0;0;0x0000;02 Illegal Data Address
41457;0;0;0x0000;02 Illegal Data Address
41458;0;0;0x0000;02 Illegal Data Address
41459;0;0;0x0000;02 Illegal Data Address
41460;0;0;0x0000;02 Illegal Data Address
41461;0;0;0x0000;02 Illegal Data Address
41462;0;0;0x0000;02 Illegal Data Address
41463;0;0;0x0000;02 Illegal Data Address
41464;0;0;0x0000;02 Illegal Data Address
41465;0;0;0x0000;02 Illegal Data Address
41466;0;0;0x0000;02 Illegal Data Address
41467;0;0;0x0000;02 Illegal Data Address
41468;0;0;0x0000;02 Illegal Data Address
41469;0;0;0x0000;02 Illegal Data Address
41470;0;0;0x0000;02 Illegal Data Address
41471;0;0;0x0000;02 Illegal Data Address
41472;0;0;0x0000;02 Illegal Data Address
41473;0;0;0x0000;02 Illegal Data Address
41474;0;0;0x0000;02 Illegal Data Address
41475;0;0;0x0000;02 Illegal Data Address
41476;0;0;0x0000;02 Illegal Data Address
41477;0;0;0x0000;02 Illegal Data Address
41478;0;0;0x0000;02 Illegal Data Address
41479;0;0;0x0000;02 Illegal Data Address
41480;0;0;0x0000;02 Illegal Data Address
41481;0;0;0x0000;02 Illegal Data Address
41482;0;0;0x0000;02 Illegal Data Address
41483;0;0;0x0000;02 Illegal Data Address
41484;0;0;0x0000;02 Illegal Data Address
41485;0;0;0x0000;02 Illegal Data Address
41486;0;0;0x0000;02 Illegal Data Address
41487;0;0;0x0000;02 Illegal Data Address
41488;0;0;0x0000;02 Illegal Data Address
41489;0;0;0x0000;02 Illegal Data Address
41490;0;0;0x0000;02 Illegal Data Address
41491;0;0;0x0000;02 Illegal Data Address
41492;0;0;0x0000;02 Illegal Data Address
41493;0;0;0x0000;02 Illegal Data Address
41494;0;0;0x0000;02 Illegal Data Address
41495;0;0;0x0000;02 Illegal Data Address
41496;0;0;0x0000;02 Illegal Data Address
41497;0;0;0x0000;02 Illegal Data Address
41498;0;0;0x0000;02 Illegal Data Address
41499;0;0;0x0000;02 Illegal Data Address
41500;0;0;0x0000;02 Illegal Data Address
41501;0;0;0x0000;02 Illegal Data Address
41502;0;0;0x0000;02 Illegal Data Address
41503;0;0;0x0000;02 Illegal Data Address
41504;0;0;0x0000;02 Illegal Data Address
41505;0;0;0x0000;02 Illegal Data Address
41506;0;0;0x0000;02 Illegal Data Address
41507;0;0;0x0000;02 Illegal Data Address
41508;0;0;0x0000;02 Illegal Data Address
41509;0;0;0x0000;02 Illegal Data Address
41510;0;0;0x0000;02 Illegal Data Address
41511;0;0;0x0000;02 Illegal Data Address
41512;0;0;0x0000;02 Illegal Data Address
41513;0;0;0x0000;02 Illegal Data Address
41514;0;0;0x0000;02 Illegal Data Address
41515;0;0;0x0000;02 Illegal Data Address
41516;0;0;0x0000;02 Illegal Data Address
41517;0;0;0x0000;02 Illegal Data Address
41518;0;0;0x0000;02 Illegal Data Address
41519;0;0;0x0000;02 Illegal Data Address
41520;0;0;0x0000;02 Illegal Data Address
41521;0;0;0x0000;02 Illegal Data Address
41522;0;0;0x0000;02 Illegal Data Address
41523;0;0;0x0000;02 Illegal Data Address
41524;0;0;0x0000;02 Illegal Data Address
41525;0;0;0x0000;02 Illegal Data Address
41526;0;0;0x0000;02 Illegal Data Address
41527;0;0;0x0000;02 Illegal Data Address
41528;0;0;0x0000;02 Illegal Data Address
41529;0;0;0x0000;02 Illegal Data Address
41530;0;0;0x0000;02 Illegal Data Address
41531;0;0;0x0000;02 Illegal Data Address
41532;0;0;0x0000;02 Illegal Data Address
41533;0;0;0x0000;02 Illegal Data Address
41534;0;0;0x0000;02 Illegal Data Address
41535;0;0;0x0000;02 Illegal Data Address
41536;0;0;0x0000;02 Illegal Data Address
41537;0;0;0x0000;02 Illegal Data Address
41538;0;0;0x0000;02 Illegal Data Address
41539;0;0;0x0000;02 Illegal Data Address
41540;0;0;0x0000;02 Illegal Data Address
41541;0;0;0x0000;02 Illegal Data Address
41542;0;0;0x0000;02 Illegal Data Address
41543;0;0;0x0000;02 Illegal Data Address
41544;0;0;0x0000;02 Illegal Data Address
41545;0;0;0x0000;02 Illegal Data Address
41546;0;0;0x0000;02 Illegal Data Address
41547;0;0;0x0000;02 Illegal Data Address
41548;0;0;0x0000;02 Illegal Data Address
41549;0;0;0x0000;02 Illegal Data Address
41550;0;0;0x0000;02 Illegal Data Address
41551;0;0;0x0000;02 Illegal Data Address
41552;0;0;0x0000;02 Illegal Data Address
41553;0;0;0x0000;02 Illegal Data Address
41554;0;0;0x0000;02 Illegal Data Address
41555;0;0;0x0000;02 Illegal Data Address
41556;0;0;0x0000;02 Illegal Data Address
41557;0;0;0x0000;02 Illegal Data Address
41558;0;0;0x0000;02 Illegal Data Address
41559;0;0;0x0000;02 Illegal Data Address
41560;0;0;0x0000;02 Illegal Data Address
41561;0;0;0x0000;02 Illegal Data Address
41562;0;0;0x0000;02 Illegal Data Address
41563;0;0;0x0000;02 Illegal Data Address
41564;0;0;0x0000;02 Illegal Data Address
41565;0;0;0x0000;02 Illegal Data Address
41566;0;0;0x0000;02 Illegal Data Address
41567;0;0;0x0000;02 Illegal Data Address
41568;0;0;0x0000;02 Illegal Data Address
41569;0;0;0x0000;02 Illegal Data Address
41570;0;0;0x0000;02 Illegal Data Address
41571;0;0;0x0000;02 Illegal Data Address
41572;0;0;0x0000;02 Illegal Data Address
41573;0;0;0x0000;02 Illegal Data Address
41574;0;0;0x0000;02 Illegal Data Address
41575;0;0;0x0000;02 Illegal Data Address
41576;0;0;0x0000;02 Illegal Data Address
41577;0;0;0x0000;02 Illegal Data Address
41578;0;0;0x0000;02 Illegal Data Address
41579;0;0;0x0000;02 Illegal Data Address
41580;0;0;0x0000;02 Illegal Data Address
41581;0;0;0x0000;02 Illegal Data Address
41582;0;0;0x0000;02 Illegal Data Address
41583;0;0;0x0000;02 Illegal Data Address
41584;0;0;0x0000;02 Illegal Data Address
41585;0;0;0x0000;02 Illegal Data Address
41586;0;0;0x0000;02 Illegal Data Address
41587;0;0;0x0000;02 Illegal Data Address
41588;0;0;0x0000;02 Illegal Data Address
41589;0;0;0x0000;02 Illegal Data Address
41590;0;0;0x0000;02 Illegal Data Address
41591;0;0;0x0000;02 Illegal Data Address
41592;0;0;0x0000;02 Illegal Data Address
41593;0;0;0x0000;02 Illegal Data Address
41594;0;0;0x0000;02 Illegal Data Address
41595;0;0;0x0000;02 Illegal Data Address
41596;0;0;0x0000;02 Illegal Data Address
41597;0;0;0x0000;02 Illegal Data Address
41598;0;0;0x0000;02 Illegal Data Address
41599;0;0;0x0000;02 Illegal Data Address
41600;0;0;0x0000;02 Illegal Data Address
41601;0;0;0x0000;02 Illegal Data Address
41602;0;0;0x0000;02 Illegal Data Address
41603;0;0;0x0000;02 Illegal Data Address
41604;0;0;0x0000;02 Illegal Data Address
41605;0;0;0x0000;02 Illegal Data Address
41606;0;0;0x0000;02 Illegal Data Address
41607;0;0;0x0000;02 Illegal Data Address
41608;0;0;0x0000;02 Illegal Data Address
41609;0;0;0x0000;02 Illegal Data Address
41610;0;0;0x0000;02 Illegal Data Address
41611;0;0;0x0000;02 Illegal Data Address
41612;0;0;0x0000;02 Illegal Data Address
41613;0;0;0x0000;02 Illegal Data Address
41614;0;0;0x0000;02 Illegal Data Address
41615;0;0;0x0000;02 Illegal Data Address
41616;0;0;0x0000;02 Illegal Data Address
41617;0;0;0x0000;02 Illegal Data Address
41618;0;0;0x0000;02 Illegal Data Address
41619;0;0;0x0000;02 Illegal Data Address
41620;0;0;0x0000;02 Illegal Data Address
41621;0;0;0x0000;02 Illegal Data Address
41622;0;0;0x0000;02 Illegal Data Address
41623;0;0;0x0000;02 Illegal Data Address
41624;0;0;0x0000;02 Illegal Data Address
41625;0;0;0x0000;02 Illegal Data Address
41626;0;0;0x0000;02 Illegal Data Address
41627;0;0;0x0000;02 Illegal Data Address
41628;0;0;0x0000;02 Illegal Data Address
41629;0;0;0x0000;02 Illegal Data Address
41630;0;0;0x0000;02 Illegal Data Address
41631;0;0;0x0000;02 Illegal Data Address
41632;0;0;0x0000;02 Illegal Data Address
41633;0;0;0x0000;02 Illegal Data Address
41634;0;0;0x0000;02 Illegal Data Address
41635;0;0;0x0000;02 Illegal Data Address
41636;0;0;0x0000;02 Illegal Data Address
41637;0;0;0x0000;02 Illegal Data Address
41638;0;0;0x0000;02 Illegal Data Address
41639;0;0;0x0000;02 Illegal Data Address
41640;0;0;0x0000;02 Illegal Data Address
41641;0;0;0x0000;02 Illegal Data Address
41642;0;0;0x0000;02 Illegal Data Address
41643;0;0;0x0000;02 Illegal Data Address
41644;0;0;0x0000;02 Illegal Data Address
41645;0;0;0x0000;02 Illegal Data Address
41646;0;0;0x0000;02 Illegal Data Address
41647;0;0;0x0000;02 Illegal Data Address
41648;0;0;0x0000;02 Illegal Data Address
41649;0;0;0x0000;02 Illegal Data Address
41650;0;0;0x0000;02 Illegal Data Address
41651;0;0;0x0000;02 Illegal Data Address
41652;0;0;0x0000;02 Illegal Data Address
41653;0;0;0x0000;02 Illegal Data Address
41654;0;0;0x0000;02 Illegal Data Address
41655;0;0;0x0000;02 Illegal Data Address
41656;0;0;0x0000;02 Illegal Data Address
41657;0;0;0x0000;02 Illegal Data Address
41658;0;0;0x0000;02 Illegal Data Address
41659;0;0;0x0000;02 Illegal Data Address
41660;0;0;0x0000;02 Illegal Data Address
41661;0;0;0x0000;02 Illegal Data Address
41662;0;0;0x0000;02 Illegal Data Address
41663;0;0;0x0000;02 Illegal Data Address
41664;0;0;0x0000;02 Illegal Data Address
41665;0;0;0x0000;02 Illegal Data Address
41666;0;0;0x0000;02 Illegal Data Address
41667;0;0;0x0000;02 Illegal Data Address
41668;0;0;0x0000;02 Illegal Data Address
41669;0;0;0x0000;02 Illegal Data Address
41670;0;0;0x0000;02 Illegal Data Address
41671;0;0;0x0000;02 Illegal Data Address
41672;0;0;0x0000;02 Illegal Data Address
41673;0;0;0x0000;02 Illegal Data Address
41674;0;0;0x0000;02 Illegal Data Address
41675;0;0;0x0000;02 Illegal Data Address
41676;0;0;0x0000;02 Illegal Data Address
41677;0;0;0x0000;02 Illegal Data Address
41678;0;0;0x0000;02 Illegal Data Address
41679;0;0;0x0000;02 Illegal Data Address
41680;0;0;0x0000;02 Illegal Data Address
41681;0;0;0x0000;02 Illegal Data Address
41682;0;0;0x0000;02 Illegal Data Address
41683;0;0;0x0000;02 Illegal Data Address
41684;0;0;0x0000;02 Illegal Data Address
41685;0;0;0x0000;02 Illegal Data Address
41686;0;0;0x0000;02 Illegal Data Address
41687;0;0;0x0000;02 Illegal Data Address
41688;0;0;0x0000;02 Illegal Data Address
41689;0;0;0x0000;02 Illegal Data Address
41690;0;0;0x0000;02 Illegal Data Address
41691;0;0;0x0000;02 Illegal Data Address
41692;0;0;0x0000;02 Illegal Data Address
41693;0;0;0x0000;02 Illegal Data Address
41694;0;0;0x0000;02 Illegal Data Address
41695;0;0;0x0000;02 Illegal Data Address
41696;0;0;0x0000;02 Illegal Data Address
41697;0;0;0x0000;02 Illegal Data Address
41698;0;0;0x0000;02 Illegal Data Address
41699;0;0;0x0000;02 Illegal Data Address
41700;0;0;0x0000;02 Illegal Data Address
41701;0;0;0x0000;02 Illegal Data Address
41702;0;0;0x0000;02 Illegal Data Address
41703;0;0;0x0000;02 Illegal Data Address
41704;0;0;0x0000;02 Illegal Data Address
41705;0;0;0x0000;02 Illegal Data Address
41706;0;0;0x0000;02 Illegal Data Address
41707;0;0;0x0000;02 Illegal Data Address
41708;0;0;0x0000;02 Illegal Data Address
41709;0;0;0x0000;02 Illegal Data Address
41710;0;0;0x0000;02 Illegal Data Address
41711;0;0;0x0000;02 Illegal Data Address
41712;0;0;0x0000;02 Illegal Data Address
41713;0;0;0x0000;02 Illegal Data Address
41714;0;0;0x0000;02 Illegal Data Address
41715;0;0;0x0000;02 Illegal Data Address
41716;0;0;0x0000;02 Illegal Data Address
41717;0;0;0x0000;02 Illegal Data Address
41718;0;0;0x0000;02 Illegal Data Address
41719;0;0;0x0000;02 Illegal Data Address
41720;0;0;0x0000;02 Illegal Data Address
41721;0;0;0x0000;02 Illegal Data Address
41722;0;0;0x0000;02 Illegal Data Address
41723;0;0;0x0000;02 Illegal Data Address
41724;0;0;0x0000;02 Illegal Data Address
41725;0;0;0x0000;02 Illegal Data Address
41726;0;0;0x0000;02 Illegal Data Address
41727;0;0;0x0000;02 Illegal Data Address
41728;0;0;0x0000;02 Illegal Data Address
41729;0;0;0x0000;02 Illegal Data Address
41730;0;0;0x0000;02 Illegal Data Address
41731;0;0;0x0000;02 Illegal Data Address
41732;0;0;0x0000;02 Illegal Data Address
41733;0;0;0x0000;02 Illegal Data Address
41734;0;0;0x0000;02 Illegal Data Address
41735;0;0;0x0000;02 Illegal Data Address
41736;0;0;0x0000;02 Illegal Data Address
41737;0;0;0x0000;02 Illegal Data Address
41738;0;0;0x0000;02 Illegal Data Address
41739;0;0;0x0000;02 Illegal Data Address
41740;0;0;0x0000;02 Illegal Data Address
41741;0;0;0x0000;02 Illegal Data Address
41742;0;0;0x0000;02 Illegal Data Address
41743;0;0;0x0000;02 Illegal Data Address
41744;0;0;0x0000;02 Illegal Data Address
41745;0;0;0x0000;02 Illegal Data Address
41746;0;0;0x0000;02 Illegal Data Address
41747;0;0;0x0000;02 Illegal Data Address
41748;0;0;0x0000;02 Illegal Data Address
41749;0;0;0x0000;02 Illegal Data Address
41750;0;0;0x0000;02 Illegal Data Address
41751;0;0;0x0000;02 Illegal Data Address
41752;0;0;0x0000;02 Illegal Data Address
41753;0;0;0x0000;02 Illegal Data Address
41754;0;0;0x0000;02 Illegal Data Address
41755;0;0;0x0000;02 Illegal Data Address
41756;0;0;0x0000;02 Illegal Data Address
41757;0;0;0x0000;02 Illegal Data Address
41758;0;0;0x0000;02 Illegal Data Address
41759;0;0;0x0000;02 Illegal Data Address
41760;0;0;0x0000;02 Illegal Data Address
41761;0;0;0x0000;02 Illegal Data Address
41762;0;0;0x0000;02 Illegal Data Address
41763;0;0;0x0000;02 Illegal Data Address
41764;0;0;0x0000;02 Illegal Data Address
41765;0;0;0x0000;02 Illegal Data Address
41766;0;0;0x0000;02 Illegal Data Address
41767;0;0;0x0000;02 Illegal Data Address
41768;0;0;0x0000;02 Illegal Data Address
41769;0;0;0x0000;02 Illegal Data Address
41770;0;0;0x0000;02 Illegal Data Address
41771;0;0;0x0000;02 Illegal Data Address
41772;0;0;0x0000;02 Illegal Data Address
41773;0;0;0x0000;02 Illegal Data Address
41774;0;0;0x0000;02 Illegal Data Address
41775;0;0;0x0000;02 Illegal Data Address
41776;0;0;0x0000;02 Illegal Data Address
41777;0;0;0x0000;02 Illegal Data Address
41778;0;0;0x0000;02 Illegal Data Address
41779;0;0;0x0000;02 Illegal Data Address
41780;0;0;0x0000;02 Illegal Data Address
41781;0;0;0x0000;02 Illegal Data Address
41782;0;0;0x0000;02 Illegal Data Address
41783;0;0;0x0000;02 Illegal Data Address
41784;0;0;0x0000;02 Illegal Data Address
41785;0;0;0x0000;02 Illegal Data Address
41786;0;0;0x0000;02 Illegal Data Address
41787;0;0;0x0000;02 Illegal Data Address
41788;0;0;0x0000;02 Illegal Data Address
41789;0;0;0x0000;02 Illegal Data Address
41790;0;0;0x0000;02 Illegal Data Address
41791;0;0;0x0000;02 Illegal Data Address
41792;0;0;0x0000;02 Illegal Data Address
41793;0;0;0x0000;02 Illegal Data Address
41794;0;0;0x0000;02 Illegal Data Address
41795;0;0;0x0000;02 Illegal Data Address
41796;0;0;0x0000;02 Illegal Data Address
41797;0;0;0x0000;02 Illegal Data Address
41798;0;0;0x0000;02 Illegal Data Address
41799;0;0;0x0000;02 Illegal Data Address
41800;0;0;0x0000;02 Illegal Data Address
41801;0;0;0x0000;02 Illegal Data Address
41802;0;0;0x0000;02 Illegal Data Address
41803;0;0;0x0000;02 Illegal Data Address
41804;0;0;0x0000;02 Illegal Data Address
41805;0;0;0x0000;02 Illegal Data Address
41806;0;0;0x0000;02 Illegal Data Address
41807;0;0;0x0000;02 Illegal Data Address
41808;0;0;0x0000;02 Illegal Data Address
41809;0;0;0x0000;02 Illegal Data Address
41810;0;0;0x0000;02 Illegal Data Address
41811;0;0;0x0000;02 Illegal Data Address
41812;0;0;0x0000;02 Illegal Data Address
41813;0;0;0x0000;02 Illegal Data Address
41814;0;0;0x0000;02 Illegal Data Address
41815;0;0;0x0000;02 Illegal Data Address
41816;0;0;0x0000;02 Illegal Data Address
41817;0;0;0x0000;02 Illegal Data Address
41818;0;0;0x0000;02 Illegal Data Address
41819;0;0;0x0000;02 Illegal Data Address
41820;0;0;0x0000;02 Illegal Data Address
41821;0;0;0x0000;02 Illegal Data Address
41822;0;0;0x0000;02 Illegal Data Address
41823;0;0;0x0000;02 Illegal Data Address
41824;0;0;0x0000;02 Illegal Data Address
41825;0;0;0x0000;02 Illegal Data Address
41826;0;0;0x0000;02 Illegal Data Address
41827;0;0;0x0000;02 Illegal Data Address
41828;0;0;0x0000;02 Illegal Data Address
41829;0;0;0x0000;02 Illegal Data Address
41830;0;0;0x0000;02 Illegal Data Address
41831;0;0;0x0000;02 Illegal Data Address
41832;0;0;0x0000;02 Illegal Data Address
41833;0;0;0x0000;02 Illegal Data Address
41834;0;0;0x0000;02 Illegal Data Address
41835;0;0;0x0000;02 Illegal Data Address
41836;0;0;0x0000;02 Illegal Data Address
41837;0;0;0x0000;02 Illegal Data Address
41838;0;0;0x0000;02 Illegal Data Address
41839;0;0;0x0000;02 Illegal Data Address
41840;0;0;0x0000;02 Illegal Data Address
41841;0;0;0x0000;02 Illegal Data Address
41842;0;0;0x0000;02 Illegal Data Address
41843;0;0;0x0000;02 Illegal Data Address
41844;0;0;0x0000;02 Illegal Data Address
41845;0;0;0x0000;02 Illegal Data Address
41846;0;0;0x0000;02 Illegal Data Address
41847;0;0;0x0000;02 Illegal Data Address
41848;0;0;0x0000;02 Illegal Data Address
41849;0;0;0x0000;02 Illegal Data Address
41850;0;0;0x0000;02 Illegal Data Address
41851;0;0;0x0000;02 Illegal Data Address
41852;0;0;0x0000;02 Illegal Data Address
41853;0;0;0x0000;02 Illegal Data Address
41854;0;0;0x0000;02 Illegal Data Address
41855;0;0;0x0000;02 Illegal Data Address
41856;0;0;0x0000;02 Illegal Data Address
41857;0;0;0x0000;02 Illegal Data Address
41858;0;0;0x0000;02 Illegal Data Address
41859;0;0;0x0000;02 Illegal Data Address
41860;0;0;0x0000;02 Illegal Data Address
41861;0;0;0x0000;02 Illegal Data Address
41862;0;0;0x0000;02 Illegal Data Address
41863;0;0;0x0000;02 Illegal Data Address
41864;0;0;0x0000;02 Illegal Data Address
41865;0;0;0x0000;02 Illegal Data Address
41866;0;0;0x0000;02 Illegal Data Address
41867;0;0;0x0000;02 Illegal Data Address
41868;0;0;0x0000;02 Illegal Data Address
41869;0;0;0x0000;02 Illegal Data Address
41870;0;0;0x0000;02 Illegal Data Address
41871;0;0;0x0000;02 Illegal Data Address
41872;0;0;0x0000;02 Illegal Data Address
41873;0;0;0x0000;02 Illegal Data Address
41874;0;0;0x0000;02 Illegal Data Address
41875;0;0;0x0000;02 Illegal Data Address
41876;0;0;0x0000;02 Illegal Data Address
41877;0;0;0x0000;02 Illegal Data Address
41878;0;0;0x0000;02 Illegal Data Address
41879;0;0;0x0000;02 Illegal Data Address
41880;0;0;0x0000;02 Illegal Data Address
41881;0;0;0x0000;02 Illegal Data Address
41882;0;0;0x0000;02 Illegal Data Address
41883;0;0;0x0000;02 Illegal Data Address
41884;0;0;0x0000;02 Illegal Data Address
41885;0;0;0x0000;02 Illegal Data Address
41886;0;0;0x0000;02 Illegal Data Address
41887;0;0;0x0000;02 Illegal Data Address
41888;0;0;0x0000;02 Illegal Data Address
41889;0;0;0x0000;02 Illegal Data Address
41890;0;0;0x0000;02 Illegal Data Address
41891;0;0;0x0000;02 Illegal Data Address
41892;0;0;0x0000;02 Illegal Data Address
41893;0;0;0x0000;02 Illegal Data Address
41894;0;0;0x0000;02 Illegal Data Address
41895;0;0;0x0000;02 Illegal Data Address
41896;0;0;0x0000;02 Illegal Data Address
41897;0;0;0x0000;02 Illegal Data Address
41898;0;0;0x0000;02 Illegal Data Address
41899;0;0;0x0000;02 Illegal Data Address
41900;0;0;0x0000;02 Illegal Data Address
41901;0;0;0x0000;02 Illegal Data Address
41902;0;0;0x0000;02 Illegal Data Address
41903;0;0;0x0000;02 Illegal Data Address
41904;0;0;0x0000;02 Illegal Data Address
41905;0;0;0x0000;02 Illegal Data Address
41906;0;0;0x0000;02 Illegal Data Address
41907;0;0;0x0000;02 Illegal Data Address
41908;0;0;0x0000;02 Illegal Data Address
41909;0;0;0x0000;02 Illegal Data Address
41910;0;0;0x0000;02 Illegal Data Address
41911;0;0;0x0000;02 Illegal Data Address
41912;0;0;0x0000;02 Illegal Data Address
41913;0;0;0x0000;02 Illegal Data Address
41914;0;0;0x0000;02 Illegal Data Address
41915;0;0;0x0000;02 Illegal Data Address
41916;0;0;0x0000;02 Illegal Data Address
41917;0;0;0x0000;02 Illegal Data Address
41918;0;0;0x0000;02 Illegal Data Address
41919;0;0;0x0000;02 Illegal Data Address
41920;0;0;0x0000;02 Illegal Data Address
41921;0;0;0x0000;02 Illegal Data Address
41922;0;0;0x0000;02 Illegal Data Address
41923;0;0;0x0000;02 Illegal Data Address
41924;0;0;0x0000;02 Illegal Data Address
41925;0;0;0x0000;02 Illegal Data Address
41926;0;0;0x0000;02 Illegal Data Address
41927;0;0;0x0000;02 Illegal Data Address
41928;0;0;0x0000;02 Illegal Data Address
41929;0;0;0x0000;02 Illegal Data Address
41930;0;0;0x0000;02 Illegal Data Address
41931;0;0;0x0000;02 Illegal Data Address
41932;0;0;0x0000;02 Illegal Data Address
41933;0;0;0x0000;02 Illegal Data Address
41934;0;0;0x0000;02 Illegal Data Address
41935;0;0;0x0000;02 Illegal Data Address
41936;0;0;0x0000;02 Illegal Data Address
41937;0;0;0x0000;02 Illegal Data Address
41938;0;0;0x0000;02 Illegal Data Address
41939;0;0;0x0000;02 Illegal Data Address
41940;0;0;0x0000;02 Illegal Data Address
41941;0;0;0x0000;02 Illegal Data Address
41942;0;0;0x0000;02 Illegal Data Address
41943;0;0;0x0000;02 Illegal Data Address
41944;0;0;0x0000;02 Illegal Data Address
41945;0;0;0x0000;02 Illegal Data Address
41946;0;0;0x0000;02 Illegal Data Address
41947;0;0;0x0000;02 Illegal Data Address
41948;0;0;0x0000;02 Illegal Data Address
41949;0;0;0x0000;02 Illegal Data Address
41950;0;0;0x0000;02 Illegal Data Address
41951;0;0;0x0000;02 Illegal Data Address
41952;0;0;0x0000;02 Illegal Data Address
41953;0;0;0x0000;02 Illegal Data Address
41954;0;0;0x0000;02 Illegal Data Address
41955;0;0;0x0000;02 Illegal Data Address
41956;0;0;0x0000;02 Illegal Data Address
41957;0;0;0x0000;02 Illegal Data Address
41958;0;0;0x0000;02 Illegal Data Address
41959;0;0;0x0000;02 Illegal Data Address
41960;0;0;0x0000;02 Illegal Data Address
41961;0;0;0x0000;02 Illegal Data Address
41962;0;0;0x0000;02 Illegal Data Address
41963;0;0;0x0000;02 Illegal Data Address
41964;0;0;0x0000;02 Illegal Data Address
41965;0;0;0x0000;02 Illegal Data Address
41966;0;0;0x0000;02 Illegal Data Address
41967;0;0;0x0000;02 Illegal Data Address
41968;0;0;0x0000;02 Illegal Data Address
41969;0;0;0x0000;02 Illegal Data Address
41970;0;0;0x0000;02 Illegal Data Address
41971;0;0;0x0000;02 Illegal Data Address
41972;0;0;0x0000;02 Illegal Data Address
41973;0;0;0x0000;02 Illegal Data Address
41974;0;0;0x0000;02 Illegal Data Address
41975;0;0;0x0000;02 Illegal Data Address
41976;0;0;0x0000;02 Illegal Data Address
41977;0;0;0x0000;02 Illegal Data Address
41978;0;0;0x0000;02 Illegal Data Address
41979;0;0;0x0000;02 Illegal Data Address
41980;0;0;0x0000;02 Illegal Data Address
41981;0;0;0x0000;02 Illegal Data Address
41982;0;0;0x0000;02 Illegal Data Address
41983;0;0;0x0000;02 Illegal Data Address
41984;0;0;0x0000;02 Illegal Data Address
41985;0;0;0x0000;02 Illegal Data Address
41986;0;0;0x0000;02 Illegal Data Address
41987;0;0;0x0000;02 Illegal Data Address
41988;0;0;0x0000;02 Illegal Data Address
41989;0;0;0x0000;02 Illegal Data Address
41990;0;0;0x0000;02 Illegal Data Address
41991;0;0;0x0000;02 Illegal Data Address
41992;0;0;0x0000;02 Illegal Data Address
41993;0;0;0x0000;02 Illegal Data Address
41994;0;0;0x0000;02 Illegal Data Address
41995;0;0;0x0000;02 Illegal Data Address
41996;0;0;0x0000;02 Illegal Data Address
41997;0;0;0x0000;02 Illegal Data Address
41998;0;0;0x0000;02 Illegal Data Address
41999;0;0;0x0000;02 Illegal Data Address
42000;0;0;0x0000;02 Illegal Data Address
42001;0;0;0x0000;02 Illegal Data Address
42002;0;0;0x0000;02 Illegal Data Address
42003;0;0;0x0000;02 Illegal Data Address
42004;0;0;0x0000;02 Illegal Data Address
42005;0;0;0x0000;02 Illegal Data Address
42006;0;0;0x0000;02 Illegal Data Address
42007;0;0;0x0000;02 Illegal Data Address
42008;0;0;0x0000;02 Illegal Data Address
42009;0;0;0x0000;02 Illegal Data Address
42010;0;0;0x0000;02 Illegal Data Address
42011;0;0;0x0000;02 Illegal Data Address
42012;0;0;0x0000;02 Illegal Data Address
42013;0;0;0x0000;02 Illegal Data Address
42014;0;0;0x0000;02 Illegal Data Address
42015;0;0;0x0000;02 Illegal Data Address
42016;0;0;0x0000;02 Illegal Data Address
42017;0;0;0x0000;02 Illegal Data Address
42018;0;0;0x0000;02 Illegal Data Address
42019;0;0;0x0000;02 Illegal Data Address
42020;0;0;0x0000;02 Illegal Data Address
42021;0;0;0x0000;02 Illegal Data Address
42022;0;0;0x0000;02 Illegal Data Address
42023;0;0;0x0000;02 Illegal Data Address
42024;0;0;0x0000;02 Illegal Data Address
42025;0;0;0x0000;02 Illegal Data Address
42026;0;0;0x0000;02 Illegal Data Address
42027;0;0;0x0000;02 Illegal Data Address
42028;0;0;0x0000;02 Illegal Data Address
42029;0;0;0x0000;02 Illegal Data Address
42030;0;0;0x0000;02 Illegal Data Address
42031;0;0;0x0000;02 Illegal Data Address
42032;0;0;0x0000;02 Illegal Data Address
42033;0;0;0x0000;02 Illegal Data Address
42034;0;0;0x0000;02 Illegal Data Address
42035;0;0;0x0000;02 Illegal Data Address
42036;0;0;0x0000;02 Illegal Data Address
42037;0;0;0x0000;02 Illegal Data Address
42038;0;0;0x0000;02 Illegal Data Address
42039;0;0;0x0000;02 Illegal Data Address
42040;0;0;0x0000;02 Illegal Data Address
42041;0;0;0x0000;02 Illegal Data Address
42042;0;0;0x0000;02 Illegal Data Address
42043;0;0;0x0000;02 Illegal Data Address
42044;0;0;0x0000;02 Illegal Data Address
42045;0;0;0x0000;02 Illegal Data Address
42046;0;0;0x0000;02 Illegal Data Address
42047;0;0;0x0000;02 Illegal Data Address
42048;0;0;0x0000;02 Illegal Data Address
42049;0;0;0x0000;02 Illegal Data Address
42050;0;0;0x0000;02 Illegal Data Address
42051;0;0;0x0000;02 Illegal Data Address
42052;0;0;0x0000;02 Illegal Data Address
42053;0;0;0x0000;02 Illegal Data Address
42054;0;0;0x0000;02 Illegal Data Address
42055;0;0;0x0000;02 Illegal Data Address
42056;0;0;0x0000;02 Illegal Data Address
42057;0;0;0x0000;02 Illegal Data Address
42058;0;0;0x0000;02 Illegal Data Address
42059;0;0;0x0000;02 Illegal Data Address
42060;0;0;0x0000;02 Illegal Data Address
42061;0;0;0x0000;02 Illegal Data Address
42062;0;0;0x0000;02 Illegal Data Address
42063;0;0;0x0000;02 Illegal Data Address
42064;0;0;0x0000;02 Illegal Data Address
42065;0;0;0x0000;02 Illegal Data Address
42066;0;0;0x0000;02 Illegal Data Address
42067;0;0;0x0000;02 Illegal Data Address
42068;0;0;0x0000;02 Illegal Data Address
42069;0;0;0x0000;02 Illegal Data Address
42070;0;0;0x0000;02 Illegal Data Address
42071;0;0;0x0000;02 Illegal Data Address
42072;0;0;0x0000;02 Illegal Data Address
42073;0;0;0x0000;02 Illegal Data Address
42074;0;0;0x0000;02 Illegal Data Address
42075;0;0;0x0000;02 Illegal Data Address
42076;0;0;0x0000;02 Illegal Data Address
42077;0;0;0x0000;02 Illegal Data Address
42078;0;0;0x0000;02 Illegal Data Address
42079;0;0;0x0000;02 Illegal Data Address
42080;0;0;0x0000;02 Illegal Data Address
42081;0;0;0x0000;02 Illegal Data Address
42082;0;0;0x0000;02 Illegal Data Address
42083;0;0;0x0000;02 Illegal Data Address
42084;0;0;0x0000;02 Illegal Data Address
42085;0;0;0x0000;02 Illegal Data Address
42086;0;0;0x0000;02 Illegal Data Address
42087;0;0;0x0000;02 Illegal Data Address
42088;0;0;0x0000;02 Illegal Data Address
42089;0;0;0x0000;02 Illegal Data Address
42090;0;0;0x0000;02 Illegal Data Address
42091;0;0;0x0000;02 Illegal Data Address
42092;0;0;0x0000;02 Illegal Data Address
42093;0;0;0x0000;02 Illegal Data Address
42094;0;0;0x0000;02 Illegal Data Address
42095;0;0;0x0000;02 Illegal Data Address
42096;0;0;0x0000;02 Illegal Data Address
42097;0;0;0x0000;02 Illegal Data Address
42098;0;0;0x0000;02 Illegal Data Address
42099;0;0;0x0000;02 Illegal Data Address
42100;0;0;0x0000;02 Illegal Data Address
42101;0;0;0x0000;02 Illegal Data Address
42102;0;0;0x0000;02 Illegal Data Address
42103;0;0;0x0000;02 Illegal Data Address
42104;0;0;0x0000;02 Illegal Data Address
42105;0;0;0x0000;02 Illegal Data Address
42106;0;0;0x0000;02 Illegal Data Address
42107;0;0;0x0000;02 Illegal Data Address
42108;0;0;0x0000;02 Illegal Data Address
42109;0;0;0x0000;02 Illegal Data Address
42110;0;0;0x0000;02 Illegal Data Address
42111;0;0;0x0000;02 Illegal Data Address
42112;0;0;0x0000;02 Illegal Data Address
42113;0;0;0x0000;02 Illegal Data Address
42114;0;0;0x0000;02 Illegal Data Address
42115;0;0;0x0000;02 Illegal Data Address
42116;0;0;0x0000;02 Illegal Data Address
42117;0;0;0x0000;02 Illegal Data Address
42118;0;0;0x0000;02 Illegal Data Address
42119;0;0;0x0000;02 Illegal Data Address
42120;0;0;0x0000;02 Illegal Data Address
42121;0;0;0x0000;02 Illegal Data Address
42122;0;0;0x0000;02 Illegal Data Address
42123;0;0;0x0000;02 Illegal Data Address
42124;0;0;0x0000;02 Illegal Data Address
42125;0;0;0x0000;02 Illegal Data Address
42126;0;0;0x0000;02 Illegal Data Address
42127;0;0;0x0000;02 Illegal Data Address
42128;0;0;0x0000;02 Illegal Data Address
42129;0;0;0x0000;02 Illegal Data Address
42130;0;0;0x0000;02 Illegal Data Address
42131;0;0;0x0000;02 Illegal Data Address
42132;0;0;0x0000;02 Illegal Data Address
42133;0;0;0x0000;02 Illegal Data Address
42134;0;0;0x0000;02 Illegal Data Address
42135;0;0;0x0000;02 Illegal Data Address
42136;0;0;0x0000;02 Illegal Data Address
42137;0;0;0x0000;02 Illegal Data Address
42138;0;0;0x0000;02 Illegal Data Address
42139;0;0;0x0000;02 Illegal Data Address
42140;0;0;0x0000;02 Illegal Data Address
42141;0;0;0x0000;02 Illegal Data Address
42142;0;0;0x0000;02 Illegal Data Address
42143;0;0;0x0000;02 Illegal Data Address
42144;0;0;0x0000;02 Illegal Data Address
42145;0;0;0x0000;02 Illegal Data Address
42146;0;0;0x0000;02 Illegal Data Address
42147;0;0;0x0000;02 Illegal Data Address
42148;0;0;0x0000;02 Illegal Data Address
42149;0;0;0x0000;02 Illegal Data Address
42150;0;0;0x0000;02 Illegal Data Address
42151;0;0;0x0000;02 Illegal Data Address
42152;0;0;0x0000;02 Illegal Data Address
42153;0;0;0x0000;02 Illegal Data Address
42154;0;0;0x0000;02 Illegal Data Address
42155;0;0;0x0000;02 Illegal Data Address
42156;0;0;0x0000;02 Illegal Data Address
42157;0;0;0x0000;02 Illegal Data Address
42158;0;0;0x0000;02 Illegal Data Address
42159;0;0;0x0000;02 Illegal Data Address
42160;0;0;0x0000;02 Illegal Data Address
42161;0;0;0x0000;02 Illegal Data Address
42162;0;0;0x0000;02 Illegal Data Address
42163;0;0;0x0000;02 Illegal Data Address
42164;0;0;0x0000;02 Illegal Data Address
42165;0;0;0x0000;02 Illegal Data Address
42166;0;0;0x0000;02 Illegal Data Address
42167;0;0;0x0000;02 Illegal Data Address
42168;0;0;0x0000;02 Illegal Data Address
42169;0;0;0x0000;02 Illegal Data Address
42170;0;0;0x0000;02 Illegal Data Address
42171;0;0;0x0000;02 Illegal Data Address
42172;0;0;0x0000;02 Illegal Data Address
42173;0;0;0x0000;02 Illegal Data Address
42174;0;0;0x0000;02 Illegal Data Address
42175;0;0;0x0000;02 Illegal Data Address
42176;0;0;0x0000;02 Illegal Data Address
42177;0;0;0x0000;02 Illegal Data Address
42178;0;0;0x0000;02 Illegal Data Address
42179;0;0;0x0000;02 Illegal Data Address
42180;0;0;0x0000;02 Illegal Data Address
42181;0;0;0x0000;02 Illegal Data Address
42182;0;0;0x0000;02 Illegal Data Address
42183;0;0;0x0000;02 Illegal Data Address
42184;0;0;0x0000;02 Illegal Data Address
42185;0;0;0x0000;02 Illegal Data Address
42186;0;0;0x0000;02 Illegal Data Address
42187;0;0;0x0000;02 Illegal Data Address
42188;0;0;0x0000;02 Illegal Data Address
42189;0;0;0x0000;02 Illegal Data Address
42190;0;0;0x0000;02 Illegal Data Address
42191;0;0;0x0000;02 Illegal Data Address
42192;0;0;0x0000;02 Illegal Data Address
42193;0;0;0x0000;02 Illegal Data Address
42194;0;0;0x0000;02 Illegal Data Address
42195;0;0;0x0000;02 Illegal Data Address
42196;0;0;0x0000;02 Illegal Data Address
42197;0;0;0x0000;02 Illegal Data Address
42198;0;0;0x0000;02 Illegal Data Address
42199;0;0;0x0000;02 Illegal Data Address
42200;0;0;0x0000;02 Illegal Data Address
42201;0;0;0x0000;02 Illegal Data Address
42202;0;0;0x0000;02 Illegal Data Address
42203;0;0;0x0000;02 Illegal Data Address
42204;0;0;0x0000;02 Illegal Data Address
42205;0;0;0x0000;02 Illegal Data Address
42206;0;0;0x0000;02 Illegal Data Address
42207;0;0;0x0000;02 Illegal Data Address
42208;0;0;0x0000;02 Illegal Data Address
42209;0;0;0x0000;02 Illegal Data Address
42210;0;0;0x0000;02 Illegal Data Address
42211;0;0;0x0000;02 Illegal Data Address
42212;0;0;0x0000;02 Illegal Data Address
42213;0;0;0x0000;02 Illegal Data Address
42214;0;0;0x0000;02 Illegal Data Address
42215;0;0;0x0000;02 Illegal Data Address
42216;0;0;0x0000;02 Illegal Data Address
42217;0;0;0x0000;02 Illegal Data Address
42218;0;0;0x0000;02 Illegal Data Address
42219;0;0;0x0000;02 Illegal Data Address
42220;0;0;0x0000;02 Illegal Data Address
42221;0;0;0x0000;02 Illegal Data Address
42222;0;0;0x0000;02 Illegal Data Address
42223;0;0;0x0000;02 Illegal Data Address
42224;0;0;0x0000;02 Illegal Data Address
42225;0;0;0x0000;02 Illegal Data Address
42226;0;0;0x0000;02 Illegal Data Address
42227;0;0;0x0000;02 Illegal Data Address
42228;0;0;0x0000;02 Illegal Data Address
42229;0;0;0x0000;02 Illegal Data Address
42230;0;0;0x0000;02 Illegal Data Address
42231;0;0;0x0000;02 Illegal Data Address
42232;0;0;0x0000;02 Illegal Data Address
42233;0;0;0x0000;02 Illegal Data Address
42234;0;0;0x0000;02 Illegal Data Address
42235;0;0;0x0000;02 Illegal Data Address
42236;0;0;0x0000;02 Illegal Data Address
42237;0;0;0x0000;02 Illegal Data Address
42238;0;0;0x0000;02 Illegal Data Address
42239;0;0;0x0000;02 Illegal Data Address
42240;0;0;0x0000;02 Illegal Data Address
42241;0;0;0x0000;02 Illegal Data Address
42242;0;0;0x0000;02 Illegal Data Address
42243;0;0;0x0000;02 Illegal Data Address
42244;0;0;0x0000;02 Illegal Data Address
42245;0;0;0x0000;02 Illegal Data Address
42246;0;0;0x0000;02 Illegal Data Address
42247;0;0;0x0000;02 Illegal Data Address
42248;0;0;0x0000;02 Illegal Data Address
42249;0;0;0x0000;02 Illegal Data Address
42250;0;0;0x0000;02 Illegal Data Address
42251;0;0;0x0000;02 Illegal Data Address
42252;0;0;0x0000;02 Illegal Data Address
42253;0;0;0x0000;02 Illegal Data Address
42254;0;0;0x0000;02 Illegal Data Address
42255;0;0;0x0000;02 Illegal Data Address
42256;0;0;0x0000;02 Illegal Data Address
42257;0;0;0x0000;02 Illegal Data Address
42258;0;0;0x0000;02 Illegal Data Address
42259;0;0;0x0000;02 Illegal Data Address
42260;0;0;0x0000;02 Illegal Data Address
42261;0;0;0x0000;02 Illegal Data Address
42262;0;0;0x0000;02 Illegal Data Address
42263;0;0;0x0000;02 Illegal Data Address
42264;0;0;0x0000;02 Illegal Data Address
42265;0;0;0x0000;02 Illegal Data Address
42266;0;0;0x0000;02 Illegal Data Address
42267;0;0;0x0000;02 Illegal Data Address
42268;0;0;0x0000;02 Illegal Data Address
42269;0;0;0x0000;02 Illegal Data Address
42270;0;0;0x0000;02 Illegal Data Address
42271;0;0;0x0000;02 Illegal Data Address
42272;0;0;0x0000;02 Illegal Data Address
42273;0;0;0x0000;02 Illegal Data Address
42274;0;0;0x0000;02 Illegal Data Address
42275;0;0;0x0000;02 Illegal Data Address
42276;0;0;0x0000;02 Illegal Data Address
42277;0;0;0x0000;02 Illegal Data Address
42278;0;0;0x0000;02 Illegal Data Address
42279;0;0;0x0000;02 Illegal Data Address
42280;0;0;0x0000;02 Illegal Data Address
42281;0;0;0x0000;02 Illegal Data Address
42282;0;0;0x0000;02 Illegal Data Address
42283;0;0;0x0000;02 Illegal Data Address
42284;0;0;0x0000;02 Illegal Data Address
42285;0;0;0x0000;02 Illegal Data Address
42286;0;0;0x0000;02 Illegal Data Address
42287;0;0;0x0000;02 Illegal Data Address
42288;0;0;0x0000;02 Illegal Data Address
42289;0;0;0x0000;02 Illegal Data Address
42290;0;0;0x0000;02 Illegal Data Address
42291;0;0;0x0000;02 Illegal Data Address
42292;0;0;0x0000;02 Illegal Data Address
42293;0;0;0x0000;02 Illegal Data Address
42294;0;0;0x0000;02 Illegal Data Address
42295;0;0;0x0000;02 Illegal Data Address
42296;0;0;0x0000;02 Illegal Data Address
42297;0;0;0x0000;02 Illegal Data Address
42298;0;0;0x0000;02 Illegal Data Address
42299;0;0;0x0000;02 Illegal Data Address
42300;0;0;0x0000;02 Illegal Data Address
42301;0;0;0x0000;02 Illegal Data Address
42302;0;0;0x0000;02 Illegal Data Address
42303;0;0;0x0000;02 Illegal Data Address
42304;0;0;0x0000;02 Illegal Data Address
42305;0;0;0x0000;02 Illegal Data Address
42306;0;0;0x0000;02 Illegal Data Address
42307;0;0;0x0000;02 Illegal Data Address
42308;0;0;0x0000;02 Illegal Data Address
42309;0;0;0x0000;02 Illegal Data Address
42310;0;0;0x0000;02 Illegal Data Address
42311;0;0;0x0000;02 Illegal Data Address
42312;0;0;0x0000;02 Illegal Data Address
42313;0;0;0x0000;02 Illegal Data Address
42314;0;0;0x0000;02 Illegal Data Address
42315;0;0;0x0000;02 Illegal Data Address
42316;0;0;0x0000;02 Illegal Data Address
42317;0;0;0x0000;02 Illegal Data Address
42318;0;0;0x0000;02 Illegal Data Address
42319;0;0;0x0000;02 Illegal Data Address
42320;0;0;0x0000;02 Illegal Data Address
42321;0;0;0x0000;02 Illegal Data Address
42322;0;0;0x0000;02 Illegal Data Address
42323;0;0;0x0000;02 Illegal Data Address
42324;0;0;0x0000;02 Illegal Data Address
42325;0;0;0x0000;02 Illegal Data Address
42326;0;0;0x0000;02 Illegal Data Address
42327;0;0;0x0000;02 Illegal Data Address
42328;0;0;0x0000;02 Illegal Data Address
42329;0;0;0x0000;02 Illegal Data Address
42330;0;0;0x0000;02 Illegal Data Address
42331;0;0;0x0000;02 Illegal Data Address
42332;0;0;0x0000;02 Illegal Data Address
42333;0;0;0x0000;02 Illegal Data Address
42334;0;0;0x0000;02 Illegal Data Address
42335;0;0;0x0000;02 Illegal Data Address
42336;0;0;0x0000;02 Illegal Data Address
42337;0;0;0x0000;02 Illegal Data Address
42338;0;0;0x0000;02 Illegal Data Address
42339;0;0;0x0000;02 Illegal Data Address
42340;0;0;0x0000;02 Illegal Data Address
42341;0;0;0x0000;02 Illegal Data Address
42342;0;0;0x0000;02 Illegal Data Address
42343;0;0;0x0000;02 Illegal Data Address
42344;0;0;0x0000;02 Illegal Data Address
42345;0;0;0x0000;02 Illegal Data Address
42346;0;0;0x0000;02 Illegal Data Address
42347;0;0;0x0000;02 Illegal Data Address
42348;0;0;0x0000;02 Illegal Data Address
42349;0;0;0x0000;02 Illegal Data Address
42350;0;0;0x0000;02 Illegal Data Address
42351;0;0;0x0000;02 Illegal Data Address
42352;0;0;0x0000;02 Illegal Data Address
42353;0;0;0x0000;02 Illegal Data Address
42354;0;0;0x0000;02 Illegal Data Address
42355;0;0;0x0000;02 Illegal Data Address
42356;0;0;0x0000;02 Illegal Data Address
42357;0;0;0x0000;02 Illegal Data Address
42358;0;0;0x0000;02 Illegal Data Address
42359;0;0;0x0000;02 Illegal Data Address
42360;0;0;0x0000;02 Illegal Data Address
42361;0;0;0x0000;02 Illegal Data Address
42362;0;0;0x0000;02 Illegal Data Address
42363;0;0;0x0000;02 Illegal Data Address
42364;0;0;0x0000;02 Illegal Data Address
42365;0;0;0x0000;02 Illegal Data Address
42366;0;0;0x0000;02 Illegal Data Address
42367;0;0;0x0000;02 Illegal Data Address
42368;0;0;0x0000;02 Illegal Data Address
42369;0;0;0x0000;02 Illegal Data Address
42370;0;0;0x0000;02 Illegal Data Address
42371;0;0;0x0000;02 Illegal Data Address
42372;0;0;0x0000;02 Illegal Data Address
42373;0;0;0x0000;02 Illegal Data Address
42374;0;0;0x0000;02 Illegal Data Address
42375;0;0;0x0000;02 Illegal Data Address
42376;0;0;0x0000;02 Illegal Data Address
42377;0;0;0x0000;02 Illegal Data Address
42378;0;0;0x0000;02 Illegal Data Address
42379;0;0;0x0000;02 Illegal Data Address
42380;0;0;0x0000;02 Illegal Data Address
42381;0;0;0x0000;02 Illegal Data Address
42382;0;0;0x0000;02 Illegal Data Address
42383;0;0;0x0000;02 Illegal Data Address
42384;0;0;0x0000;02 Illegal Data Address
42385;0;0;0x0000;02 Illegal Data Address
42386;0;0;0x0000;02 Illegal Data Address
42387;0;0;0x0000;02 Illegal Data Address
42388;0;0;0x0000;02 Illegal Data Address
42389;0;0;0x0000;02 Illegal Data Address
42390;0;0;0x0000;02 Illegal Data Address
42391;0;0;0x0000;02 Illegal Data Address
42392;0;0;0x0000;02 Illegal Data Address
42393;0;0;0x0000;02 Illegal Data Address
42394;0;0;0x0000;02 Illegal Data Address
42395;0;0;0x0000;02 Illegal Data Address
42396;0;0;0x0000;02 Illegal Data Address
42397;0;0;0x0000;02 Illegal Data Address
42398;0;0;0x0000;02 Illegal Data Address
42399;0;0;0x0000;02 Illegal Data Address
42400;0;0;0x0000;02 Illegal Data Address
42401;0;0;0x0000;02 Illegal Data Address
42402;0;0;0x0000;02 Illegal Data Address
42403;0;0;0x0000;02 Illegal Data Address
42404;0;0;0x0000;02 Illegal Data Address
42405;0;0;0x0000;02 Illegal Data Address
42406;0;0;0x0000;02 Illegal Data Address
42407;0;0;0x0000;02 Illegal Data Address
42408;0;0;0x0000;02 Illegal Data Address
42409;0;0;0x0000;02 Illegal Data Address
42410;0;0;0x0000;02 Illegal Data Address
42411;0;0;0x0000;02 Illegal Data Address
42412;0;0;0x0000;02 Illegal Data Address
42413;0;0;0x0000;02 Illegal Data Address
42414;0;0;0x0000;02 Illegal Data Address
42415;0;0;0x0000;02 Illegal Data Address
42416;0;0;0x0000;02 Illegal Data Address
42417;0;0;0x0000;02 Illegal Data Address
42418;0;0;0x0000;02 Illegal Data Address
42419;0;0;0x0000;02 Illegal Data Address
42420;0;0;0x0000;02 Illegal Data Address
42421;0;0;0x0000;02 Illegal Data Address
42422;0;0;0x0000;02 Illegal Data Address
42423;0;0;0x0000;02 Illegal Data Address
42424;0;0;0x0000;02 Illegal Data Address
42425;0;0;0x0000;02 Illegal Data Address
42426;0;0;0x0000;02 Illegal Data Address
42427;0;0;0x0000;02 Illegal Data Address
42428;0;0;0x0000;02 Illegal Data Address
42429;0;0;0x0000;02 Illegal Data Address
42430;0;0;0x0000;02 Illegal Data Address
42431;0;0;0x0000;02 Illegal Data Address
42432;0;0;0x0000;02 Illegal Data Address
42433;0;0;0x0000;02 Illegal Data Address
42434;0;0;0x0000;02 Illegal Data Address
42435;0;0;0x0000;02 Illegal Data Address
42436;0;0;0x0000;02 Illegal Data Address
42437;0;0;0x0000;02 Illegal Data Address
42438;0;0;0x0000;02 Illegal Data Address
42439;0;0;0x0000;02 Illegal Data Address
42440;0;0;0x0000;02 Illegal Data Address
42441;0;0;0x0000;02 Illegal Data Address
42442;0;0;0x0000;02 Illegal Data Address
42443;0;0;0x0000;02 Illegal Data Address
42444;0;0;0x0000;02 Illegal Data Address
42445;0;0;0x0000;02 Illegal Data Address
42446;0;0;0x0000;02 Illegal Data Address
42447;0;0;0x0000;02 Illegal Data Address
42448;0;0;0x0000;02 Illegal Data Address
42449;0;0;0x0000;02 Illegal Data Address
42450;0;0;0x0000;02 Illegal Data Address
42451;0;0;0x0000;02 Illegal Data Address
42452;0;0;0x0000;02 Illegal Data Address
42453;0;0;0x0000;02 Illegal Data Address
42454;0;0;0x0000;02 Illegal Data Address
42455;0;0;0x0000;02 Illegal Data Address
42456;0;0;0x0000;02 Illegal Data Address
42457;0;0;0x0000;02 Illegal Data Address
42458;0;0;0x0000;02 Illegal Data Address
42459;0;0;0x0000;02 Illegal Data Address
42460;0;0;0x0000;02 Illegal Data Address
42461;0;0;0x0000;02 Illegal Data Address
42462;0;0;0x0000;02 Illegal Data Address
42463;0;0;0x0000;02 Illegal Data Address
42464;0;0;0x0000;02 Illegal Data Address
42465;0;0;0x0000;02 Illegal Data Address
42466;0;0;0x0000;02 Illegal Data Address
42467;0;0;0x0000;02 Illegal Data Address
42468;0;0;0x0000;02 Illegal Data Address
42469;0;0;0x0000;02 Illegal Data Address
42470;0;0;0x0000;02 Illegal Data Address
42471;0;0;0x0000;02 Illegal Data Address
42472;0;0;0x0000;02 Illegal Data Address
42473;0;0;0x0000;02 Illegal Data Address
42474;0;0;0x0000;02 Illegal Data Address
42475;0;0;0x0000;02 Illegal Data Address
42476;0;0;0x0000;02 Illegal Data Address
42477;0;0;0x0000;02 Illegal Data Address
42478;0;0;0x0000;02 Illegal Data Address
42479;0;0;0x0000;02 Illegal Data Address
42480;0;0;0x0000;02 Illegal Data Address
42481;0;0;0x0000;02 Illegal Data Address
42482;0;0;0x0000;02 Illegal Data Address
42483;0;0;0x0000;02 Illegal Data Address
42484;0;0;0x0000;02 Illegal Data Address
42485;0;0;0x0000;02 Illegal Data Address
42486;0;0;0x0000;02 Illegal Data Address
42487;0;0;0x0000;02 Illegal Data Address
42488;0;0;0x0000;02 Illegal Data Address
42489;0;0;0x0000;02 Illegal Data Address
42490;0;0;0x0000;02 Illegal Data Address
42491;0;0;0x0000;02 Illegal Data Address
42492;0;0;0x0000;02 Illegal Data Address
42493;0;0;0x0000;02 Illegal Data Address
42494;0;0;0x0000;02 Illegal Data Address
42495;0;0;0x0000;02 Illegal Data Address
42496;0;0;0x0000;02 Illegal Data Address
42497;0;0;0x0000;02 Illegal Data Address
42498;0;0;0x0000;02 Illegal Data Address
42499;0;0;0x0000;02 Illegal Data Address
42500;0;0;0x0000;02 Illegal Data Address
42501;0;0;0x0000;02 Illegal Data Address
42502;0;0;0x0000;02 Illegal Data Address
42503;0;0;0x0000;02 Illegal Data Address
42504;0;0;0x0000;02 Illegal Data Address
42505;0;0;0x0000;02 Illegal Data Address
42506;0;0;0x0000;02 Illegal Data Address
42507;0;0;0x0000;02 Illegal Data Address
42508;0;0;0x0000;02 Illegal Data Address
42509;0;0;0x0000;02 Illegal Data Address
42510;0;0;0x0000;02 Illegal Data Address
42511;0;0;0x0000;02 Illegal Data Address
42512;0;0;0x0000;02 Illegal Data Address
42513;0;0;0x0000;02 Illegal Data Address
42514;0;0;0x0000;02 Illegal Data Address
42515;0;0;0x0000;02 Illegal Data Address
42516;0;0;0x0000;02 Illegal Data Address
42517;0;0;0x0000;02 Illegal Data Address
42518;0;0;0x0000;02 Illegal Data Address
42519;0;0;0x0000;02 Illegal Data Address
42520;0;0;0x0000;02 Illegal Data Address
42521;0;0;0x0000;02 Illegal Data Address
42522;0;0;0x0000;02 Illegal Data Address
42523;0;0;0x0000;02 Illegal Data Address
42524;0;0;0x0000;02 Illegal Data Address
42525;0;0;0x0000;02 Illegal Data Address
42526;0;0;0x0000;02 Illegal Data Address
42527;0;0;0x0000;02 Illegal Data Address
42528;0;0;0x0000;02 Illegal Data Address
42529;0;0;0x0000;02 Illegal Data Address
42530;0;0;0x0000;02 Illegal Data Address
42531;0;0;0x0000;02 Illegal Data Address
42532;0;0;0x0000;02 Illegal Data Address
42533;0;0;0x0000;02 Illegal Data Address
42534;0;0;0x0000;02 Illegal Data Address
42535;0;0;0x0000;02 Illegal Data Address
42536;0;0;0x0000;02 Illegal Data Address
42537;0;0;0x0000;02 Illegal Data Address
42538;0;0;0x0000;02 Illegal Data Address
42539;0;0;0x0000;02 Illegal Data Address
42540;0;0;0x0000;02 Illegal Data Address
42541;0;0;0x0000;02 Illegal Data Address
42542;0;0;0x0000;02 Illegal Data Address
42543;0;0;0x0000;02 Illegal Data Address
42544;0;0;0x0000;02 Illegal Data Address
42545;0;0;0x0000;02 Illegal Data Address
42546;0;0;0x0000;02 Illegal Data Address
42547;0;0;0x0000;02 Illegal Data Address
42548;0;0;0x0000;02 Illegal Data Address
42549;0;0;0x0000;02 Illegal Data Address
42550;0;0;0x0000;02 Illegal Data Address
42551;0;0;0x0000;02 Illegal Data Address
42552;0;0;0x0000;02 Illegal Data Address
42553;0;0;0x0000;02 Illegal Data Address
42554;0;0;0x0000;02 Illegal Data Address
42555;0;0;0x0000;02 Illegal Data Address
42556;0;0;0x0000;02 Illegal Data Address
42557;0;0;0x0000;02 Illegal Data Address
42558;0;0;0x0000;02 Illegal Data Address
42559;0;0;0x0000;02 Illegal Data Address
42560;0;0;0x0000;02 Illegal Data Address
42561;0;0;0x0000;02 Illegal Data Address
42562;0;0;0x0000;02 Illegal Data Address
42563;0;0;0x0000;02 Illegal Data Address
42564;0;0;0x0000;02 Illegal Data Address
42565;0;0;0x0000;02 Illegal Data Address
42566;0;0;0x0000;02 Illegal Data Address
42567;0;0;0x0000;02 Illegal Data Address
42568;0;0;0x0000;02 Illegal Data Address
42569;0;0;0x0000;02 Illegal Data Address
42570;0;0;0x0000;02 Illegal Data Address
42571;0;0;0x0000;02 Illegal Data Address
42572;0;0;0x0000;02 Illegal Data Address
42573;0;0;0x0000;02 Illegal Data Address
42574;0;0;0x0000;02 Illegal Data Address
42575;0;0;0x0000;02 Illegal Data Address
42576;0;0;0x0000;02 Illegal Data Address
42577;0;0;0x0000;02 Illegal Data Address
42578;0;0;0x0000;02 Illegal Data Address
42579;0;0;0x0000;02 Illegal Data Address
42580;0;0;0x0000;02 Illegal Data Address
42581;0;0;0x0000;02 Illegal Data Address
42582;0;0;0x0000;02 Illegal Data Address
42583;0;0;0x0000;02 Illegal Data Address
42584;0;0;0x0000;02 Illegal Data Address
42585;0;0;0x0000;02 Illegal Data Address
42586;0;0;0x0000;02 Illegal Data Address
42587;0;0;0x0000;02 Illegal Data Address
42588;0;0;0x0000;02 Illegal Data Address
42589;0;0;0x0000;02 Illegal Data Address
42590;0;0;0x0000;02 Illegal Data Address
42591;0;0;0x0000;02 Illegal Data Address
42592;0;0;0x0000;02 Illegal Data Address
42593;0;0;0x0000;02 Illegal Data Address
42594;0;0;0x0000;02 Illegal Data Address
42595;0;0;0x0000;02 Illegal Data Address
42596;0;0;0x0000;02 Illegal Data Address
42597;0;0;0x0000;02 Illegal Data Address
42598;0;0;0x0000;02 Illegal Data Address
42599;0;0;0x0000;02 Illegal Data Address
42600;0;0;0x0000;02 Illegal Data Address
42601;0;0;0x0000;02 Illegal Data Address
42602;0;0;0x0000;02 Illegal Data Address
42603;0;0;0x0000;02 Illegal Data Address
42604;0;0;0x0000;02 Illegal Data Address
42605;0;0;0x0000;02 Illegal Data Address
42606;0;0;0x0000;02 Illegal Data Address
42607;0;0;0x0000;02 Illegal Data Address
42608;0;0;0x0000;02 Illegal Data Address
42609;0;0;0x0000;02 Illegal Data Address
42610;0;0;0x0000;02 Illegal Data Address
42611;0;0;0x0000;02 Illegal Data Address
42612;0;0;0x0000;02 Illegal Data Address
42613;0;0;0x0000;02 Illegal Data Address
42614;0;0;0x0000;02 Illegal Data Address
42615;0;0;0x0000;02 Illegal Data Address
42616;0;0;0x0000;02 Illegal Data Address
42617;0;0;0x0000;02 Illegal Data Address
42618;0;0;0x0000;02 Illegal Data Address
42619;0;0;0x0000;02 Illegal Data Address
42620;0;0;0x0000;02 Illegal Data Address
42621;0;0;0x0000;02 Illegal Data Address
42622;0;0;0x0000;02 Illegal Data Address
42623;0;0;0x0000;02 Illegal Data Address
42624;0;0;0x0000;02 Illegal Data Address
42625;0;0;0x0000;02 Illegal Data Address
42626;0;0;0x0000;02 Illegal Data Address
42627;0;0;0x0000;02 Illegal Data Address
42628;0;0;0x0000;02 Illegal Data Address
42629;0;0;0x0000;02 Illegal Data Address
42630;0;0;0x0000;02 Illegal Data Address
42631;0;0;0x0000;02 Illegal Data Address
42632;0;0;0x0000;02 Illegal Data Address
42633;0;0;0x0000;02 Illegal Data Address
42634;0;0;0x0000;02 Illegal Data Address
42635;0;0;0x0000;02 Illegal Data Address
42636;0;0;0x0000;02 Illegal Data Address
42637;0;0;0x0000;02 Illegal Data Address
42638;0;0;0x0000;02 Illegal Data Address
42639;0;0;0x0000;02 Illegal Data Address
42640;0;0;0x0000;02 Illegal Data Address
42641;0;0;0x0000;02 Illegal Data Address
42642;0;0;0x0000;02 Illegal Data Address
42643;0;0;0x0000;02 Illegal Data Address
42644;0;0;0x0000;02 Illegal Data Address
42645;0;0;0x0000;02 Illegal Data Address
42646;0;0;0x0000;02 Illegal Data Address
42647;0;0;0x0000;02 Illegal Data Address
42648;0;0;0x0000;02 Illegal Data Address
42649;0;0;0x0000;02 Illegal Data Address
42650;0;0;0x0000;02 Illegal Data Address
42651;0;0;0x0000;02 Illegal Data Address
42652;0;0;0x0000;02 Illegal Data Address
42653;0;0;0x0000;02 Illegal Data Address
42654;0;0;0x0000;02 Illegal Data Address
42655;0;0;0x0000;02 Illegal Data Address
42656;0;0;0x0000;02 Illegal Data Address
42657;0;0;0x0000;02 Illegal Data Address
42658;0;0;0x0000;02 Illegal Data Address
42659;0;0;0x0000;02 Illegal Data Address
42660;0;0;0x0000;02 Illegal Data Address
42661;0;0;0x0000;02 Illegal Data Address
42662;0;0;0x0000;02 Illegal Data Address
42663;0;0;0x0000;02 Illegal Data Address
42664;0;0;0x0000;02 Illegal Data Address
42665;0;0;0x0000;02 Illegal Data Address
42666;0;0;0x0000;02 Illegal Data Address
42667;0;0;0x0000;02 Illegal Data Address
42668;0;0;0x0000;02 Illegal Data Address
42669;0;0;0x0000;02 Illegal Data Address
42670;0;0;0x0000;02 Illegal Data Address
42671;0;0;0x0000;02 Illegal Data Address
42672;0;0;0x0000;02 Illegal Data Address
42673;0;0;0x0000;02 Illegal Data Address
42674;0;0;0x0000;02 Illegal Data Address
42675;0;0;0x0000;02 Illegal Data Address
42676;0;0;0x0000;02 Illegal Data Address
42677;0;0;0x0000;02 Illegal Data Address
42678;0;0;0x0000;02 Illegal Data Address
42679;0;0;0x0000;02 Illegal Data Address
42680;0;0;0x0000;02 Illegal Data Address
42681;0;0;0x0000;02 Illegal Data Address
42682;0;0;0x0000;02 Illegal Data Address
42683;0;0;0x0000;02 Illegal Data Address
42684;0;0;0x0000;02 Illegal Data Address
42685;0;0;0x0000;02 Illegal Data Address
42686;0;0;0x0000;02 Illegal Data Address
42687;0;0;0x0000;02 Illegal Data Address
42688;0;0;0x0000;02 Illegal Data Address
42689;0;0;0x0000;02 Illegal Data Address
42690;0;0;0x0000;02 Illegal Data Address
42691;0;0;0x0000;02 Illegal Data Address
42692;0;0;0x0000;02 Illegal Data Address
42693;0;0;0x0000;02 Illegal Data Address
42694;0;0;0x0000;02 Illegal Data Address
42695;0;0;0x0000;02 Illegal Data Address
42696;0;0;0x0000;02 Illegal Data Address
42697;0;0;0x0000;02 Illegal Data Address
42698;0;0;0x0000;02 Illegal Data Address
42699;0;0;0x0000;02 Illegal Data Address
42700;0;0;0x0000;02 Illegal Data Address
42701;0;0;0x0000;02 Illegal Data Address
42702;0;0;0x0000;02 Illegal Data Address
42703;0;0;0x0000;02 Illegal Data Address
42704;0;0;0x0000;02 Illegal Data Address
42705;0;0;0x0000;02 Illegal Data Address
42706;0;0;0x0000;02 Illegal Data Address
42707;0;0;0x0000;02 Illegal Data Address
42708;0;0;0x0000;02 Illegal Data Address
42709;0;0;0x0000;02 Illegal Data Address
42710;0;0;0x0000;02 Illegal Data Address
42711;0;0;0x0000;02 Illegal Data Address
42712;0;0;0x0000;02 Illegal Data Address
42713;0;0;0x0000;02 Illegal Data Address
42714;0;0;0x0000;02 Illegal Data Address
42715;0;0;0x0000;02 Illegal Data Address
42716;0;0;0x0000;02 Illegal Data Address
42717;0;0;0x0000;02 Illegal Data Address
42718;0;0;0x0000;02 Illegal Data Address
42719;0;0;0x0000;02 Illegal Data Address
42720;0;0;0x0000;02 Illegal Data Address
42721;0;0;0x0000;02 Illegal Data Address
42722;0;0;0x0000;02 Illegal Data Address
42723;0;0;0x0000;02 Illegal Data Address
42724;0;0;0x0000;02 Illegal Data Address
42725;0;0;0x0000;02 Illegal Data Address
42726;0;0;0x0000;02 Illegal Data Address
42727;0;0;0x0000;02 Illegal Data Address
42728;0;0;0x0000;02 Illegal Data Address
42729;0;0;0x0000;02 Illegal Data Address
42730;0;0;0x0000;02 Illegal Data Address
42731;0;0;0x0000;02 Illegal Data Address
42732;0;0;0x0000;02 Illegal Data Address
42733;0;0;0x0000;02 Illegal Data Address
42734;0;0;0x0000;02 Illegal Data Address
42735;0;0;0x0000;02 Illegal Data Address
42736;0;0;0x0000;02 Illegal Data Address
42737;0;0;0x0000;02 Illegal Data Address
42738;0;0;0x0000;02 Illegal Data Address
42739;0;0;0x0000;02 Illegal Data Address
42740;0;0;0x0000;02 Illegal Data Address
42741;0;0;0x0000;02 Illegal Data Address
42742;0;0;0x0000;02 Illegal Data Address
42743;0;0;0x0000;02 Illegal Data Address
42744;0;0;0x0000;02 Illegal Data Address
42745;0;0;0x0000;02 Illegal Data Address
42746;0;0;0x0000;02 Illegal Data Address
42747;0;0;0x0000;02 Illegal Data Address
42748;0;0;0x0000;02 Illegal Data Address
42749;0;0;0x0000;02 Illegal Data Address
42750;0;0;0x0000;02 Illegal Data Address
42751;0;0;0x0000;02 Illegal Data Address
42752;0;0;0x0000;02 Illegal Data Address
42753;0;0;0x0000;02 Illegal Data Address
42754;0;0;0x0000;02 Illegal Data Address
42755;0;0;0x0000;02 Illegal Data Address
42756;0;0;0x0000;02 Illegal Data Address
42757;0;0;0x0000;02 Illegal Data Address
42758;0;0;0x0000;02 Illegal Data Address
42759;0;0;0x0000;02 Illegal Data Address
42760;0;0;0x0000;02 Illegal Data Address
42761;0;0;0x0000;02 Illegal Data Address
42762;0;0;0x0000;02 Illegal Data Address
42763;0;0;0x0000;02 Illegal Data Address
42764;0;0;0x0000;02 Illegal Data Address
42765;0;0;0x0000;02 Illegal Data Address
42766;0;0;0x0000;02 Illegal Data Address
42767;0;0;0x0000;02 Illegal Data Address
42768;0;0;0x0000;02 Illegal Data Address
42769;0;0;0x0000;02 Illegal Data Address
42770;0;0;0x0000;02 Illegal Data Address
42771;0;0;0x0000;02 Illegal Data Address
42772;0;0;0x0000;02 Illegal Data Address
42773;0;0;0x0000;02 Illegal Data Address
42774;0;0;0x0000;02 Illegal Data Address
42775;0;0;0x0000;02 Illegal Data Address
42776;0;0;0x0000;02 Illegal Data Address
42777;0;0;0x0000;02 Illegal Data Address
42778;0;0;0x0000;02 Illegal Data Address
42779;0;0;0x0000;02 Illegal Data Address
42780;0;0;0x0000;02 Illegal Data Address
42781;0;0;0x0000;02 Illegal Data Address
42782;0;0;0x0000;02 Illegal Data Address
42783;0;0;0x0000;02 Illegal Data Address
42784;0;0;0x0000;02 Illegal Data Address
42785;0;0;0x0000;02 Illegal Data Address
42786;0;0;0x0000;02 Illegal Data Address
42787;0;0;0x0000;02 Illegal Data Address
42788;0;0;0x0000;02 Illegal Data Address
42789;0;0;0x0000;02 Illegal Data Address
42790;0;0;0x0000;02 Illegal Data Address
42791;0;0;0x0000;02 Illegal Data Address
42792;0;0;0x0000;02 Illegal Data Address
42793;0;0;0x0000;02 Illegal Data Address
42794;0;0;0x0000;02 Illegal Data Address
42795;0;0;0x0000;02 Illegal Data Address
42796;0;0;0x0000;02 Illegal Data Address
42797;0;0;0x0000;02 Illegal Data Address
42798;0;0;0x0000;02 Illegal Data Address
42799;0;0;0x0000;02 Illegal Data Address
42800;0;0;0x0000;02 Illegal Data Address
42801;0;0;0x0000;02 Illegal Data Address
42802;0;0;0x0000;02 Illegal Data Address
42803;0;0;0x0000;02 Illegal Data Address
42804;0;0;0x0000;02 Illegal Data Address
42805;0;0;0x0000;02 Illegal Data Address
42806;0;0;0x0000;02 Illegal Data Address
42807;0;0;0x0000;02 Illegal Data Address
42808;0;0;0x0000;02 Illegal Data Address
42809;0;0;0x0000;02 Illegal Data Address
42810;0;0;0x0000;02 Illegal Data Address
42811;0;0;0x0000;02 Illegal Data Address
42812;0;0;0x0000;02 Illegal Data Address
42813;0;0;0x0000;02 Illegal Data Address
42814;0;0;0x0000;02 Illegal Data Address
42815;0;0;0x0000;02 Illegal Data Address
42816;0;0;0x0000;02 Illegal Data Address
42817;0;0;0x0000;02 Illegal Data Address
42818;0;0;0x0000;02 Illegal Data Address
42819;0;0;0x0000;02 Illegal Data Address
42820;0;0;0x0000;02 Illegal Data Address
42821;0;0;0x0000;02 Illegal Data Address
42822;0;0;0x0000;02 Illegal Data Address
42823;0;0;0x0000;02 Illegal Data Address
42824;0;0;0x0000;02 Illegal Data Address
42825;0;0;0x0000;02 Illegal Data Address
42826;0;0;0x0000;02 Illegal Data Address
42827;0;0;0x0000;02 Illegal Data Address
42828;0;0;0x0000;02 Illegal Data Address
42829;0;0;0x0000;02 Illegal Data Address
42830;0;0;0x0000;02 Illegal Data Address
42831;0;0;0x0000;02 Illegal Data Address
42832;0;0;0x0000;02 Illegal Data Address
42833;0;0;0x0000;02 Illegal Data Address
42834;0;0;0x0000;02 Illegal Data Address
42835;0;0;0x0000;02 Illegal Data Address
42836;0;0;0x0000;02 Illegal Data Address
42837;0;0;0x0000;02 Illegal Data Address
42838;0;0;0x0000;02 Illegal Data Address
42839;0;0;0x0000;02 Illegal Data Address
42840;0;0;0x0000;02 Illegal Data Address
42841;0;0;0x0000;02 Illegal Data Address
42842;0;0;0x0000;02 Illegal Data Address
42843;0;0;0x0000;02 Illegal Data Address
42844;0;0;0x0000;02 Illegal Data Address
42845;0;0;0x0000;02 Illegal Data Address
42846;0;0;0x0000;02 Illegal Data Address
42847;0;0;0x0000;02 Illegal Data Address
42848;0;0;0x0000;02 Illegal Data Address
42849;0;0;0x0000;02 Illegal Data Address
42850;0;0;0x0000;02 Illegal Data Address
42851;0;0;0x0000;02 Illegal Data Address
42852;0;0;0x0000;02 Illegal Data Address
42853;0;0;0x0000;02 Illegal Data Address
42854;0;0;0x0000;02 Illegal Data Address
42855;0;0;0x0000;02 Illegal Data Address
42856;0;0;0x0000;02 Illegal Data Address
42857;0;0;0x0000;02 Illegal Data Address
42858;0;0;0x0000;02 Illegal Data Address
42859;0;0;0x0000;02 Illegal Data Address
42860;0;0;0x0000;02 Illegal Data Address
42861;0;0;0x0000;02 Illegal Data Address
42862;0;0;0x0000;02 Illegal Data Address
42863;0;0;0x0000;02 Illegal Data Address
42864;0;0;0x0000;02 Illegal Data Address
42865;0;0;0x0000;02 Illegal Data Address
42866;0;0;0x0000;02 Illegal Data Address
42867;0;0;0x0000;02 Illegal Data Address
42868;0;0;0x0000;02 Illegal Data Address
42869;0;0;0x0000;02 Illegal Data Address
42870;0;0;0x0000;02 Illegal Data Address
42871;0;0;0x0000;02 Illegal Data Address
42872;0;0;0x0000;02 Illegal Data Address
42873;0;0;0x0000;02 Illegal Data Address
42874;0;0;0x0000;02 Illegal Data Address
42875;0;0;0x0000;02 Illegal Data Address
42876;0;0;0x0000;02 Illegal Data Address
42877;0;0;0x0000;02 Illegal Data Address
42878;0;0;0x0000;02 Illegal Data Address
42879;0;0;0x0000;02 Illegal Data Address
42880;0;0;0x0000;02 Illegal Data Address
42881;0;0;0x0000;02 Illegal Data Address
42882;0;0;0x0000;02 Illegal Data Address
42883;0;0;0x0000;02 Illegal Data Address
42884;0;0;0x0000;02 Illegal Data Address
42885;0;0;0x0000;02 Illegal Data Address
42886;0;0;0x0000;02 Illegal Data Address
42887;0;0;0x0000;02 Illegal Data Address
42888;0;0;0x0000;02 Illegal Data Address
42889;0;0;0x0000;02 Illegal Data Address
42890;0;0;0x0000;02 Illegal Data Address
42891;0;0;0x0000;02 Illegal Data Address
42892;0;0;0x0000;02 Illegal Data Address
42893;0;0;0x0000;02 Illegal Data Address
42894;0;0;0x0000;02 Illegal Data Address
42895;0;0;0x0000;02 Illegal Data Address
42896;0;0;0x0000;02 Illegal Data Address
42897;0;0;0x0000;02 Illegal Data Address
42898;0;0;0x0000;02 Illegal Data Address
42899;0;0;0x0000;02 Illegal Data Address
42900;0;0;0x0000;02 Illegal Data Address
42901;0;0;0x0000;02 Illegal Data Address
42902;0;0;0x0000;02 Illegal Data Address
42903;0;0;0x0000;02 Illegal Data Address
42904;0;0;0x0000;02 Illegal Data Address
42905;0;0;0x0000;02 Illegal Data Address
42906;0;0;0x0000;02 Illegal Data Address
42907;0;0;0x0000;02 Illegal Data Address
42908;0;0;0x0000;02 Illegal Data Address
42909;0;0;0x0000;02 Illegal Data Address
42910;0;0;0x0000;02 Illegal Data Address
42911;0;0;0x0000;02 Illegal Data Address
42912;0;0;0x0000;02 Illegal Data Address
42913;0;0;0x0000;02 Illegal Data Address
42914;0;0;0x0000;02 Illegal Data Address
42915;0;0;0x0000;02 Illegal Data Address
42916;0;0;0x0000;02 Illegal Data Address
42917;0;0;0x0000;02 Illegal Data Address
42918;0;0;0x0000;02 Illegal Data Address
42919;0;0;0x0000;02 Illegal Data Address
42920;0;0;0x0000;02 Illegal Data Address
42921;0;0;0x0000;02 Illegal Data Address
42922;0;0;0x0000;02 Illegal Data Address
42923;0;0;0x0000;02 Illegal Data Address
42924;0;0;0x0000;02 Illegal Data Address
42925;0;0;0x0000;02 Illegal Data Address
42926;0;0;0x0000;02 Illegal Data Address
42927;0;0;0x0000;02 Illegal Data Address
42928;0;0;0x0000;02 Illegal Data Address
42929;0;0;0x0000;02 Illegal Data Address
42930;0;0;0x0000;02 Illegal Data Address
42931;0;0;0x0000;02 Illegal Data Address
42932;0;0;0x0000;02 Illegal Data Address
42933;0;0;0x0000;02 Illegal Data Address
42934;0;0;0x0000;02 Illegal Data Address
42935;0;0;0x0000;02 Illegal Data Address
42936;0;0;0x0000;02 Illegal Data Address
42937;0;0;0x0000;02 Illegal Data Address
42938;0;0;0x0000;02 Illegal Data Address
42939;0;0;0x0000;02 Illegal Data Address
42940;0;0;0x0000;02 Illegal Data Address
42941;0;0;0x0000;02 Illegal Data Address
42942;0;0;0x0000;02 Illegal Data Address
42943;0;0;0x0000;02 Illegal Data Address
42944;0;0;0x0000;02 Illegal Data Address
42945;0;0;0x0000;02 Illegal Data Address
42946;0;0;0x0000;02 Illegal Data Address
42947;0;0;0x0000;02 Illegal Data Address
42948;0;0;0x0000;02 Illegal Data Address
42949;0;0;0x0000;02 Illegal Data Address
42950;0;0;0x0000;02 Illegal Data Address
42951;0;0;0x0000;02 Illegal Data Address
42952;0;0;0x0000;02 Illegal Data Address
42953;0;0;0x0000;02 Illegal Data Address
42954;0;0;0x0000;02 Illegal Data Address
42955;0;0;0x0000;02 Illegal Data Address
42956;0;0;0x0000;02 Illegal Data Address
42957;0;0;0x0000;02 Illegal Data Address
42958;0;0;0x0000;02 Illegal Data Address
42959;0;0;0x0000;02 Illegal Data Address
42960;0;0;0x0000;02 Illegal Data Address
42961;0;0;0x0000;02 Illegal Data Address
42962;0;0;0x0000;02 Illegal Data Address
42963;0;0;0x0000;02 Illegal Data Address
42964;0;0;0x0000;02 Illegal Data Address
42965;0;0;0x0000;02 Illegal Data Address
42966;0;0;0x0000;02 Illegal Data Address
42967;0;0;0x0000;02 Illegal Data Address
42968;0;0;0x0000;02 Illegal Data Address
42969;0;0;0x0000;02 Illegal Data Address
42970;0;0;0x0000;02 Illegal Data Address
42971;0;0;0x0000;02 Illegal Data Address
42972;0;0;0x0000;02 Illegal Data Address
42973;0;0;0x0000;02 Illegal Data Address
42974;0;0;0x0000;02 Illegal Data Address
42975;0;0;0x0000;02 Illegal Data Address
42976;0;0;0x0000;02 Illegal Data Address
42977;0;0;0x0000;02 Illegal Data Address
42978;0;0;0x0000;02 Illegal Data Address
42979;0;0;0x0000;02 Illegal Data Address
42980;0;0;0x0000;02 Illegal Data Address
42981;0;0;0x0000;02 Illegal Data Address
42982;0;0;0x0000;02 Illegal Data Address
42983;0;0;0x0000;02 Illegal Data Address
42984;0;0;0x0000;02 Illegal Data Address
42985;0;0;0x0000;02 Illegal Data Address
42986;0;0;0x0000;02 Illegal Data Address
42987;0;0;0x0000;02 Illegal Data Address
42988;0;0;0x0000;02 Illegal Data Address
42989;0;0;0x0000;02 Illegal Data Address
42990;0;0;0x0000;02 Illegal Data Address
42991;0;0;0x0000;02 Illegal Data Address
42992;0;0;0x0000;02 Illegal Data Address
42993;0;0;0x0000;02 Illegal Data Address
42994;0;0;0x0000;02 Illegal Data Address
42995;0;0;0x0000;02 Illegal Data Address
42996;0;0;0x0000;02 Illegal Data Address
42997;0;0;0x0000;02 Illegal Data Address
42998;0;0;0x0000;02 Illegal Data Address
42999;0;0;0x0000;02 Illegal Data Address
43000;0;0;0x0000;02 Illegal Data Address
43001;0;0;0x0000;02 Illegal Data Address
43002;0;0;0x0000;02 Illegal Data Address
43003;0;0;0x0000;02 Illegal Data Address
43004;0;0;0x0000;02 Illegal Data Address
43005;0;0;0x0000;02 Illegal Data Address
43006;0;0;0x0000;02 Illegal Data Address
43007;0;0;0x0000;02 Illegal Data Address
43008;0;0;0x0000;02 Illegal Data Address
43009;0;0;0x0000;02 Illegal Data Address
43010;0;0;0x0000;02 Illegal Data Address
43011;0;0;0x0000;02 Illegal Data Address
43012;0;0;0x0000;02 Illegal Data Address
43013;0;0;0x0000;02 Illegal Data Address
43014;0;0;0x0000;02 Illegal Data Address
43015;0;0;0x0000;02 Illegal Data Address
43016;0;0;0x0000;02 Illegal Data Address
43017;0;0;0x0000;02 Illegal Data Address
43018;0;0;0x0000;02 Illegal Data Address
43019;0;0;0x0000;02 Illegal Data Address
43020;0;0;0x0000;02 Illegal Data Address
43021;0;0;0x0000;02 Illegal Data Address
43022;0;0;0x0000;02 Illegal Data Address
43023;0;0;0x0000;02 Illegal Data Address
43024;0;0;0x0000;02 Illegal Data Address
43025;0;0;0x0000;02 Illegal Data Address
43026;0;0;0x0000;02 Illegal Data Address
43027;0;0;0x0000;02 Illegal Data Address
43028;0;0;0x0000;02 Illegal Data Address
43029;0;0;0x0000;02 Illegal Data Address
43030;0;0;0x0000;02 Illegal Data Address
43031;0;0;0x0000;02 Illegal Data Address
43032;0;0;0x0000;02 Illegal Data Address
43033;0;0;0x0000;02 Illegal Data Address
43034;0;0;0x0000;02 Illegal Data Address
43035;0;0;0x0000;02 Illegal Data Address
43036;0;0;0x0000;02 Illegal Data Address
43037;0;0;0x0000;02 Illegal Data Address
43038;0;0;0x0000;02 Illegal Data Address
43039;0;0;0x0000;02 Illegal Data Address
43040;0;0;0x0000;02 Illegal Data Address
43041;0;0;0x0000;02 Illegal Data Address
43042;0;0;0x0000;02 Illegal Data Address
43043;0;0;0x0000;02 Illegal Data Address
43044;0;0;0x0000;02 Illegal Data Address
43045;0;0;0x0000;02 Illegal Data Address
43046;0;0;0x0000;02 Illegal Data Address
43047;0;0;0x0000;02 Illegal Data Address
43048;0;0;0x0000;02 Illegal Data Address
43049;0;0;0x0000;02 Illegal Data Address
43050;0;0;0x0000;02 Illegal Data Address
43051;0;0;0x0000;02 Illegal Data Address
43052;0;0;0x0000;02 Illegal Data Address
43053;0;0;0x0000;02 Illegal Data Address
43054;0;0;0x0000;02 Illegal Data Address
43055;0;0;0x0000;02 Illegal Data Address
43056;0;0;0x0000;02 Illegal Data Address
43057;0;0;0x0000;02 Illegal Data Address
43058;0;0;0x0000;02 Illegal Data Address
43059;0;0;0x0000;02 Illegal Data Address
43060;0;0;0x0000;02 Illegal Data Address
43061;0;0;0x0000;02 Illegal Data Address
43062;0;0;0x0000;02 Illegal Data Address
43063;0;0;0x0000;02 Illegal Data Address
43064;0;0;0x0000;02 Illegal Data Address
43065;0;0;0x0000;02 Illegal Data Address
43066;0;0;0x0000;02 Illegal Data Address
43067;0;0;0x0000;02 Illegal Data Address
43068;0;0;0x0000;02 Illegal Data Address
43069;0;0;0x0000;02 Illegal Data Address
43070;0;0;0x0000;02 Illegal Data Address
43071;0;0;0x0000;02 Illegal Data Address
43072;0;0;0x0000;02 Illegal Data Address
43073;0;0;0x0000;02 Illegal Data Address
43074;0;0;0x0000;02 Illegal Data Address
43075;0;0;0x0000;02 Illegal Data Address
43076;0;0;0x0000;02 Illegal Data Address
43077;0;0;0x0000;02 Illegal Data Address
43078;0;0;0x0000;02 Illegal Data Address
43079;0;0;0x0000;02 Illegal Data Address
43080;0;0;0x0000;02 Illegal Data Address
43081;0;0;0x0000;02 Illegal Data Address
43082;0;0;0x0000;02 Illegal Data Address
43083;0;0;0x0000;02 Illegal Data Address
43084;0;0;0x0000;02 Illegal Data Address
43085;0;0;0x0000;02 Illegal Data Address
43086;0;0;0x0000;02 Illegal Data Address
43087;0;0;0x0000;02 Illegal Data Address
43088;0;0;0x0000;02 Illegal Data Address
43089;0;0;0x0000;02 Illegal Data Address
43090;0;0;0x0000;02 Illegal Data Address
43091;0;0;0x0000;02 Illegal Data Address
43092;0;0;0x0000;02 Illegal Data Address
43093;0;0;0x0000;02 Illegal Data Address
43094;0;0;0x0000;02 Illegal Data Address
43095;0;0;0x0000;02 Illegal Data Address
43096;0;0;0x0000;02 Illegal Data Address
43097;0;0;0x0000;02 Illegal Data Address
43098;0;0;0x0000;02 Illegal Data Address
43099;0;0;0x0000;02 Illegal Data Address
43100;0;0;0x0000;02 Illegal Data Address
43101;0;0;0x0000;02 Illegal Data Address
43102;0;0;0x0000;02 Illegal Data Address
43103;0;0;0x0000;02 Illegal Data Address
43104;0;0;0x0000;02 Illegal Data Address
43105;0;0;0x0000;02 Illegal Data Address
43106;0;0;0x0000;02 Illegal Data Address
43107;0;0;0x0000;02 Illegal Data Address
43108;0;0;0x0000;02 Illegal Data Address
43109;0;0;0x0000;02 Illegal Data Address
43110;0;0;0x0000;02 Illegal Data Address
43111;0;0;0x0000;02 Illegal Data Address
43112;0;0;0x0000;02 Illegal Data Address
43113;0;0;0x0000;02 Illegal Data Address
43114;0;0;0x0000;02 Illegal Data Address
43115;0;0;0x0000;02 Illegal Data Address
43116;0;0;0x0000;02 Illegal Data Address
43117;0;0;0x0000;02 Illegal Data Address
43118;0;0;0x0000;02 Illegal Data Address
43119;0;0;0x0000;02 Illegal Data Address
43120;0;0;0x0000;02 Illegal Data Address
43121;0;0;0x0000;02 Illegal Data Address
43122;0;0;0x0000;02 Illegal Data Address
43123;0;0;0x0000;02 Illegal Data Address
43124;0;0;0x0000;02 Illegal Data Address
43125;0;0;0x0000;02 Illegal Data Address
43126;0;0;0x0000;02 Illegal Data Address
43127;0;0;0x0000;02 Illegal Data Address
43128;0;0;0x0000;02 Illegal Data Address
43129;0;0;0x0000;02 Illegal Data Address
43130;0;0;0x0000;02 Illegal Data Address
43131;0;0;0x0000;02 Illegal Data Address
43132;0;0;0x0000;02 Illegal Data Address
43133;0;0;0x0000;02 Illegal Data Address
43134;0;0;0x0000;02 Illegal Data Address
43135;0;0;0x0000;02 Illegal Data Address
43136;0;0;0x0000;02 Illegal Data Address
43137;0;0;0x0000;02 Illegal Data Address
43138;0;0;0x0000;02 Illegal Data Address
43139;0;0;0x0000;02 Illegal Data Address
43140;0;0;0x0000;02 Illegal Data Address
43141;0;0;0x0000;02 Illegal Data Address
43142;0;0;0x0000;02 Illegal Data Address
43143;0;0;0x0000;02 Illegal Data Address
43144;0;0;0x0000;02 Illegal Data Address
43145;0;0;0x0000;02 Illegal Data Address
43146;0;0;0x0000;02 Illegal Data Address
43147;0;0;0x0000;02 Illegal Data Address
43148;0;0;0x0000;02 Illegal Data Address
43149;0;0;0x0000;02 Illegal Data Address
43150;0;0;0x0000;02 Illegal Data Address
43151;0;0;0x0000;02 Illegal Data Address
43152;0;0;0x0000;02 Illegal Data Address
43153;0;0;0x0000;02 Illegal Data Address
43154;0;0;0x0000;02 Illegal Data Address
43155;0;0;0x0000;02 Illegal Data Address
43156;0;0;0x0000;02 Illegal Data Address
43157;0;0;0x0000;02 Illegal Data Address
43158;0;0;0x0000;02 Illegal Data Address
43159;0;0;0x0000;02 Illegal Data Address
43160;0;0;0x0000;02 Illegal Data Address
43161;0;0;0x0000;02 Illegal Data Address
43162;0;0;0x0000;02 Illegal Data Address
43163;0;0;0x0000;02 Illegal Data Address
43164;0;0;0x0000;02 Illegal Data Address
43165;0;0;0x0000;02 Illegal Data Address
43166;0;0;0x0000;02 Illegal Data Address
43167;0;0;0x0000;02 Illegal Data Address
43168;0;0;0x0000;02 Illegal Data Address
43169;0;0;0x0000;02 Illegal Data Address
43170;0;0;0x0000;02 Illegal Data Address
43171;0;0;0x0000;02 Illegal Data Address
43172;0;0;0x0000;02 Illegal Data Address
43173;0;0;0x0000;02 Illegal Data Address
43174;0;0;0x0000;02 Illegal Data Address
43175;0;0;0x0000;02 Illegal Data Address
43176;0;0;0x0000;02 Illegal Data Address
43177;0;0;0x0000;02 Illegal Data Address
43178;0;0;0x0000;02 Illegal Data Address
43179;0;0;0x0000;02 Illegal Data Address
43180;0;0;0x0000;02 Illegal Data Address
43181;0;0;0x0000;02 Illegal Data Address
43182;0;0;0x0000;02 Illegal Data Address
43183;0;0;0x0000;02 Illegal Data Address
43184;0;0;0x0000;02 Illegal Data Address
43185;0;0;0x0000;02 Illegal Data Address
43186;0;0;0x0000;02 Illegal Data Address
43187;0;0;0x0000;02 Illegal Data Address
43188;0;0;0x0000;02 Illegal Data Address
43189;0;0;0x0000;02 Illegal Data Address
43190;0;0;0x0000;02 Illegal Data Address
43191;0;0;0x0000;02 Illegal Data Address
43192;0;0;0x0000;02 Illegal Data Address
43193;0;0;0x0000;02 Illegal Data Address
43194;0;0;0x0000;02 Illegal Data Address
43195;0;0;0x0000;02 Illegal Data Address
43196;0;0;0x0000;02 Illegal Data Address
43197;0;0;0x0000;02 Illegal Data Address
43198;0;0;0x0000;02 Illegal Data Address
43199;0;0;0x0000;02 Illegal Data Address
43200;0;0;0x0000;02 Illegal Data Address
43201;0;0;0x0000;02 Illegal Data Address
43202;0;0;0x0000;02 Illegal Data Address
43203;0;0;0x0000;02 Illegal Data Address
43204;0;0;0x0000;02 Illegal Data Address
43205;0;0;0x0000;02 Illegal Data Address
43206;0;0;0x0000;02 Illegal Data Address
43207;0;0;0x0000;02 Illegal Data Address
43208;0;0;0x0000;02 Illegal Data Address
43209;0;0;0x0000;02 Illegal Data Address
43210;0;0;0x0000;02 Illegal Data Address
43211;0;0;0x0000;02 Illegal Data Address
43212;0;0;0x0000;02 Illegal Data Address
43213;0;0;0x0000;02 Illegal Data Address
43214;0;0;0x0000;02 Illegal Data Address
43215;0;0;0x0000;02 Illegal Data Address
43216;0;0;0x0000;02 Illegal Data Address
43217;0;0;0x0000;02 Illegal Data Address
43218;0;0;0x0000;02 Illegal Data Address
43219;0;0;0x0000;02 Illegal Data Address
43220;0;0;0x0000;02 Illegal Data Address
43221;0;0;0x0000;02 Illegal Data Address
43222;0;0;0x0000;02 Illegal Data Address
43223;0;0;0x0000;02 Illegal Data Address
43224;0;0;0x0000;02 Illegal Data Address
43225;0;0;0x0000;02 Illegal Data Address
43226;0;0;0x0000;02 Illegal Data Address
43227;0;0;0x0000;02 Illegal Data Address
43228;0;0;0x0000;02 Illegal Data Address
43229;0;0;0x0000;02 Illegal Data Address
43230;0;0;0x0000;02 Illegal Data Address
43231;0;0;0x0000;02 Illegal Data Address
43232;0;0;0x0000;02 Illegal Data Address
43233;0;0;0x0000;02 Illegal Data Address
43234;0;0;0x0000;02 Illegal Data Address
43235;0;0;0x0000;02 Illegal Data Address
43236;0;0;0x0000;02 Illegal Data Address
43237;0;0;0x0000;02 Illegal Data Address
43238;0;0;0x0000;02 Illegal Data Address
43239;0;0;0x0000;02 Illegal Data Address
43240;0;0;0x0000;02 Illegal Data Address
43241;0;0;0x0000;02 Illegal Data Address
43242;0;0;0x0000;02 Illegal Data Address
43243;0;0;0x0000;02 Illegal Data Address
43244;0;0;0x0000;02 Illegal Data Address
43245;0;0;0x0000;02 Illegal Data Address
43246;0;0;0x0000;02 Illegal Data Address
43247;0;0;0x0000;02 Illegal Data Address
43248;0;0;0x0000;02 Illegal Data Address
43249;0;0;0x0000;02 Illegal Data Address
43250;0;0;0x0000;02 Illegal Data Address
43251;0;0;0x0000;02 Illegal Data Address
43252;0;0;0x0000;02 Illegal Data Address
43253;0;0;0x0000;02 Illegal Data Address
43254;0;0;0x0000;02 Illegal Data Address
43255;0;0;0x0000;02 Illegal Data Address
43256;0;0;0x0000;02 Illegal Data Address
43257;0;0;0x0000;02 Illegal Data Address
43258;0;0;0x0000;02 Illegal Data Address
43259;0;0;0x0000;02 Illegal Data Address
43260;0;0;0x0000;02 Illegal Data Address
43261;0;0;0x0000;02 Illegal Data Address
43262;0;0;0x0000;02 Illegal Data Address
43263;0;0;0x0000;02 Illegal Data Address
43264;0;0;0x0000;02 Illegal Data Address
43265;0;0;0x0000;02 Illegal Data Address
43266;0;0;0x0000;02 Illegal Data Address
43267;0;0;0x0000;02 Illegal Data Address
43268;0;0;0x0000;02 Illegal Data Address
43269;0;0;0x0000;02 Illegal Data Address
43270;0;0;0x0000;02 Illegal Data Address
43271;0;0;0x0000;02 Illegal Data Address
43272;0;0;0x0000;02 Illegal Data Address
43273;0;0;0x0000;02 Illegal Data Address
43274;0;0;0x0000;02 Illegal Data Address
43275;0;0;0x0000;02 Illegal Data Address
43276;0;0;0x0000;02 Illegal Data Address
43277;0;0;0x0000;02 Illegal Data Address
43278;0;0;0x0000;02 Illegal Data Address
43279;0;0;0x0000;02 Illegal Data Address
43280;0;0;0x0000;02 Illegal Data Address
43281;0;0;0x0000;02 Illegal Data Address
43282;0;0;0x0000;02 Illegal Data Address
43283;0;0;0x0000;02 Illegal Data Address
43284;0;0;0x0000;02 Illegal Data Address
43285;0;0;0x0000;02 Illegal Data Address
43286;0;0;0x0000;02 Illegal Data Address
43287;0;0;0x0000;02 Illegal Data Address
43288;0;0;0x0000;02 Illegal Data Address
43289;0;0;0x0000;02 Illegal Data Address
43290;0;0;0x0000;02 Illegal Data Address
43291;0;0;0x0000;02 Illegal Data Address
43292;0;0;0x0000;02 Illegal Data Address
43293;0;0;0x0000;02 Illegal Data Address
43294;0;0;0x0000;02 Illegal Data Address
43295;0;0;0x0000;02 Illegal Data Address
43296;0;0;0x0000;02 Illegal Data Address
43297;0;0;0x0000;02 Illegal Data Address
43298;0;0;0x0000;02 Illegal Data Address
43299;0;0;0x0000;02 Illegal Data Address
43300;0;0;0x0000;02 Illegal Data Address
43301;0;0;0x0000;02 Illegal Data Address
43302;0;0;0x0000;02 Illegal Data Address
43303;0;0;0x0000;02 Illegal Data Address
43304;0;0;0x0000;02 Illegal Data Address
43305;0;0;0x0000;02 Illegal Data Address
43306;0;0;0x0000;02 Illegal Data Address
43307;0;0;0x0000;02 Illegal Data Address
43308;0;0;0x0000;02 Illegal Data Address
43309;0;0;0x0000;02 Illegal Data Address
43310;0;0;0x0000;02 Illegal Data Address
43311;0;0;0x0000;02 Illegal Data Address
43312;0;0;0x0000;02 Illegal Data Address
43313;0;0;0x0000;02 Illegal Data Address
43314;0;0;0x0000;02 Illegal Data Address
43315;0;0;0x0000;02 Illegal Data Address
43316;0;0;0x0000;02 Illegal Data Address
43317;0;0;0x0000;02 Illegal Data Address
43318;0;0;0x0000;02 Illegal Data Address
43319;0;0;0x0000;02 Illegal Data Address
43320;0;0;0x0000;02 Illegal Data Address
43321;0;0;0x0000;02 Illegal Data Address
43322;0;0;0x0000;02 Illegal Data Address
43323;0;0;0x0000;02 Illegal Data Address
43324;0;0;0x0000;02 Illegal Data Address
43325;0;0;0x0000;02 Illegal Data Address
43326;0;0;0x0000;02 Illegal Data Address
43327;0;0;0x0000;02 Illegal Data Address
43328;0;0;0x0000;02 Illegal Data Address
43329;0;0;0x0000;02 Illegal Data Address
43330;0;0;0x0000;02 Illegal Data Address
43331;0;0;0x0000;02 Illegal Data Address
43332;0;0;0x0000;02 Illegal Data Address
43333;0;0;0x0000;02 Illegal Data Address
43334;0;0;0x0000;02 Illegal Data Address
43335;0;0;0x0000;02 Illegal Data Address
43336;0;0;0x0000;02 Illegal Data Address
43337;0;0;0x0000;02 Illegal Data Address
43338;0;0;0x0000;02 Illegal Data Address
43339;0;0;0x0000;02 Illegal Data Address
43340;0;0;0x0000;02 Illegal Data Address
43341;0;0;0x0000;02 Illegal Data Address
43342;0;0;0x0000;02 Illegal Data Address
43343;0;0;0x0000;02 Illegal Data Address
43344;0;0;0x0000;02 Illegal Data Address
43345;0;0;0x0000;02 Illegal Data Address
43346;0;0;0x0000;02 Illegal Data Address
43347;0;0;0x0000;02 Illegal Data Address
43348;0;0;0x0000;02 Illegal Data Address
43349;0;0;0x0000;02 Illegal Data Address
43350;0;0;0x0000;02 Illegal Data Address
43351;0;0;0x0000;02 Illegal Data Address
43352;0;0;0x0000;02 Illegal Data Address
43353;0;0;0x0000;02 Illegal Data Address
43354;0;0;0x0000;02 Illegal Data Address
43355;0;0;0x0000;02 Illegal Data Address
43356;0;0;0x0000;02 Illegal Data Address
43357;0;0;0x0000;02 Illegal Data Address
43358;0;0;0x0000;02 Illegal Data Address
43359;0;0;0x0000;02 Illegal Data Address
43360;0;0;0x0000;02 Illegal Data Address
43361;0;0;0x0000;02 Illegal Data Address
43362;0;0;0x0000;02 Illegal Data Address
43363;0;0;0x0000;02 Illegal Data Address
43364;0;0;0x0000;02 Illegal Data Address
43365;0;0;0x0000;02 Illegal Data Address
43366;0;0;0x0000;02 Illegal Data Address
43367;0;0;0x0000;02 Illegal Data Address
43368;0;0;0x0000;02 Illegal Data Address
43369;0;0;0x0000;02 Illegal Data Address
43370;0;0;0x0000;02 Illegal Data Address
43371;0;0;0x0000;02 Illegal Data Address
43372;0;0;0x0000;02 Illegal Data Address
43373;0;0;0x0000;02 Illegal Data Address
43374;0;0;0x0000;02 Illegal Data Address
43375;0;0;0x0000;02 Illegal Data Address
43376;0;0;0x0000;02 Illegal Data Address
43377;0;0;0x0000;02 Illegal Data Address
43378;0;0;0x0000;02 Illegal Data Address
43379;0;0;0x0000;02 Illegal Data Address
43380;0;0;0x0000;02 Illegal Data Address
43381;0;0;0x0000;02 Illegal Data Address
43382;0;0;0x0000;02 Illegal Data Address
43383;0;0;0x0000;02 Illegal Data Address
43384;0;0;0x0000;02 Illegal Data Address
43385;0;0;0x0000;02 Illegal Data Address
43386;0;0;0x0000;02 Illegal Data Address
43387;0;0;0x0000;02 Illegal Data Address
43388;0;0;0x0000;02 Illegal Data Address
43389;0;0;0x0000;02 Illegal Data Address
43390;0;0;0x0000;02 Illegal Data Address
43391;0;0;0x0000;02 Illegal Data Address
43392;0;0;0x0000;02 Illegal Data Address
43393;0;0;0x0000;02 Illegal Data Address
43394;0;0;0x0000;02 Illegal Data Address
43395;0;0;0x0000;02 Illegal Data Address
43396;0;0;0x0000;02 Illegal Data Address
43397;0;0;0x0000;02 Illegal Data Address
43398;0;0;0x0000;02 Illegal Data Address
43399;0;0;0x0000;02 Illegal Data Address
43400;0;0;0x0000;02 Illegal Data Address
43401;0;0;0x0000;02 Illegal Data Address
43402;0;0;0x0000;02 Illegal Data Address
43403;0;0;0x0000;02 Illegal Data Address
43404;0;0;0x0000;02 Illegal Data Address
43405;0;0;0x0000;02 Illegal Data Address
43406;0;0;0x0000;02 Illegal Data Address
43407;0;0;0x0000;02 Illegal Data Address
43408;0;0;0x0000;02 Illegal Data Address
43409;0;0;0x0000;02 Illegal Data Address
43410;0;0;0x0000;02 Illegal Data Address
43411;0;0;0x0000;02 Illegal Data Address
43412;0;0;0x0000;02 Illegal Data Address
43413;0;0;0x0000;02 Illegal Data Address
43414;0;0;0x0000;02 Illegal Data Address
43415;0;0;0x0000;02 Illegal Data Address
43416;0;0;0x0000;02 Illegal Data Address
43417;0;0;0x0000;02 Illegal Data Address
43418;0;0;0x0000;02 Illegal Data Address
43419;0;0;0x0000;02 Illegal Data Address
43420;0;0;0x0000;02 Illegal Data Address
43421;0;0;0x0000;02 Illegal Data Address
43422;0;0;0x0000;02 Illegal Data Address
43423;0;0;0x0000;02 Illegal Data Address
43424;0;0;0x0000;02 Illegal Data Address
43425;0;0;0x0000;02 Illegal Data Address
43426;0;0;0x0000;02 Illegal Data Address
43427;0;0;0x0000;02 Illegal Data Address
43428;0;0;0x0000;02 Illegal Data Address
43429;0;0;0x0000;02 Illegal Data Address
43430;0;0;0x0000;02 Illegal Data Address
43431;0;0;0x0000;02 Illegal Data Address
43432;0;0;0x0000;02 Illegal Data Address
43433;0;0;0x0000;02 Illegal Data Address
43434;0;0;0x0000;02 Illegal Data Address
43435;0;0;0x0000;02 Illegal Data Address
43436;0;0;0x0000;02 Illegal Data Address
43437;0;0;0x0000;02 Illegal Data Address
43438;0;0;0x0000;02 Illegal Data Address
43439;0;0;0x0000;02 Illegal Data Address
43440;0;0;0x0000;02 Illegal Data Address
43441;0;0;0x0000;02 Illegal Data Address
43442;0;0;0x0000;02 Illegal Data Address
43443;0;0;0x0000;02 Illegal Data Address
43444;0;0;0x0000;02 Illegal Data Address
43445;0;0;0x0000;02 Illegal Data Address
43446;0;0;0x0000;02 Illegal Data Address
43447;0;0;0x0000;02 Illegal Data Address
43448;0;0;0x0000;02 Illegal Data Address
43449;0;0;0x0000;02 Illegal Data Address
43450;0;0;0x0000;02 Illegal Data Address
43451;0;0;0x0000;02 Illegal Data Address
43452;0;0;0x0000;02 Illegal Data Address
43453;0;0;0x0000;02 Illegal Data Address
43454;0;0;0x0000;02 Illegal Data Address
43455;0;0;0x0000;02 Illegal Data Address
43456;0;0;0x0000;02 Illegal Data Address
43457;0;0;0x0000;02 Illegal Data Address
43458;0;0;0x0000;02 Illegal Data Address
43459;0;0;0x0000;02 Illegal Data Address
43460;0;0;0x0000;02 Illegal Data Address
43461;0;0;0x0000;02 Illegal Data Address
43462;0;0;0x0000;02 Illegal Data Address
43463;0;0;0x0000;02 Illegal Data Address
43464;0;0;0x0000;02 Illegal Data Address
43465;0;0;0x0000;02 Illegal Data Address
43466;0;0;0x0000;02 Illegal Data Address
43467;0;0;0x0000;02 Illegal Data Address
43468;0;0;0x0000;02 Illegal Data Address
43469;0;0;0x0000;02 Illegal Data Address
43470;0;0;0x0000;02 Illegal Data Address
43471;0;0;0x0000;02 Illegal Data Address
43472;0;0;0x0000;02 Illegal Data Address
43473;0;0;0x0000;02 Illegal Data Address
43474;0;0;0x0000;02 Illegal Data Address
43475;0;0;0x0000;02 Illegal Data Address
43476;0;0;0x0000;02 Illegal Data Address
43477;0;0;0x0000;02 Illegal Data Address
43478;0;0;0x0000;02 Illegal Data Address
43479;0;0;0x0000;02 Illegal Data Address
43480;0;0;0x0000;02 Illegal Data Address
43481;0;0;0x0000;02 Illegal Data Address
43482;0;0;0x0000;02 Illegal Data Address
43483;0;0;0x0000;02 Illegal Data Address
43484;0;0;0x0000;02 Illegal Data Address
43485;0;0;0x0000;02 Illegal Data Address
43486;0;0;0x0000;02 Illegal Data Address
43487;0;0;0x0000;02 Illegal Data Address
43488;0;0;0x0000;02 Illegal Data Address
43489;0;0;0x0000;02 Illegal Data Address
43490;0;0;0x0000;02 Illegal Data Address
43491;0;0;0x0000;02 Illegal Data Address
43492;0;0;0x0000;02 Illegal Data Address
43493;0;0;0x0000;02 Illegal Data Address
43494;0;0;0x0000;02 Illegal Data Address
43495;0;0;0x0000;02 Illegal Data Address
43496;0;0;0x0000;02 Illegal Data Address
43497;0;0;0x0000;02 Illegal Data Address
43498;0;0;0x0000;02 Illegal Data Address
43499;0;0;0x0000;02 Illegal Data Address
43500;0;0;0x0000;02 Illegal Data Address
43501;0;0;0x0000;02 Illegal Data Address
43502;0;0;0x0000;02 Illegal Data Address
43503;0;0;0x0000;02 Illegal Data Address
43504;0;0;0x0000;02 Illegal Data Address
43505;0;0;0x0000;02 Illegal Data Address
43506;0;0;0x0000;02 Illegal Data Address
43507;0;0;0x0000;02 Illegal Data Address
43508;0;0;0x0000;02 Illegal Data Address
43509;0;0;0x0000;02 Illegal Data Address
43510;0;0;0x0000;02 Illegal Data Address
43511;0;0;0x0000;02 Illegal Data Address
43512;0;0;0x0000;02 Illegal Data Address
43513;0;0;0x0000;02 Illegal Data Address
43514;0;0;0x0000;02 Illegal Data Address
43515;0;0;0x0000;02 Illegal Data Address
43516;0;0;0x0000;02 Illegal Data Address
43517;0;0;0x0000;02 Illegal Data Address
43518;0;0;0x0000;02 Illegal Data Address
43519;0;0;0x0000;02 Illegal Data Address
43520;0;0;0x0000;02 Illegal Data Address
43521;0;0;0x0000;02 Illegal Data Address
43522;0;0;0x0000;02 Illegal Data Address
43523;0;0;0x0000;02 Illegal Data Address
43524;0;0;0x0000;02 Illegal Data Address
43525;0;0;0x0000;02 Illegal Data Address
43526;0;0;0x0000;02 Illegal Data Address
43527;0;0;0x0000;02 Illegal Data Address
43528;0;0;0x0000;02 Illegal Data Address
43529;0;0;0x0000;02 Illegal Data Address
43530;0;0;0x0000;02 Illegal Data Address
43531;0;0;0x0000;02 Illegal Data Address
43532;0;0;0x0000;02 Illegal Data Address
43533;0;0;0x0000;02 Illegal Data Address
43534;0;0;0x0000;02 Illegal Data Address
43535;0;0;0x0000;02 Illegal Data Address
43536;0;0;0x0000;02 Illegal Data Address
43537;0;0;0x0000;02 Illegal Data Address
43538;0;0;0x0000;02 Illegal Data Address
43539;0;0;0x0000;02 Illegal Data Address
43540;0;0;0x0000;02 Illegal Data Address
43541;0;0;0x0000;02 Illegal Data Address
43542;0;0;0x0000;02 Illegal Data Address
43543;0;0;0x0000;02 Illegal Data Address
43544;0;0;0x0000;02 Illegal Data Address
43545;0;0;0x0000;02 Illegal Data Address
43546;0;0;0x0000;02 Illegal Data Address
43547;0;0;0x0000;02 Illegal Data Address
43548;0;0;0x0000;02 Illegal Data Address
43549;0;0;0x0000;02 Illegal Data Address
43550;0;0;0x0000;02 Illegal Data Address
43551;0;0;0x0000;02 Illegal Data Address
43552;0;0;0x0000;02 Illegal Data Address
43553;0;0;0x0000;02 Illegal Data Address
43554;0;0;0x0000;02 Illegal Data Address
43555;0;0;0x0000;02 Illegal Data Address
43556;0;0;0x0000;02 Illegal Data Address
43557;0;0;0x0000;02 Illegal Data Address
43558;0;0;0x0000;02 Illegal Data Address
43559;0;0;0x0000;02 Illegal Data Address
43560;0;0;0x0000;02 Illegal Data Address
43561;0;0;0x0000;02 Illegal Data Address
43562;0;0;0x0000;02 Illegal Data Address
43563;0;0;0x0000;02 Illegal Data Address
43564;0;0;0x0000;02 Illegal Data Address
43565;0;0;0x0000;02 Illegal Data Address
43566;0;0;0x0000;02 Illegal Data Address
43567;0;0;0x0000;02 Illegal Data Address
43568;0;0;0x0000;02 Illegal Data Address
43569;0;0;0x0000;02 Illegal Data Address
43570;0;0;0x0000;02 Illegal Data Address
43571;0;0;0x0000;02 Illegal Data Address
43572;0;0;0x0000;02 Illegal Data Address
43573;0;0;0x0000;02 Illegal Data Address
43574;0;0;0x0000;02 Illegal Data Address
43575;0;0;0x0000;02 Illegal Data Address
43576;0;0;0x0000;02 Illegal Data Address
43577;0;0;0x0000;02 Illegal Data Address
43578;0;0;0x0000;02 Illegal Data Address
43579;0;0;0x0000;02 Illegal Data Address
43580;0;0;0x0000;02 Illegal Data Address
43581;0;0;0x0000;02 Illegal Data Address
43582;0;0;0x0000;02 Illegal Data Address
43583;0;0;0x0000;02 Illegal Data Address
43584;0;0;0x0000;02 Illegal Data Address
43585;0;0;0x0000;02 Illegal Data Address
43586;0;0;0x0000;02 Illegal Data Address
43587;0;0;0x0000;02 Illegal Data Address
43588;0;0;0x0000;02 Illegal Data Address
43589;0;0;0x0000;02 Illegal Data Address
43590;0;0;0x0000;02 Illegal Data Address
43591;0;0;0x0000;02 Illegal Data Address
43592;0;0;0x0000;02 Illegal Data Address
43593;0;0;0x0000;02 Illegal Data Address
43594;0;0;0x0000;02 Illegal Data Address
43595;0;0;0x0000;02 Illegal Data Address
43596;0;0;0x0000;02 Illegal Data Address
43597;0;0;0x0000;02 Illegal Data Address
43598;0;0;0x0000;02 Illegal Data Address
43599;0;0;0x0000;02 Illegal Data Address
43600;0;0;0x0000;02 Illegal Data Address
43601;0;0;0x0000;02 Illegal Data Address
43602;0;0;0x0000;02 Illegal Data Address
43603;0;0;0x0000;02 Illegal Data Address
43604;0;0;0x0000;02 Illegal Data Address
43605;0;0;0x0000;02 Illegal Data Address
43606;0;0;0x0000;02 Illegal Data Address
43607;0;0;0x0000;02 Illegal Data Address
43608;0;0;0x0000;02 Illegal Data Address
43609;0;0;0x0000;02 Illegal Data Address
43610;0;0;0x0000;02 Illegal Data Address
43611;0;0;0x0000;02 Illegal Data Address
43612;0;0;0x0000;02 Illegal Data Address
43613;0;0;0x0000;02 Illegal Data Address
43614;0;0;0x0000;02 Illegal Data Address
43615;0;0;0x0000;02 Illegal Data Address
43616;0;0;0x0000;02 Illegal Data Address
43617;0;0;0x0000;02 Illegal Data Address
43618;0;0;0x0000;02 Illegal Data Address
43619;0;0;0x0000;02 Illegal Data Address
43620;0;0;0x0000;02 Illegal Data Address
43621;0;0;0x0000;02 Illegal Data Address
43622;0;0;0x0000;02 Illegal Data Address
43623;0;0;0x0000;02 Illegal Data Address
43624;0;0;0x0000;02 Illegal Data Address
43625;0;0;0x0000;02 Illegal Data Address
43626;0;0;0x0000;02 Illegal Data Address
43627;0;0;0x0000;02 Illegal Data Address
43628;0;0;0x0000;02 Illegal Data Address
43629;0;0;0x0000;02 Illegal Data Address
43630;0;0;0x0000;02 Illegal Data Address
43631;0;0;0x0000;02 Illegal Data Address
43632;0;0;0x0000;02 Illegal Data Address
43633;0;0;0x0000;02 Illegal Data Address
43634;0;0;0x0000;02 Illegal Data Address
43635;0;0;0x0000;02 Illegal Data Address
43636;0;0;0x0000;02 Illegal Data Address
43637;0;0;0x0000;02 Illegal Data Address
43638;0;0;0x0000;02 Illegal Data Address
43639;0;0;0x0000;02 Illegal Data Address
43640;0;0;0x0000;02 Illegal Data Address
43641;0;0;0x0000;02 Illegal Data Address
43642;0;0;0x0000;02 Illegal Data Address
43643;0;0;0x0000;02 Illegal Data Address
43644;0;0;0x0000;02 Illegal Data Address
43645;0;0;0x0000;02 Illegal Data Address
43646;0;0;0x0000;02 Illegal Data Address
43647;0;0;0x0000;02 Illegal Data Address
43648;0;0;0x0000;02 Illegal Data Address
43649;0;0;0x0000;02 Illegal Data Address
43650;0;0;0x0000;02 Illegal Data Address
43651;0;0;0x0000;02 Illegal Data Address
43652;0;0;0x0000;02 Illegal Data Address
43653;0;0;0x0000;02 Illegal Data Address
43654;0;0;0x0000;02 Illegal Data Address
43655;0;0;0x0000;02 Illegal Data Address
43656;0;0;0x0000;02 Illegal Data Address
43657;0;0;0x0000;02 Illegal Data Address
43658;0;0;0x0000;02 Illegal Data Address
43659;0;0;0x0000;02 Illegal Data Address
43660;0;0;0x0000;02 Illegal Data Address
43661;0;0;0x0000;02 Illegal Data Address
43662;0;0;0x0000;02 Illegal Data Address
43663;0;0;0x0000;02 Illegal Data Address
43664;0;0;0x0000;02 Illegal Data Address
43665;0;0;0x0000;02 Illegal Data Address
43666;0;0;0x0000;02 Illegal Data Address
43667;0;0;0x0000;02 Illegal Data Address
43668;0;0;0x0000;02 Illegal Data Address
43669;0;0;0x0000;02 Illegal Data Address
43670;0;0;0x0000;02 Illegal Data Address
43671;0;0;0x0000;02 Illegal Data Address
43672;0;0;0x0000;02 Illegal Data Address
43673;0;0;0x0000;02 Illegal Data Address
43674;0;0;0x0000;02 Illegal Data Address
43675;0;0;0x0000;02 Illegal Data Address
43676;0;0;0x0000;02 Illegal Data Address
43677;0;0;0x0000;02 Illegal Data Address
43678;0;0;0x0000;02 Illegal Data Address
43679;0;0;0x0000;02 Illegal Data Address
43680;0;0;0x0000;02 Illegal Data Address
43681;0;0;0x0000;02 Illegal Data Address
43682;0;0;0x0000;02 Illegal Data Address
43683;0;0;0x0000;02 Illegal Data Address
43684;0;0;0x0000;02 Illegal Data Address
43685;0;0;0x0000;02 Illegal Data Address
43686;0;0;0x0000;02 Illegal Data Address
43687;0;0;0x0000;02 Illegal Data Address
43688;0;0;0x0000;02 Illegal Data Address
43689;0;0;0x0000;02 Illegal Data Address
43690;0;0;0x0000;02 Illegal Data Address
43691;0;0;0x0000;02 Illegal Data Address
43692;0;0;0x0000;02 Illegal Data Address
43693;0;0;0x0000;02 Illegal Data Address
43694;0;0;0x0000;02 Illegal Data Address
43695;0;0;0x0000;02 Illegal Data Address
43696;0;0;0x0000;02 Illegal Data Address
43697;0;0;0x0000;02 Illegal Data Address
43698;0;0;0x0000;02 Illegal Data Address
43699;0;0;0x0000;02 Illegal Data Address
43700;0;0;0x0000;02 Illegal Data Address
43701;0;0;0x0000;02 Illegal Data Address
43702;0;0;0x0000;02 Illegal Data Address
43703;0;0;0x0000;02 Illegal Data Address
43704;0;0;0x0000;02 Illegal Data Address
43705;0;0;0x0000;02 Illegal Data Address
43706;0;0;0x0000;02 Illegal Data Address
43707;0;0;0x0000;02 Illegal Data Address
43708;0;0;0x0000;02 Illegal Data Address
43709;0;0;0x0000;02 Illegal Data Address
43710;0;0;0x0000;02 Illegal Data Address
43711;0;0;0x0000;02 Illegal Data Address
43712;0;0;0x0000;02 Illegal Data Address
43713;0;0;0x0000;02 Illegal Data Address
43714;0;0;0x0000;02 Illegal Data Address
43715;0;0;0x0000;02 Illegal Data Address
43716;0;0;0x0000;02 Illegal Data Address
43717;0;0;0x0000;02 Illegal Data Address
43718;0;0;0x0000;02 Illegal Data Address
43719;0;0;0x0000;02 Illegal Data Address
43720;0;0;0x0000;02 Illegal Data Address
43721;0;0;0x0000;02 Illegal Data Address
43722;0;0;0x0000;02 Illegal Data Address
43723;0;0;0x0000;02 Illegal Data Address
43724;0;0;0x0000;02 Illegal Data Address
43725;0;0;0x0000;02 Illegal Data Address
43726;0;0;0x0000;02 Illegal Data Address
43727;0;0;0x0000;02 Illegal Data Address
43728;0;0;0x0000;02 Illegal Data Address
43729;0;0;0x0000;02 Illegal Data Address
43730;0;0;0x0000;02 Illegal Data Address
43731;0;0;0x0000;02 Illegal Data Address
43732;0;0;0x0000;02 Illegal Data Address
43733;0;0;0x0000;02 Illegal Data Address
43734;0;0;0x0000;02 Illegal Data Address
43735;0;0;0x0000;02 Illegal Data Address
43736;0;0;0x0000;02 Illegal Data Address
43737;0;0;0x0000;02 Illegal Data Address
43738;0;0;0x0000;02 Illegal Data Address
43739;0;0;0x0000;02 Illegal Data Address
43740;0;0;0x0000;02 Illegal Data Address
43741;0;0;0x0000;02 Illegal Data Address
43742;0;0;0x0000;02 Illegal Data Address
43743;0;0;0x0000;02 Illegal Data Address
43744;0;0;0x0000;02 Illegal Data Address
43745;0;0;0x0000;02 Illegal Data Address
43746;0;0;0x0000;02 Illegal Data Address
43747;0;0;0x0000;02 Illegal Data Address
43748;0;0;0x0000;02 Illegal Data Address
43749;0;0;0x0000;02 Illegal Data Address
43750;0;0;0x0000;02 Illegal Data Address
43751;0;0;0x0000;02 Illegal Data Address
43752;0;0;0x0000;02 Illegal Data Address
43753;0;0;0x0000;02 Illegal Data Address
43754;0;0;0x0000;02 Illegal Data Address
43755;0;0;0x0000;02 Illegal Data Address
43756;0;0;0x0000;02 Illegal Data Address
43757;0;0;0x0000;02 Illegal Data Address
43758;0;0;0x0000;02 Illegal Data Address
43759;0;0;0x0000;02 Illegal Data Address
43760;0;0;0x0000;02 Illegal Data Address
43761;0;0;0x0000;02 Illegal Data Address
43762;0;0;0x0000;02 Illegal Data Address
43763;0;0;0x0000;02 Illegal Data Address
43764;0;0;0x0000;02 Illegal Data Address
43765;0;0;0x0000;02 Illegal Data Address
43766;0;0;0x0000;02 Illegal Data Address
43767;0;0;0x0000;02 Illegal Data Address
43768;0;0;0x0000;02 Illegal Data Address
43769;0;0;0x0000;02 Illegal Data Address
43770;0;0;0x0000;02 Illegal Data Address
43771;0;0;0x0000;02 Illegal Data Address
43772;0;0;0x0000;02 Illegal Data Address
43773;0;0;0x0000;02 Illegal Data Address
43774;0;0;0x0000;02 Illegal Data Address
43775;0;0;0x0000;02 Illegal Data Address
43776;0;0;0x0000;02 Illegal Data Address
43777;0;0;0x0000;02 Illegal Data Address
43778;0;0;0x0000;02 Illegal Data Address
43779;0;0;0x0000;02 Illegal Data Address
43780;0;0;0x0000;02 Illegal Data Address
43781;0;0;0x0000;02 Illegal Data Address
43782;0;0;0x0000;02 Illegal Data Address
43783;0;0;0x0000;02 Illegal Data Address
43784;0;0;0x0000;02 Illegal Data Address
43785;0;0;0x0000;02 Illegal Data Address
43786;0;0;0x0000;02 Illegal Data Address
43787;0;0;0x0000;02 Illegal Data Address
43788;0;0;0x0000;02 Illegal Data Address
43789;0;0;0x0000;02 Illegal Data Address
43790;0;0;0x0000;02 Illegal Data Address
43791;0;0;0x0000;02 Illegal Data Address
43792;0;0;0x0000;02 Illegal Data Address
43793;0;0;0x0000;02 Illegal Data Address
43794;0;0;0x0000;02 Illegal Data Address
43795;0;0;0x0000;02 Illegal Data Address
43796;0;0;0x0000;02 Illegal Data Address
43797;0;0;0x0000;02 Illegal Data Address
43798;0;0;0x0000;02 Illegal Data Address
43799;0;0;0x0000;02 Illegal Data Address
43800;0;0;0x0000;02 Illegal Data Address
43801;0;0;0x0000;02 Illegal Data Address
43802;0;0;0x0000;02 Illegal Data Address
43803;0;0;0x0000;02 Illegal Data Address
43804;0;0;0x0000;02 Illegal Data Address
43805;0;0;0x0000;02 Illegal Data Address
43806;0;0;0x0000;02 Illegal Data Address
43807;0;0;0x0000;02 Illegal Data Address
43808;0;0;0x0000;02 Illegal Data Address
43809;0;0;0x0000;02 Illegal Data Address
43810;0;0;0x0000;02 Illegal Data Address
43811;0;0;0x0000;02 Illegal Data Address
43812;0;0;0x0000;02 Illegal Data Address
43813;0;0;0x0000;02 Illegal Data Address
43814;0;0;0x0000;02 Illegal Data Address
43815;0;0;0x0000;02 Illegal Data Address
43816;0;0;0x0000;02 Illegal Data Address
43817;0;0;0x0000;02 Illegal Data Address
43818;0;0;0x0000;02 Illegal Data Address
43819;0;0;0x0000;02 Illegal Data Address
43820;0;0;0x0000;02 Illegal Data Address
43821;0;0;0x0000;02 Illegal Data Address
43822;0;0;0x0000;02 Illegal Data Address
43823;0;0;0x0000;02 Illegal Data Address
43824;0;0;0x0000;02 Illegal Data Address
43825;0;0;0x0000;02 Illegal Data Address
43826;0;0;0x0000;02 Illegal Data Address
43827;0;0;0x0000;02 Illegal Data Address
43828;0;0;0x0000;02 Illegal Data Address
43829;0;0;0x0000;02 Illegal Data Address
43830;0;0;0x0000;02 Illegal Data Address
43831;0;0;0x0000;02 Illegal Data Address
43832;0;0;0x0000;02 Illegal Data Address
43833;0;0;0x0000;02 Illegal Data Address
43834;0;0;0x0000;02 Illegal Data Address
43835;0;0;0x0000;02 Illegal Data Address
43836;0;0;0x0000;02 Illegal Data Address
43837;0;0;0x0000;02 Illegal Data Address
43838;0;0;0x0000;02 Illegal Data Address
43839;0;0;0x0000;02 Illegal Data Address
43840;0;0;0x0000;02 Illegal Data Address
43841;0;0;0x0000;02 Illegal Data Address
43842;0;0;0x0000;02 Illegal Data Address
43843;0;0;0x0000;02 Illegal Data Address
43844;0;0;0x0000;02 Illegal Data Address
43845;0;0;0x0000;02 Illegal Data Address
43846;0;0;0x0000;02 Illegal Data Address
43847;0;0;0x0000;02 Illegal Data Address
43848;0;0;0x0000;02 Illegal Data Address
43849;0;0;0x0000;02 Illegal Data Address
43850;0;0;0x0000;02 Illegal Data Address
43851;0;0;0x0000;02 Illegal Data Address
43852;0;0;0x0000;02 Illegal Data Address
43853;0;0;0x0000;02 Illegal Data Address
43854;0;0;0x0000;02 Illegal Data Address
43855;0;0;0x0000;02 Illegal Data Address
43856;0;0;0x0000;02 Illegal Data Address
43857;0;0;0x0000;02 Illegal Data Address
43858;0;0;0x0000;02 Illegal Data Address
43859;0;0;0x0000;02 Illegal Data Address
43860;0;0;0x0000;02 Illegal Data Address
43861;0;0;0x0000;02 Illegal Data Address
43862;0;0;0x0000;02 Illegal Data Address
43863;0;0;0x0000;02 Illegal Data Address
43864;0;0;0x0000;02 Illegal Data Address
43865;0;0;0x0000;02 Illegal Data Address
43866;0;0;0x0000;02 Illegal Data Address
43867;0;0;0x0000;02 Illegal Data Address
43868;0;0;0x0000;02 Illegal Data Address
43869;0;0;0x0000;02 Illegal Data Address
43870;0;0;0x0000;02 Illegal Data Address
43871;0;0;0x0000;02 Illegal Data Address
43872;0;0;0x0000;02 Illegal Data Address
43873;0;0;0x0000;02 Illegal Data Address
43874;0;0;0x0000;02 Illegal Data Address
43875;0;0;0x0000;02 Illegal Data Address
43876;0;0;0x0000;02 Illegal Data Address
43877;0;0;0x0000;02 Illegal Data Address
43878;0;0;0x0000;02 Illegal Data Address
43879;0;0;0x0000;02 Illegal Data Address
43880;0;0;0x0000;02 Illegal Data Address
43881;0;0;0x0000;02 Illegal Data Address
43882;0;0;0x0000;02 Illegal Data Address
43883;0;0;0x0000;02 Illegal Data Address
43884;0;0;0x0000;02 Illegal Data Address
43885;0;0;0x0000;02 Illegal Data Address
43886;0;0;0x0000;02 Illegal Data Address
43887;0;0;0x0000;02 Illegal Data Address
43888;0;0;0x0000;02 Illegal Data Address
43889;0;0;0x0000;02 Illegal Data Address
43890;0;0;0x0000;02 Illegal Data Address
43891;0;0;0x0000;02 Illegal Data Address
43892;0;0;0x0000;02 Illegal Data Address
43893;0;0;0x0000;02 Illegal Data Address
43894;0;0;0x0000;02 Illegal Data Address
43895;0;0;0x0000;02 Illegal Data Address
43896;0;0;0x0000;02 Illegal Data Address
43897;0;0;0x0000;02 Illegal Data Address
43898;0;0;0x0000;02 Illegal Data Address
43899;0;0;0x0000;02 Illegal Data Address
43900;0;0;0x0000;02 Illegal Data Address
43901;0;0;0x0000;02 Illegal Data Address
43902;0;0;0x0000;02 Illegal Data Address
43903;0;0;0x0000;02 Illegal Data Address
43904;0;0;0x0000;02 Illegal Data Address
43905;0;0;0x0000;02 Illegal Data Address
43906;0;0;0x0000;02 Illegal Data Address
43907;0;0;0x0000;02 Illegal Data Address
43908;0;0;0x0000;02 Illegal Data Address
43909;0;0;0x0000;02 Illegal Data Address
43910;0;0;0x0000;02 Illegal Data Address
43911;0;0;0x0000;02 Illegal Data Address
43912;0;0;0x0000;02 Illegal Data Address
43913;0;0;0x0000;02 Illegal Data Address
43914;0;0;0x0000;02 Illegal Data Address
43915;0;0;0x0000;02 Illegal Data Address
43916;0;0;0x0000;02 Illegal Data Address
43917;0;0;0x0000;02 Illegal Data Address
43918;0;0;0x0000;02 Illegal Data Address
43919;0;0;0x0000;02 Illegal Data Address
43920;0;0;0x0000;02 Illegal Data Address
43921;0;0;0x0000;02 Illegal Data Address
43922;0;0;0x0000;02 Illegal Data Address
43923;0;0;0x0000;02 Illegal Data Address
43924;0;0;0x0000;02 Illegal Data Address
43925;0;0;0x0000;02 Illegal Data Address
43926;0;0;0x0000;02 Illegal Data Address
43927;0;0;0x0000;02 Illegal Data Address
43928;0;0;0x0000;02 Illegal Data Address
43929;0;0;0x0000;02 Illegal Data Address
43930;0;0;0x0000;02 Illegal Data Address
43931;0;0;0x0000;02 Illegal Data Address
43932;0;0;0x0000;02 Illegal Data Address
43933;0;0;0x0000;02 Illegal Data Address
43934;0;0;0x0000;02 Illegal Data Address
43935;0;0;0x0000;02 Illegal Data Address
43936;0;0;0x0000;02 Illegal Data Address
43937;0;0;0x0000;02 Illegal Data Address
43938;0;0;0x0000;02 Illegal Data Address
43939;0;0;0x0000;02 Illegal Data Address
43940;0;0;0x0000;02 Illegal Data Address
43941;0;0;0x0000;02 Illegal Data Address
43942;0;0;0x0000;02 Illegal Data Address
43943;0;0;0x0000;02 Illegal Data Address
43944;0;0;0x0000;02 Illegal Data Address
43945;0;0;0x0000;02 Illegal Data Address
43946;0;0;0x0000;02 Illegal Data Address
43947;0;0;0x0000;02 Illegal Data Address
43948;0;0;0x0000;02 Illegal Data Address
43949;0;0;0x0000;02 Illegal Data Address
43950;0;0;0x0000;02 Illegal Data Address
43951;0;0;0x0000;02 Illegal Data Address
43952;0;0;0x0000;02 Illegal Data Address
43953;0;0;0x0000;02 Illegal Data Address
43954;0;0;0x0000;02 Illegal Data Address
43955;0;0;0x0000;02 Illegal Data Address
43956;0;0;0x0000;02 Illegal Data Address
43957;0;0;0x0000;02 Illegal Data Address
43958;0;0;0x0000;02 Illegal Data Address
43959;0;0;0x0000;02 Illegal Data Address
43960;0;0;0x0000;02 Illegal Data Address
43961;0;0;0x0000;02 Illegal Data Address
43962;0;0;0x0000;02 Illegal Data Address
43963;0;0;0x0000;02 Illegal Data Address
43964;0;0;0x0000;02 Illegal Data Address
43965;0;0;0x0000;02 Illegal Data Address
43966;0;0;0x0000;02 Illegal Data Address
43967;0;0;0x0000;02 Illegal Data Address
43968;0;0;0x0000;02 Illegal Data Address
43969;0;0;0x0000;02 Illegal Data Address
43970;0;0;0x0000;02 Illegal Data Address
43971;0;0;0x0000;02 Illegal Data Address
43972;0;0;0x0000;02 Illegal Data Address
43973;0;0;0x0000;02 Illegal Data Address
43974;0;0;0x0000;02 Illegal Data Address
43975;0;0;0x0000;02 Illegal Data Address
43976;0;0;0x0000;02 Illegal Data Address
43977;0;0;0x0000;02 Illegal Data Address
43978;0;0;0x0000;02 Illegal Data Address
43979;0;0;0x0000;02 Illegal Data Address
43980;0;0;0x0000;02 Illegal Data Address
43981;0;0;0x0000;02 Illegal Data Address
43982;0;0;0x0000;02 Illegal Data Address
43983;0;0;0x0000;02 Illegal Data Address
43984;0;0;0x0000;02 Illegal Data Address
43985;0;0;0x0000;02 Illegal Data Address
43986;0;0;0x0000;02 Illegal Data Address
43987;0;0;0x0000;02 Illegal Data Address
43988;0;0;0x0000;02 Illegal Data Address
43989;0;0;0x0000;02 Illegal Data Address
43990;0;0;0x0000;02 Illegal Data Address
43991;0;0;0x0000;02 Illegal Data Address
43992;0;0;0x0000;02 Illegal Data Address
43993;0;0;0x0000;02 Illegal Data Address
43994;0;0;0x0000;02 Illegal Data Address
43995;0;0;0x0000;02 Illegal Data Address
43996;0;0;0x0000;02 Illegal Data Address
43997;0;0;0x0000;02 Illegal Data Address
43998;0;0;0x0000;02 Illegal Data Address
43999;0;0;0x0000;02 Illegal Data Address
44000;0;0;0x0000;02 Illegal Data Address
44001;0;0;0x0000;02 Illegal Data Address
44002;0;0;0x0000;02 Illegal Data Address
44003;0;0;0x0000;02 Illegal Data Address
44004;0;0;0x0000;02 Illegal Data Address
44005;0;0;0x0000;02 Illegal Data Address
44006;0;0;0x0000;02 Illegal Data Address
44007;0;0;0x0000;02 Illegal Data Address
44008;0;0;0x0000;02 Illegal Data Address
44009;0;0;0x0000;02 Illegal Data Address
44010;0;0;0x0000;02 Illegal Data Address
44011;0;0;0x0000;02 Illegal Data Address
44012;0;0;0x0000;02 Illegal Data Address
44013;0;0;0x0000;02 Illegal Data Address
44014;0;0;0x0000;02 Illegal Data Address
44015;0;0;0x0000;02 Illegal Data Address
44016;0;0;0x0000;02 Illegal Data Address
44017;0;0;0x0000;02 Illegal Data Address
44018;0;0;0x0000;02 Illegal Data Address
44019;0;0;0x0000;02 Illegal Data Address
44020;0;0;0x0000;02 Illegal Data Address
44021;0;0;0x0000;02 Illegal Data Address
44022;0;0;0x0000;02 Illegal Data Address
44023;0;0;0x0000;02 Illegal Data Address
44024;0;0;0x0000;02 Illegal Data Address
44025;0;0;0x0000;02 Illegal Data Address
44026;0;0;0x0000;02 Illegal Data Address
44027;0;0;0x0000;02 Illegal Data Address
44028;0;0;0x0000;02 Illegal Data Address
44029;0;0;0x0000;02 Illegal Data Address
44030;0;0;0x0000;02 Illegal Data Address
44031;0;0;0x0000;02 Illegal Data Address
44032;0;0;0x0000;02 Illegal Data Address
44033;0;0;0x0000;02 Illegal Data Address
44034;0;0;0x0000;02 Illegal Data Address
44035;0;0;0x0000;02 Illegal Data Address
44036;0;0;0x0000;02 Illegal Data Address
44037;0;0;0x0000;02 Illegal Data Address
44038;0;0;0x0000;02 Illegal Data Address
44039;0;0;0x0000;02 Illegal Data Address
44040;0;0;0x0000;02 Illegal Data Address
44041;0;0;0x0000;02 Illegal Data Address
44042;0;0;0x0000;02 Illegal Data Address
44043;0;0;0x0000;02 Illegal Data Address
44044;0;0;0x0000;02 Illegal Data Address
44045;0;0;0x0000;02 Illegal Data Address
44046;0;0;0x0000;02 Illegal Data Address
44047;0;0;0x0000;02 Illegal Data Address
44048;0;0;0x0000;02 Illegal Data Address
44049;0;0;0x0000;02 Illegal Data Address
44050;0;0;0x0000;02 Illegal Data Address
44051;0;0;0x0000;02 Illegal Data Address
44052;0;0;0x0000;02 Illegal Data Address
44053;0;0;0x0000;02 Illegal Data Address
44054;0;0;0x0000;02 Illegal Data Address
44055;0;0;0x0000;02 Illegal Data Address
44056;0;0;0x0000;02 Illegal Data Address
44057;0;0;0x0000;02 Illegal Data Address
44058;0;0;0x0000;02 Illegal Data Address
44059;0;0;0x0000;02 Illegal Data Address
44060;0;0;0x0000;02 Illegal Data Address
44061;0;0;0x0000;02 Illegal Data Address
44062;0;0;0x0000;02 Illegal Data Address
44063;0;0;0x0000;02 Illegal Data Address
44064;0;0;0x0000;02 Illegal Data Address
44065;0;0;0x0000;02 Illegal Data Address
44066;0;0;0x0000;02 Illegal Data Address
44067;0;0;0x0000;02 Illegal Data Address
44068;0;0;0x0000;02 Illegal Data Address
44069;0;0;0x0000;02 Illegal Data Address
44070;0;0;0x0000;02 Illegal Data Address
44071;0;0;0x0000;02 Illegal Data Address
44072;0;0;0x0000;02 Illegal Data Address
44073;0;0;0x0000;02 Illegal Data Address
44074;0;0;0x0000;02 Illegal Data Address
44075;0;0;0x0000;02 Illegal Data Address
44076;0;0;0x0000;02 Illegal Data Address
44077;0;0;0x0000;02 Illegal Data Address
44078;0;0;0x0000;02 Illegal Data Address
44079;0;0;0x0000;02 Illegal Data Address
44080;0;0;0x0000;02 Illegal Data Address
44081;0;0;0x0000;02 Illegal Data Address
44082;0;0;0x0000;02 Illegal Data Address
44083;0;0;0x0000;02 Illegal Data Address
44084;0;0;0x0000;02 Illegal Data Address
44085;0;0;0x0000;02 Illegal Data Address
44086;0;0;0x0000;02 Illegal Data Address
44087;0;0;0x0000;02 Illegal Data Address
44088;0;0;0x0000;02 Illegal Data Address
44089;0;0;0x0000;02 Illegal Data Address
44090;0;0;0x0000;02 Illegal Data Address
44091;0;0;0x0000;02 Illegal Data Address
44092;0;0;0x0000;02 Illegal Data Address
44093;0;0;0x0000;02 Illegal Data Address
44094;0;0;0x0000;02 Illegal Data Address
44095;0;0;0x0000;02 Illegal Data Address
44096;0;0;0x0000;02 Illegal Data Address
44097;0;0;0x0000;02 Illegal Data Address
44098;0;0;0x0000;02 Illegal Data Address
44099;0;0;0x0000;02 Illegal Data Address
44100;0;0;0x0000;02 Illegal Data Address
44101;0;0;0x0000;02 Illegal Data Address
44102;0;0;0x0000;02 Illegal Data Address
44103;0;0;0x0000;02 Illegal Data Address
44104;0;0;0x0000;02 Illegal Data Address
44105;0;0;0x0000;02 Illegal Data Address
44106;0;0;0x0000;02 Illegal Data Address
44107;0;0;0x0000;02 Illegal Data Address
44108;0;0;0x0000;02 Illegal Data Address
44109;0;0;0x0000;02 Illegal Data Address
44110;0;0;0x0000;02 Illegal Data Address
44111;0;0;0x0000;02 Illegal Data Address
44112;0;0;0x0000;02 Illegal Data Address
44113;0;0;0x0000;02 Illegal Data Address
44114;0;0;0x0000;02 Illegal Data Address
44115;0;0;0x0000;02 Illegal Data Address
44116;0;0;0x0000;02 Illegal Data Address
44117;0;0;0x0000;02 Illegal Data Address
44118;0;0;0x0000;02 Illegal Data Address
44119;0;0;0x0000;02 Illegal Data Address
44120;0;0;0x0000;02 Illegal Data Address
44121;0;0;0x0000;02 Illegal Data Address
44122;0;0;0x0000;02 Illegal Data Address
44123;0;0;0x0000;02 Illegal Data Address
44124;0;0;0x0000;02 Illegal Data Address
44125;0;0;0x0000;02 Illegal Data Address
44126;0;0;0x0000;02 Illegal Data Address
44127;0;0;0x0000;02 Illegal Data Address
44128;0;0;0x0000;02 Illegal Data Address
44129;0;0;0x0000;02 Illegal Data Address
44130;0;0;0x0000;02 Illegal Data Address
44131;0;0;0x0000;02 Illegal Data Address
44132;0;0;0x0000;02 Illegal Data Address
44133;0;0;0x0000;02 Illegal Data Address
44134;0;0;0x0000;02 Illegal Data Address
44135;0;0;0x0000;02 Illegal Data Address
44136;0;0;0x0000;02 Illegal Data Address
44137;0;0;0x0000;02 Illegal Data Address
44138;0;0;0x0000;02 Illegal Data Address
44139;0;0;0x0000;02 Illegal Data Address
44140;0;0;0x0000;02 Illegal Data Address
44141;0;0;0x0000;02 Illegal Data Address
44142;0;0;0x0000;02 Illegal Data Address
44143;0;0;0x0000;02 Illegal Data Address
44144;0;0;0x0000;02 Illegal Data Address
44145;0;0;0x0000;02 Illegal Data Address
44146;0;0;0x0000;02 Illegal Data Address
44147;0;0;0x0000;02 Illegal Data Address
44148;0;0;0x0000;02 Illegal Data Address
44149;0;0;0x0000;02 Illegal Data Address
44150;0;0;0x0000;02 Illegal Data Address
44151;0;0;0x0000;02 Illegal Data Address
44152;0;0;0x0000;02 Illegal Data Address
44153;0;0;0x0000;02 Illegal Data Address
44154;0;0;0x0000;02 Illegal Data Address
44155;0;0;0x0000;02 Illegal Data Address
44156;0;0;0x0000;02 Illegal Data Address
44157;0;0;0x0000;02 Illegal Data Address
44158;0;0;0x0000;02 Illegal Data Address
44159;0;0;0x0000;02 Illegal Data Address
44160;0;0;0x0000;02 Illegal Data Address
44161;0;0;0x0000;02 Illegal Data Address
44162;0;0;0x0000;02 Illegal Data Address
44163;0;0;0x0000;02 Illegal Data Address
44164;0;0;0x0000;02 Illegal Data Address
44165;0;0;0x0000;02 Illegal Data Address
44166;0;0;0x0000;02 Illegal Data Address
44167;0;0;0x0000;02 Illegal Data Address
44168;0;0;0x0000;02 Illegal Data Address
44169;0;0;0x0000;02 Illegal Data Address
44170;0;0;0x0000;02 Illegal Data Address
44171;0;0;0x0000;02 Illegal Data Address
44172;0;0;0x0000;02 Illegal Data Address
44173;0;0;0x0000;02 Illegal Data Address
44174;0;0;0x0000;02 Illegal Data Address
44175;0;0;0x0000;02 Illegal Data Address
44176;0;0;0x0000;02 Illegal Data Address
44177;0;0;0x0000;02 Illegal Data Address
44178;0;0;0x0000;02 Illegal Data Address
44179;0;0;0x0000;02 Illegal Data Address
44180;0;0;0x0000;02 Illegal Data Address
44181;0;0;0x0000;02 Illegal Data Address
44182;0;0;0x0000;02 Illegal Data Address
44183;0;0;0x0000;02 Illegal Data Address
44184;0;0;0x0000;02 Illegal Data Address
44185;0;0;0x0000;02 Illegal Data Address
44186;0;0;0x0000;02 Illegal Data Address
44187;0;0;0x0000;02 Illegal Data Address
44188;0;0;0x0000;02 Illegal Data Address
44189;0;0;0x0000;02 Illegal Data Address
44190;0;0;0x0000;02 Illegal Data Address
44191;0;0;0x0000;02 Illegal Data Address
44192;0;0;0x0000;02 Illegal Data Address
44193;0;0;0x0000;02 Illegal Data Address
44194;0;0;0x0000;02 Illegal Data Address
44195;0;0;0x0000;02 Illegal Data Address
44196;0;0;0x0000;02 Illegal Data Address
44197;0;0;0x0000;02 Illegal Data Address
44198;0;0;0x0000;02 Illegal Data Address
44199;0;0;0x0000;02 Illegal Data Address
44200;0;0;0x0000;02 Illegal Data Address
44201;0;0;0x0000;02 Illegal Data Address
44202;0;0;0x0000;02 Illegal Data Address
44203;0;0;0x0000;02 Illegal Data Address
44204;0;0;0x0000;02 Illegal Data Address
44205;0;0;0x0000;02 Illegal Data Address
44206;0;0;0x0000;02 Illegal Data Address
44207;0;0;0x0000;02 Illegal Data Address
44208;0;0;0x0000;02 Illegal Data Address
44209;0;0;0x0000;02 Illegal Data Address
44210;0;0;0x0000;02 Illegal Data Address
44211;0;0;0x0000;02 Illegal Data Address
44212;0;0;0x0000;02 Illegal Data Address
44213;0;0;0x0000;02 Illegal Data Address
44214;0;0;0x0000;02 Illegal Data Address
44215;0;0;0x0000;02 Illegal Data Address
44216;0;0;0x0000;02 Illegal Data Address
44217;0;0;0x0000;02 Illegal Data Address
44218;0;0;0x0000;02 Illegal Data Address
44219;0;0;0x0000;02 Illegal Data Address
44220;0;0;0x0000;02 Illegal Data Address
44221;0;0;0x0000;02 Illegal Data Address
44222;0;0;0x0000;02 Illegal Data Address
44223;0;0;0x0000;02 Illegal Data Address
44224;0;0;0x0000;02 Illegal Data Address
44225;0;0;0x0000;02 Illegal Data Address
44226;0;0;0x0000;02 Illegal Data Address
44227;0;0;0x0000;02 Illegal Data Address
44228;0;0;0x0000;02 Illegal Data Address
44229;0;0;0x0000;02 Illegal Data Address
44230;0;0;0x0000;02 Illegal Data Address
44231;0;0;0x0000;02 Illegal Data Address
44232;0;0;0x0000;02 Illegal Data Address
44233;0;0;0x0000;02 Illegal Data Address
44234;0;0;0x0000;02 Illegal Data Address
44235;0;0;0x0000;02 Illegal Data Address
44236;0;0;0x0000;02 Illegal Data Address
44237;0;0;0x0000;02 Illegal Data Address
44238;0;0;0x0000;02 Illegal Data Address
44239;0;0;0x0000;02 Illegal Data Address
44240;0;0;0x0000;02 Illegal Data Address
44241;0;0;0x0000;02 Illegal Data Address
44242;0;0;0x0000;02 Illegal Data Address
44243;0;0;0x0000;02 Illegal Data Address
44244;0;0;0x0000;02 Illegal Data Address
44245;0;0;0x0000;02 Illegal Data Address
44246;0;0;0x0000;02 Illegal Data Address
44247;0;0;0x0000;02 Illegal Data Address
44248;0;0;0x0000;02 Illegal Data Address
44249;0;0;0x0000;02 Illegal Data Address
44250;0;0;0x0000;02 Illegal Data Address
44251;0;0;0x0000;02 Illegal Data Address
44252;0;0;0x0000;02 Illegal Data Address
44253;0;0;0x0000;02 Illegal Data Address
44254;0;0;0x0000;02 Illegal Data Address
44255;0;0;0x0000;02 Illegal Data Address
44256;0;0;0x0000;02 Illegal Data Address
44257;0;0;0x0000;02 Illegal Data Address
44258;0;0;0x0000;02 Illegal Data Address
44259;0;0;0x0000;02 Illegal Data Address
44260;0;0;0x0000;02 Illegal Data Address
44261;0;0;0x0000;02 Illegal Data Address
44262;0;0;0x0000;02 Illegal Data Address
44263;0;0;0x0000;02 Illegal Data Address
44264;0;0;0x0000;02 Illegal Data Address
44265;0;0;0x0000;02 Illegal Data Address
44266;0;0;0x0000;02 Illegal Data Address
44267;0;0;0x0000;02 Illegal Data Address
44268;0;0;0x0000;02 Illegal Data Address
44269;0;0;0x0000;02 Illegal Data Address
44270;0;0;0x0000;02 Illegal Data Address
44271;0;0;0x0000;02 Illegal Data Address
44272;0;0;0x0000;02 Illegal Data Address
44273;0;0;0x0000;02 Illegal Data Address
44274;0;0;0x0000;02 Illegal Data Address
44275;0;0;0x0000;02 Illegal Data Address
44276;0;0;0x0000;02 Illegal Data Address
44277;0;0;0x0000;02 Illegal Data Address
44278;0;0;0x0000;02 Illegal Data Address
44279;0;0;0x0000;02 Illegal Data Address
44280;0;0;0x0000;02 Illegal Data Address
44281;0;0;0x0000;02 Illegal Data Address
44282;0;0;0x0000;02 Illegal Data Address
44283;0;0;0x0000;02 Illegal Data Address
44284;0;0;0x0000;02 Illegal Data Address
44285;0;0;0x0000;02 Illegal Data Address
44286;0;0;0x0000;02 Illegal Data Address
44287;0;0;0x0000;02 Illegal Data Address
44288;0;0;0x0000;02 Illegal Data Address
44289;0;0;0x0000;02 Illegal Data Address
44290;0;0;0x0000;02 Illegal Data Address
44291;0;0;0x0000;02 Illegal Data Address
44292;0;0;0x0000;02 Illegal Data Address
44293;0;0;0x0000;02 Illegal Data Address
44294;0;0;0x0000;02 Illegal Data Address
44295;0;0;0x0000;02 Illegal Data Address
44296;0;0;0x0000;02 Illegal Data Address
44297;0;0;0x0000;02 Illegal Data Address
44298;0;0;0x0000;02 Illegal Data Address
44299;0;0;0x0000;02 Illegal Data Address
44300;0;0;0x0000;02 Illegal Data Address
44301;0;0;0x0000;02 Illegal Data Address
44302;0;0;0x0000;02 Illegal Data Address
44303;0;0;0x0000;02 Illegal Data Address
44304;0;0;0x0000;02 Illegal Data Address
44305;0;0;0x0000;02 Illegal Data Address
44306;0;0;0x0000;02 Illegal Data Address
44307;0;0;0x0000;02 Illegal Data Address
44308;0;0;0x0000;02 Illegal Data Address
44309;0;0;0x0000;02 Illegal Data Address
44310;0;0;0x0000;02 Illegal Data Address
44311;0;0;0x0000;02 Illegal Data Address
44312;0;0;0x0000;02 Illegal Data Address
44313;0;0;0x0000;02 Illegal Data Address
44314;0;0;0x0000;02 Illegal Data Address
44315;0;0;0x0000;02 Illegal Data Address
44316;0;0;0x0000;02 Illegal Data Address
44317;0;0;0x0000;02 Illegal Data Address
44318;0;0;0x0000;02 Illegal Data Address
44319;0;0;0x0000;02 Illegal Data Address
44320;0;0;0x0000;02 Illegal Data Address
44321;0;0;0x0000;02 Illegal Data Address
44322;0;0;0x0000;02 Illegal Data Address
44323;0;0;0x0000;02 Illegal Data Address
44324;0;0;0x0000;02 Illegal Data Address
44325;0;0;0x0000;02 Illegal Data Address
44326;0;0;0x0000;02 Illegal Data Address
44327;0;0;0x0000;02 Illegal Data Address
44328;0;0;0x0000;02 Illegal Data Address
44329;0;0;0x0000;02 Illegal Data Address
44330;0;0;0x0000;02 Illegal Data Address
44331;0;0;0x0000;02 Illegal Data Address
44332;0;0;0x0000;02 Illegal Data Address
44333;0;0;0x0000;02 Illegal Data Address
44334;0;0;0x0000;02 Illegal Data Address
44335;0;0;0x0000;02 Illegal Data Address
44336;0;0;0x0000;02 Illegal Data Address
44337;0;0;0x0000;02 Illegal Data Address
44338;0;0;0x0000;02 Illegal Data Address
44339;0;0;0x0000;02 Illegal Data Address
44340;0;0;0x0000;02 Illegal Data Address
44341;0;0;0x0000;02 Illegal Data Address
44342;0;0;0x0000;02 Illegal Data Address
44343;0;0;0x0000;02 Illegal Data Address
44344;0;0;0x0000;02 Illegal Data Address
44345;0;0;0x0000;02 Illegal Data Address
44346;0;0;0x0000;02 Illegal Data Address
44347;0;0;0x0000;02 Illegal Data Address
44348;0;0;0x0000;02 Illegal Data Address
44349;0;0;0x0000;02 Illegal Data Address
44350;0;0;0x0000;02 Illegal Data Address
44351;0;0;0x0000;02 Illegal Data Address
44352;0;0;0x0000;02 Illegal Data Address
44353;0;0;0x0000;02 Illegal Data Address
44354;0;0;0x0000;02 Illegal Data Address
44355;0;0;0x0000;02 Illegal Data Address
44356;0;0;0x0000;02 Illegal Data Address
44357;0;0;0x0000;02 Illegal Data Address
44358;0;0;0x0000;02 Illegal Data Address
44359;0;0;0x0000;02 Illegal Data Address
44360;0;0;0x0000;02 Illegal Data Address
44361;0;0;0x0000;02 Illegal Data Address
44362;0;0;0x0000;02 Illegal Data Address
44363;0;0;0x0000;02 Illegal Data Address
44364;0;0;0x0000;02 Illegal Data Address
44365;0;0;0x0000;02 Illegal Data Address
44366;0;0;0x0000;02 Illegal Data Address
44367;0;0;0x0000;02 Illegal Data Address
44368;0;0;0x0000;02 Illegal Data Address
44369;0;0;0x0000;02 Illegal Data Address
44370;0;0;0x0000;02 Illegal Data Address
44371;0;0;0x0000;02 Illegal Data Address
44372;0;0;0x0000;02 Illegal Data Address
44373;0;0;0x0000;02 Illegal Data Address
44374;0;0;0x0000;02 Illegal Data Address
44375;0;0;0x0000;02 Illegal Data Address
44376;0;0;0x0000;02 Illegal Data Address
44377;0;0;0x0000;02 Illegal Data Address
44378;0;0;0x0000;02 Illegal Data Address
44379;0;0;0x0000;02 Illegal Data Address
44380;0;0;0x0000;02 Illegal Data Address
44381;0;0;0x0000;02 Illegal Data Address
44382;0;0;0x0000;02 Illegal Data Address
44383;0;0;0x0000;02 Illegal Data Address
44384;0;0;0x0000;02 Illegal Data Address
44385;0;0;0x0000;02 Illegal Data Address
44386;0;0;0x0000;02 Illegal Data Address
44387;0;0;0x0000;02 Illegal Data Address
44388;0;0;0x0000;02 Illegal Data Address
44389;0;0;0x0000;02 Illegal Data Address
44390;0;0;0x0000;02 Illegal Data Address
44391;0;0;0x0000;02 Illegal Data Address
44392;0;0;0x0000;02 Illegal Data Address
44393;0;0;0x0000;02 Illegal Data Address
44394;0;0;0x0000;02 Illegal Data Address
44395;0;0;0x0000;02 Illegal Data Address
44396;0;0;0x0000;02 Illegal Data Address
44397;0;0;0x0000;02 Illegal Data Address
44398;0;0;0x0000;02 Illegal Data Address
44399;0;0;0x0000;02 Illegal Data Address
44400;0;0;0x0000;02 Illegal Data Address
44401;0;0;0x0000;02 Illegal Data Address
44402;0;0;0x0000;02 Illegal Data Address
44403;0;0;0x0000;02 Illegal Data Address
44404;0;0;0x0000;02 Illegal Data Address
44405;0;0;0x0000;02 Illegal Data Address
44406;0;0;0x0000;02 Illegal Data Address
44407;0;0;0x0000;02 Illegal Data Address
44408;0;0;0x0000;02 Illegal Data Address
44409;0;0;0x0000;02 Illegal Data Address
44410;0;0;0x0000;02 Illegal Data Address
44411;0;0;0x0000;02 Illegal Data Address
44412;0;0;0x0000;02 Illegal Data Address
44413;0;0;0x0000;02 Illegal Data Address
44414;0;0;0x0000;02 Illegal Data Address
44415;0;0;0x0000;02 Illegal Data Address
44416;0;0;0x0000;02 Illegal Data Address
44417;0;0;0x0000;02 Illegal Data Address
44418;0;0;0x0000;02 Illegal Data Address
44419;0;0;0x0000;02 Illegal Data Address
44420;0;0;0x0000;02 Illegal Data Address
44421;0;0;0x0000;02 Illegal Data Address
44422;0;0;0x0000;02 Illegal Data Address
44423;0;0;0x0000;02 Illegal Data Address
44424;0;0;0x0000;02 Illegal Data Address
44425;0;0;0x0000;02 Illegal Data Address
44426;0;0;0x0000;02 Illegal Data Address
44427;0;0;0x0000;02 Illegal Data Address
44428;0;0;0x0000;02 Illegal Data Address
44429;0;0;0x0000;02 Illegal Data Address
44430;0;0;0x0000;02 Illegal Data Address
44431;0;0;0x0000;02 Illegal Data Address
44432;0;0;0x0000;02 Illegal Data Address
44433;0;0;0x0000;02 Illegal Data Address
44434;0;0;0x0000;02 Illegal Data Address
44435;0;0;0x0000;02 Illegal Data Address
44436;0;0;0x0000;02 Illegal Data Address
44437;0;0;0x0000;02 Illegal Data Address
44438;0;0;0x0000;02 Illegal Data Address
44439;0;0;0x0000;02 Illegal Data Address
44440;0;0;0x0000;02 Illegal Data Address
44441;0;0;0x0000;02 Illegal Data Address
44442;0;0;0x0000;02 Illegal Data Address
44443;0;0;0x0000;02 Illegal Data Address
44444;0;0;0x0000;02 Illegal Data Address
44445;0;0;0x0000;02 Illegal Data Address
44446;0;0;0x0000;02 Illegal Data Address
44447;0;0;0x0000;02 Illegal Data Address
44448;0;0;0x0000;02 Illegal Data Address
44449;0;0;0x0000;02 Illegal Data Address
44450;0;0;0x0000;02 Illegal Data Address
44451;0;0;0x0000;02 Illegal Data Address
44452;0;0;0x0000;02 Illegal Data Address
44453;0;0;0x0000;02 Illegal Data Address
44454;0;0;0x0000;02 Illegal Data Address
44455;0;0;0x0000;02 Illegal Data Address
44456;0;0;0x0000;02 Illegal Data Address
44457;0;0;0x0000;02 Illegal Data Address
44458;0;0;0x0000;02 Illegal Data Address
44459;0;0;0x0000;02 Illegal Data Address
44460;0;0;0x0000;02 Illegal Data Address
44461;0;0;0x0000;02 Illegal Data Address
44462;0;0;0x0000;02 Illegal Data Address
44463;0;0;0x0000;02 Illegal Data Address
44464;0;0;0x0000;02 Illegal Data Address
44465;0;0;0x0000;02 Illegal Data Address
44466;0;0;0x0000;02 Illegal Data Address
44467;0;0;0x0000;02 Illegal Data Address
44468;0;0;0x0000;02 Illegal Data Address
44469;0;0;0x0000;02 Illegal Data Address
44470;0;0;0x0000;02 Illegal Data Address
44471;0;0;0x0000;02 Illegal Data Address
44472;0;0;0x0000;02 Illegal Data Address
44473;0;0;0x0000;02 Illegal Data Address
44474;0;0;0x0000;02 Illegal Data Address
44475;0;0;0x0000;02 Illegal Data Address
44476;0;0;0x0000;02 Illegal Data Address
44477;0;0;0x0000;02 Illegal Data Address
44478;0;0;0x0000;02 Illegal Data Address
44479;0;0;0x0000;02 Illegal Data Address
44480;0;0;0x0000;02 Illegal Data Address
44481;0;0;0x0000;02 Illegal Data Address
44482;0;0;0x0000;02 Illegal Data Address
44483;0;0;0x0000;02 Illegal Data Address
44484;0;0;0x0000;02 Illegal Data Address
44485;0;0;0x0000;02 Illegal Data Address
44486;0;0;0x0000;02 Illegal Data Address
44487;0;0;0x0000;02 Illegal Data Address
44488;0;0;0x0000;02 Illegal Data Address
44489;0;0;0x0000;02 Illegal Data Address
44490;0;0;0x0000;02 Illegal Data Address
44491;0;0;0x0000;02 Illegal Data Address
44492;0;0;0x0000;02 Illegal Data Address
44493;0;0;0x0000;02 Illegal Data Address
44494;0;0;0x0000;02 Illegal Data Address
44495;0;0;0x0000;02 Illegal Data Address
44496;0;0;0x0000;02 Illegal Data Address
44497;0;0;0x0000;02 Illegal Data Address
44498;0;0;0x0000;02 Illegal Data Address
44499;0;0;0x0000;02 Illegal Data Address
44500;0;0;0x0000;02 Illegal Data Address
44501;0;0;0x0000;02 Illegal Data Address
44502;0;0;0x0000;02 Illegal Data Address
44503;0;0;0x0000;02 Illegal Data Address
44504;0;0;0x0000;02 Illegal Data Address
44505;0;0;0x0000;02 Illegal Data Address
44506;0;0;0x0000;02 Illegal Data Address
44507;0;0;0x0000;02 Illegal Data Address
44508;0;0;0x0000;02 Illegal Data Address
44509;0;0;0x0000;02 Illegal Data Address
44510;0;0;0x0000;02 Illegal Data Address
44511;0;0;0x0000;02 Illegal Data Address
44512;0;0;0x0000;02 Illegal Data Address
44513;0;0;0x0000;02 Illegal Data Address
44514;0;0;0x0000;02 Illegal Data Address
44515;0;0;0x0000;02 Illegal Data Address
44516;0;0;0x0000;02 Illegal Data Address
44517;0;0;0x0000;02 Illegal Data Address
44518;0;0;0x0000;02 Illegal Data Address
44519;0;0;0x0000;02 Illegal Data Address
44520;0;0;0x0000;02 Illegal Data Address
44521;0;0;0x0000;02 Illegal Data Address
44522;0;0;0x0000;02 Illegal Data Address
44523;0;0;0x0000;02 Illegal Data Address
44524;0;0;0x0000;02 Illegal Data Address
44525;0;0;0x0000;02 Illegal Data Address
44526;0;0;0x0000;02 Illegal Data Address
44527;0;0;0x0000;02 Illegal Data Address
44528;0;0;0x0000;02 Illegal Data Address
44529;0;0;0x0000;02 Illegal Data Address
44530;0;0;0x0000;02 Illegal Data Address
44531;0;0;0x0000;02 Illegal Data Address
44532;0;0;0x0000;02 Illegal Data Address
44533;0;0;0x0000;02 Illegal Data Address
44534;0;0;0x0000;02 Illegal Data Address
44535;0;0;0x0000;02 Illegal Data Address
44536;0;0;0x0000;02 Illegal Data Address
44537;0;0;0x0000;02 Illegal Data Address
44538;0;0;0x0000;02 Illegal Data Address
44539;0;0;0x0000;02 Illegal Data Address
44540;0;0;0x0000;02 Illegal Data Address
44541;0;0;0x0000;02 Illegal Data Address
44542;0;0;0x0000;02 Illegal Data Address
44543;0;0;0x0000;02 Illegal Data Address
44544;0;0;0x0000;02 Illegal Data Address
44545;0;0;0x0000;02 Illegal Data Address
44546;0;0;0x0000;02 Illegal Data Address
44547;0;0;0x0000;02 Illegal Data Address
44548;0;0;0x0000;02 Illegal Data Address
44549;0;0;0x0000;02 Illegal Data Address
44550;0;0;0x0000;02 Illegal Data Address
44551;0;0;0x0000;02 Illegal Data Address
44552;0;0;0x0000;02 Illegal Data Address
44553;0;0;0x0000;02 Illegal Data Address
44554;0;0;0x0000;02 Illegal Data Address
44555;0;0;0x0000;02 Illegal Data Address
44556;0;0;0x0000;02 Illegal Data Address
44557;0;0;0x0000;02 Illegal Data Address
44558;0;0;0x0000;02 Illegal Data Address
44559;0;0;0x0000;02 Illegal Data Address
44560;0;0;0x0000;02 Illegal Data Address
44561;0;0;0x0000;02 Illegal Data Address
44562;0;0;0x0000;02 Illegal Data Address
44563;0;0;0x0000;02 Illegal Data Address
44564;0;0;0x0000;02 Illegal Data Address
44565;0;0;0x0000;02 Illegal Data Address
44566;0;0;0x0000;02 Illegal Data Address
44567;0;0;0x0000;02 Illegal Data Address
44568;0;0;0x0000;02 Illegal Data Address
44569;0;0;0x0000;02 Illegal Data Address
44570;0;0;0x0000;02 Illegal Data Address
44571;0;0;0x0000;02 Illegal Data Address
44572;0;0;0x0000;02 Illegal Data Address
44573;0;0;0x0000;02 Illegal Data Address
44574;0;0;0x0000;02 Illegal Data Address
44575;0;0;0x0000;02 Illegal Data Address
44576;0;0;0x0000;02 Illegal Data Address
44577;0;0;0x0000;02 Illegal Data Address
44578;0;0;0x0000;02 Illegal Data Address
44579;0;0;0x0000;02 Illegal Data Address
44580;0;0;0x0000;02 Illegal Data Address
44581;0;0;0x0000;02 Illegal Data Address
44582;0;0;0x0000;02 Illegal Data Address
44583;0;0;0x0000;02 Illegal Data Address
44584;0;0;0x0000;02 Illegal Data Address
44585;0;0;0x0000;02 Illegal Data Address
44586;0;0;0x0000;02 Illegal Data Address
44587;0;0;0x0000;02 Illegal Data Address
44588;0;0;0x0000;02 Illegal Data Address
44589;0;0;0x0000;02 Illegal Data Address
44590;0;0;0x0000;02 Illegal Data Address
44591;0;0;0x0000;02 Illegal Data Address
44592;0;0;0x0000;02 Illegal Data Address
44593;0;0;0x0000;02 Illegal Data Address
44594;0;0;0x0000;02 Illegal Data Address
44595;0;0;0x0000;02 Illegal Data Address
44596;0;0;0x0000;02 Illegal Data Address
44597;0;0;0x0000;02 Illegal Data Address
44598;0;0;0x0000;02 Illegal Data Address
44599;0;0;0x0000;02 Illegal Data Address
44600;0;0;0x0000;02 Illegal Data Address
44601;0;0;0x0000;02 Illegal Data Address
44602;0;0;0x0000;02 Illegal Data Address
44603;0;0;0x0000;02 Illegal Data Address
44604;0;0;0x0000;02 Illegal Data Address
44605;0;0;0x0000;02 Illegal Data Address
44606;0;0;0x0000;02 Illegal Data Address
44607;0;0;0x0000;02 Illegal Data Address
44608;0;0;0x0000;02 Illegal Data Address
44609;0;0;0x0000;02 Illegal Data Address
44610;0;0;0x0000;02 Illegal Data Address
44611;0;0;0x0000;02 Illegal Data Address
44612;0;0;0x0000;02 Illegal Data Address
44613;0;0;0x0000;02 Illegal Data Address
44614;0;0;0x0000;02 Illegal Data Address
44615;0;0;0x0000;02 Illegal Data Address
44616;0;0;0x0000;02 Illegal Data Address
44617;0;0;0x0000;02 Illegal Data Address
44618;0;0;0x0000;02 Illegal Data Address
44619;0;0;0x0000;02 Illegal Data Address
44620;0;0;0x0000;02 Illegal Data Address
44621;0;0;0x0000;02 Illegal Data Address
44622;0;0;0x0000;02 Illegal Data Address
44623;0;0;0x0000;02 Illegal Data Address
44624;0;0;0x0000;02 Illegal Data Address
44625;0;0;0x0000;02 Illegal Data Address
44626;0;0;0x0000;02 Illegal Data Address
44627;0;0;0x0000;02 Illegal Data Address
44628;0;0;0x0000;02 Illegal Data Address
44629;0;0;0x0000;02 Illegal Data Address
44630;0;0;0x0000;02 Illegal Data Address
44631;0;0;0x0000;02 Illegal Data Address
44632;0;0;0x0000;02 Illegal Data Address
44633;0;0;0x0000;02 Illegal Data Address
44634;0;0;0x0000;02 Illegal Data Address
44635;0;0;0x0000;02 Illegal Data Address
44636;0;0;0x0000;02 Illegal Data Address
44637;0;0;0x0000;02 Illegal Data Address
44638;0;0;0x0000;02 Illegal Data Address
44639;0;0;0x0000;02 Illegal Data Address
44640;0;0;0x0000;02 Illegal Data Address
44641;0;0;0x0000;02 Illegal Data Address
44642;0;0;0x0000;02 Illegal Data Address
44643;0;0;0x0000;02 Illegal Data Address
44644;0;0;0x0000;02 Illegal Data Address
44645;0;0;0x0000;02 Illegal Data Address
44646;0;0;0x0000;02 Illegal Data Address
44647;0;0;0x0000;02 Illegal Data Address
44648;0;0;0x0000;02 Illegal Data Address
44649;0;0;0x0000;02 Illegal Data Address
44650;0;0;0x0000;02 Illegal Data Address
44651;0;0;0x0000;02 Illegal Data Address
44652;0;0;0x0000;02 Illegal Data Address
44653;0;0;0x0000;02 Illegal Data Address
44654;0;0;0x0000;02 Illegal Data Address
44655;0;0;0x0000;02 Illegal Data Address
44656;0;0;0x0000;02 Illegal Data Address
44657;0;0;0x0000;02 Illegal Data Address
44658;0;0;0x0000;02 Illegal Data Address
44659;0;0;0x0000;02 Illegal Data Address
44660;0;0;0x0000;02 Illegal Data Address
44661;0;0;0x0000;02 Illegal Data Address
44662;0;0;0x0000;02 Illegal Data Address
44663;0;0;0x0000;02 Illegal Data Address
44664;0;0;0x0000;02 Illegal Data Address
44665;0;0;0x0000;02 Illegal Data Address
44666;0;0;0x0000;02 Illegal Data Address
44667;0;0;0x0000;02 Illegal Data Address
44668;0;0;0x0000;02 Illegal Data Address
44669;0;0;0x0000;02 Illegal Data Address
44670;0;0;0x0000;02 Illegal Data Address
44671;0;0;0x0000;02 Illegal Data Address
44672;0;0;0x0000;02 Illegal Data Address
44673;0;0;0x0000;02 Illegal Data Address
44674;0;0;0x0000;02 Illegal Data Address
44675;0;0;0x0000;02 Illegal Data Address
44676;0;0;0x0000;02 Illegal Data Address
44677;0;0;0x0000;02 Illegal Data Address
44678;0;0;0x0000;02 Illegal Data Address
44679;0;0;0x0000;02 Illegal Data Address
44680;0;0;0x0000;02 Illegal Data Address
44681;0;0;0x0000;02 Illegal Data Address
44682;0;0;0x0000;02 Illegal Data Address
44683;0;0;0x0000;02 Illegal Data Address
44684;0;0;0x0000;02 Illegal Data Address
44685;0;0;0x0000;02 Illegal Data Address
44686;0;0;0x0000;02 Illegal Data Address
44687;0;0;0x0000;02 Illegal Data Address
44688;0;0;0x0000;02 Illegal Data Address
44689;0;0;0x0000;02 Illegal Data Address
44690;0;0;0x0000;02 Illegal Data Address
44691;0;0;0x0000;02 Illegal Data Address
44692;0;0;0x0000;02 Illegal Data Address
44693;0;0;0x0000;02 Illegal Data Address
44694;0;0;0x0000;02 Illegal Data Address
44695;0;0;0x0000;02 Illegal Data Address
44696;0;0;0x0000;02 Illegal Data Address
44697;0;0;0x0000;02 Illegal Data Address
44698;0;0;0x0000;02 Illegal Data Address
44699;0;0;0x0000;02 Illegal Data Address
44700;0;0;0x0000;02 Illegal Data Address
44701;0;0;0x0000;02 Illegal Data Address
44702;0;0;0x0000;02 Illegal Data Address
44703;0;0;0x0000;02 Illegal Data Address
44704;0;0;0x0000;02 Illegal Data Address
44705;0;0;0x0000;02 Illegal Data Address
44706;0;0;0x0000;02 Illegal Data Address
44707;0;0;0x0000;02 Illegal Data Address
44708;0;0;0x0000;02 Illegal Data Address
44709;0;0;0x0000;02 Illegal Data Address
44710;0;0;0x0000;02 Illegal Data Address
44711;0;0;0x0000;02 Illegal Data Address
44712;0;0;0x0000;02 Illegal Data Address
44713;0;0;0x0000;02 Illegal Data Address
44714;0;0;0x0000;02 Illegal Data Address
44715;0;0;0x0000;02 Illegal Data Address
44716;0;0;0x0000;02 Illegal Data Address
44717;0;0;0x0000;02 Illegal Data Address
44718;0;0;0x0000;02 Illegal Data Address
44719;0;0;0x0000;02 Illegal Data Address
44720;0;0;0x0000;02 Illegal Data Address
44721;0;0;0x0000;02 Illegal Data Address
44722;0;0;0x0000;02 Illegal Data Address
44723;0;0;0x0000;02 Illegal Data Address
44724;0;0;0x0000;02 Illegal Data Address
44725;0;0;0x0000;02 Illegal Data Address
44726;0;0;0x0000;02 Illegal Data Address
44727;0;0;0x0000;02 Illegal Data Address
44728;0;0;0x0000;02 Illegal Data Address
44729;0;0;0x0000;02 Illegal Data Address
44730;0;0;0x0000;02 Illegal Data Address
44731;0;0;0x0000;02 Illegal Data Address
44732;0;0;0x0000;02 Illegal Data Address
44733;0;0;0x0000;02 Illegal Data Address
44734;0;0;0x0000;02 Illegal Data Address
44735;0;0;0x0000;02 Illegal Data Address
44736;0;0;0x0000;02 Illegal Data Address
44737;0;0;0x0000;02 Illegal Data Address
44738;0;0;0x0000;02 Illegal Data Address
44739;0;0;0x0000;02 Illegal Data Address
44740;0;0;0x0000;02 Illegal Data Address
44741;0;0;0x0000;02 Illegal Data Address
44742;0;0;0x0000;02 Illegal Data Address
44743;0;0;0x0000;02 Illegal Data Address
44744;0;0;0x0000;02 Illegal Data Address
44745;0;0;0x0000;02 Illegal Data Address
44746;0;0;0x0000;02 Illegal Data Address
44747;0;0;0x0000;02 Illegal Data Address
44748;0;0;0x0000;02 Illegal Data Address
44749;0;0;0x0000;02 Illegal Data Address
44750;0;0;0x0000;02 Illegal Data Address
44751;0;0;0x0000;02 Illegal Data Address
44752;0;0;0x0000;02 Illegal Data Address
44753;0;0;0x0000;02 Illegal Data Address
44754;0;0;0x0000;02 Illegal Data Address
44755;0;0;0x0000;02 Illegal Data Address
44756;0;0;0x0000;02 Illegal Data Address
44757;0;0;0x0000;02 Illegal Data Address
44758;0;0;0x0000;02 Illegal Data Address
44759;0;0;0x0000;02 Illegal Data Address
44760;0;0;0x0000;02 Illegal Data Address
44761;0;0;0x0000;02 Illegal Data Address
44762;0;0;0x0000;02 Illegal Data Address
44763;0;0;0x0000;02 Illegal Data Address
44764;0;0;0x0000;02 Illegal Data Address
44765;0;0;0x0000;02 Illegal Data Address
44766;0;0;0x0000;02 Illegal Data Address
44767;0;0;0x0000;02 Illegal Data Address
44768;0;0;0x0000;02 Illegal Data Address
44769;0;0;0x0000;02 Illegal Data Address
44770;0;0;0x0000;02 Illegal Data Address
44771;0;0;0x0000;02 Illegal Data Address
44772;0;0;0x0000;02 Illegal Data Address
44773;0;0;0x0000;02 Illegal Data Address
44774;0;0;0x0000;02 Illegal Data Address
44775;0;0;0x0000;02 Illegal Data Address
44776;0;0;0x0000;02 Illegal Data Address
44777;0;0;0x0000;02 Illegal Data Address
44778;0;0;0x0000;02 Illegal Data Address
44779;0;0;0x0000;02 Illegal Data Address
44780;0;0;0x0000;02 Illegal Data Address
44781;0;0;0x0000;02 Illegal Data Address
44782;0;0;0x0000;02 Illegal Data Address
44783;0;0;0x0000;02 Illegal Data Address
44784;0;0;0x0000;02 Illegal Data Address
44785;0;0;0x0000;02 Illegal Data Address
44786;0;0;0x0000;02 Illegal Data Address
44787;0;0;0x0000;02 Illegal Data Address
44788;0;0;0x0000;02 Illegal Data Address
44789;0;0;0x0000;02 Illegal Data Address
44790;0;0;0x0000;02 Illegal Data Address
44791;0;0;0x0000;02 Illegal Data Address
44792;0;0;0x0000;02 Illegal Data Address
44793;0;0;0x0000;02 Illegal Data Address
44794;0;0;0x0000;02 Illegal Data Address
44795;0;0;0x0000;02 Illegal Data Address
44796;0;0;0x0000;02 Illegal Data Address
44797;0;0;0x0000;02 Illegal Data Address
44798;0;0;0x0000;02 Illegal Data Address
44799;0;0;0x0000;02 Illegal Data Address
44800;0;0;0x0000;02 Illegal Data Address
44801;0;0;0x0000;02 Illegal Data Address
44802;0;0;0x0000;02 Illegal Data Address
44803;0;0;0x0000;02 Illegal Data Address
44804;0;0;0x0000;02 Illegal Data Address
44805;0;0;0x0000;02 Illegal Data Address
44806;0;0;0x0000;02 Illegal Data Address
44807;0;0;0x0000;02 Illegal Data Address
44808;0;0;0x0000;02 Illegal Data Address
44809;0;0;0x0000;02 Illegal Data Address
44810;0;0;0x0000;02 Illegal Data Address
44811;0;0;0x0000;02 Illegal Data Address
44812;0;0;0x0000;02 Illegal Data Address
44813;0;0;0x0000;02 Illegal Data Address
44814;0;0;0x0000;02 Illegal Data Address
44815;0;0;0x0000;02 Illegal Data Address
44816;0;0;0x0000;02 Illegal Data Address
44817;0;0;0x0000;02 Illegal Data Address
44818;0;0;0x0000;02 Illegal Data Address
44819;0;0;0x0000;02 Illegal Data Address
44820;0;0;0x0000;02 Illegal Data Address
44821;0;0;0x0000;02 Illegal Data Address
44822;0;0;0x0000;02 Illegal Data Address
44823;0;0;0x0000;02 Illegal Data Address
44824;0;0;0x0000;02 Illegal Data Address
44825;0;0;0x0000;02 Illegal Data Address
44826;0;0;0x0000;02 Illegal Data Address
44827;0;0;0x0000;02 Illegal Data Address
44828;0;0;0x0000;02 Illegal Data Address
44829;0;0;0x0000;02 Illegal Data Address
44830;0;0;0x0000;02 Illegal Data Address
44831;0;0;0x0000;02 Illegal Data Address
44832;0;0;0x0000;02 Illegal Data Address
44833;0;0;0x0000;02 Illegal Data Address
44834;0;0;0x0000;02 Illegal Data Address
44835;0;0;0x0000;02 Illegal Data Address
44836;0;0;0x0000;02 Illegal Data Address
44837;0;0;0x0000;02 Illegal Data Address
44838;0;0;0x0000;02 Illegal Data Address
44839;0;0;0x0000;02 Illegal Data Address
44840;0;0;0x0000;02 Illegal Data Address
44841;0;0;0x0000;02 Illegal Data Address
44842;0;0;0x0000;02 Illegal Data Address
44843;0;0;0x0000;02 Illegal Data Address
44844;0;0;0x0000;02 Illegal Data Address
44845;0;0;0x0000;02 Illegal Data Address
44846;0;0;0x0000;02 Illegal Data Address
44847;0;0;0x0000;02 Illegal Data Address
44848;0;0;0x0000;02 Illegal Data Address
44849;0;0;0x0000;02 Illegal Data Address
44850;0;0;0x0000;02 Illegal Data Address
44851;0;0;0x0000;02 Illegal Data Address
44852;0;0;0x0000;02 Illegal Data Address
44853;0;0;0x0000;02 Illegal Data Address
44854;0;0;0x0000;02 Illegal Data Address
44855;0;0;0x0000;02 Illegal Data Address
44856;0;0;0x0000;02 Illegal Data Address
44857;0;0;0x0000;02 Illegal Data Address
44858;0;0;0x0000;02 Illegal Data Address
44859;0;0;0x0000;02 Illegal Data Address
44860;0;0;0x0000;02 Illegal Data Address
44861;0;0;0x0000;02 Illegal Data Address
44862;0;0;0x0000;02 Illegal Data Address
44863;0;0;0x0000;02 Illegal Data Address
44864;0;0;0x0000;02 Illegal Data Address
44865;0;0;0x0000;02 Illegal Data Address
44866;0;0;0x0000;02 Illegal Data Address
44867;0;0;0x0000;02 Illegal Data Address
44868;0;0;0x0000;02 Illegal Data Address
44869;0;0;0x0000;02 Illegal Data Address
44870;0;0;0x0000;02 Illegal Data Address
44871;0;0;0x0000;02 Illegal Data Address
44872;0;0;0x0000;02 Illegal Data Address
44873;0;0;0x0000;02 Illegal Data Address
44874;0;0;0x0000;02 Illegal Data Address
44875;0;0;0x0000;02 Illegal Data Address
44876;0;0;0x0000;02 Illegal Data Address
44877;0;0;0x0000;02 Illegal Data Address
44878;0;0;0x0000;02 Illegal Data Address
44879;0;0;0x0000;02 Illegal Data Address
44880;0;0;0x0000;02 Illegal Data Address
44881;0;0;0x0000;02 Illegal Data Address
44882;0;0;0x0000;02 Illegal Data Address
44883;0;0;0x0000;02 Illegal Data Address
44884;0;0;0x0000;02 Illegal Data Address
44885;0;0;0x0000;02 Illegal Data Address
44886;0;0;0x0000;02 Illegal Data Address
44887;0;0;0x0000;02 Illegal Data Address
44888;0;0;0x0000;02 Illegal Data Address
44889;0;0;0x0000;02 Illegal Data Address
44890;0;0;0x0000;02 Illegal Data Address
44891;0;0;0x0000;02 Illegal Data Address
44892;0;0;0x0000;02 Illegal Data Address
44893;0;0;0x0000;02 Illegal Data Address
44894;0;0;0x0000;02 Illegal Data Address
44895;0;0;0x0000;02 Illegal Data Address
44896;0;0;0x0000;02 Illegal Data Address
44897;0;0;0x0000;02 Illegal Data Address
44898;0;0;0x0000;02 Illegal Data Address
44899;0;0;0x0000;02 Illegal Data Address
44900;0;0;0x0000;02 Illegal Data Address
44901;0;0;0x0000;02 Illegal Data Address
44902;0;0;0x0000;02 Illegal Data Address
44903;0;0;0x0000;02 Illegal Data Address
44904;0;0;0x0000;02 Illegal Data Address
44905;0;0;0x0000;02 Illegal Data Address
44906;0;0;0x0000;02 Illegal Data Address
44907;0;0;0x0000;02 Illegal Data Address
44908;0;0;0x0000;02 Illegal Data Address
44909;0;0;0x0000;02 Illegal Data Address
44910;0;0;0x0000;02 Illegal Data Address
44911;0;0;0x0000;02 Illegal Data Address
44912;0;0;0x0000;02 Illegal Data Address
44913;0;0;0x0000;02 Illegal Data Address
44914;0;0;0x0000;02 Illegal Data Address
44915;0;0;0x0000;02 Illegal Data Address
44916;0;0;0x0000;02 Illegal Data Address
44917;0;0;0x0000;02 Illegal Data Address
44918;0;0;0x0000;02 Illegal Data Address
44919;0;0;0x0000;02 Illegal Data Address
44920;0;0;0x0000;02 Illegal Data Address
44921;0;0;0x0000;02 Illegal Data Address
44922;0;0;0x0000;02 Illegal Data Address
44923;0;0;0x0000;02 Illegal Data Address
44924;0;0;0x0000;02 Illegal Data Address
44925;0;0;0x0000;02 Illegal Data Address
44926;0;0;0x0000;02 Illegal Data Address
44927;0;0;0x0000;02 Illegal Data Address
44928;0;0;0x0000;02 Illegal Data Address
44929;0;0;0x0000;02 Illegal Data Address
44930;0;0;0x0000;02 Illegal Data Address
44931;0;0;0x0000;02 Illegal Data Address
44932;0;0;0x0000;02 Illegal Data Address
44933;0;0;0x0000;02 Illegal Data Address
44934;0;0;0x0000;02 Illegal Data Address
44935;0;0;0x0000;02 Illegal Data Address
44936;0;0;0x0000;02 Illegal Data Address
44937;0;0;0x0000;02 Illegal Data Address
44938;0;0;0x0000;02 Illegal Data Address
44939;0;0;0x0000;02 Illegal Data Address
44940;0;0;0x0000;02 Illegal Data Address
44941;0;0;0x0000;02 Illegal Data Address
44942;0;0;0x0000;02 Illegal Data Address
44943;0;0;0x0000;02 Illegal Data Address
44944;0;0;0x0000;02 Illegal Data Address
44945;0;0;0x0000;02 Illegal Data Address
44946;0;0;0x0000;02 Illegal Data Address
44947;0;0;0x0000;02 Illegal Data Address
44948;0;0;0x0000;02 Illegal Data Address
44949;0;0;0x0000;02 Illegal Data Address
44950;0;0;0x0000;02 Illegal Data Address
44951;0;0;0x0000;02 Illegal Data Address
44952;0;0;0x0000;02 Illegal Data Address
44953;0;0;0x0000;02 Illegal Data Address
44954;0;0;0x0000;02 Illegal Data Address
44955;0;0;0x0000;02 Illegal Data Address
44956;0;0;0x0000;02 Illegal Data Address
44957;0;0;0x0000;02 Illegal Data Address
44958;0;0;0x0000;02 Illegal Data Address
44959;0;0;0x0000;02 Illegal Data Address
44960;0;0;0x0000;02 Illegal Data Address
44961;0;0;0x0000;02 Illegal Data Address
44962;0;0;0x0000;02 Illegal Data Address
44963;0;0;0x0000;02 Illegal Data Address
44964;0;0;0x0000;02 Illegal Data Address
44965;0;0;0x0000;02 Illegal Data Address
44966;0;0;0x0000;02 Illegal Data Address
44967;0;0;0x0000;02 Illegal Data Address
44968;0;0;0x0000;02 Illegal Data Address
44969;0;0;0x0000;02 Illegal Data Address
44970;0;0;0x0000;02 Illegal Data Address
44971;0;0;0x0000;02 Illegal Data Address
44972;0;0;0x0000;02 Illegal Data Address
44973;0;0;0x0000;02 Illegal Data Address
44974;0;0;0x0000;02 Illegal Data Address
44975;0;0;0x0000;02 Illegal Data Address
44976;0;0;0x0000;02 Illegal Data Address
44977;0;0;0x0000;02 Illegal Data Address
44978;0;0;0x0000;02 Illegal Data Address
44979;0;0;0x0000;02 Illegal Data Address
44980;0;0;0x0000;02 Illegal Data Address
44981;0;0;0x0000;02 Illegal Data Address
44982;0;0;0x0000;02 Illegal Data Address
44983;0;0;0x0000;02 Illegal Data Address
44984;0;0;0x0000;02 Illegal Data Address
44985;0;0;0x0000;02 Illegal Data Address
44986;0;0;0x0000;02 Illegal Data Address
44987;0;0;0x0000;02 Illegal Data Address
44988;0;0;0x0000;02 Illegal Data Address
44989;0;0;0x0000;02 Illegal Data Address
44990;0;0;0x0000;02 Illegal Data Address
44991;0;0;0x0000;02 Illegal Data Address
44992;0;0;0x0000;02 Illegal Data Address
44993;0;0;0x0000;02 Illegal Data Address
44994;0;0;0x0000;02 Illegal Data Address
44995;0;0;0x0000;02 Illegal Data Address
44996;0;0;0x0000;02 Illegal Data Address
44997;0;0;0x0000;02 Illegal Data Address
44998;0;0;0x0000;02 Illegal Data Address
44999;0;0;0x0000;02 Illegal Data Address
45000;0;0;0x0000;02 Illegal Data Address
45001;0;0;0x0000;02 Illegal Data Address
45002;0;0;0x0000;02 Illegal Data Address
45003;0;0;0x0000;02 Illegal Data Address
45004;0;0;0x0000;02 Illegal Data Address
45005;0;0;0x0000;02 Illegal Data Address
45006;0;0;0x0000;02 Illegal Data Address
45007;0;0;0x0000;02 Illegal Data Address
45008;0;0;0x0000;02 Illegal Data Address
45009;0;0;0x0000;02 Illegal Data Address
45010;0;0;0x0000;02 Illegal Data Address
45011;0;0;0x0000;02 Illegal Data Address
45012;0;0;0x0000;02 Illegal Data Address
45013;0;0;0x0000;02 Illegal Data Address
45014;0;0;0x0000;02 Illegal Data Address
45015;0;0;0x0000;02 Illegal Data Address
45016;0;0;0x0000;02 Illegal Data Address
45017;0;0;0x0000;02 Illegal Data Address
45018;0;0;0x0000;02 Illegal Data Address
45019;0;0;0x0000;02 Illegal Data Address
45020;0;0;0x0000;02 Illegal Data Address
45021;0;0;0x0000;02 Illegal Data Address
45022;0;0;0x0000;02 Illegal Data Address
45023;0;0;0x0000;02 Illegal Data Address
45024;0;0;0x0000;02 Illegal Data Address
45025;0;0;0x0000;02 Illegal Data Address
45026;0;0;0x0000;02 Illegal Data Address
45027;0;0;0x0000;02 Illegal Data Address
45028;0;0;0x0000;02 Illegal Data Address
45029;0;0;0x0000;02 Illegal Data Address
45030;0;0;0x0000;02 Illegal Data Address
45031;0;0;0x0000;02 Illegal Data Address
45032;0;0;0x0000;02 Illegal Data Address
45033;0;0;0x0000;02 Illegal Data Address
45034;0;0;0x0000;02 Illegal Data Address
45035;0;0;0x0000;02 Illegal Data Address
45036;0;0;0x0000;02 Illegal Data Address
45037;0;0;0x0000;02 Illegal Data Address
45038;0;0;0x0000;02 Illegal Data Address
45039;0;0;0x0000;02 Illegal Data Address
45040;0;0;0x0000;02 Illegal Data Address
45041;0;0;0x0000;02 Illegal Data Address
45042;0;0;0x0000;02 Illegal Data Address
45043;0;0;0x0000;02 Illegal Data Address
45044;0;0;0x0000;02 Illegal Data Address
45045;0;0;0x0000;02 Illegal Data Address
45046;0;0;0x0000;02 Illegal Data Address
45047;0;0;0x0000;02 Illegal Data Address
45048;0;0;0x0000;02 Illegal Data Address
45049;0;0;0x0000;02 Illegal Data Address
45050;0;0;0x0000;02 Illegal Data Address
45051;0;0;0x0000;02 Illegal Data Address
45052;0;0;0x0000;02 Illegal Data Address
45053;0;0;0x0000;02 Illegal Data Address
45054;0;0;0x0000;02 Illegal Data Address
45055;0;0;0x0000;02 Illegal Data Address
45056;0;0;0x0000;02 Illegal Data Address
45057;0;0;0x0000;02 Illegal Data Address
45058;0;0;0x0000;02 Illegal Data Address
45059;0;0;0x0000;02 Illegal Data Address
45060;0;0;0x0000;02 Illegal Data Address
45061;0;0;0x0000;02 Illegal Data Address
45062;0;0;0x0000;02 Illegal Data Address
45063;0;0;0x0000;02 Illegal Data Address
45064;0;0;0x0000;02 Illegal Data Address
45065;0;0;0x0000;02 Illegal Data Address
45066;0;0;0x0000;02 Illegal Data Address
45067;0;0;0x0000;02 Illegal Data Address
45068;0;0;0x0000;02 Illegal Data Address
45069;0;0;0x0000;02 Illegal Data Address
45070;0;0;0x0000;02 Illegal Data Address
45071;0;0;0x0000;02 Illegal Data Address
45072;0;0;0x0000;02 Illegal Data Address
45073;0;0;0x0000;02 Illegal Data Address
45074;0;0;0x0000;02 Illegal Data Address
45075;0;0;0x0000;02 Illegal Data Address
45076;0;0;0x0000;02 Illegal Data Address
45077;0;0;0x0000;02 Illegal Data Address
45078;0;0;0x0000;02 Illegal Data Address
45079;0;0;0x0000;02 Illegal Data Address
45080;0;0;0x0000;02 Illegal Data Address
45081;0;0;0x0000;02 Illegal Data Address
45082;0;0;0x0000;02 Illegal Data Address
45083;0;0;0x0000;02 Illegal Data Address
45084;0;0;0x0000;02 Illegal Data Address
45085;0;0;0x0000;02 Illegal Data Address
45086;0;0;0x0000;02 Illegal Data Address
45087;0;0;0x0000;02 Illegal Data Address
45088;0;0;0x0000;02 Illegal Data Address
45089;0;0;0x0000;02 Illegal Data Address
45090;0;0;0x0000;02 Illegal Data Address
45091;0;0;0x0000;02 Illegal Data Address
45092;0;0;0x0000;02 Illegal Data Address
45093;0;0;0x0000;02 Illegal Data Address
45094;0;0;0x0000;02 Illegal Data Address
45095;0;0;0x0000;02 Illegal Data Address
45096;0;0;0x0000;02 Illegal Data Address
45097;0;0;0x0000;02 Illegal Data Address
45098;0;0;0x0000;02 Illegal Data Address
45099;0;0;0x0000;02 Illegal Data Address
45100;0;0;0x0000;02 Illegal Data Address
45101;0;0;0x0000;02 Illegal Data Address
45102;0;0;0x0000;02 Illegal Data Address
45103;0;0;0x0000;02 Illegal Data Address
45104;0;0;0x0000;02 Illegal Data Address
45105;0;0;0x0000;02 Illegal Data Address
45106;0;0;0x0000;02 Illegal Data Address
45107;0;0;0x0000;02 Illegal Data Address
45108;0;0;0x0000;02 Illegal Data Address
45109;0;0;0x0000;02 Illegal Data Address
45110;0;0;0x0000;02 Illegal Data Address
45111;0;0;0x0000;02 Illegal Data Address
45112;0;0;0x0000;02 Illegal Data Address
45113;0;0;0x0000;02 Illegal Data Address
45114;0;0;0x0000;02 Illegal Data Address
45115;0;0;0x0000;02 Illegal Data Address
45116;0;0;0x0000;02 Illegal Data Address
45117;0;0;0x0000;02 Illegal Data Address
45118;0;0;0x0000;02 Illegal Data Address
45119;0;0;0x0000;02 Illegal Data Address
45120;0;0;0x0000;02 Illegal Data Address
45121;0;0;0x0000;02 Illegal Data Address
45122;0;0;0x0000;02 Illegal Data Address
45123;0;0;0x0000;02 Illegal Data Address
45124;0;0;0x0000;02 Illegal Data Address
45125;0;0;0x0000;02 Illegal Data Address
45126;0;0;0x0000;02 Illegal Data Address
45127;0;0;0x0000;02 Illegal Data Address
45128;0;0;0x0000;02 Illegal Data Address
45129;0;0;0x0000;02 Illegal Data Address
45130;0;0;0x0000;02 Illegal Data Address
45131;0;0;0x0000;02 Illegal Data Address
45132;0;0;0x0000;02 Illegal Data Address
45133;0;0;0x0000;02 Illegal Data Address
45134;0;0;0x0000;02 Illegal Data Address
45135;0;0;0x0000;02 Illegal Data Address
45136;0;0;0x0000;02 Illegal Data Address
45137;0;0;0x0000;02 Illegal Data Address
45138;0;0;0x0000;02 Illegal Data Address
45139;0;0;0x0000;02 Illegal Data Address
45140;0;0;0x0000;02 Illegal Data Address
45141;0;0;0x0000;02 Illegal Data Address
45142;0;0;0x0000;02 Illegal Data Address
45143;0;0;0x0000;02 Illegal Data Address
45144;0;0;0x0000;02 Illegal Data Address
45145;0;0;0x0000;02 Illegal Data Address
45146;0;0;0x0000;02 Illegal Data Address
45147;0;0;0x0000;02 Illegal Data Address
45148;0;0;0x0000;02 Illegal Data Address
45149;0;0;0x0000;02 Illegal Data Address
45150;0;0;0x0000;02 Illegal Data Address
45151;0;0;0x0000;02 Illegal Data Address
45152;0;0;0x0000;02 Illegal Data Address
45153;0;0;0x0000;02 Illegal Data Address
45154;0;0;0x0000;02 Illegal Data Address
45155;0;0;0x0000;02 Illegal Data Address
45156;0;0;0x0000;02 Illegal Data Address
45157;0;0;0x0000;02 Illegal Data Address
45158;0;0;0x0000;02 Illegal Data Address
45159;0;0;0x0000;02 Illegal Data Address
45160;0;0;0x0000;02 Illegal Data Address
45161;0;0;0x0000;02 Illegal Data Address
45162;0;0;0x0000;02 Illegal Data Address
45163;0;0;0x0000;02 Illegal Data Address
45164;0;0;0x0000;02 Illegal Data Address
45165;0;0;0x0000;02 Illegal Data Address
45166;0;0;0x0000;02 Illegal Data Address
45167;0;0;0x0000;02 Illegal Data Address
45168;0;0;0x0000;02 Illegal Data Address
45169;0;0;0x0000;02 Illegal Data Address
45170;0;0;0x0000;02 Illegal Data Address
45171;0;0;0x0000;02 Illegal Data Address
45172;0;0;0x0000;02 Illegal Data Address
45173;0;0;0x0000;02 Illegal Data Address
45174;0;0;0x0000;02 Illegal Data Address
45175;0;0;0x0000;02 Illegal Data Address
45176;0;0;0x0000;02 Illegal Data Address
45177;0;0;0x0000;02 Illegal Data Address
45178;0;0;0x0000;02 Illegal Data Address
45179;0;0;0x0000;02 Illegal Data Address
45180;0;0;0x0000;02 Illegal Data Address
45181;0;0;0x0000;02 Illegal Data Address
45182;0;0;0x0000;02 Illegal Data Address
45183;0;0;0x0000;02 Illegal Data Address
45184;0;0;0x0000;02 Illegal Data Address
45185;0;0;0x0000;02 Illegal Data Address
45186;0;0;0x0000;02 Illegal Data Address
45187;0;0;0x0000;02 Illegal Data Address
45188;0;0;0x0000;02 Illegal Data Address
45189;0;0;0x0000;02 Illegal Data Address
45190;0;0;0x0000;02 Illegal Data Address
45191;0;0;0x0000;02 Illegal Data Address
45192;0;0;0x0000;02 Illegal Data Address
45193;0;0;0x0000;02 Illegal Data Address
45194;0;0;0x0000;02 Illegal Data Address
45195;0;0;0x0000;02 Illegal Data Address
45196;0;0;0x0000;02 Illegal Data Address
45197;0;0;0x0000;02 Illegal Data Address
45198;0;0;0x0000;02 Illegal Data Address
45199;0;0;0x0000;02 Illegal Data Address
45200;0;0;0x0000;02 Illegal Data Address
45201;0;0;0x0000;02 Illegal Data Address
45202;0;0;0x0000;02 Illegal Data Address
45203;0;0;0x0000;02 Illegal Data Address
45204;0;0;0x0000;02 Illegal Data Address
45205;0;0;0x0000;02 Illegal Data Address
45206;0;0;0x0000;02 Illegal Data Address
45207;0;0;0x0000;02 Illegal Data Address
45208;0;0;0x0000;02 Illegal Data Address
45209;0;0;0x0000;02 Illegal Data Address
45210;0;0;0x0000;02 Illegal Data Address
45211;0;0;0x0000;02 Illegal Data Address
45212;0;0;0x0000;02 Illegal Data Address
45213;0;0;0x0000;02 Illegal Data Address
45214;0;0;0x0000;02 Illegal Data Address
45215;0;0;0x0000;02 Illegal Data Address
45216;0;0;0x0000;02 Illegal Data Address
45217;0;0;0x0000;02 Illegal Data Address
45218;0;0;0x0000;02 Illegal Data Address
45219;0;0;0x0000;02 Illegal Data Address
45220;0;0;0x0000;02 Illegal Data Address
45221;0;0;0x0000;02 Illegal Data Address
45222;0;0;0x0000;02 Illegal Data Address
45223;0;0;0x0000;02 Illegal Data Address
45224;0;0;0x0000;02 Illegal Data Address
45225;0;0;0x0000;02 Illegal Data Address
45226;0;0;0x0000;02 Illegal Data Address
45227;0;0;0x0000;02 Illegal Data Address
45228;0;0;0x0000;02 Illegal Data Address
45229;0;0;0x0000;02 Illegal Data Address
45230;0;0;0x0000;02 Illegal Data Address
45231;0;0;0x0000;02 Illegal Data Address
45232;0;0;0x0000;02 Illegal Data Address
45233;0;0;0x0000;02 Illegal Data Address
45234;0;0;0x0000;02 Illegal Data Address
45235;0;0;0x0000;02 Illegal Data Address
45236;0;0;0x0000;02 Illegal Data Address
45237;0;0;0x0000;02 Illegal Data Address
45238;0;0;0x0000;02 Illegal Data Address
45239;0;0;0x0000;02 Illegal Data Address
45240;0;0;0x0000;02 Illegal Data Address
45241;0;0;0x0000;02 Illegal Data Address
45242;0;0;0x0000;02 Illegal Data Address
45243;0;0;0x0000;02 Illegal Data Address
45244;0;0;0x0000;02 Illegal Data Address
45245;0;0;0x0000;02 Illegal Data Address
45246;0;0;0x0000;02 Illegal Data Address
45247;0;0;0x0000;02 Illegal Data Address
45248;0;0;0x0000;02 Illegal Data Address
45249;0;0;0x0000;02 Illegal Data Address
45250;0;0;0x0000;02 Illegal Data Address
45251;0;0;0x0000;02 Illegal Data Address
45252;0;0;0x0000;02 Illegal Data Address
45253;0;0;0x0000;02 Illegal Data Address
45254;0;0;0x0000;02 Illegal Data Address
45255;0;0;0x0000;02 Illegal Data Address
45256;0;0;0x0000;02 Illegal Data Address
45257;0;0;0x0000;02 Illegal Data Address
45258;0;0;0x0000;02 Illegal Data Address
45259;0;0;0x0000;02 Illegal Data Address
45260;0;0;0x0000;02 Illegal Data Address
45261;0;0;0x0000;02 Illegal Data Address
45262;0;0;0x0000;02 Illegal Data Address
45263;0;0;0x0000;02 Illegal Data Address
45264;0;0;0x0000;02 Illegal Data Address
45265;0;0;0x0000;02 Illegal Data Address
45266;0;0;0x0000;02 Illegal Data Address
45267;0;0;0x0000;02 Illegal Data Address
45268;0;0;0x0000;02 Illegal Data Address
45269;0;0;0x0000;02 Illegal Data Address
45270;0;0;0x0000;02 Illegal Data Address
45271;0;0;0x0000;02 Illegal Data Address
45272;0;0;0x0000;02 Illegal Data Address
45273;0;0;0x0000;02 Illegal Data Address
45274;0;0;0x0000;02 Illegal Data Address
45275;0;0;0x0000;02 Illegal Data Address
45276;0;0;0x0000;02 Illegal Data Address
45277;0;0;0x0000;02 Illegal Data Address
45278;0;0;0x0000;02 Illegal Data Address
45279;0;0;0x0000;02 Illegal Data Address
45280;0;0;0x0000;02 Illegal Data Address
45281;0;0;0x0000;02 Illegal Data Address
45282;0;0;0x0000;02 Illegal Data Address
45283;0;0;0x0000;02 Illegal Data Address
45284;0;0;0x0000;02 Illegal Data Address
45285;0;0;0x0000;02 Illegal Data Address
45286;0;0;0x0000;02 Illegal Data Address
45287;0;0;0x0000;02 Illegal Data Address
45288;0;0;0x0000;02 Illegal Data Address
45289;0;0;0x0000;02 Illegal Data Address
45290;0;0;0x0000;02 Illegal Data Address
45291;0;0;0x0000;02 Illegal Data Address
45292;0;0;0x0000;02 Illegal Data Address
45293;0;0;0x0000;02 Illegal Data Address
45294;0;0;0x0000;02 Illegal Data Address
45295;0;0;0x0000;02 Illegal Data Address
45296;0;0;0x0000;02 Illegal Data Address
45297;0;0;0x0000;02 Illegal Data Address
45298;0;0;0x0000;02 Illegal Data Address
45299;0;0;0x0000;02 Illegal Data Address
45300;0;0;0x0000;02 Illegal Data Address
45301;0;0;0x0000;02 Illegal Data Address
45302;0;0;0x0000;02 Illegal Data Address
45303;0;0;0x0000;02 Illegal Data Address
45304;0;0;0x0000;02 Illegal Data Address
45305;0;0;0x0000;02 Illegal Data Address
45306;0;0;0x0000;02 Illegal Data Address
45307;0;0;0x0000;02 Illegal Data Address
45308;0;0;0x0000;02 Illegal Data Address
45309;0;0;0x0000;02 Illegal Data Address
45310;0;0;0x0000;02 Illegal Data Address
45311;0;0;0x0000;02 Illegal Data Address
45312;0;0;0x0000;02 Illegal Data Address
45313;0;0;0x0000;02 Illegal Data Address
45314;0;0;0x0000;02 Illegal Data Address
45315;0;0;0x0000;02 Illegal Data Address
45316;0;0;0x0000;02 Illegal Data Address
45317;0;0;0x0000;02 Illegal Data Address
45318;0;0;0x0000;02 Illegal Data Address
45319;0;0;0x0000;02 Illegal Data Address
45320;0;0;0x0000;02 Illegal Data Address
45321;0;0;0x0000;02 Illegal Data Address
45322;0;0;0x0000;02 Illegal Data Address
45323;0;0;0x0000;02 Illegal Data Address
45324;0;0;0x0000;02 Illegal Data Address
45325;0;0;0x0000;02 Illegal Data Address
45326;0;0;0x0000;02 Illegal Data Address
45327;0;0;0x0000;02 Illegal Data Address
45328;0;0;0x0000;02 Illegal Data Address
45329;0;0;0x0000;02 Illegal Data Address
45330;0;0;0x0000;02 Illegal Data Address
45331;0;0;0x0000;02 Illegal Data Address
45332;0;0;0x0000;02 Illegal Data Address
45333;0;0;0x0000;02 Illegal Data Address
45334;0;0;0x0000;02 Illegal Data Address
45335;0;0;0x0000;02 Illegal Data Address
45336;0;0;0x0000;02 Illegal Data Address
45337;0;0;0x0000;02 Illegal Data Address
45338;0;0;0x0000;02 Illegal Data Address
45339;0;0;0x0000;02 Illegal Data Address
45340;0;0;0x0000;02 Illegal Data Address
45341;0;0;0x0000;02 Illegal Data Address
45342;0;0;0x0000;02 Illegal Data Address
45343;0;0;0x0000;02 Illegal Data Address
45344;0;0;0x0000;02 Illegal Data Address
45345;0;0;0x0000;02 Illegal Data Address
45346;0;0;0x0000;02 Illegal Data Address
45347;0;0;0x0000;02 Illegal Data Address
45348;0;0;0x0000;02 Illegal Data Address
45349;0;0;0x0000;02 Illegal Data Address
45350;0;0;0x0000;02 Illegal Data Address
45351;0;0;0x0000;02 Illegal Data Address
45352;0;0;0x0000;02 Illegal Data Address
45353;0;0;0x0000;02 Illegal Data Address
45354;0;0;0x0000;02 Illegal Data Address
45355;0;0;0x0000;02 Illegal Data Address
45356;0;0;0x0000;02 Illegal Data Address
45357;0;0;0x0000;02 Illegal Data Address
45358;0;0;0x0000;02 Illegal Data Address
45359;0;0;0x0000;02 Illegal Data Address
45360;0;0;0x0000;02 Illegal Data Address
45361;0;0;0x0000;02 Illegal Data Address
45362;0;0;0x0000;02 Illegal Data Address
45363;0;0;0x0000;02 Illegal Data Address
45364;0;0;0x0000;02 Illegal Data Address
45365;0;0;0x0000;02 Illegal Data Address
45366;0;0;0x0000;02 Illegal Data Address
45367;0;0;0x0000;02 Illegal Data Address
45368;0;0;0x0000;02 Illegal Data Address
45369;0;0;0x0000;02 Illegal Data Address
45370;0;0;0x0000;02 Illegal Data Address
45371;0;0;0x0000;02 Illegal Data Address
45372;0;0;0x0000;02 Illegal Data Address
45373;0;0;0x0000;02 Illegal Data Address
45374;0;0;0x0000;02 Illegal Data Address
45375;0;0;0x0000;02 Illegal Data Address
45376;0;0;0x0000;02 Illegal Data Address
45377;0;0;0x0000;02 Illegal Data Address
45378;0;0;0x0000;02 Illegal Data Address
45379;0;0;0x0000;02 Illegal Data Address
45380;0;0;0x0000;02 Illegal Data Address
45381;0;0;0x0000;02 Illegal Data Address
45382;0;0;0x0000;02 Illegal Data Address
45383;0;0;0x0000;02 Illegal Data Address
45384;0;0;0x0000;02 Illegal Data Address
45385;0;0;0x0000;02 Illegal Data Address
45386;0;0;0x0000;02 Illegal Data Address
45387;0;0;0x0000;02 Illegal Data Address
45388;0;0;0x0000;02 Illegal Data Address
45389;0;0;0x0000;02 Illegal Data Address
45390;0;0;0x0000;02 Illegal Data Address
45391;0;0;0x0000;02 Illegal Data Address
45392;0;0;0x0000;02 Illegal Data Address
45393;0;0;0x0000;02 Illegal Data Address
45394;0;0;0x0000;02 Illegal Data Address
45395;0;0;0x0000;02 Illegal Data Address
45396;0;0;0x0000;02 Illegal Data Address
45397;0;0;0x0000;02 Illegal Data Address
45398;0;0;0x0000;02 Illegal Data Address
45399;0;0;0x0000;02 Illegal Data Address
45400;0;0;0x0000;02 Illegal Data Address
45401;0;0;0x0000;02 Illegal Data Address
45402;0;0;0x0000;02 Illegal Data Address
45403;0;0;0x0000;02 Illegal Data Address
45404;0;0;0x0000;02 Illegal Data Address
45405;0;0;0x0000;02 Illegal Data Address
45406;0;0;0x0000;02 Illegal Data Address
45407;0;0;0x0000;02 Illegal Data Address
45408;0;0;0x0000;02 Illegal Data Address
45409;0;0;0x0000;02 Illegal Data Address
45410;0;0;0x0000;02 Illegal Data Address
45411;0;0;0x0000;02 Illegal Data Address
45412;0;0;0x0000;02 Illegal Data Address
45413;0;0;0x0000;02 Illegal Data Address
45414;0;0;0x0000;02 Illegal Data Address
45415;0;0;0x0000;02 Illegal Data Address
45416;0;0;0x0000;02 Illegal Data Address
45417;0;0;0x0000;02 Illegal Data Address
45418;0;0;0x0000;02 Illegal Data Address
45419;0;0;0x0000;02 Illegal Data Address
45420;0;0;0x0000;02 Illegal Data Address
45421;0;0;0x0000;02 Illegal Data Address
45422;0;0;0x0000;02 Illegal Data Address
45423;0;0;0x0000;02 Illegal Data Address
45424;0;0;0x0000;02 Illegal Data Address
45425;0;0;0x0000;02 Illegal Data Address
45426;0;0;0x0000;02 Illegal Data Address
45427;0;0;0x0000;02 Illegal Data Address
45428;0;0;0x0000;02 Illegal Data Address
45429;0;0;0x0000;02 Illegal Data Address
45430;0;0;0x0000;02 Illegal Data Address
45431;0;0;0x0000;02 Illegal Data Address
45432;0;0;0x0000;02 Illegal Data Address
45433;0;0;0x0000;02 Illegal Data Address
45434;0;0;0x0000;02 Illegal Data Address
45435;0;0;0x0000;02 Illegal Data Address
45436;0;0;0x0000;02 Illegal Data Address
45437;0;0;0x0000;02 Illegal Data Address
45438;0;0;0x0000;02 Illegal Data Address
45439;0;0;0x0000;02 Illegal Data Address
45440;0;0;0x0000;02 Illegal Data Address
45441;0;0;0x0000;02 Illegal Data Address
45442;0;0;0x0000;02 Illegal Data Address
45443;0;0;0x0000;02 Illegal Data Address
45444;0;0;0x0000;02 Illegal Data Address
45445;0;0;0x0000;02 Illegal Data Address
45446;0;0;0x0000;02 Illegal Data Address
45447;0;0;0x0000;02 Illegal Data Address
45448;0;0;0x0000;02 Illegal Data Address
45449;0;0;0x0000;02 Illegal Data Address
45450;0;0;0x0000;02 Illegal Data Address
45451;0;0;0x0000;02 Illegal Data Address
45452;0;0;0x0000;02 Illegal Data Address
45453;0;0;0x0000;02 Illegal Data Address
45454;0;0;0x0000;02 Illegal Data Address
45455;0;0;0x0000;02 Illegal Data Address
45456;0;0;0x0000;02 Illegal Data Address
45457;0;0;0x0000;02 Illegal Data Address
45458;0;0;0x0000;02 Illegal Data Address
45459;0;0;0x0000;02 Illegal Data Address
45460;0;0;0x0000;02 Illegal Data Address
45461;0;0;0x0000;02 Illegal Data Address
45462;0;0;0x0000;02 Illegal Data Address
45463;0;0;0x0000;02 Illegal Data Address
45464;0;0;0x0000;02 Illegal Data Address
45465;0;0;0x0000;02 Illegal Data Address
45466;0;0;0x0000;02 Illegal Data Address
45467;0;0;0x0000;02 Illegal Data Address
45468;0;0;0x0000;02 Illegal Data Address
45469;0;0;0x0000;02 Illegal Data Address
45470;0;0;0x0000;02 Illegal Data Address
45471;0;0;0x0000;02 Illegal Data Address
45472;0;0;0x0000;02 Illegal Data Address
45473;0;0;0x0000;02 Illegal Data Address
45474;0;0;0x0000;02 Illegal Data Address
45475;0;0;0x0000;02 Illegal Data Address
45476;0;0;0x0000;02 Illegal Data Address
45477;0;0;0x0000;02 Illegal Data Address
45478;0;0;0x0000;02 Illegal Data Address
45479;0;0;0x0000;02 Illegal Data Address
45480;0;0;0x0000;02 Illegal Data Address
45481;0;0;0x0000;02 Illegal Data Address
45482;0;0;0x0000;02 Illegal Data Address
45483;0;0;0x0000;02 Illegal Data Address
45484;0;0;0x0000;02 Illegal Data Address
45485;0;0;0x0000;02 Illegal Data Address
45486;0;0;0x0000;02 Illegal Data Address
45487;0;0;0x0000;02 Illegal Data Address
45488;0;0;0x0000;02 Illegal Data Address
45489;0;0;0x0000;02 Illegal Data Address
45490;0;0;0x0000;02 Illegal Data Address
45491;0;0;0x0000;02 Illegal Data Address
45492;0;0;0x0000;02 Illegal Data Address
45493;0;0;0x0000;02 Illegal Data Address
45494;0;0;0x0000;02 Illegal Data Address
45495;0;0;0x0000;02 Illegal Data Address
45496;0;0;0x0000;02 Illegal Data Address
45497;0;0;0x0000;02 Illegal Data Address
45498;0;0;0x0000;02 Illegal Data Address
45499;0;0;0x0000;02 Illegal Data Address
45500;0;0;0x0000;02 Illegal Data Address
45501;0;0;0x0000;02 Illegal Data Address
45502;0;0;0x0000;02 Illegal Data Address
45503;0;0;0x0000;02 Illegal Data Address
45504;0;0;0x0000;02 Illegal Data Address
45505;0;0;0x0000;02 Illegal Data Address
45506;0;0;0x0000;02 Illegal Data Address
45507;0;0;0x0000;02 Illegal Data Address
45508;0;0;0x0000;02 Illegal Data Address
45509;0;0;0x0000;02 Illegal Data Address
45510;0;0;0x0000;02 Illegal Data Address
45511;0;0;0x0000;02 Illegal Data Address
45512;0;0;0x0000;02 Illegal Data Address
45513;0;0;0x0000;02 Illegal Data Address
45514;0;0;0x0000;02 Illegal Data Address
45515;0;0;0x0000;02 Illegal Data Address
45516;0;0;0x0000;02 Illegal Data Address
45517;0;0;0x0000;02 Illegal Data Address
45518;0;0;0x0000;02 Illegal Data Address
45519;0;0;0x0000;02 Illegal Data Address
45520;0;0;0x0000;02 Illegal Data Address
45521;0;0;0x0000;02 Illegal Data Address
45522;0;0;0x0000;02 Illegal Data Address
45523;0;0;0x0000;02 Illegal Data Address
45524;0;0;0x0000;02 Illegal Data Address
45525;0;0;0x0000;02 Illegal Data Address
45526;0;0;0x0000;02 Illegal Data Address
45527;0;0;0x0000;02 Illegal Data Address
45528;0;0;0x0000;02 Illegal Data Address
45529;0;0;0x0000;02 Illegal Data Address
45530;0;0;0x0000;02 Illegal Data Address
45531;0;0;0x0000;02 Illegal Data Address
45532;0;0;0x0000;02 Illegal Data Address
45533;0;0;0x0000;02 Illegal Data Address
45534;0;0;0x0000;02 Illegal Data Address
45535;0;0;0x0000;02 Illegal Data Address
45536;0;0;0x0000;02 Illegal Data Address
45537;0;0;0x0000;02 Illegal Data Address
45538;0;0;0x0000;02 Illegal Data Address
45539;0;0;0x0000;02 Illegal Data Address
45540;0;0;0x0000;02 Illegal Data Address
45541;0;0;0x0000;02 Illegal Data Address
45542;0;0;0x0000;02 Illegal Data Address
45543;0;0;0x0000;02 Illegal Data Address
45544;0;0;0x0000;02 Illegal Data Address
45545;0;0;0x0000;02 Illegal Data Address
45546;0;0;0x0000;02 Illegal Data Address
45547;0;0;0x0000;02 Illegal Data Address
45548;0;0;0x0000;02 Illegal Data Address
45549;0;0;0x0000;02 Illegal Data Address
45550;0;0;0x0000;02 Illegal Data Address
45551;0;0;0x0000;02 Illegal Data Address
45552;0;0;0x0000;02 Illegal Data Address
45553;0;0;0x0000;02 Illegal Data Address
45554;0;0;0x0000;02 Illegal Data Address
45555;0;0;0x0000;02 Illegal Data Address
45556;0;0;0x0000;02 Illegal Data Address
45557;0;0;0x0000;02 Illegal Data Address
45558;0;0;0x0000;02 Illegal Data Address
45559;0;0;0x0000;02 Illegal Data Address
45560;0;0;0x0000;02 Illegal Data Address
45561;0;0;0x0000;02 Illegal Data Address
45562;0;0;0x0000;02 Illegal Data Address
45563;0;0;0x0000;02 Illegal Data Address
45564;0;0;0x0000;02 Illegal Data Address
45565;0;0;0x0000;02 Illegal Data Address
45566;0;0;0x0000;02 Illegal Data Address
45567;0;0;0x0000;02 Illegal Data Address
45568;0;0;0x0000;02 Illegal Data Address
45569;0;0;0x0000;02 Illegal Data Address
45570;0;0;0x0000;02 Illegal Data Address
45571;0;0;0x0000;02 Illegal Data Address
45572;0;0;0x0000;02 Illegal Data Address
45573;0;0;0x0000;02 Illegal Data Address
45574;0;0;0x0000;02 Illegal Data Address
45575;0;0;0x0000;02 Illegal Data Address
45576;0;0;0x0000;02 Illegal Data Address
45577;0;0;0x0000;02 Illegal Data Address
45578;0;0;0x0000;02 Illegal Data Address
45579;0;0;0x0000;02 Illegal Data Address
45580;0;0;0x0000;02 Illegal Data Address
45581;0;0;0x0000;02 Illegal Data Address
45582;0;0;0x0000;02 Illegal Data Address
45583;0;0;0x0000;02 Illegal Data Address
45584;0;0;0x0000;02 Illegal Data Address
45585;0;0;0x0000;02 Illegal Data Address
45586;0;0;0x0000;02 Illegal Data Address
45587;0;0;0x0000;02 Illegal Data Address
45588;0;0;0x0000;02 Illegal Data Address
45589;0;0;0x0000;02 Illegal Data Address
45590;0;0;0x0000;02 Illegal Data Address
45591;0;0;0x0000;02 Illegal Data Address
45592;0;0;0x0000;02 Illegal Data Address
45593;0;0;0x0000;02 Illegal Data Address
45594;0;0;0x0000;02 Illegal Data Address
45595;0;0;0x0000;02 Illegal Data Address
45596;0;0;0x0000;02 Illegal Data Address
45597;0;0;0x0000;02 Illegal Data Address
45598;0;0;0x0000;02 Illegal Data Address
45599;0;0;0x0000;02 Illegal Data Address
45600;0;0;0x0000;02 Illegal Data Address
45601;0;0;0x0000;02 Illegal Data Address
45602;0;0;0x0000;02 Illegal Data Address
45603;0;0;0x0000;02 Illegal Data Address
45604;0;0;0x0000;02 Illegal Data Address
45605;0;0;0x0000;02 Illegal Data Address
45606;0;0;0x0000;02 Illegal Data Address
45607;0;0;0x0000;02 Illegal Data Address
45608;0;0;0x0000;02 Illegal Data Address
45609;0;0;0x0000;02 Illegal Data Address
45610;0;0;0x0000;02 Illegal Data Address
45611;0;0;0x0000;02 Illegal Data Address
45612;0;0;0x0000;02 Illegal Data Address
45613;0;0;0x0000;02 Illegal Data Address
45614;0;0;0x0000;02 Illegal Data Address
45615;0;0;0x0000;02 Illegal Data Address
45616;0;0;0x0000;02 Illegal Data Address
45617;0;0;0x0000;02 Illegal Data Address
45618;0;0;0x0000;02 Illegal Data Address
45619;0;0;0x0000;02 Illegal Data Address
45620;0;0;0x0000;02 Illegal Data Address
45621;0;0;0x0000;02 Illegal Data Address
45622;0;0;0x0000;02 Illegal Data Address
45623;0;0;0x0000;02 Illegal Data Address
45624;0;0;0x0000;02 Illegal Data Address
45625;0;0;0x0000;02 Illegal Data Address
45626;0;0;0x0000;02 Illegal Data Address
45627;0;0;0x0000;02 Illegal Data Address
45628;0;0;0x0000;02 Illegal Data Address
45629;0;0;0x0000;02 Illegal Data Address
45630;0;0;0x0000;02 Illegal Data Address
45631;0;0;0x0000;02 Illegal Data Address
45632;0;0;0x0000;02 Illegal Data Address
45633;0;0;0x0000;02 Illegal Data Address
45634;0;0;0x0000;02 Illegal Data Address
45635;0;0;0x0000;02 Illegal Data Address
45636;0;0;0x0000;02 Illegal Data Address
45637;0;0;0x0000;02 Illegal Data Address
45638;0;0;0x0000;02 Illegal Data Address
45639;0;0;0x0000;02 Illegal Data Address
45640;0;0;0x0000;02 Illegal Data Address
45641;0;0;0x0000;02 Illegal Data Address
45642;0;0;0x0000;02 Illegal Data Address
45643;0;0;0x0000;02 Illegal Data Address
45644;0;0;0x0000;02 Illegal Data Address
45645;0;0;0x0000;02 Illegal Data Address
45646;0;0;0x0000;02 Illegal Data Address
45647;0;0;0x0000;02 Illegal Data Address
45648;0;0;0x0000;02 Illegal Data Address
45649;0;0;0x0000;02 Illegal Data Address
45650;0;0;0x0000;02 Illegal Data Address
45651;0;0;0x0000;02 Illegal Data Address
45652;0;0;0x0000;02 Illegal Data Address
45653;0;0;0x0000;02 Illegal Data Address
45654;0;0;0x0000;02 Illegal Data Address
45655;0;0;0x0000;02 Illegal Data Address
45656;0;0;0x0000;02 Illegal Data Address
45657;0;0;0x0000;02 Illegal Data Address
45658;0;0;0x0000;02 Illegal Data Address
45659;0;0;0x0000;02 Illegal Data Address
45660;0;0;0x0000;02 Illegal Data Address
45661;0;0;0x0000;02 Illegal Data Address
45662;0;0;0x0000;02 Illegal Data Address
45663;0;0;0x0000;02 Illegal Data Address
45664;0;0;0x0000;02 Illegal Data Address
45665;0;0;0x0000;02 Illegal Data Address
45666;0;0;0x0000;02 Illegal Data Address
45667;0;0;0x0000;02 Illegal Data Address
45668;0;0;0x0000;02 Illegal Data Address
45669;0;0;0x0000;02 Illegal Data Address
45670;0;0;0x0000;02 Illegal Data Address
45671;0;0;0x0000;02 Illegal Data Address
45672;0;0;0x0000;02 Illegal Data Address
45673;0;0;0x0000;02 Illegal Data Address
45674;0;0;0x0000;02 Illegal Data Address
45675;0;0;0x0000;02 Illegal Data Address
45676;0;0;0x0000;02 Illegal Data Address
45677;0;0;0x0000;02 Illegal Data Address
45678;0;0;0x0000;02 Illegal Data Address
45679;0;0;0x0000;02 Illegal Data Address
45680;0;0;0x0000;02 Illegal Data Address
45681;0;0;0x0000;02 Illegal Data Address
45682;0;0;0x0000;02 Illegal Data Address
45683;0;0;0x0000;02 Illegal Data Address
45684;0;0;0x0000;02 Illegal Data Address
45685;0;0;0x0000;02 Illegal Data Address
45686;0;0;0x0000;02 Illegal Data Address
45687;0;0;0x0000;02 Illegal Data Address
45688;0;0;0x0000;02 Illegal Data Address
45689;0;0;0x0000;02 Illegal Data Address
45690;0;0;0x0000;02 Illegal Data Address
45691;0;0;0x0000;02 Illegal Data Address
45692;0;0;0x0000;02 Illegal Data Address
45693;0;0;0x0000;02 Illegal Data Address
45694;0;0;0x0000;02 Illegal Data Address
45695;0;0;0x0000;02 Illegal Data Address
45696;0;0;0x0000;02 Illegal Data Address
45697;0;0;0x0000;02 Illegal Data Address
45698;0;0;0x0000;02 Illegal Data Address
45699;0;0;0x0000;02 Illegal Data Address
45700;0;0;0x0000;02 Illegal Data Address
45701;0;0;0x0000;02 Illegal Data Address
45702;0;0;0x0000;02 Illegal Data Address
45703;0;0;0x0000;02 Illegal Data Address
45704;0;0;0x0000;02 Illegal Data Address
45705;0;0;0x0000;02 Illegal Data Address
45706;0;0;0x0000;02 Illegal Data Address
45707;0;0;0x0000;02 Illegal Data Address
45708;0;0;0x0000;02 Illegal Data Address
45709;0;0;0x0000;02 Illegal Data Address
45710;0;0;0x0000;02 Illegal Data Address
45711;0;0;0x0000;02 Illegal Data Address
45712;0;0;0x0000;02 Illegal Data Address
45713;0;0;0x0000;02 Illegal Data Address
45714;0;0;0x0000;02 Illegal Data Address
45715;0;0;0x0000;02 Illegal Data Address
45716;0;0;0x0000;02 Illegal Data Address
45717;0;0;0x0000;02 Illegal Data Address
45718;0;0;0x0000;02 Illegal Data Address
45719;0;0;0x0000;02 Illegal Data Address
45720;0;0;0x0000;02 Illegal Data Address
45721;0;0;0x0000;02 Illegal Data Address
45722;0;0;0x0000;02 Illegal Data Address
45723;0;0;0x0000;02 Illegal Data Address
45724;0;0;0x0000;02 Illegal Data Address
45725;0;0;0x0000;02 Illegal Data Address
45726;0;0;0x0000;02 Illegal Data Address
45727;0;0;0x0000;02 Illegal Data Address
45728;0;0;0x0000;02 Illegal Data Address
45729;0;0;0x0000;02 Illegal Data Address
45730;0;0;0x0000;02 Illegal Data Address
45731;0;0;0x0000;02 Illegal Data Address
45732;0;0;0x0000;02 Illegal Data Address
45733;0;0;0x0000;02 Illegal Data Address
45734;0;0;0x0000;02 Illegal Data Address
45735;0;0;0x0000;02 Illegal Data Address
45736;0;0;0x0000;02 Illegal Data Address
45737;0;0;0x0000;02 Illegal Data Address
45738;0;0;0x0000;02 Illegal Data Address
45739;0;0;0x0000;02 Illegal Data Address
45740;0;0;0x0000;02 Illegal Data Address
45741;0;0;0x0000;02 Illegal Data Address
45742;0;0;0x0000;02 Illegal Data Address
45743;0;0;0x0000;02 Illegal Data Address
45744;0;0;0x0000;02 Illegal Data Address
45745;0;0;0x0000;02 Illegal Data Address
45746;0;0;0x0000;02 Illegal Data Address
45747;0;0;0x0000;02 Illegal Data Address
45748;0;0;0x0000;02 Illegal Data Address
45749;0;0;0x0000;02 Illegal Data Address
45750;0;0;0x0000;02 Illegal Data Address
45751;0;0;0x0000;02 Illegal Data Address
45752;0;0;0x0000;02 Illegal Data Address
45753;0;0;0x0000;02 Illegal Data Address
45754;0;0;0x0000;02 Illegal Data Address
45755;0;0;0x0000;02 Illegal Data Address
45756;0;0;0x0000;02 Illegal Data Address
45757;0;0;0x0000;02 Illegal Data Address
45758;0;0;0x0000;02 Illegal Data Address
45759;0;0;0x0000;02 Illegal Data Address
45760;0;0;0x0000;02 Illegal Data Address
45761;0;0;0x0000;02 Illegal Data Address
45762;0;0;0x0000;02 Illegal Data Address
45763;0;0;0x0000;02 Illegal Data Address
45764;0;0;0x0000;02 Illegal Data Address
45765;0;0;0x0000;02 Illegal Data Address
45766;0;0;0x0000;02 Illegal Data Address
45767;0;0;0x0000;02 Illegal Data Address
45768;0;0;0x0000;02 Illegal Data Address
45769;0;0;0x0000;02 Illegal Data Address
45770;0;0;0x0000;02 Illegal Data Address
45771;0;0;0x0000;02 Illegal Data Address
45772;0;0;0x0000;02 Illegal Data Address
45773;0;0;0x0000;02 Illegal Data Address
45774;0;0;0x0000;02 Illegal Data Address
45775;0;0;0x0000;02 Illegal Data Address
45776;0;0;0x0000;02 Illegal Data Address
45777;0;0;0x0000;02 Illegal Data Address
45778;0;0;0x0000;02 Illegal Data Address
45779;0;0;0x0000;02 Illegal Data Address
45780;0;0;0x0000;02 Illegal Data Address
45781;0;0;0x0000;02 Illegal Data Address
45782;0;0;0x0000;02 Illegal Data Address
45783;0;0;0x0000;02 Illegal Data Address
45784;0;0;0x0000;02 Illegal Data Address
45785;0;0;0x0000;02 Illegal Data Address
45786;0;0;0x0000;02 Illegal Data Address
45787;0;0;0x0000;02 Illegal Data Address
45788;0;0;0x0000;02 Illegal Data Address
45789;0;0;0x0000;02 Illegal Data Address
45790;0;0;0x0000;02 Illegal Data Address
45791;0;0;0x0000;02 Illegal Data Address
45792;0;0;0x0000;02 Illegal Data Address
45793;0;0;0x0000;02 Illegal Data Address
45794;0;0;0x0000;02 Illegal Data Address
45795;0;0;0x0000;02 Illegal Data Address
45796;0;0;0x0000;02 Illegal Data Address
45797;0;0;0x0000;02 Illegal Data Address
45798;0;0;0x0000;02 Illegal Data Address
45799;0;0;0x0000;02 Illegal Data Address
45800;0;0;0x0000;02 Illegal Data Address
45801;0;0;0x0000;02 Illegal Data Address
45802;0;0;0x0000;02 Illegal Data Address
45803;0;0;0x0000;02 Illegal Data Address
45804;0;0;0x0000;02 Illegal Data Address
45805;0;0;0x0000;02 Illegal Data Address
45806;0;0;0x0000;02 Illegal Data Address
45807;0;0;0x0000;02 Illegal Data Address
45808;0;0;0x0000;02 Illegal Data Address
45809;0;0;0x0000;02 Illegal Data Address
45810;0;0;0x0000;02 Illegal Data Address
45811;0;0;0x0000;02 Illegal Data Address
45812;0;0;0x0000;02 Illegal Data Address
45813;0;0;0x0000;02 Illegal Data Address
45814;0;0;0x0000;02 Illegal Data Address
45815;0;0;0x0000;02 Illegal Data Address
45816;0;0;0x0000;02 Illegal Data Address
45817;0;0;0x0000;02 Illegal Data Address
45818;0;0;0x0000;02 Illegal Data Address
45819;0;0;0x0000;02 Illegal Data Address
45820;0;0;0x0000;02 Illegal Data Address
45821;0;0;0x0000;02 Illegal Data Address
45822;0;0;0x0000;02 Illegal Data Address
45823;0;0;0x0000;02 Illegal Data Address
45824;0;0;0x0000;02 Illegal Data Address
45825;0;0;0x0000;02 Illegal Data Address
45826;0;0;0x0000;02 Illegal Data Address
45827;0;0;0x0000;02 Illegal Data Address
45828;0;0;0x0000;02 Illegal Data Address
45829;0;0;0x0000;02 Illegal Data Address
45830;0;0;0x0000;02 Illegal Data Address
45831;0;0;0x0000;02 Illegal Data Address
45832;0;0;0x0000;02 Illegal Data Address
45833;0;0;0x0000;02 Illegal Data Address
45834;0;0;0x0000;02 Illegal Data Address
45835;0;0;0x0000;02 Illegal Data Address
45836;0;0;0x0000;02 Illegal Data Address
45837;0;0;0x0000;02 Illegal Data Address
45838;0;0;0x0000;02 Illegal Data Address
45839;0;0;0x0000;02 Illegal Data Address
45840;0;0;0x0000;02 Illegal Data Address
45841;0;0;0x0000;02 Illegal Data Address
45842;0;0;0x0000;02 Illegal Data Address
45843;0;0;0x0000;02 Illegal Data Address
45844;0;0;0x0000;02 Illegal Data Address
45845;0;0;0x0000;02 Illegal Data Address
45846;0;0;0x0000;02 Illegal Data Address
45847;0;0;0x0000;02 Illegal Data Address
45848;0;0;0x0000;02 Illegal Data Address
45849;0;0;0x0000;02 Illegal Data Address
45850;0;0;0x0000;02 Illegal Data Address
45851;0;0;0x0000;02 Illegal Data Address
45852;0;0;0x0000;02 Illegal Data Address
45853;0;0;0x0000;02 Illegal Data Address
45854;0;0;0x0000;02 Illegal Data Address
45855;0;0;0x0000;02 Illegal Data Address
45856;0;0;0x0000;02 Illegal Data Address
45857;0;0;0x0000;02 Illegal Data Address
45858;0;0;0x0000;02 Illegal Data Address
45859;0;0;0x0000;02 Illegal Data Address
45860;0;0;0x0000;02 Illegal Data Address
45861;0;0;0x0000;02 Illegal Data Address
45862;0;0;0x0000;02 Illegal Data Address
45863;0;0;0x0000;02 Illegal Data Address
45864;0;0;0x0000;02 Illegal Data Address
45865;0;0;0x0000;02 Illegal Data Address
45866;0;0;0x0000;02 Illegal Data Address
45867;0;0;0x0000;02 Illegal Data Address
45868;0;0;0x0000;02 Illegal Data Address
45869;0;0;0x0000;02 Illegal Data Address
45870;0;0;0x0000;02 Illegal Data Address
45871;0;0;0x0000;02 Illegal Data Address
45872;0;0;0x0000;02 Illegal Data Address
45873;0;0;0x0000;02 Illegal Data Address
45874;0;0;0x0000;02 Illegal Data Address
45875;0;0;0x0000;02 Illegal Data Address
45876;0;0;0x0000;02 Illegal Data Address
45877;0;0;0x0000;02 Illegal Data Address
45878;0;0;0x0000;02 Illegal Data Address
45879;0;0;0x0000;02 Illegal Data Address
45880;0;0;0x0000;02 Illegal Data Address
45881;0;0;0x0000;02 Illegal Data Address
45882;0;0;0x0000;02 Illegal Data Address
45883;0;0;0x0000;02 Illegal Data Address
45884;0;0;0x0000;02 Illegal Data Address
45885;0;0;0x0000;02 Illegal Data Address
45886;0;0;0x0000;02 Illegal Data Address
45887;0;0;0x0000;02 Illegal Data Address
45888;0;0;0x0000;02 Illegal Data Address
45889;0;0;0x0000;02 Illegal Data Address
45890;0;0;0x0000;02 Illegal Data Address
45891;0;0;0x0000;02 Illegal Data Address
45892;0;0;0x0000;02 Illegal Data Address
45893;0;0;0x0000;02 Illegal Data Address
45894;0;0;0x0000;02 Illegal Data Address
45895;0;0;0x0000;02 Illegal Data Address
45896;0;0;0x0000;02 Illegal Data Address
45897;0;0;0x0000;02 Illegal Data Address
45898;0;0;0x0000;02 Illegal Data Address
45899;0;0;0x0000;02 Illegal Data Address
45900;0;0;0x0000;02 Illegal Data Address
45901;0;0;0x0000;02 Illegal Data Address
45902;0;0;0x0000;02 Illegal Data Address
45903;0;0;0x0000;02 Illegal Data Address
45904;0;0;0x0000;02 Illegal Data Address
45905;0;0;0x0000;02 Illegal Data Address
45906;0;0;0x0000;02 Illegal Data Address
45907;0;0;0x0000;02 Illegal Data Address
45908;0;0;0x0000;02 Illegal Data Address
45909;0;0;0x0000;02 Illegal Data Address
45910;0;0;0x0000;02 Illegal Data Address
45911;0;0;0x0000;02 Illegal Data Address
45912;0;0;0x0000;02 Illegal Data Address
45913;0;0;0x0000;02 Illegal Data Address
45914;0;0;0x0000;02 Illegal Data Address
45915;0;0;0x0000;02 Illegal Data Address
45916;0;0;0x0000;02 Illegal Data Address
45917;0;0;0x0000;02 Illegal Data Address
45918;0;0;0x0000;02 Illegal Data Address
45919;0;0;0x0000;02 Illegal Data Address
45920;0;0;0x0000;02 Illegal Data Address
45921;0;0;0x0000;02 Illegal Data Address
45922;0;0;0x0000;02 Illegal Data Address
45923;0;0;0x0000;02 Illegal Data Address
45924;0;0;0x0000;02 Illegal Data Address
45925;0;0;0x0000;02 Illegal Data Address
45926;0;0;0x0000;02 Illegal Data Address
45927;0;0;0x0000;02 Illegal Data Address
45928;0;0;0x0000;02 Illegal Data Address
45929;0;0;0x0000;02 Illegal Data Address
45930;0;0;0x0000;02 Illegal Data Address
45931;0;0;0x0000;02 Illegal Data Address
45932;0;0;0x0000;02 Illegal Data Address
45933;0;0;0x0000;02 Illegal Data Address
45934;0;0;0x0000;02 Illegal Data Address
45935;0;0;0x0000;02 Illegal Data Address
45936;0;0;0x0000;02 Illegal Data Address
45937;0;0;0x0000;02 Illegal Data Address
45938;0;0;0x0000;02 Illegal Data Address
45939;0;0;0x0000;02 Illegal Data Address
45940;0;0;0x0000;02 Illegal Data Address
45941;0;0;0x0000;02 Illegal Data Address
45942;0;0;0x0000;02 Illegal Data Address
45943;0;0;0x0000;02 Illegal Data Address
45944;0;0;0x0000;02 Illegal Data Address
45945;0;0;0x0000;02 Illegal Data Address
45946;0;0;0x0000;02 Illegal Data Address
45947;0;0;0x0000;02 Illegal Data Address
45948;0;0;0x0000;02 Illegal Data Address
45949;0;0;0x0000;02 Illegal Data Address
45950;0;0;0x0000;02 Illegal Data Address
45951;0;0;0x0000;02 Illegal Data Address
45952;0;0;0x0000;02 Illegal Data Address
45953;0;0;0x0000;02 Illegal Data Address
45954;0;0;0x0000;02 Illegal Data Address
45955;0;0;0x0000;02 Illegal Data Address
45956;0;0;0x0000;02 Illegal Data Address
45957;0;0;0x0000;02 Illegal Data Address
45958;0;0;0x0000;02 Illegal Data Address
45959;0;0;0x0000;02 Illegal Data Address
45960;0;0;0x0000;02 Illegal Data Address
45961;0;0;0x0000;02 Illegal Data Address
45962;0;0;0x0000;02 Illegal Data Address
45963;0;0;0x0000;02 Illegal Data Address
45964;0;0;0x0000;02 Illegal Data Address
45965;0;0;0x0000;02 Illegal Data Address
45966;0;0;0x0000;02 Illegal Data Address
45967;0;0;0x0000;02 Illegal Data Address
45968;0;0;0x0000;02 Illegal Data Address
45969;0;0;0x0000;02 Illegal Data Address
45970;0;0;0x0000;02 Illegal Data Address
45971;0;0;0x0000;02 Illegal Data Address
45972;0;0;0x0000;02 Illegal Data Address
45973;0;0;0x0000;02 Illegal Data Address
45974;0;0;0x0000;02 Illegal Data Address
45975;0;0;0x0000;02 Illegal Data Address
45976;0;0;0x0000;02 Illegal Data Address
45977;0;0;0x0000;02 Illegal Data Address
45978;0;0;0x0000;02 Illegal Data Address
45979;0;0;0x0000;02 Illegal Data Address
45980;0;0;0x0000;02 Illegal Data Address
45981;0;0;0x0000;02 Illegal Data Address
45982;0;0;0x0000;02 Illegal Data Address
45983;0;0;0x0000;02 Illegal Data Address
45984;0;0;0x0000;02 Illegal Data Address
45985;0;0;0x0000;02 Illegal Data Address
45986;0;0;0x0000;02 Illegal Data Address
45987;0;0;0x0000;02 Illegal Data Address
45988;0;0;0x0000;02 Illegal Data Address
45989;0;0;0x0000;02 Illegal Data Address
45990;0;0;0x0000;02 Illegal Data Address
45991;0;0;0x0000;02 Illegal Data Address
45992;0;0;0x0000;02 Illegal Data Address
45993;0;0;0x0000;02 Illegal Data Address
45994;0;0;0x0000;02 Illegal Data Address
45995;0;0;0x0000;02 Illegal Data Address
45996;0;0;0x0000;02 Illegal Data Address
45997;0;0;0x0000;02 Illegal Data Address
45998;0;0;0x0000;02 Illegal Data Address
45999;0;0;0x0000;02 Illegal Data Address
46000;0;0;0x0000;02 Illegal Data Address
46001;0;0;0x0000;02 Illegal Data Address
46002;0;0;0x0000;02 Illegal Data Address
46003;0;0;0x0000;02 Illegal Data Address
46004;0;0;0x0000;02 Illegal Data Address
46005;0;0;0x0000;02 Illegal Data Address
46006;0;0;0x0000;02 Illegal Data Address
46007;0;0;0x0000;02 Illegal Data Address
46008;0;0;0x0000;02 Illegal Data Address
46009;0;0;0x0000;02 Illegal Data Address
46010;0;0;0x0000;02 Illegal Data Address
46011;0;0;0x0000;02 Illegal Data Address
46012;0;0;0x0000;02 Illegal Data Address
46013;0;0;0x0000;02 Illegal Data Address
46014;0;0;0x0000;02 Illegal Data Address
46015;0;0;0x0000;02 Illegal Data Address
46016;0;0;0x0000;02 Illegal Data Address
46017;0;0;0x0000;02 Illegal Data Address
46018;0;0;0x0000;02 Illegal Data Address
46019;0;0;0x0000;02 Illegal Data Address
46020;0;0;0x0000;02 Illegal Data Address
46021;0;0;0x0000;02 Illegal Data Address
46022;0;0;0x0000;02 Illegal Data Address
46023;0;0;0x0000;02 Illegal Data Address
46024;0;0;0x0000;02 Illegal Data Address
46025;0;0;0x0000;02 Illegal Data Address
46026;0;0;0x0000;02 Illegal Data Address
46027;0;0;0x0000;02 Illegal Data Address
46028;0;0;0x0000;02 Illegal Data Address
46029;0;0;0x0000;02 Illegal Data Address
46030;0;0;0x0000;02 Illegal Data Address
46031;0;0;0x0000;02 Illegal Data Address
46032;0;0;0x0000;02 Illegal Data Address
46033;0;0;0x0000;02 Illegal Data Address
46034;0;0;0x0000;02 Illegal Data Address
46035;0;0;0x0000;02 Illegal Data Address
46036;0;0;0x0000;02 Illegal Data Address
46037;0;0;0x0000;02 Illegal Data Address
46038;0;0;0x0000;02 Illegal Data Address
46039;0;0;0x0000;02 Illegal Data Address
46040;0;0;0x0000;02 Illegal Data Address
46041;0;0;0x0000;02 Illegal Data Address
46042;0;0;0x0000;02 Illegal Data Address
46043;0;0;0x0000;02 Illegal Data Address
46044;0;0;0x0000;02 Illegal Data Address
46045;0;0;0x0000;02 Illegal Data Address
46046;0;0;0x0000;02 Illegal Data Address
46047;0;0;0x0000;02 Illegal Data Address
46048;0;0;0x0000;02 Illegal Data Address
46049;0;0;0x0000;02 Illegal Data Address
46050;0;0;0x0000;02 Illegal Data Address
46051;0;0;0x0000;02 Illegal Data Address
46052;0;0;0x0000;02 Illegal Data Address
46053;0;0;0x0000;02 Illegal Data Address
46054;0;0;0x0000;02 Illegal Data Address
46055;0;0;0x0000;02 Illegal Data Address
46056;0;0;0x0000;02 Illegal Data Address
46057;0;0;0x0000;02 Illegal Data Address
46058;0;0;0x0000;02 Illegal Data Address
46059;0;0;0x0000;02 Illegal Data Address
46060;0;0;0x0000;02 Illegal Data Address
46061;0;0;0x0000;02 Illegal Data Address
46062;0;0;0x0000;02 Illegal Data Address
46063;0;0;0x0000;02 Illegal Data Address
46064;0;0;0x0000;02 Illegal Data Address
46065;0;0;0x0000;02 Illegal Data Address
46066;0;0;0x0000;02 Illegal Data Address
46067;0;0;0x0000;02 Illegal Data Address
46068;0;0;0x0000;02 Illegal Data Address
46069;0;0;0x0000;02 Illegal Data Address
46070;0;0;0x0000;02 Illegal Data Address
46071;0;0;0x0000;02 Illegal Data Address
46072;0;0;0x0000;02 Illegal Data Address
46073;0;0;0x0000;02 Illegal Data Address
46074;0;0;0x0000;02 Illegal Data Address
46075;0;0;0x0000;02 Illegal Data Address
46076;0;0;0x0000;02 Illegal Data Address
46077;0;0;0x0000;02 Illegal Data Address
46078;0;0;0x0000;02 Illegal Data Address
46079;0;0;0x0000;02 Illegal Data Address
46080;0;0;0x0000;02 Illegal Data Address
46081;0;0;0x0000;02 Illegal Data Address
46082;0;0;0x0000;02 Illegal Data Address
46083;0;0;0x0000;02 Illegal Data Address
46084;0;0;0x0000;02 Illegal Data Address
46085;0;0;0x0000;02 Illegal Data Address
46086;0;0;0x0000;02 Illegal Data Address
46087;0;0;0x0000;02 Illegal Data Address
46088;0;0;0x0000;02 Illegal Data Address
46089;0;0;0x0000;02 Illegal Data Address
46090;0;0;0x0000;02 Illegal Data Address
46091;0;0;0x0000;02 Illegal Data Address
46092;0;0;0x0000;02 Illegal Data Address
46093;0;0;0x0000;02 Illegal Data Address
46094;0;0;0x0000;02 Illegal Data Address
46095;0;0;0x0000;02 Illegal Data Address
46096;0;0;0x0000;02 Illegal Data Address
46097;0;0;0x0000;02 Illegal Data Address
46098;0;0;0x0000;02 Illegal Data Address
46099;0;0;0x0000;02 Illegal Data Address
46100;0;0;0x0000;02 Illegal Data Address
46101;0;0;0x0000;02 Illegal Data Address
46102;0;0;0x0000;02 Illegal Data Address
46103;0;0;0x0000;02 Illegal Data Address
46104;0;0;0x0000;02 Illegal Data Address
46105;0;0;0x0000;02 Illegal Data Address
46106;0;0;0x0000;02 Illegal Data Address
46107;0;0;0x0000;02 Illegal Data Address
46108;0;0;0x0000;02 Illegal Data Address
46109;0;0;0x0000;02 Illegal Data Address
46110;0;0;0x0000;02 Illegal Data Address
46111;0;0;0x0000;02 Illegal Data Address
46112;0;0;0x0000;02 Illegal Data Address
46113;0;0;0x0000;02 Illegal Data Address
46114;0;0;0x0000;02 Illegal Data Address
46115;0;0;0x0000;02 Illegal Data Address
46116;0;0;0x0000;02 Illegal Data Address
46117;0;0;0x0000;02 Illegal Data Address
46118;0;0;0x0000;02 Illegal Data Address
46119;0;0;0x0000;02 Illegal Data Address
46120;0;0;0x0000;02 Illegal Data Address
46121;0;0;0x0000;02 Illegal Data Address
46122;0;0;0x0000;02 Illegal Data Address
46123;0;0;0x0000;02 Illegal Data Address
46124;0;0;0x0000;02 Illegal Data Address
46125;0;0;0x0000;02 Illegal Data Address
46126;0;0;0x0000;02 Illegal Data Address
46127;0;0;0x0000;02 Illegal Data Address
46128;0;0;0x0000;02 Illegal Data Address
46129;0;0;0x0000;02 Illegal Data Address
46130;0;0;0x0000;02 Illegal Data Address
46131;0;0;0x0000;02 Illegal Data Address
46132;0;0;0x0000;02 Illegal Data Address
46133;0;0;0x0000;02 Illegal Data Address
46134;0;0;0x0000;02 Illegal Data Address
46135;0;0;0x0000;02 Illegal Data Address
46136;0;0;0x0000;02 Illegal Data Address
46137;0;0;0x0000;02 Illegal Data Address
46138;0;0;0x0000;02 Illegal Data Address
46139;0;0;0x0000;02 Illegal Data Address
46140;0;0;0x0000;02 Illegal Data Address
46141;0;0;0x0000;02 Illegal Data Address
46142;0;0;0x0000;02 Illegal Data Address
46143;0;0;0x0000;02 Illegal Data Address
46144;0;0;0x0000;02 Illegal Data Address
46145;0;0;0x0000;02 Illegal Data Address
46146;0;0;0x0000;02 Illegal Data Address
46147;0;0;0x0000;02 Illegal Data Address
46148;0;0;0x0000;02 Illegal Data Address
46149;0;0;0x0000;02 Illegal Data Address
46150;0;0;0x0000;02 Illegal Data Address
46151;0;0;0x0000;02 Illegal Data Address
46152;0;0;0x0000;02 Illegal Data Address
46153;0;0;0x0000;02 Illegal Data Address
46154;0;0;0x0000;02 Illegal Data Address
46155;0;0;0x0000;02 Illegal Data Address
46156;0;0;0x0000;02 Illegal Data Address
46157;0;0;0x0000;02 Illegal Data Address
46158;0;0;0x0000;02 Illegal Data Address
46159;0;0;0x0000;02 Illegal Data Address
46160;0;0;0x0000;02 Illegal Data Address
46161;0;0;0x0000;02 Illegal Data Address
46162;0;0;0x0000;02 Illegal Data Address
46163;0;0;0x0000;02 Illegal Data Address
46164;0;0;0x0000;02 Illegal Data Address
46165;0;0;0x0000;02 Illegal Data Address
46166;0;0;0x0000;02 Illegal Data Address
46167;0;0;0x0000;02 Illegal Data Address
46168;0;0;0x0000;02 Illegal Data Address
46169;0;0;0x0000;02 Illegal Data Address
46170;0;0;0x0000;02 Illegal Data Address
46171;0;0;0x0000;02 Illegal Data Address
46172;0;0;0x0000;02 Illegal Data Address
46173;0;0;0x0000;02 Illegal Data Address
46174;0;0;0x0000;02 Illegal Data Address
46175;0;0;0x0000;02 Illegal Data Address
46176;0;0;0x0000;02 Illegal Data Address
46177;0;0;0x0000;02 Illegal Data Address
46178;0;0;0x0000;02 Illegal Data Address
46179;0;0;0x0000;02 Illegal Data Address
46180;0;0;0x0000;02 Illegal Data Address
46181;0;0;0x0000;02 Illegal Data Address
46182;0;0;0x0000;02 Illegal Data Address
46183;0;0;0x0000;02 Illegal Data Address
46184;0;0;0x0000;02 Illegal Data Address
46185;0;0;0x0000;02 Illegal Data Address
46186;0;0;0x0000;02 Illegal Data Address
46187;0;0;0x0000;02 Illegal Data Address
46188;0;0;0x0000;02 Illegal Data Address
46189;0;0;0x0000;02 Illegal Data Address
46190;0;0;0x0000;02 Illegal Data Address
46191;0;0;0x0000;02 Illegal Data Address
46192;0;0;0x0000;02 Illegal Data Address
46193;0;0;0x0000;02 Illegal Data Address
46194;0;0;0x0000;02 Illegal Data Address
46195;0;0;0x0000;02 Illegal Data Address
46196;0;0;0x0000;02 Illegal Data Address
46197;0;0;0x0000;02 Illegal Data Address
46198;0;0;0x0000;02 Illegal Data Address
46199;0;0;0x0000;02 Illegal Data Address
46200;0;0;0x0000;02 Illegal Data Address
46201;0;0;0x0000;02 Illegal Data Address
46202;0;0;0x0000;02 Illegal Data Address
46203;0;0;0x0000;02 Illegal Data Address
46204;0;0;0x0000;02 Illegal Data Address
46205;0;0;0x0000;02 Illegal Data Address
46206;0;0;0x0000;02 Illegal Data Address
46207;0;0;0x0000;02 Illegal Data Address
46208;0;0;0x0000;02 Illegal Data Address
46209;0;0;0x0000;02 Illegal Data Address
46210;0;0;0x0000;02 Illegal Data Address
46211;0;0;0x0000;02 Illegal Data Address
46212;0;0;0x0000;02 Illegal Data Address
46213;0;0;0x0000;02 Illegal Data Address
46214;0;0;0x0000;02 Illegal Data Address
46215;0;0;0x0000;02 Illegal Data Address
46216;0;0;0x0000;02 Illegal Data Address
46217;0;0;0x0000;02 Illegal Data Address
46218;0;0;0x0000;02 Illegal Data Address
46219;0;0;0x0000;02 Illegal Data Address
46220;0;0;0x0000;02 Illegal Data Address
46221;0;0;0x0000;02 Illegal Data Address
46222;0;0;0x0000;02 Illegal Data Address
46223;0;0;0x0000;02 Illegal Data Address
46224;0;0;0x0000;02 Illegal Data Address
46225;0;0;0x0000;02 Illegal Data Address
46226;0;0;0x0000;02 Illegal Data Address
46227;0;0;0x0000;02 Illegal Data Address
46228;0;0;0x0000;02 Illegal Data Address
46229;0;0;0x0000;02 Illegal Data Address
46230;0;0;0x0000;02 Illegal Data Address
46231;0;0;0x0000;02 Illegal Data Address
46232;0;0;0x0000;02 Illegal Data Address
46233;0;0;0x0000;02 Illegal Data Address
46234;0;0;0x0000;02 Illegal Data Address
46235;0;0;0x0000;02 Illegal Data Address
46236;0;0;0x0000;02 Illegal Data Address
46237;0;0;0x0000;02 Illegal Data Address
46238;0;0;0x0000;02 Illegal Data Address
46239;0;0;0x0000;02 Illegal Data Address
46240;0;0;0x0000;02 Illegal Data Address
46241;0;0;0x0000;02 Illegal Data Address
46242;0;0;0x0000;02 Illegal Data Address
46243;0;0;0x0000;02 Illegal Data Address
46244;0;0;0x0000;02 Illegal Data Address
46245;0;0;0x0000;02 Illegal Data Address
46246;0;0;0x0000;02 Illegal Data Address
46247;0;0;0x0000;02 Illegal Data Address
46248;0;0;0x0000;02 Illegal Data Address
46249;0;0;0x0000;02 Illegal Data Address
46250;0;0;0x0000;02 Illegal Data Address
46251;0;0;0x0000;02 Illegal Data Address
46252;0;0;0x0000;02 Illegal Data Address
46253;0;0;0x0000;02 Illegal Data Address
46254;0;0;0x0000;02 Illegal Data Address
46255;0;0;0x0000;02 Illegal Data Address
46256;0;0;0x0000;02 Illegal Data Address
46257;0;0;0x0000;02 Illegal Data Address
46258;0;0;0x0000;02 Illegal Data Address
46259;0;0;0x0000;02 Illegal Data Address
46260;0;0;0x0000;02 Illegal Data Address
46261;0;0;0x0000;02 Illegal Data Address
46262;0;0;0x0000;02 Illegal Data Address
46263;0;0;0x0000;02 Illegal Data Address
46264;0;0;0x0000;02 Illegal Data Address
46265;0;0;0x0000;02 Illegal Data Address
46266;0;0;0x0000;02 Illegal Data Address
46267;0;0;0x0000;02 Illegal Data Address
46268;0;0;0x0000;02 Illegal Data Address
46269;0;0;0x0000;02 Illegal Data Address
46270;0;0;0x0000;02 Illegal Data Address
46271;0;0;0x0000;02 Illegal Data Address
46272;0;0;0x0000;02 Illegal Data Address
46273;0;0;0x0000;02 Illegal Data Address
46274;0;0;0x0000;02 Illegal Data Address
46275;0;0;0x0000;02 Illegal Data Address
46276;0;0;0x0000;02 Illegal Data Address
46277;0;0;0x0000;02 Illegal Data Address
46278;0;0;0x0000;02 Illegal Data Address
46279;0;0;0x0000;02 Illegal Data Address
46280;0;0;0x0000;02 Illegal Data Address
46281;0;0;0x0000;02 Illegal Data Address
46282;0;0;0x0000;02 Illegal Data Address
46283;0;0;0x0000;02 Illegal Data Address
46284;0;0;0x0000;02 Illegal Data Address
46285;0;0;0x0000;02 Illegal Data Address
46286;0;0;0x0000;02 Illegal Data Address
46287;0;0;0x0000;02 Illegal Data Address
46288;0;0;0x0000;02 Illegal Data Address
46289;0;0;0x0000;02 Illegal Data Address
46290;0;0;0x0000;02 Illegal Data Address
46291;0;0;0x0000;02 Illegal Data Address
46292;0;0;0x0000;02 Illegal Data Address
46293;0;0;0x0000;02 Illegal Data Address
46294;0;0;0x0000;02 Illegal Data Address
46295;0;0;0x0000;02 Illegal Data Address
46296;0;0;0x0000;02 Illegal Data Address
46297;0;0;0x0000;02 Illegal Data Address
46298;0;0;0x0000;02 Illegal Data Address
46299;0;0;0x0000;02 Illegal Data Address
46300;0;0;0x0000;02 Illegal Data Address
46301;0;0;0x0000;02 Illegal Data Address
46302;0;0;0x0000;02 Illegal Data Address
46303;0;0;0x0000;02 Illegal Data Address
46304;0;0;0x0000;02 Illegal Data Address
46305;0;0;0x0000;02 Illegal Data Address
46306;0;0;0x0000;02 Illegal Data Address
46307;0;0;0x0000;02 Illegal Data Address
46308;0;0;0x0000;02 Illegal Data Address
46309;0;0;0x0000;02 Illegal Data Address
46310;0;0;0x0000;02 Illegal Data Address
46311;0;0;0x0000;02 Illegal Data Address
46312;0;0;0x0000;02 Illegal Data Address
46313;0;0;0x0000;02 Illegal Data Address
46314;0;0;0x0000;02 Illegal Data Address
46315;0;0;0x0000;02 Illegal Data Address
46316;0;0;0x0000;02 Illegal Data Address
46317;0;0;0x0000;02 Illegal Data Address
46318;0;0;0x0000;02 Illegal Data Address
46319;0;0;0x0000;02 Illegal Data Address
46320;0;0;0x0000;02 Illegal Data Address
46321;0;0;0x0000;02 Illegal Data Address
46322;0;0;0x0000;02 Illegal Data Address
46323;0;0;0x0000;02 Illegal Data Address
46324;0;0;0x0000;02 Illegal Data Address
46325;0;0;0x0000;02 Illegal Data Address
46326;0;0;0x0000;02 Illegal Data Address
46327;0;0;0x0000;02 Illegal Data Address
46328;0;0;0x0000;02 Illegal Data Address
46329;0;0;0x0000;02 Illegal Data Address
46330;0;0;0x0000;02 Illegal Data Address
46331;0;0;0x0000;02 Illegal Data Address
46332;0;0;0x0000;02 Illegal Data Address
46333;0;0;0x0000;02 Illegal Data Address
46334;0;0;0x0000;02 Illegal Data Address
46335;0;0;0x0000;02 Illegal Data Address
46336;0;0;0x0000;02 Illegal Data Address
46337;0;0;0x0000;02 Illegal Data Address
46338;0;0;0x0000;02 Illegal Data Address
46339;0;0;0x0000;02 Illegal Data Address
46340;0;0;0x0000;02 Illegal Data Address
46341;0;0;0x0000;02 Illegal Data Address
46342;0;0;0x0000;02 Illegal Data Address
46343;0;0;0x0000;02 Illegal Data Address
46344;0;0;0x0000;02 Illegal Data Address
46345;0;0;0x0000;02 Illegal Data Address
46346;0;0;0x0000;02 Illegal Data Address
46347;0;0;0x0000;02 Illegal Data Address
46348;0;0;0x0000;02 Illegal Data Address
46349;0;0;0x0000;02 Illegal Data Address
46350;0;0;0x0000;02 Illegal Data Address
46351;0;0;0x0000;02 Illegal Data Address
46352;0;0;0x0000;02 Illegal Data Address
46353;0;0;0x0000;02 Illegal Data Address
46354;0;0;0x0000;02 Illegal Data Address
46355;0;0;0x0000;02 Illegal Data Address
46356;0;0;0x0000;02 Illegal Data Address
46357;0;0;0x0000;02 Illegal Data Address
46358;0;0;0x0000;02 Illegal Data Address
46359;0;0;0x0000;02 Illegal Data Address
46360;0;0;0x0000;02 Illegal Data Address
46361;0;0;0x0000;02 Illegal Data Address
46362;0;0;0x0000;02 Illegal Data Address
46363;0;0;0x0000;02 Illegal Data Address
46364;0;0;0x0000;02 Illegal Data Address
46365;0;0;0x0000;02 Illegal Data Address
46366;0;0;0x0000;02 Illegal Data Address
46367;0;0;0x0000;02 Illegal Data Address
46368;0;0;0x0000;02 Illegal Data Address
46369;0;0;0x0000;02 Illegal Data Address
46370;0;0;0x0000;02 Illegal Data Address
46371;0;0;0x0000;02 Illegal Data Address
46372;0;0;0x0000;02 Illegal Data Address
46373;0;0;0x0000;02 Illegal Data Address
46374;0;0;0x0000;02 Illegal Data Address
46375;0;0;0x0000;02 Illegal Data Address
46376;0;0;0x0000;02 Illegal Data Address
46377;0;0;0x0000;02 Illegal Data Address
46378;0;0;0x0000;02 Illegal Data Address
46379;0;0;0x0000;02 Illegal Data Address
46380;0;0;0x0000;02 Illegal Data Address
46381;0;0;0x0000;02 Illegal Data Address
46382;0;0;0x0000;02 Illegal Data Address
46383;0;0;0x0000;02 Illegal Data Address
46384;0;0;0x0000;02 Illegal Data Address
46385;0;0;0x0000;02 Illegal Data Address
46386;0;0;0x0000;02 Illegal Data Address
46387;0;0;0x0000;02 Illegal Data Address
46388;0;0;0x0000;02 Illegal Data Address
46389;0;0;0x0000;02 Illegal Data Address
46390;0;0;0x0000;02 Illegal Data Address
46391;0;0;0x0000;02 Illegal Data Address
46392;0;0;0x0000;02 Illegal Data Address
46393;0;0;0x0000;02 Illegal Data Address
46394;0;0;0x0000;02 Illegal Data Address
46395;0;0;0x0000;02 Illegal Data Address
46396;0;0;0x0000;02 Illegal Data Address
46397;0;0;0x0000;02 Illegal Data Address
46398;0;0;0x0000;02 Illegal Data Address
46399;0;0;0x0000;02 Illegal Data Address
46400;0;0;0x0000;02 Illegal Data Address
46401;0;0;0x0000;02 Illegal Data Address
46402;0;0;0x0000;02 Illegal Data Address
46403;0;0;0x0000;02 Illegal Data Address
46404;0;0;0x0000;02 Illegal Data Address
46405;0;0;0x0000;02 Illegal Data Address
46406;0;0;0x0000;02 Illegal Data Address
46407;0;0;0x0000;02 Illegal Data Address
46408;0;0;0x0000;02 Illegal Data Address
46409;0;0;0x0000;02 Illegal Data Address
46410;0;0;0x0000;02 Illegal Data Address
46411;0;0;0x0000;02 Illegal Data Address
46412;0;0;0x0000;02 Illegal Data Address
46413;0;0;0x0000;02 Illegal Data Address
46414;0;0;0x0000;02 Illegal Data Address
46415;0;0;0x0000;02 Illegal Data Address
46416;0;0;0x0000;02 Illegal Data Address
46417;0;0;0x0000;02 Illegal Data Address
46418;0;0;0x0000;02 Illegal Data Address
46419;0;0;0x0000;02 Illegal Data Address
46420;0;0;0x0000;02 Illegal Data Address
46421;0;0;0x0000;02 Illegal Data Address
46422;0;0;0x0000;02 Illegal Data Address
46423;0;0;0x0000;02 Illegal Data Address
46424;0;0;0x0000;02 Illegal Data Address
46425;0;0;0x0000;02 Illegal Data Address
46426;0;0;0x0000;02 Illegal Data Address
46427;0;0;0x0000;02 Illegal Data Address
46428;0;0;0x0000;02 Illegal Data Address
46429;0;0;0x0000;02 Illegal Data Address
46430;0;0;0x0000;02 Illegal Data Address
46431;0;0;0x0000;02 Illegal Data Address
46432;0;0;0x0000;02 Illegal Data Address
46433;0;0;0x0000;02 Illegal Data Address
46434;0;0;0x0000;02 Illegal Data Address
46435;0;0;0x0000;02 Illegal Data Address
46436;0;0;0x0000;02 Illegal Data Address
46437;0;0;0x0000;02 Illegal Data Address
46438;0;0;0x0000;02 Illegal Data Address
46439;0;0;0x0000;02 Illegal Data Address
46440;0;0;0x0000;02 Illegal Data Address
46441;0;0;0x0000;02 Illegal Data Address
46442;0;0;0x0000;02 Illegal Data Address
46443;0;0;0x0000;02 Illegal Data Address
46444;0;0;0x0000;02 Illegal Data Address
46445;0;0;0x0000;02 Illegal Data Address
46446;0;0;0x0000;02 Illegal Data Address
46447;0;0;0x0000;02 Illegal Data Address
46448;0;0;0x0000;02 Illegal Data Address
46449;0;0;0x0000;02 Illegal Data Address
46450;0;0;0x0000;02 Illegal Data Address
46451;0;0;0x0000;02 Illegal Data Address
46452;0;0;0x0000;02 Illegal Data Address
46453;0;0;0x0000;02 Illegal Data Address
46454;0;0;0x0000;02 Illegal Data Address
46455;0;0;0x0000;02 Illegal Data Address
46456;0;0;0x0000;02 Illegal Data Address
46457;0;0;0x0000;02 Illegal Data Address
46458;0;0;0x0000;02 Illegal Data Address
46459;0;0;0x0000;02 Illegal Data Address
46460;0;0;0x0000;02 Illegal Data Address
46461;0;0;0x0000;02 Illegal Data Address
46462;0;0;0x0000;02 Illegal Data Address
46463;0;0;0x0000;02 Illegal Data Address
46464;0;0;0x0000;02 Illegal Data Address
46465;0;0;0x0000;02 Illegal Data Address
46466;0;0;0x0000;02 Illegal Data Address
46467;0;0;0x0000;02 Illegal Data Address
46468;0;0;0x0000;02 Illegal Data Address
46469;0;0;0x0000;02 Illegal Data Address
46470;0;0;0x0000;02 Illegal Data Address
46471;0;0;0x0000;02 Illegal Data Address
46472;0;0;0x0000;02 Illegal Data Address
46473;0;0;0x0000;02 Illegal Data Address
46474;0;0;0x0000;02 Illegal Data Address
46475;0;0;0x0000;02 Illegal Data Address
46476;0;0;0x0000;02 Illegal Data Address
46477;0;0;0x0000;02 Illegal Data Address
46478;0;0;0x0000;02 Illegal Data Address
46479;0;0;0x0000;02 Illegal Data Address
46480;0;0;0x0000;02 Illegal Data Address
46481;0;0;0x0000;02 Illegal Data Address
46482;0;0;0x0000;02 Illegal Data Address
46483;0;0;0x0000;02 Illegal Data Address
46484;0;0;0x0000;02 Illegal Data Address
46485;0;0;0x0000;02 Illegal Data Address
46486;0;0;0x0000;02 Illegal Data Address
46487;0;0;0x0000;02 Illegal Data Address
46488;0;0;0x0000;02 Illegal Data Address
46489;0;0;0x0000;02 Illegal Data Address
46490;0;0;0x0000;02 Illegal Data Address
46491;0;0;0x0000;02 Illegal Data Address
46492;0;0;0x0000;02 Illegal Data Address
46493;0;0;0x0000;02 Illegal Data Address
46494;0;0;0x0000;02 Illegal Data Address
46495;0;0;0x0000;02 Illegal Data Address
46496;0;0;0x0000;02 Illegal Data Address
46497;0;0;0x0000;02 Illegal Data Address
46498;0;0;0x0000;02 Illegal Data Address
46499;0;0;0x0000;02 Illegal Data Address
46500;0;0;0x0000;02 Illegal Data Address
46501;0;0;0x0000;02 Illegal Data Address
46502;0;0;0x0000;02 Illegal Data Address
46503;0;0;0x0000;02 Illegal Data Address
46504;0;0;0x0000;02 Illegal Data Address
46505;0;0;0x0000;02 Illegal Data Address
46506;0;0;0x0000;02 Illegal Data Address
46507;0;0;0x0000;02 Illegal Data Address
46508;0;0;0x0000;02 Illegal Data Address
46509;0;0;0x0000;02 Illegal Data Address
46510;0;0;0x0000;02 Illegal Data Address
46511;0;0;0x0000;02 Illegal Data Address
46512;0;0;0x0000;02 Illegal Data Address
46513;0;0;0x0000;02 Illegal Data Address
46514;0;0;0x0000;02 Illegal Data Address
46515;0;0;0x0000;02 Illegal Data Address
46516;0;0;0x0000;02 Illegal Data Address
46517;0;0;0x0000;02 Illegal Data Address
46518;0;0;0x0000;02 Illegal Data Address
46519;0;0;0x0000;02 Illegal Data Address
46520;0;0;0x0000;02 Illegal Data Address
46521;0;0;0x0000;02 Illegal Data Address
46522;0;0;0x0000;02 Illegal Data Address
46523;0;0;0x0000;02 Illegal Data Address
46524;0;0;0x0000;02 Illegal Data Address
46525;0;0;0x0000;02 Illegal Data Address
46526;0;0;0x0000;02 Illegal Data Address
46527;0;0;0x0000;02 Illegal Data Address
46528;0;0;0x0000;02 Illegal Data Address
46529;0;0;0x0000;02 Illegal Data Address
46530;0;0;0x0000;02 Illegal Data Address
46531;0;0;0x0000;02 Illegal Data Address
46532;0;0;0x0000;02 Illegal Data Address
46533;0;0;0x0000;02 Illegal Data Address
46534;0;0;0x0000;02 Illegal Data Address
46535;0;0;0x0000;02 Illegal Data Address
46536;0;0;0x0000;02 Illegal Data Address
46537;0;0;0x0000;02 Illegal Data Address
46538;0;0;0x0000;02 Illegal Data Address
46539;0;0;0x0000;02 Illegal Data Address
46540;0;0;0x0000;02 Illegal Data Address
46541;0;0;0x0000;02 Illegal Data Address
46542;0;0;0x0000;02 Illegal Data Address
46543;0;0;0x0000;02 Illegal Data Address
46544;0;0;0x0000;02 Illegal Data Address
46545;0;0;0x0000;02 Illegal Data Address
46546;0;0;0x0000;02 Illegal Data Address
46547;0;0;0x0000;02 Illegal Data Address
46548;0;0;0x0000;02 Illegal Data Address
46549;0;0;0x0000;02 Illegal Data Address
46550;0;0;0x0000;02 Illegal Data Address
46551;0;0;0x0000;02 Illegal Data Address
46552;0;0;0x0000;02 Illegal Data Address
46553;0;0;0x0000;02 Illegal Data Address
46554;0;0;0x0000;02 Illegal Data Address
46555;0;0;0x0000;02 Illegal Data Address
46556;0;0;0x0000;02 Illegal Data Address
46557;0;0;0x0000;02 Illegal Data Address
46558;0;0;0x0000;02 Illegal Data Address
46559;0;0;0x0000;02 Illegal Data Address
46560;0;0;0x0000;02 Illegal Data Address
46561;0;0;0x0000;02 Illegal Data Address
46562;0;0;0x0000;02 Illegal Data Address
46563;0;0;0x0000;02 Illegal Data Address
46564;0;0;0x0000;02 Illegal Data Address
46565;0;0;0x0000;02 Illegal Data Address
46566;0;0;0x0000;02 Illegal Data Address
46567;0;0;0x0000;02 Illegal Data Address
46568;0;0;0x0000;02 Illegal Data Address
46569;0;0;0x0000;02 Illegal Data Address
46570;0;0;0x0000;02 Illegal Data Address
46571;0;0;0x0000;02 Illegal Data Address
46572;0;0;0x0000;02 Illegal Data Address
46573;0;0;0x0000;02 Illegal Data Address
46574;0;0;0x0000;02 Illegal Data Address
46575;0;0;0x0000;02 Illegal Data Address
46576;0;0;0x0000;02 Illegal Data Address
46577;0;0;0x0000;02 Illegal Data Address
46578;0;0;0x0000;02 Illegal Data Address
46579;0;0;0x0000;02 Illegal Data Address
46580;0;0;0x0000;02 Illegal Data Address
46581;0;0;0x0000;02 Illegal Data Address
46582;0;0;0x0000;02 Illegal Data Address
46583;0;0;0x0000;02 Illegal Data Address
46584;0;0;0x0000;02 Illegal Data Address
46585;0;0;0x0000;02 Illegal Data Address
46586;0;0;0x0000;02 Illegal Data Address
46587;0;0;0x0000;02 Illegal Data Address
46588;0;0;0x0000;02 Illegal Data Address
46589;0;0;0x0000;02 Illegal Data Address
46590;0;0;0x0000;02 Illegal Data Address
46591;0;0;0x0000;02 Illegal Data Address
46592;0;0;0x0000;02 Illegal Data Address
46593;0;0;0x0000;02 Illegal Data Address
46594;0;0;0x0000;02 Illegal Data Address
46595;0;0;0x0000;02 Illegal Data Address
46596;0;0;0x0000;02 Illegal Data Address
46597;0;0;0x0000;02 Illegal Data Address
46598;0;0;0x0000;02 Illegal Data Address
46599;0;0;0x0000;02 Illegal Data Address
46600;0;0;0x0000;02 Illegal Data Address
46601;0;0;0x0000;02 Illegal Data Address
46602;0;0;0x0000;02 Illegal Data Address
46603;0;0;0x0000;02 Illegal Data Address
46604;0;0;0x0000;02 Illegal Data Address
46605;0;0;0x0000;02 Illegal Data Address
46606;0;0;0x0000;02 Illegal Data Address
46607;0;0;0x0000;02 Illegal Data Address
46608;0;0;0x0000;02 Illegal Data Address
46609;0;0;0x0000;02 Illegal Data Address
46610;0;0;0x0000;02 Illegal Data Address
46611;0;0;0x0000;02 Illegal Data Address
46612;0;0;0x0000;02 Illegal Data Address
46613;0;0;0x0000;02 Illegal Data Address
46614;0;0;0x0000;02 Illegal Data Address
46615;0;0;0x0000;02 Illegal Data Address
46616;0;0;0x0000;02 Illegal Data Address
46617;0;0;0x0000;02 Illegal Data Address
46618;0;0;0x0000;02 Illegal Data Address
46619;0;0;0x0000;02 Illegal Data Address
46620;0;0;0x0000;02 Illegal Data Address
46621;0;0;0x0000;02 Illegal Data Address
46622;0;0;0x0000;02 Illegal Data Address
46623;0;0;0x0000;02 Illegal Data Address
46624;0;0;0x0000;02 Illegal Data Address
46625;0;0;0x0000;02 Illegal Data Address
46626;0;0;0x0000;02 Illegal Data Address
46627;0;0;0x0000;02 Illegal Data Address
46628;0;0;0x0000;02 Illegal Data Address
46629;0;0;0x0000;02 Illegal Data Address
46630;0;0;0x0000;02 Illegal Data Address
46631;0;0;0x0000;02 Illegal Data Address
46632;0;0;0x0000;02 Illegal Data Address
46633;0;0;0x0000;02 Illegal Data Address
46634;0;0;0x0000;02 Illegal Data Address
46635;0;0;0x0000;02 Illegal Data Address
46636;0;0;0x0000;02 Illegal Data Address
46637;0;0;0x0000;02 Illegal Data Address
46638;0;0;0x0000;02 Illegal Data Address
46639;0;0;0x0000;02 Illegal Data Address
46640;0;0;0x0000;02 Illegal Data Address
46641;0;0;0x0000;02 Illegal Data Address
46642;0;0;0x0000;02 Illegal Data Address
46643;0;0;0x0000;02 Illegal Data Address
46644;0;0;0x0000;02 Illegal Data Address
46645;0;0;0x0000;02 Illegal Data Address
46646;0;0;0x0000;02 Illegal Data Address
46647;0;0;0x0000;02 Illegal Data Address
46648;0;0;0x0000;02 Illegal Data Address
46649;0;0;0x0000;02 Illegal Data Address
46650;0;0;0x0000;02 Illegal Data Address
46651;0;0;0x0000;02 Illegal Data Address
46652;0;0;0x0000;02 Illegal Data Address
46653;0;0;0x0000;02 Illegal Data Address
46654;0;0;0x0000;02 Illegal Data Address
46655;0;0;0x0000;02 Illegal Data Address
46656;0;0;0x0000;02 Illegal Data Address
46657;0;0;0x0000;02 Illegal Data Address
46658;0;0;0x0000;02 Illegal Data Address
46659;0;0;0x0000;02 Illegal Data Address
46660;0;0;0x0000;02 Illegal Data Address
46661;0;0;0x0000;02 Illegal Data Address
46662;0;0;0x0000;02 Illegal Data Address
46663;0;0;0x0000;02 Illegal Data Address
46664;0;0;0x0000;02 Illegal Data Address
46665;0;0;0x0000;02 Illegal Data Address
46666;0;0;0x0000;02 Illegal Data Address
46667;0;0;0x0000;02 Illegal Data Address
46668;0;0;0x0000;02 Illegal Data Address
46669;0;0;0x0000;02 Illegal Data Address
46670;0;0;0x0000;02 Illegal Data Address
46671;0;0;0x0000;02 Illegal Data Address
46672;0;0;0x0000;02 Illegal Data Address
46673;0;0;0x0000;02 Illegal Data Address
46674;0;0;0x0000;02 Illegal Data Address
46675;0;0;0x0000;02 Illegal Data Address
46676;0;0;0x0000;02 Illegal Data Address
46677;0;0;0x0000;02 Illegal Data Address
46678;0;0;0x0000;02 Illegal Data Address
46679;0;0;0x0000;02 Illegal Data Address
46680;0;0;0x0000;02 Illegal Data Address
46681;0;0;0x0000;02 Illegal Data Address
46682;0;0;0x0000;02 Illegal Data Address
46683;0;0;0x0000;02 Illegal Data Address
46684;0;0;0x0000;02 Illegal Data Address
46685;0;0;0x0000;02 Illegal Data Address
46686;0;0;0x0000;02 Illegal Data Address
46687;0;0;0x0000;02 Illegal Data Address
46688;0;0;0x0000;02 Illegal Data Address
46689;0;0;0x0000;02 Illegal Data Address
46690;0;0;0x0000;02 Illegal Data Address
46691;0;0;0x0000;02 Illegal Data Address
46692;0;0;0x0000;02 Illegal Data Address
46693;0;0;0x0000;02 Illegal Data Address
46694;0;0;0x0000;02 Illegal Data Address
46695;0;0;0x0000;02 Illegal Data Address
46696;0;0;0x0000;02 Illegal Data Address
46697;0;0;0x0000;02 Illegal Data Address
46698;0;0;0x0000;02 Illegal Data Address
46699;0;0;0x0000;02 Illegal Data Address
46700;0;0;0x0000;02 Illegal Data Address
46701;0;0;0x0000;02 Illegal Data Address
46702;0;0;0x0000;02 Illegal Data Address
46703;0;0;0x0000;02 Illegal Data Address
46704;0;0;0x0000;02 Illegal Data Address
46705;0;0;0x0000;02 Illegal Data Address
46706;0;0;0x0000;02 Illegal Data Address
46707;0;0;0x0000;02 Illegal Data Address
46708;0;0;0x0000;02 Illegal Data Address
46709;0;0;0x0000;02 Illegal Data Address
46710;0;0;0x0000;02 Illegal Data Address
46711;0;0;0x0000;02 Illegal Data Address
46712;0;0;0x0000;02 Illegal Data Address
46713;0;0;0x0000;02 Illegal Data Address
46714;0;0;0x0000;02 Illegal Data Address
46715;0;0;0x0000;02 Illegal Data Address
46716;0;0;0x0000;02 Illegal Data Address
46717;0;0;0x0000;02 Illegal Data Address
46718;0;0;0x0000;02 Illegal Data Address
46719;0;0;0x0000;02 Illegal Data Address
46720;0;0;0x0000;02 Illegal Data Address
46721;0;0;0x0000;02 Illegal Data Address
46722;0;0;0x0000;02 Illegal Data Address
46723;0;0;0x0000;02 Illegal Data Address
46724;0;0;0x0000;02 Illegal Data Address
46725;0;0;0x0000;02 Illegal Data Address
46726;0;0;0x0000;02 Illegal Data Address
46727;0;0;0x0000;02 Illegal Data Address
46728;0;0;0x0000;02 Illegal Data Address
46729;0;0;0x0000;02 Illegal Data Address
46730;0;0;0x0000;02 Illegal Data Address
46731;0;0;0x0000;02 Illegal Data Address
46732;0;0;0x0000;02 Illegal Data Address
46733;0;0;0x0000;02 Illegal Data Address
46734;0;0;0x0000;02 Illegal Data Address
46735;0;0;0x0000;02 Illegal Data Address
46736;0;0;0x0000;02 Illegal Data Address
46737;0;0;0x0000;02 Illegal Data Address
46738;0;0;0x0000;02 Illegal Data Address
46739;0;0;0x0000;02 Illegal Data Address
46740;0;0;0x0000;02 Illegal Data Address
46741;0;0;0x0000;02 Illegal Data Address
46742;0;0;0x0000;02 Illegal Data Address
46743;0;0;0x0000;02 Illegal Data Address
46744;0;0;0x0000;02 Illegal Data Address
46745;0;0;0x0000;02 Illegal Data Address
46746;0;0;0x0000;02 Illegal Data Address
46747;0;0;0x0000;02 Illegal Data Address
46748;0;0;0x0000;02 Illegal Data Address
46749;0;0;0x0000;02 Illegal Data Address
46750;0;0;0x0000;02 Illegal Data Address
46751;0;0;0x0000;02 Illegal Data Address
46752;0;0;0x0000;02 Illegal Data Address
46753;0;0;0x0000;02 Illegal Data Address
46754;0;0;0x0000;02 Illegal Data Address
46755;0;0;0x0000;02 Illegal Data Address
46756;0;0;0x0000;02 Illegal Data Address
46757;0;0;0x0000;02 Illegal Data Address
46758;0;0;0x0000;02 Illegal Data Address
46759;0;0;0x0000;02 Illegal Data Address
46760;0;0;0x0000;02 Illegal Data Address
46761;0;0;0x0000;02 Illegal Data Address
46762;0;0;0x0000;02 Illegal Data Address
46763;0;0;0x0000;02 Illegal Data Address
46764;0;0;0x0000;02 Illegal Data Address
46765;0;0;0x0000;02 Illegal Data Address
46766;0;0;0x0000;02 Illegal Data Address
46767;0;0;0x0000;02 Illegal Data Address
46768;0;0;0x0000;02 Illegal Data Address
46769;0;0;0x0000;02 Illegal Data Address
46770;0;0;0x0000;02 Illegal Data Address
46771;0;0;0x0000;02 Illegal Data Address
46772;0;0;0x0000;02 Illegal Data Address
46773;0;0;0x0000;02 Illegal Data Address
46774;0;0;0x0000;02 Illegal Data Address
46775;0;0;0x0000;02 Illegal Data Address
46776;0;0;0x0000;02 Illegal Data Address
46777;0;0;0x0000;02 Illegal Data Address
46778;0;0;0x0000;02 Illegal Data Address
46779;0;0;0x0000;02 Illegal Data Address
46780;0;0;0x0000;02 Illegal Data Address
46781;0;0;0x0000;02 Illegal Data Address
46782;0;0;0x0000;02 Illegal Data Address
46783;0;0;0x0000;02 Illegal Data Address
46784;0;0;0x0000;02 Illegal Data Address
46785;0;0;0x0000;02 Illegal Data Address
46786;0;0;0x0000;02 Illegal Data Address
46787;0;0;0x0000;02 Illegal Data Address
46788;0;0;0x0000;02 Illegal Data Address
46789;0;0;0x0000;02 Illegal Data Address
46790;0;0;0x0000;02 Illegal Data Address
46791;0;0;0x0000;02 Illegal Data Address
46792;0;0;0x0000;02 Illegal Data Address
46793;0;0;0x0000;02 Illegal Data Address
46794;0;0;0x0000;02 Illegal Data Address
46795;0;0;0x0000;02 Illegal Data Address
46796;0;0;0x0000;02 Illegal Data Address
46797;0;0;0x0000;02 Illegal Data Address
46798;0;0;0x0000;02 Illegal Data Address
46799;0;0;0x0000;02 Illegal Data Address
46800;0;0;0x0000;02 Illegal Data Address
46801;0;0;0x0000;02 Illegal Data Address
46802;0;0;0x0000;02 Illegal Data Address
46803;0;0;0x0000;02 Illegal Data Address
46804;0;0;0x0000;02 Illegal Data Address
46805;0;0;0x0000;02 Illegal Data Address
46806;0;0;0x0000;02 Illegal Data Address
46807;0;0;0x0000;02 Illegal Data Address
46808;0;0;0x0000;02 Illegal Data Address
46809;0;0;0x0000;02 Illegal Data Address
46810;0;0;0x0000;02 Illegal Data Address
46811;0;0;0x0000;02 Illegal Data Address
46812;0;0;0x0000;02 Illegal Data Address
46813;0;0;0x0000;02 Illegal Data Address
46814;0;0;0x0000;02 Illegal Data Address
46815;0;0;0x0000;02 Illegal Data Address
46816;0;0;0x0000;02 Illegal Data Address
46817;0;0;0x0000;02 Illegal Data Address
46818;0;0;0x0000;02 Illegal Data Address
46819;0;0;0x0000;02 Illegal Data Address
46820;0;0;0x0000;02 Illegal Data Address
46821;0;0;0x0000;02 Illegal Data Address
46822;0;0;0x0000;02 Illegal Data Address
46823;0;0;0x0000;02 Illegal Data Address
46824;0;0;0x0000;02 Illegal Data Address
46825;0;0;0x0000;02 Illegal Data Address
46826;0;0;0x0000;02 Illegal Data Address
46827;0;0;0x0000;02 Illegal Data Address
46828;0;0;0x0000;02 Illegal Data Address
46829;0;0;0x0000;02 Illegal Data Address
46830;0;0;0x0000;02 Illegal Data Address
46831;0;0;0x0000;02 Illegal Data Address
46832;0;0;0x0000;02 Illegal Data Address
46833;0;0;0x0000;02 Illegal Data Address
46834;0;0;0x0000;02 Illegal Data Address
46835;0;0;0x0000;02 Illegal Data Address
46836;0;0;0x0000;02 Illegal Data Address
46837;0;0;0x0000;02 Illegal Data Address
46838;0;0;0x0000;02 Illegal Data Address
46839;0;0;0x0000;02 Illegal Data Address
46840;0;0;0x0000;02 Illegal Data Address
46841;0;0;0x0000;02 Illegal Data Address
46842;0;0;0x0000;02 Illegal Data Address
46843;0;0;0x0000;02 Illegal Data Address
46844;0;0;0x0000;02 Illegal Data Address
46845;0;0;0x0000;02 Illegal Data Address
46846;0;0;0x0000;02 Illegal Data Address
46847;0;0;0x0000;02 Illegal Data Address
46848;0;0;0x0000;02 Illegal Data Address
46849;0;0;0x0000;02 Illegal Data Address
46850;0;0;0x0000;02 Illegal Data Address
46851;0;0;0x0000;02 Illegal Data Address
46852;0;0;0x0000;02 Illegal Data Address
46853;0;0;0x0000;02 Illegal Data Address
46854;0;0;0x0000;02 Illegal Data Address
46855;0;0;0x0000;02 Illegal Data Address
46856;0;0;0x0000;02 Illegal Data Address
46857;0;0;0x0000;02 Illegal Data Address
46858;0;0;0x0000;02 Illegal Data Address
46859;0;0;0x0000;02 Illegal Data Address
46860;0;0;0x0000;02 Illegal Data Address
46861;0;0;0x0000;02 Illegal Data Address
46862;0;0;0x0000;02 Illegal Data Address
46863;0;0;0x0000;02 Illegal Data Address
46864;0;0;0x0000;02 Illegal Data Address
46865;0;0;0x0000;02 Illegal Data Address
46866;0;0;0x0000;02 Illegal Data Address
46867;0;0;0x0000;02 Illegal Data Address
46868;0;0;0x0000;02 Illegal Data Address
46869;0;0;0x0000;02 Illegal Data Address
46870;0;0;0x0000;02 Illegal Data Address
46871;0;0;0x0000;02 Illegal Data Address
46872;0;0;0x0000;02 Illegal Data Address
46873;0;0;0x0000;02 Illegal Data Address
46874;0;0;0x0000;02 Illegal Data Address
46875;0;0;0x0000;02 Illegal Data Address
46876;0;0;0x0000;02 Illegal Data Address
46877;0;0;0x0000;02 Illegal Data Address
46878;0;0;0x0000;02 Illegal Data Address
46879;0;0;0x0000;02 Illegal Data Address
46880;0;0;0x0000;02 Illegal Data Address
46881;0;0;0x0000;02 Illegal Data Address
46882;0;0;0x0000;02 Illegal Data Address
46883;0;0;0x0000;02 Illegal Data Address
46884;0;0;0x0000;02 Illegal Data Address
46885;0;0;0x0000;02 Illegal Data Address
46886;0;0;0x0000;02 Illegal Data Address
46887;0;0;0x0000;02 Illegal Data Address
46888;0;0;0x0000;02 Illegal Data Address
46889;0;0;0x0000;02 Illegal Data Address
46890;0;0;0x0000;02 Illegal Data Address
46891;0;0;0x0000;02 Illegal Data Address
46892;0;0;0x0000;02 Illegal Data Address
46893;0;0;0x0000;02 Illegal Data Address
46894;0;0;0x0000;02 Illegal Data Address
46895;0;0;0x0000;02 Illegal Data Address
46896;0;0;0x0000;02 Illegal Data Address
46897;0;0;0x0000;02 Illegal Data Address
46898;0;0;0x0000;02 Illegal Data Address
46899;0;0;0x0000;02 Illegal Data Address
46900;0;0;0x0000;02 Illegal Data Address
46901;0;0;0x0000;02 Illegal Data Address
46902;0;0;0x0000;02 Illegal Data Address
46903;0;0;0x0000;02 Illegal Data Address
46904;0;0;0x0000;02 Illegal Data Address
46905;0;0;0x0000;02 Illegal Data Address
46906;0;0;0x0000;02 Illegal Data Address
46907;0;0;0x0000;02 Illegal Data Address
46908;0;0;0x0000;02 Illegal Data Address
46909;0;0;0x0000;02 Illegal Data Address
46910;0;0;0x0000;02 Illegal Data Address
46911;0;0;0x0000;02 Illegal Data Address
46912;0;0;0x0000;02 Illegal Data Address
46913;0;0;0x0000;02 Illegal Data Address
46914;0;0;0x0000;02 Illegal Data Address
46915;0;0;0x0000;02 Illegal Data Address
46916;0;0;0x0000;02 Illegal Data Address
46917;0;0;0x0000;02 Illegal Data Address
46918;0;0;0x0000;02 Illegal Data Address
46919;0;0;0x0000;02 Illegal Data Address
46920;0;0;0x0000;02 Illegal Data Address
46921;0;0;0x0000;02 Illegal Data Address
46922;0;0;0x0000;02 Illegal Data Address
46923;0;0;0x0000;02 Illegal Data Address
46924;0;0;0x0000;02 Illegal Data Address
46925;0;0;0x0000;02 Illegal Data Address
46926;0;0;0x0000;02 Illegal Data Address
46927;0;0;0x0000;02 Illegal Data Address
46928;0;0;0x0000;02 Illegal Data Address
46929;0;0;0x0000;02 Illegal Data Address
46930;0;0;0x0000;02 Illegal Data Address
46931;0;0;0x0000;02 Illegal Data Address
46932;0;0;0x0000;02 Illegal Data Address
46933;0;0;0x0000;02 Illegal Data Address
46934;0;0;0x0000;02 Illegal Data Address
46935;0;0;0x0000;02 Illegal Data Address
46936;0;0;0x0000;02 Illegal Data Address
46937;0;0;0x0000;02 Illegal Data Address
46938;0;0;0x0000;02 Illegal Data Address
46939;0;0;0x0000;02 Illegal Data Address
46940;0;0;0x0000;02 Illegal Data Address
46941;0;0;0x0000;02 Illegal Data Address
46942;0;0;0x0000;02 Illegal Data Address
46943;0;0;0x0000;02 Illegal Data Address
46944;0;0;0x0000;02 Illegal Data Address
46945;0;0;0x0000;02 Illegal Data Address
46946;0;0;0x0000;02 Illegal Data Address
46947;0;0;0x0000;02 Illegal Data Address
46948;0;0;0x0000;02 Illegal Data Address
46949;0;0;0x0000;02 Illegal Data Address
46950;0;0;0x0000;02 Illegal Data Address
46951;0;0;0x0000;02 Illegal Data Address
46952;0;0;0x0000;02 Illegal Data Address
46953;0;0;0x0000;02 Illegal Data Address
46954;0;0;0x0000;02 Illegal Data Address
46955;0;0;0x0000;02 Illegal Data Address
46956;0;0;0x0000;02 Illegal Data Address
46957;0;0;0x0000;02 Illegal Data Address
46958;0;0;0x0000;02 Illegal Data Address
46959;0;0;0x0000;02 Illegal Data Address
46960;0;0;0x0000;02 Illegal Data Address
46961;0;0;0x0000;02 Illegal Data Address
46962;0;0;0x0000;02 Illegal Data Address
46963;0;0;0x0000;02 Illegal Data Address
46964;0;0;0x0000;02 Illegal Data Address
46965;0;0;0x0000;02 Illegal Data Address
46966;0;0;0x0000;02 Illegal Data Address
46967;0;0;0x0000;02 Illegal Data Address
46968;0;0;0x0000;02 Illegal Data Address
46969;0;0;0x0000;02 Illegal Data Address
46970;0;0;0x0000;02 Illegal Data Address
46971;0;0;0x0000;02 Illegal Data Address
46972;0;0;0x0000;02 Illegal Data Address
46973;0;0;0x0000;02 Illegal Data Address
46974;0;0;0x0000;02 Illegal Data Address
46975;0;0;0x0000;02 Illegal Data Address
46976;0;0;0x0000;02 Illegal Data Address
46977;0;0;0x0000;02 Illegal Data Address
46978;0;0;0x0000;02 Illegal Data Address
46979;0;0;0x0000;02 Illegal Data Address
46980;0;0;0x0000;02 Illegal Data Address
46981;0;0;0x0000;02 Illegal Data Address
46982;0;0;0x0000;02 Illegal Data Address
46983;0;0;0x0000;02 Illegal Data Address
46984;0;0;0x0000;02 Illegal Data Address
46985;0;0;0x0000;02 Illegal Data Address
46986;0;0;0x0000;02 Illegal Data Address
46987;0;0;0x0000;02 Illegal Data Address
46988;0;0;0x0000;02 Illegal Data Address
46989;0;0;0x0000;02 Illegal Data Address
46990;0;0;0x0000;02 Illegal Data Address
46991;0;0;0x0000;02 Illegal Data Address
46992;0;0;0x0000;02 Illegal Data Address
46993;0;0;0x0000;02 Illegal Data Address
46994;0;0;0x0000;02 Illegal Data Address
46995;0;0;0x0000;02 Illegal Data Address
46996;0;0;0x0000;02 Illegal Data Address
46997;0;0;0x0000;02 Illegal Data Address
46998;0;0;0x0000;02 Illegal Data Address
46999;0;0;0x0000;02 Illegal Data Address
47000;0;0;0x0000;02 Illegal Data Address
47001;0;0;0x0000;02 Illegal Data Address
47002;0;0;0x0000;02 Illegal Data Address
47003;0;0;0x0000;02 Illegal Data Address
47004;0;0;0x0000;02 Illegal Data Address
47005;0;0;0x0000;02 Illegal Data Address
47006;0;0;0x0000;02 Illegal Data Address
47007;0;0;0x0000;02 Illegal Data Address
47008;0;0;0x0000;02 Illegal Data Address
47009;0;0;0x0000;02 Illegal Data Address
47010;0;0;0x0000;02 Illegal Data Address
47011;0;0;0x0000;02 Illegal Data Address
47012;0;0;0x0000;02 Illegal Data Address
47013;0;0;0x0000;02 Illegal Data Address
47014;0;0;0x0000;02 Illegal Data Address
47015;0;0;0x0000;02 Illegal Data Address
47016;0;0;0x0000;02 Illegal Data Address
47017;0;0;0x0000;02 Illegal Data Address
47018;0;0;0x0000;02 Illegal Data Address
47019;0;0;0x0000;02 Illegal Data Address
47020;0;0;0x0000;02 Illegal Data Address
47021;0;0;0x0000;02 Illegal Data Address
47022;0;0;0x0000;02 Illegal Data Address
47023;0;0;0x0000;02 Illegal Data Address
47024;0;0;0x0000;02 Illegal Data Address
47025;0;0;0x0000;02 Illegal Data Address
47026;0;0;0x0000;02 Illegal Data Address
47027;0;0;0x0000;02 Illegal Data Address
47028;0;0;0x0000;02 Illegal Data Address
47029;0;0;0x0000;02 Illegal Data Address
47030;0;0;0x0000;02 Illegal Data Address
47031;0;0;0x0000;02 Illegal Data Address
47032;0;0;0x0000;02 Illegal Data Address
47033;0;0;0x0000;02 Illegal Data Address
47034;0;0;0x0000;02 Illegal Data Address
47035;0;0;0x0000;02 Illegal Data Address
47036;0;0;0x0000;02 Illegal Data Address
47037;0;0;0x0000;02 Illegal Data Address
47038;0;0;0x0000;02 Illegal Data Address
47039;0;0;0x0000;02 Illegal Data Address
47040;0;0;0x0000;02 Illegal Data Address
47041;0;0;0x0000;02 Illegal Data Address
47042;0;0;0x0000;02 Illegal Data Address
47043;0;0;0x0000;02 Illegal Data Address
47044;0;0;0x0000;02 Illegal Data Address
47045;0;0;0x0000;02 Illegal Data Address
47046;0;0;0x0000;02 Illegal Data Address
47047;0;0;0x0000;02 Illegal Data Address
47048;0;0;0x0000;02 Illegal Data Address
47049;0;0;0x0000;02 Illegal Data Address
47050;0;0;0x0000;02 Illegal Data Address
47051;0;0;0x0000;02 Illegal Data Address
47052;0;0;0x0000;02 Illegal Data Address
47053;0;0;0x0000;02 Illegal Data Address
47054;0;0;0x0000;02 Illegal Data Address
47055;0;0;0x0000;02 Illegal Data Address
47056;0;0;0x0000;02 Illegal Data Address
47057;0;0;0x0000;02 Illegal Data Address
47058;0;0;0x0000;02 Illegal Data Address
47059;0;0;0x0000;02 Illegal Data Address
47060;0;0;0x0000;02 Illegal Data Address
47061;0;0;0x0000;02 Illegal Data Address
47062;0;0;0x0000;02 Illegal Data Address
47063;0;0;0x0000;02 Illegal Data Address
47064;0;0;0x0000;02 Illegal Data Address
47065;0;0;0x0000;02 Illegal Data Address
47066;0;0;0x0000;02 Illegal Data Address
47067;0;0;0x0000;02 Illegal Data Address
47068;0;0;0x0000;02 Illegal Data Address
47069;0;0;0x0000;02 Illegal Data Address
47070;0;0;0x0000;02 Illegal Data Address
47071;0;0;0x0000;02 Illegal Data Address
47072;0;0;0x0000;02 Illegal Data Address
47073;0;0;0x0000;02 Illegal Data Address
47074;0;0;0x0000;02 Illegal Data Address
47075;0;0;0x0000;02 Illegal Data Address
47076;0;0;0x0000;02 Illegal Data Address
47077;0;0;0x0000;02 Illegal Data Address
47078;0;0;0x0000;02 Illegal Data Address
47079;0;0;0x0000;02 Illegal Data Address
47080;0;0;0x0000;02 Illegal Data Address
47081;0;0;0x0000;02 Illegal Data Address
47082;0;0;0x0000;02 Illegal Data Address
47083;0;0;0x0000;02 Illegal Data Address
47084;0;0;0x0000;02 Illegal Data Address
47085;0;0;0x0000;02 Illegal Data Address
47086;0;0;0x0000;02 Illegal Data Address
47087;0;0;0x0000;02 Illegal Data Address
47088;0;0;0x0000;02 Illegal Data Address
47089;0;0;0x0000;02 Illegal Data Address
47090;0;0;0x0000;02 Illegal Data Address
47091;0;0;0x0000;02 Illegal Data Address
47092;0;0;0x0000;02 Illegal Data Address
47093;0;0;0x0000;02 Illegal Data Address
47094;0;0;0x0000;02 Illegal Data Address
47095;0;0;0x0000;02 Illegal Data Address
47096;0;0;0x0000;02 Illegal Data Address
47097;0;0;0x0000;02 Illegal Data Address
47098;0;0;0x0000;02 Illegal Data Address
47099;0;0;0x0000;02 Illegal Data Address
47100;0;0;0x0000;02 Illegal Data Address
47101;0;0;0x0000;02 Illegal Data Address
47102;0;0;0x0000;02 Illegal Data Address
47103;0;0;0x0000;02 Illegal Data Address
47104;0;0;0x0000;02 Illegal Data Address
47105;0;0;0x0000;02 Illegal Data Address
47106;0;0;0x0000;02 Illegal Data Address
47107;0;0;0x0000;02 Illegal Data Address
47108;0;0;0x0000;02 Illegal Data Address
47109;0;0;0x0000;02 Illegal Data Address
47110;0;0;0x0000;02 Illegal Data Address
47111;0;0;0x0000;02 Illegal Data Address
47112;0;0;0x0000;02 Illegal Data Address
47113;0;0;0x0000;02 Illegal Data Address
47114;0;0;0x0000;02 Illegal Data Address
47115;0;0;0x0000;02 Illegal Data Address
47116;0;0;0x0000;02 Illegal Data Address
47117;0;0;0x0000;02 Illegal Data Address
47118;0;0;0x0000;02 Illegal Data Address
47119;0;0;0x0000;02 Illegal Data Address
47120;0;0;0x0000;02 Illegal Data Address
47121;0;0;0x0000;02 Illegal Data Address
47122;0;0;0x0000;02 Illegal Data Address
47123;0;0;0x0000;02 Illegal Data Address
47124;0;0;0x0000;02 Illegal Data Address
47125;0;0;0x0000;02 Illegal Data Address
47126;0;0;0x0000;02 Illegal Data Address
47127;0;0;0x0000;02 Illegal Data Address
47128;0;0;0x0000;02 Illegal Data Address
47129;0;0;0x0000;02 Illegal Data Address
47130;0;0;0x0000;02 Illegal Data Address
47131;0;0;0x0000;02 Illegal Data Address
47132;0;0;0x0000;02 Illegal Data Address
47133;0;0;0x0000;02 Illegal Data Address
47134;0;0;0x0000;02 Illegal Data Address
47135;0;0;0x0000;02 Illegal Data Address
47136;0;0;0x0000;02 Illegal Data Address
47137;0;0;0x0000;02 Illegal Data Address
47138;0;0;0x0000;02 Illegal Data Address
47139;0;0;0x0000;02 Illegal Data Address
47140;0;0;0x0000;02 Illegal Data Address
47141;0;0;0x0000;02 Illegal Data Address
47142;0;0;0x0000;02 Illegal Data Address
47143;0;0;0x0000;02 Illegal Data Address
47144;0;0;0x0000;02 Illegal Data Address
47145;0;0;0x0000;02 Illegal Data Address
47146;0;0;0x0000;02 Illegal Data Address
47147;0;0;0x0000;02 Illegal Data Address
47148;0;0;0x0000;02 Illegal Data Address
47149;0;0;0x0000;02 Illegal Data Address
47150;0;0;0x0000;02 Illegal Data Address
47151;0;0;0x0000;02 Illegal Data Address
47152;0;0;0x0000;02 Illegal Data Address
47153;0;0;0x0000;02 Illegal Data Address
47154;0;0;0x0000;02 Illegal Data Address
47155;0;0;0x0000;02 Illegal Data Address
47156;0;0;0x0000;02 Illegal Data Address
47157;0;0;0x0000;02 Illegal Data Address
47158;0;0;0x0000;02 Illegal Data Address
47159;0;0;0x0000;02 Illegal Data Address
47160;0;0;0x0000;02 Illegal Data Address
47161;0;0;0x0000;02 Illegal Data Address
47162;0;0;0x0000;02 Illegal Data Address
47163;0;0;0x0000;02 Illegal Data Address
47164;0;0;0x0000;02 Illegal Data Address
47165;0;0;0x0000;02 Illegal Data Address
47166;0;0;0x0000;02 Illegal Data Address
47167;0;0;0x0000;02 Illegal Data Address
47168;0;0;0x0000;02 Illegal Data Address
47169;0;0;0x0000;02 Illegal Data Address
47170;0;0;0x0000;02 Illegal Data Address
47171;0;0;0x0000;02 Illegal Data Address
47172;0;0;0x0000;02 Illegal Data Address
47173;0;0;0x0000;02 Illegal Data Address
47174;0;0;0x0000;02 Illegal Data Address
47175;0;0;0x0000;02 Illegal Data Address
47176;0;0;0x0000;02 Illegal Data Address
47177;0;0;0x0000;02 Illegal Data Address
47178;0;0;0x0000;02 Illegal Data Address
47179;0;0;0x0000;02 Illegal Data Address
47180;0;0;0x0000;02 Illegal Data Address
47181;0;0;0x0000;02 Illegal Data Address
47182;0;0;0x0000;02 Illegal Data Address
47183;0;0;0x0000;02 Illegal Data Address
47184;0;0;0x0000;02 Illegal Data Address
47185;0;0;0x0000;02 Illegal Data Address
47186;0;0;0x0000;02 Illegal Data Address
47187;0;0;0x0000;02 Illegal Data Address
47188;0;0;0x0000;02 Illegal Data Address
47189;0;0;0x0000;02 Illegal Data Address
47190;0;0;0x0000;02 Illegal Data Address
47191;0;0;0x0000;02 Illegal Data Address
47192;0;0;0x0000;02 Illegal Data Address
47193;0;0;0x0000;02 Illegal Data Address
47194;0;0;0x0000;02 Illegal Data Address
47195;0;0;0x0000;02 Illegal Data Address
47196;0;0;0x0000;02 Illegal Data Address
47197;0;0;0x0000;02 Illegal Data Address
47198;0;0;0x0000;02 Illegal Data Address
47199;0;0;0x0000;02 Illegal Data Address
47200;0;0;0x0000;02 Illegal Data Address
47201;0;0;0x0000;02 Illegal Data Address
47202;0;0;0x0000;02 Illegal Data Address
47203;0;0;0x0000;02 Illegal Data Address
47204;0;0;0x0000;02 Illegal Data Address
47205;0;0;0x0000;02 Illegal Data Address
47206;0;0;0x0000;02 Illegal Data Address
47207;0;0;0x0000;02 Illegal Data Address
47208;0;0;0x0000;02 Illegal Data Address
47209;0;0;0x0000;02 Illegal Data Address
47210;0;0;0x0000;02 Illegal Data Address
47211;0;0;0x0000;02 Illegal Data Address
47212;0;0;0x0000;02 Illegal Data Address
47213;0;0;0x0000;02 Illegal Data Address
47214;0;0;0x0000;02 Illegal Data Address
47215;0;0;0x0000;02 Illegal Data Address
47216;0;0;0x0000;02 Illegal Data Address
47217;0;0;0x0000;02 Illegal Data Address
47218;0;0;0x0000;02 Illegal Data Address
47219;0;0;0x0000;02 Illegal Data Address
47220;0;0;0x0000;02 Illegal Data Address
47221;0;0;0x0000;02 Illegal Data Address
47222;0;0;0x0000;02 Illegal Data Address
47223;0;0;0x0000;02 Illegal Data Address
47224;0;0;0x0000;02 Illegal Data Address
47225;0;0;0x0000;02 Illegal Data Address
47226;0;0;0x0000;02 Illegal Data Address
47227;0;0;0x0000;02 Illegal Data Address
47228;0;0;0x0000;02 Illegal Data Address
47229;0;0;0x0000;02 Illegal Data Address
47230;0;0;0x0000;02 Illegal Data Address
47231;0;0;0x0000;02 Illegal Data Address
47232;0;0;0x0000;02 Illegal Data Address
47233;0;0;0x0000;02 Illegal Data Address
47234;0;0;0x0000;02 Illegal Data Address
47235;0;0;0x0000;02 Illegal Data Address
47236;0;0;0x0000;02 Illegal Data Address
47237;0;0;0x0000;02 Illegal Data Address
47238;0;0;0x0000;02 Illegal Data Address
47239;0;0;0x0000;02 Illegal Data Address
47240;0;0;0x0000;02 Illegal Data Address
47241;0;0;0x0000;02 Illegal Data Address
47242;0;0;0x0000;02 Illegal Data Address
47243;0;0;0x0000;02 Illegal Data Address
47244;0;0;0x0000;02 Illegal Data Address
47245;0;0;0x0000;02 Illegal Data Address
47246;0;0;0x0000;02 Illegal Data Address
47247;0;0;0x0000;02 Illegal Data Address
47248;0;0;0x0000;02 Illegal Data Address
47249;0;0;0x0000;02 Illegal Data Address
47250;0;0;0x0000;02 Illegal Data Address
47251;0;0;0x0000;02 Illegal Data Address
47252;0;0;0x0000;02 Illegal Data Address
47253;0;0;0x0000;02 Illegal Data Address
47254;0;0;0x0000;02 Illegal Data Address
47255;0;0;0x0000;02 Illegal Data Address
47256;0;0;0x0000;02 Illegal Data Address
47257;0;0;0x0000;02 Illegal Data Address
47258;0;0;0x0000;02 Illegal Data Address
47259;0;0;0x0000;02 Illegal Data Address
47260;0;0;0x0000;02 Illegal Data Address
47261;0;0;0x0000;02 Illegal Data Address
47262;0;0;0x0000;02 Illegal Data Address
47263;0;0;0x0000;02 Illegal Data Address
47264;0;0;0x0000;02 Illegal Data Address
47265;0;0;0x0000;02 Illegal Data Address
47266;0;0;0x0000;02 Illegal Data Address
47267;0;0;0x0000;02 Illegal Data Address
47268;0;0;0x0000;02 Illegal Data Address
47269;0;0;0x0000;02 Illegal Data Address
47270;0;0;0x0000;02 Illegal Data Address
47271;0;0;0x0000;02 Illegal Data Address
47272;0;0;0x0000;02 Illegal Data Address
47273;0;0;0x0000;02 Illegal Data Address
47274;0;0;0x0000;02 Illegal Data Address
47275;0;0;0x0000;02 Illegal Data Address
47276;0;0;0x0000;02 Illegal Data Address
47277;0;0;0x0000;02 Illegal Data Address
47278;0;0;0x0000;02 Illegal Data Address
47279;0;0;0x0000;02 Illegal Data Address
47280;0;0;0x0000;02 Illegal Data Address
47281;0;0;0x0000;02 Illegal Data Address
47282;0;0;0x0000;02 Illegal Data Address
47283;0;0;0x0000;02 Illegal Data Address
47284;0;0;0x0000;02 Illegal Data Address
47285;0;0;0x0000;02 Illegal Data Address
47286;0;0;0x0000;02 Illegal Data Address
47287;0;0;0x0000;02 Illegal Data Address
47288;0;0;0x0000;02 Illegal Data Address
47289;0;0;0x0000;02 Illegal Data Address
47290;0;0;0x0000;02 Illegal Data Address
47291;0;0;0x0000;02 Illegal Data Address
47292;0;0;0x0000;02 Illegal Data Address
47293;0;0;0x0000;02 Illegal Data Address
47294;0;0;0x0000;02 Illegal Data Address
47295;0;0;0x0000;02 Illegal Data Address
47296;0;0;0x0000;02 Illegal Data Address
47297;0;0;0x0000;02 Illegal Data Address
47298;0;0;0x0000;02 Illegal Data Address
47299;0;0;0x0000;02 Illegal Data Address
47300;0;0;0x0000;02 Illegal Data Address
47301;0;0;0x0000;02 Illegal Data Address
47302;0;0;0x0000;02 Illegal Data Address
47303;0;0;0x0000;02 Illegal Data Address
47304;0;0;0x0000;02 Illegal Data Address
47305;0;0;0x0000;02 Illegal Data Address
47306;0;0;0x0000;02 Illegal Data Address
47307;0;0;0x0000;02 Illegal Data Address
47308;0;0;0x0000;02 Illegal Data Address
47309;0;0;0x0000;02 Illegal Data Address
47310;0;0;0x0000;02 Illegal Data Address
47311;0;0;0x0000;02 Illegal Data Address
47312;0;0;0x0000;02 Illegal Data Address
47313;0;0;0x0000;02 Illegal Data Address
47314;0;0;0x0000;02 Illegal Data Address
47315;0;0;0x0000;02 Illegal Data Address
47316;0;0;0x0000;02 Illegal Data Address
47317;0;0;0x0000;02 Illegal Data Address
47318;0;0;0x0000;02 Illegal Data Address
47319;0;0;0x0000;02 Illegal Data Address
47320;0;0;0x0000;02 Illegal Data Address
47321;0;0;0x0000;02 Illegal Data Address
47322;0;0;0x0000;02 Illegal Data Address
47323;0;0;0x0000;02 Illegal Data Address
47324;0;0;0x0000;02 Illegal Data Address
47325;0;0;0x0000;02 Illegal Data Address
47326;0;0;0x0000;02 Illegal Data Address
47327;0;0;0x0000;02 Illegal Data Address
47328;0;0;0x0000;02 Illegal Data Address
47329;0;0;0x0000;02 Illegal Data Address
47330;0;0;0x0000;02 Illegal Data Address
47331;0;0;0x0000;02 Illegal Data Address
47332;0;0;0x0000;02 Illegal Data Address
47333;0;0;0x0000;02 Illegal Data Address
47334;0;0;0x0000;02 Illegal Data Address
47335;0;0;0x0000;02 Illegal Data Address
47336;0;0;0x0000;02 Illegal Data Address
47337;0;0;0x0000;02 Illegal Data Address
47338;0;0;0x0000;02 Illegal Data Address
47339;0;0;0x0000;02 Illegal Data Address
47340;0;0;0x0000;02 Illegal Data Address
47341;0;0;0x0000;02 Illegal Data Address
47342;0;0;0x0000;02 Illegal Data Address
47343;0;0;0x0000;02 Illegal Data Address
47344;0;0;0x0000;02 Illegal Data Address
47345;0;0;0x0000;02 Illegal Data Address
47346;0;0;0x0000;02 Illegal Data Address
47347;0;0;0x0000;02 Illegal Data Address
47348;0;0;0x0000;02 Illegal Data Address
47349;0;0;0x0000;02 Illegal Data Address
47350;0;0;0x0000;02 Illegal Data Address
47351;0;0;0x0000;02 Illegal Data Address
47352;0;0;0x0000;02 Illegal Data Address
47353;0;0;0x0000;02 Illegal Data Address
47354;0;0;0x0000;02 Illegal Data Address
47355;0;0;0x0000;02 Illegal Data Address
47356;0;0;0x0000;02 Illegal Data Address
47357;0;0;0x0000;02 Illegal Data Address
47358;0;0;0x0000;02 Illegal Data Address
47359;0;0;0x0000;02 Illegal Data Address
47360;0;0;0x0000;02 Illegal Data Address
47361;0;0;0x0000;02 Illegal Data Address
47362;0;0;0x0000;02 Illegal Data Address
47363;0;0;0x0000;02 Illegal Data Address
47364;0;0;0x0000;02 Illegal Data Address
47365;0;0;0x0000;02 Illegal Data Address
47366;0;0;0x0000;02 Illegal Data Address
47367;0;0;0x0000;02 Illegal Data Address
47368;0;0;0x0000;02 Illegal Data Address
47369;0;0;0x0000;02 Illegal Data Address
47370;0;0;0x0000;02 Illegal Data Address
47371;0;0;0x0000;02 Illegal Data Address
47372;0;0;0x0000;02 Illegal Data Address
47373;0;0;0x0000;02 Illegal Data Address
47374;0;0;0x0000;02 Illegal Data Address
47375;0;0;0x0000;02 Illegal Data Address
47376;0;0;0x0000;02 Illegal Data Address
47377;0;0;0x0000;02 Illegal Data Address
47378;0;0;0x0000;02 Illegal Data Address
47379;0;0;0x0000;02 Illegal Data Address
47380;0;0;0x0000;02 Illegal Data Address
47381;0;0;0x0000;02 Illegal Data Address
47382;0;0;0x0000;02 Illegal Data Address
47383;0;0;0x0000;02 Illegal Data Address
47384;0;0;0x0000;02 Illegal Data Address
47385;0;0;0x0000;02 Illegal Data Address
47386;0;0;0x0000;02 Illegal Data Address
47387;0;0;0x0000;02 Illegal Data Address
47388;0;0;0x0000;02 Illegal Data Address
47389;0;0;0x0000;02 Illegal Data Address
47390;0;0;0x0000;02 Illegal Data Address
47391;0;0;0x0000;02 Illegal Data Address
47392;0;0;0x0000;02 Illegal Data Address
47393;0;0;0x0000;02 Illegal Data Address
47394;0;0;0x0000;02 Illegal Data Address
47395;0;0;0x0000;02 Illegal Data Address
47396;0;0;0x0000;02 Illegal Data Address
47397;0;0;0x0000;02 Illegal Data Address
47398;0;0;0x0000;02 Illegal Data Address
47399;0;0;0x0000;02 Illegal Data Address
47400;0;0;0x0000;02 Illegal Data Address
47401;0;0;0x0000;02 Illegal Data Address
47402;0;0;0x0000;02 Illegal Data Address
47403;0;0;0x0000;02 Illegal Data Address
47404;0;0;0x0000;02 Illegal Data Address
47405;0;0;0x0000;02 Illegal Data Address
47406;0;0;0x0000;02 Illegal Data Address
47407;0;0;0x0000;02 Illegal Data Address
47408;0;0;0x0000;02 Illegal Data Address
47409;0;0;0x0000;02 Illegal Data Address
47410;0;0;0x0000;02 Illegal Data Address
47411;0;0;0x0000;02 Illegal Data Address
47412;0;0;0x0000;02 Illegal Data Address
47413;0;0;0x0000;02 Illegal Data Address
47414;0;0;0x0000;02 Illegal Data Address
47415;0;0;0x0000;02 Illegal Data Address
47416;0;0;0x0000;02 Illegal Data Address
47417;0;0;0x0000;02 Illegal Data Address
47418;0;0;0x0000;02 Illegal Data Address
47419;0;0;0x0000;02 Illegal Data Address
47420;0;0;0x0000;02 Illegal Data Address
47421;0;0;0x0000;02 Illegal Data Address
47422;0;0;0x0000;02 Illegal Data Address
47423;0;0;0x0000;02 Illegal Data Address
47424;0;0;0x0000;02 Illegal Data Address
47425;0;0;0x0000;02 Illegal Data Address
47426;0;0;0x0000;02 Illegal Data Address
47427;0;0;0x0000;02 Illegal Data Address
47428;0;0;0x0000;02 Illegal Data Address
47429;0;0;0x0000;02 Illegal Data Address
47430;0;0;0x0000;02 Illegal Data Address
47431;0;0;0x0000;02 Illegal Data Address
47432;0;0;0x0000;02 Illegal Data Address
47433;0;0;0x0000;02 Illegal Data Address
47434;0;0;0x0000;02 Illegal Data Address
47435;0;0;0x0000;02 Illegal Data Address
47436;0;0;0x0000;02 Illegal Data Address
47437;0;0;0x0000;02 Illegal Data Address
47438;0;0;0x0000;02 Illegal Data Address
47439;0;0;0x0000;02 Illegal Data Address
47440;0;0;0x0000;02 Illegal Data Address
47441;0;0;0x0000;02 Illegal Data Address
47442;0;0;0x0000;02 Illegal Data Address
47443;0;0;0x0000;02 Illegal Data Address
47444;0;0;0x0000;02 Illegal Data Address
47445;0;0;0x0000;02 Illegal Data Address
47446;0;0;0x0000;02 Illegal Data Address
47447;0;0;0x0000;02 Illegal Data Address
47448;0;0;0x0000;02 Illegal Data Address
47449;0;0;0x0000;02 Illegal Data Address
47450;0;0;0x0000;02 Illegal Data Address
47451;0;0;0x0000;02 Illegal Data Address
47452;0;0;0x0000;02 Illegal Data Address
47453;0;0;0x0000;02 Illegal Data Address
47454;0;0;0x0000;02 Illegal Data Address
47455;0;0;0x0000;02 Illegal Data Address
47456;0;0;0x0000;02 Illegal Data Address
47457;0;0;0x0000;02 Illegal Data Address
47458;0;0;0x0000;02 Illegal Data Address
47459;0;0;0x0000;02 Illegal Data Address
47460;0;0;0x0000;02 Illegal Data Address
47461;0;0;0x0000;02 Illegal Data Address
47462;0;0;0x0000;02 Illegal Data Address
47463;0;0;0x0000;02 Illegal Data Address
47464;0;0;0x0000;02 Illegal Data Address
47465;0;0;0x0000;02 Illegal Data Address
47466;0;0;0x0000;02 Illegal Data Address
47467;0;0;0x0000;02 Illegal Data Address
47468;0;0;0x0000;02 Illegal Data Address
47469;0;0;0x0000;02 Illegal Data Address
47470;0;0;0x0000;02 Illegal Data Address
47471;0;0;0x0000;02 Illegal Data Address
47472;0;0;0x0000;02 Illegal Data Address
47473;0;0;0x0000;02 Illegal Data Address
47474;0;0;0x0000;02 Illegal Data Address
47475;0;0;0x0000;02 Illegal Data Address
47476;0;0;0x0000;02 Illegal Data Address
47477;0;0;0x0000;02 Illegal Data Address
47478;0;0;0x0000;02 Illegal Data Address
47479;0;0;0x0000;02 Illegal Data Address
47480;0;0;0x0000;02 Illegal Data Address
47481;0;0;0x0000;02 Illegal Data Address
47482;0;0;0x0000;02 Illegal Data Address
47483;0;0;0x0000;02 Illegal Data Address
47484;0;0;0x0000;02 Illegal Data Address
47485;0;0;0x0000;02 Illegal Data Address
47486;0;0;0x0000;02 Illegal Data Address
47487;0;0;0x0000;02 Illegal Data Address
47488;0;0;0x0000;02 Illegal Data Address
47489;0;0;0x0000;02 Illegal Data Address
47490;0;0;0x0000;02 Illegal Data Address
47491;0;0;0x0000;02 Illegal Data Address
47492;0;0;0x0000;02 Illegal Data Address
47493;0;0;0x0000;02 Illegal Data Address
47494;0;0;0x0000;02 Illegal Data Address
47495;0;0;0x0000;02 Illegal Data Address
47496;0;0;0x0000;02 Illegal Data Address
47497;0;0;0x0000;02 Illegal Data Address
47498;0;0;0x0000;02 Illegal Data Address
47499;0;0;0x0000;02 Illegal Data Address
47500;0;0;0x0000;02 Illegal Data Address
47501;0;0;0x0000;02 Illegal Data Address
47502;0;0;0x0000;02 Illegal Data Address
47503;0;0;0x0000;02 Illegal Data Address
47504;0;0;0x0000;02 Illegal Data Address
47505;0;0;0x0000;02 Illegal Data Address
47506;0;0;0x0000;02 Illegal Data Address
47507;0;0;0x0000;02 Illegal Data Address
47508;0;0;0x0000;02 Illegal Data Address
47509;0;0;0x0000;02 Illegal Data Address
47510;0;0;0x0000;02 Illegal Data Address
47511;0;0;0x0000;02 Illegal Data Address
47512;0;0;0x0000;02 Illegal Data Address
47513;0;0;0x0000;02 Illegal Data Address
47514;0;0;0x0000;02 Illegal Data Address
47515;0;0;0x0000;02 Illegal Data Address
47516;0;0;0x0000;02 Illegal Data Address
47517;0;0;0x0000;02 Illegal Data Address
47518;0;0;0x0000;02 Illegal Data Address
47519;0;0;0x0000;02 Illegal Data Address
47520;0;0;0x0000;02 Illegal Data Address
47521;0;0;0x0000;02 Illegal Data Address
47522;0;0;0x0000;02 Illegal Data Address
47523;0;0;0x0000;02 Illegal Data Address
47524;0;0;0x0000;02 Illegal Data Address
47525;0;0;0x0000;02 Illegal Data Address
47526;0;0;0x0000;02 Illegal Data Address
47527;0;0;0x0000;02 Illegal Data Address
47528;0;0;0x0000;02 Illegal Data Address
47529;0;0;0x0000;02 Illegal Data Address
47530;0;0;0x0000;02 Illegal Data Address
47531;0;0;0x0000;02 Illegal Data Address
47532;0;0;0x0000;02 Illegal Data Address
47533;0;0;0x0000;02 Illegal Data Address
47534;0;0;0x0000;02 Illegal Data Address
47535;0;0;0x0000;02 Illegal Data Address
47536;0;0;0x0000;02 Illegal Data Address
47537;0;0;0x0000;02 Illegal Data Address
47538;0;0;0x0000;02 Illegal Data Address
47539;0;0;0x0000;02 Illegal Data Address
47540;0;0;0x0000;02 Illegal Data Address
47541;0;0;0x0000;02 Illegal Data Address
47542;0;0;0x0000;02 Illegal Data Address
47543;0;0;0x0000;02 Illegal Data Address
47544;0;0;0x0000;02 Illegal Data Address
47545;0;0;0x0000;02 Illegal Data Address
47546;0;0;0x0000;02 Illegal Data Address
47547;0;0;0x0000;02 Illegal Data Address
47548;0;0;0x0000;02 Illegal Data Address
47549;0;0;0x0000;02 Illegal Data Address
47550;0;0;0x0000;02 Illegal Data Address
47551;0;0;0x0000;02 Illegal Data Address
47552;0;0;0x0000;02 Illegal Data Address
47553;0;0;0x0000;02 Illegal Data Address
47554;0;0;0x0000;02 Illegal Data Address
47555;0;0;0x0000;02 Illegal Data Address
47556;0;0;0x0000;02 Illegal Data Address
47557;0;0;0x0000;02 Illegal Data Address
47558;0;0;0x0000;02 Illegal Data Address
47559;0;0;0x0000;02 Illegal Data Address
47560;0;0;0x0000;02 Illegal Data Address
47561;0;0;0x0000;02 Illegal Data Address
47562;0;0;0x0000;02 Illegal Data Address
47563;0;0;0x0000;02 Illegal Data Address
47564;0;0;0x0000;02 Illegal Data Address
47565;0;0;0x0000;02 Illegal Data Address
47566;0;0;0x0000;02 Illegal Data Address
47567;0;0;0x0000;02 Illegal Data Address
47568;0;0;0x0000;02 Illegal Data Address
47569;0;0;0x0000;02 Illegal Data Address
47570;0;0;0x0000;02 Illegal Data Address
47571;0;0;0x0000;02 Illegal Data Address
47572;0;0;0x0000;02 Illegal Data Address
47573;0;0;0x0000;02 Illegal Data Address
47574;0;0;0x0000;02 Illegal Data Address
47575;0;0;0x0000;02 Illegal Data Address
47576;0;0;0x0000;02 Illegal Data Address
47577;0;0;0x0000;02 Illegal Data Address
47578;0;0;0x0000;02 Illegal Data Address
47579;0;0;0x0000;02 Illegal Data Address
47580;0;0;0x0000;02 Illegal Data Address
47581;0;0;0x0000;02 Illegal Data Address
47582;0;0;0x0000;02 Illegal Data Address
47583;0;0;0x0000;02 Illegal Data Address
47584;0;0;0x0000;02 Illegal Data Address
47585;0;0;0x0000;02 Illegal Data Address
47586;0;0;0x0000;02 Illegal Data Address
47587;0;0;0x0000;02 Illegal Data Address
47588;0;0;0x0000;02 Illegal Data Address
47589;0;0;0x0000;02 Illegal Data Address
47590;0;0;0x0000;02 Illegal Data Address
47591;0;0;0x0000;02 Illegal Data Address
47592;0;0;0x0000;02 Illegal Data Address
47593;0;0;0x0000;02 Illegal Data Address
47594;0;0;0x0000;02 Illegal Data Address
47595;0;0;0x0000;02 Illegal Data Address
47596;0;0;0x0000;02 Illegal Data Address
47597;0;0;0x0000;02 Illegal Data Address
47598;0;0;0x0000;02 Illegal Data Address
47599;0;0;0x0000;02 Illegal Data Address
47600;0;0;0x0000;02 Illegal Data Address
47601;0;0;0x0000;02 Illegal Data Address
47602;0;0;0x0000;02 Illegal Data Address
47603;0;0;0x0000;02 Illegal Data Address
47604;0;0;0x0000;02 Illegal Data Address
47605;0;0;0x0000;02 Illegal Data Address
47606;0;0;0x0000;02 Illegal Data Address
47607;0;0;0x0000;02 Illegal Data Address
47608;0;0;0x0000;02 Illegal Data Address
47609;0;0;0x0000;02 Illegal Data Address
47610;0;0;0x0000;02 Illegal Data Address
47611;0;0;0x0000;02 Illegal Data Address
47612;0;0;0x0000;02 Illegal Data Address
47613;0;0;0x0000;02 Illegal Data Address
47614;0;0;0x0000;02 Illegal Data Address
47615;0;0;0x0000;02 Illegal Data Address
47616;0;0;0x0000;02 Illegal Data Address
47617;0;0;0x0000;02 Illegal Data Address
47618;0;0;0x0000;02 Illegal Data Address
47619;0;0;0x0000;02 Illegal Data Address
47620;0;0;0x0000;02 Illegal Data Address
47621;0;0;0x0000;02 Illegal Data Address
47622;0;0;0x0000;02 Illegal Data Address
47623;0;0;0x0000;02 Illegal Data Address
47624;0;0;0x0000;02 Illegal Data Address
47625;0;0;0x0000;02 Illegal Data Address
47626;0;0;0x0000;02 Illegal Data Address
47627;0;0;0x0000;02 Illegal Data Address
47628;0;0;0x0000;02 Illegal Data Address
47629;0;0;0x0000;02 Illegal Data Address
47630;0;0;0x0000;02 Illegal Data Address
47631;0;0;0x0000;02 Illegal Data Address
47632;0;0;0x0000;02 Illegal Data Address
47633;0;0;0x0000;02 Illegal Data Address
47634;0;0;0x0000;02 Illegal Data Address
47635;0;0;0x0000;02 Illegal Data Address
47636;0;0;0x0000;02 Illegal Data Address
47637;0;0;0x0000;02 Illegal Data Address
47638;0;0;0x0000;02 Illegal Data Address
47639;0;0;0x0000;02 Illegal Data Address
47640;0;0;0x0000;02 Illegal Data Address
47641;0;0;0x0000;02 Illegal Data Address
47642;0;0;0x0000;02 Illegal Data Address
47643;0;0;0x0000;02 Illegal Data Address
47644;0;0;0x0000;02 Illegal Data Address
47645;0;0;0x0000;02 Illegal Data Address
47646;0;0;0x0000;02 Illegal Data Address
47647;0;0;0x0000;02 Illegal Data Address
47648;0;0;0x0000;02 Illegal Data Address
47649;0;0;0x0000;02 Illegal Data Address
47650;0;0;0x0000;02 Illegal Data Address
47651;0;0;0x0000;02 Illegal Data Address
47652;0;0;0x0000;02 Illegal Data Address
47653;0;0;0x0000;02 Illegal Data Address
47654;0;0;0x0000;02 Illegal Data Address
47655;0;0;0x0000;02 Illegal Data Address
47656;0;0;0x0000;02 Illegal Data Address
47657;0;0;0x0000;02 Illegal Data Address
47658;0;0;0x0000;02 Illegal Data Address
47659;0;0;0x0000;02 Illegal Data Address
47660;0;0;0x0000;02 Illegal Data Address
47661;0;0;0x0000;02 Illegal Data Address
47662;0;0;0x0000;02 Illegal Data Address
47663;0;0;0x0000;02 Illegal Data Address
47664;0;0;0x0000;02 Illegal Data Address
47665;0;0;0x0000;02 Illegal Data Address
47666;0;0;0x0000;02 Illegal Data Address
47667;0;0;0x0000;02 Illegal Data Address
47668;0;0;0x0000;02 Illegal Data Address
47669;0;0;0x0000;02 Illegal Data Address
47670;0;0;0x0000;02 Illegal Data Address
47671;0;0;0x0000;02 Illegal Data Address
47672;0;0;0x0000;02 Illegal Data Address
47673;0;0;0x0000;02 Illegal Data Address
47674;0;0;0x0000;02 Illegal Data Address
47675;0;0;0x0000;02 Illegal Data Address
47676;0;0;0x0000;02 Illegal Data Address
47677;0;0;0x0000;02 Illegal Data Address
47678;0;0;0x0000;02 Illegal Data Address
47679;0;0;0x0000;02 Illegal Data Address
47680;0;0;0x0000;02 Illegal Data Address
47681;0;0;0x0000;02 Illegal Data Address
47682;0;0;0x0000;02 Illegal Data Address
47683;0;0;0x0000;02 Illegal Data Address
47684;0;0;0x0000;02 Illegal Data Address
47685;0;0;0x0000;02 Illegal Data Address
47686;0;0;0x0000;02 Illegal Data Address
47687;0;0;0x0000;02 Illegal Data Address
47688;0;0;0x0000;02 Illegal Data Address
47689;0;0;0x0000;02 Illegal Data Address
47690;0;0;0x0000;02 Illegal Data Address
47691;0;0;0x0000;02 Illegal Data Address
47692;0;0;0x0000;02 Illegal Data Address
47693;0;0;0x0000;02 Illegal Data Address
47694;0;0;0x0000;02 Illegal Data Address
47695;0;0;0x0000;02 Illegal Data Address
47696;0;0;0x0000;02 Illegal Data Address
47697;0;0;0x0000;02 Illegal Data Address
47698;0;0;0x0000;02 Illegal Data Address
47699;0;0;0x0000;02 Illegal Data Address
47700;0;0;0x0000;02 Illegal Data Address
47701;0;0;0x0000;02 Illegal Data Address
47702;0;0;0x0000;02 Illegal Data Address
47703;0;0;0x0000;02 Illegal Data Address
47704;0;0;0x0000;02 Illegal Data Address
47705;0;0;0x0000;02 Illegal Data Address
47706;0;0;0x0000;02 Illegal Data Address
47707;0;0;0x0000;02 Illegal Data Address
47708;0;0;0x0000;02 Illegal Data Address
47709;0;0;0x0000;02 Illegal Data Address
47710;0;0;0x0000;02 Illegal Data Address
47711;0;0;0x0000;02 Illegal Data Address
47712;0;0;0x0000;02 Illegal Data Address
47713;0;0;0x0000;02 Illegal Data Address
47714;0;0;0x0000;02 Illegal Data Address
47715;0;0;0x0000;02 Illegal Data Address
47716;0;0;0x0000;02 Illegal Data Address
47717;0;0;0x0000;02 Illegal Data Address
47718;0;0;0x0000;02 Illegal Data Address
47719;0;0;0x0000;02 Illegal Data Address
47720;0;0;0x0000;02 Illegal Data Address
47721;0;0;0x0000;02 Illegal Data Address
47722;0;0;0x0000;02 Illegal Data Address
47723;0;0;0x0000;02 Illegal Data Address
47724;0;0;0x0000;02 Illegal Data Address
47725;0;0;0x0000;02 Illegal Data Address
47726;0;0;0x0000;02 Illegal Data Address
47727;0;0;0x0000;02 Illegal Data Address
47728;0;0;0x0000;02 Illegal Data Address
47729;0;0;0x0000;02 Illegal Data Address
47730;0;0;0x0000;02 Illegal Data Address
47731;0;0;0x0000;02 Illegal Data Address
47732;0;0;0x0000;02 Illegal Data Address
47733;0;0;0x0000;02 Illegal Data Address
47734;0;0;0x0000;02 Illegal Data Address
47735;0;0;0x0000;02 Illegal Data Address
47736;0;0;0x0000;02 Illegal Data Address
47737;0;0;0x0000;02 Illegal Data Address
47738;0;0;0x0000;02 Illegal Data Address
47739;0;0;0x0000;02 Illegal Data Address
47740;0;0;0x0000;02 Illegal Data Address
47741;0;0;0x0000;02 Illegal Data Address
47742;0;0;0x0000;02 Illegal Data Address
47743;0;0;0x0000;02 Illegal Data Address
47744;0;0;0x0000;02 Illegal Data Address
47745;0;0;0x0000;02 Illegal Data Address
47746;0;0;0x0000;02 Illegal Data Address
47747;0;0;0x0000;02 Illegal Data Address
47748;0;0;0x0000;02 Illegal Data Address
47749;0;0;0x0000;02 Illegal Data Address
47750;0;0;0x0000;02 Illegal Data Address
47751;0;0;0x0000;02 Illegal Data Address
47752;0;0;0x0000;02 Illegal Data Address
47753;0;0;0x0000;02 Illegal Data Address
47754;0;0;0x0000;02 Illegal Data Address
47755;0;0;0x0000;02 Illegal Data Address
47756;0;0;0x0000;02 Illegal Data Address
47757;0;0;0x0000;02 Illegal Data Address
47758;0;0;0x0000;02 Illegal Data Address
47759;0;0;0x0000;02 Illegal Data Address
47760;0;0;0x0000;02 Illegal Data Address
47761;0;0;0x0000;02 Illegal Data Address
47762;0;0;0x0000;02 Illegal Data Address
47763;0;0;0x0000;02 Illegal Data Address
47764;0;0;0x0000;02 Illegal Data Address
47765;0;0;0x0000;02 Illegal Data Address
47766;0;0;0x0000;02 Illegal Data Address
47767;0;0;0x0000;02 Illegal Data Address
47768;0;0;0x0000;02 Illegal Data Address
47769;0;0;0x0000;02 Illegal Data Address
47770;0;0;0x0000;02 Illegal Data Address
47771;0;0;0x0000;02 Illegal Data Address
47772;0;0;0x0000;02 Illegal Data Address
47773;0;0;0x0000;02 Illegal Data Address
47774;0;0;0x0000;02 Illegal Data Address
47775;0;0;0x0000;02 Illegal Data Address
47776;0;0;0x0000;02 Illegal Data Address
47777;0;0;0x0000;02 Illegal Data Address
47778;0;0;0x0000;02 Illegal Data Address
47779;0;0;0x0000;02 Illegal Data Address
47780;0;0;0x0000;02 Illegal Data Address
47781;0;0;0x0000;02 Illegal Data Address
47782;0;0;0x0000;02 Illegal Data Address
47783;0;0;0x0000;02 Illegal Data Address
47784;0;0;0x0000;02 Illegal Data Address
47785;0;0;0x0000;02 Illegal Data Address
47786;0;0;0x0000;02 Illegal Data Address
47787;0;0;0x0000;02 Illegal Data Address
47788;0;0;0x0000;02 Illegal Data Address
47789;0;0;0x0000;02 Illegal Data Address
47790;0;0;0x0000;02 Illegal Data Address
47791;0;0;0x0000;02 Illegal Data Address
47792;0;0;0x0000;02 Illegal Data Address
47793;0;0;0x0000;02 Illegal Data Address
47794;0;0;0x0000;02 Illegal Data Address
47795;0;0;0x0000;02 Illegal Data Address
47796;0;0;0x0000;02 Illegal Data Address
47797;0;0;0x0000;02 Illegal Data Address
47798;0;0;0x0000;02 Illegal Data Address
47799;0;0;0x0000;02 Illegal Data Address
47800;0;0;0x0000;02 Illegal Data Address
47801;0;0;0x0000;02 Illegal Data Address
47802;0;0;0x0000;02 Illegal Data Address
47803;0;0;0x0000;02 Illegal Data Address
47804;0;0;0x0000;02 Illegal Data Address
47805;0;0;0x0000;02 Illegal Data Address
47806;0;0;0x0000;02 Illegal Data Address
47807;0;0;0x0000;02 Illegal Data Address
47808;0;0;0x0000;02 Illegal Data Address
47809;0;0;0x0000;02 Illegal Data Address
47810;0;0;0x0000;02 Illegal Data Address
47811;0;0;0x0000;02 Illegal Data Address
47812;0;0;0x0000;02 Illegal Data Address
47813;0;0;0x0000;02 Illegal Data Address
47814;0;0;0x0000;02 Illegal Data Address
47815;0;0;0x0000;02 Illegal Data Address
47816;0;0;0x0000;02 Illegal Data Address
47817;0;0;0x0000;02 Illegal Data Address
47818;0;0;0x0000;02 Illegal Data Address
47819;0;0;0x0000;02 Illegal Data Address
47820;0;0;0x0000;02 Illegal Data Address
47821;0;0;0x0000;02 Illegal Data Address
47822;0;0;0x0000;02 Illegal Data Address
47823;0;0;0x0000;02 Illegal Data Address
47824;0;0;0x0000;02 Illegal Data Address
47825;0;0;0x0000;02 Illegal Data Address
47826;0;0;0x0000;02 Illegal Data Address
47827;0;0;0x0000;02 Illegal Data Address
47828;0;0;0x0000;02 Illegal Data Address
47829;0;0;0x0000;02 Illegal Data Address
47830;0;0;0x0000;02 Illegal Data Address
47831;0;0;0x0000;02 Illegal Data Address
47832;0;0;0x0000;02 Illegal Data Address
47833;0;0;0x0000;02 Illegal Data Address
47834;0;0;0x0000;02 Illegal Data Address
47835;0;0;0x0000;02 Illegal Data Address
47836;0;0;0x0000;02 Illegal Data Address
47837;0;0;0x0000;02 Illegal Data Address
47838;0;0;0x0000;02 Illegal Data Address
47839;0;0;0x0000;02 Illegal Data Address
47840;0;0;0x0000;02 Illegal Data Address
47841;0;0;0x0000;02 Illegal Data Address
47842;0;0;0x0000;02 Illegal Data Address
47843;0;0;0x0000;02 Illegal Data Address
47844;0;0;0x0000;02 Illegal Data Address
47845;0;0;0x0000;02 Illegal Data Address
47846;0;0;0x0000;02 Illegal Data Address
47847;0;0;0x0000;02 Illegal Data Address
47848;0;0;0x0000;02 Illegal Data Address
47849;0;0;0x0000;02 Illegal Data Address
47850;0;0;0x0000;02 Illegal Data Address
47851;0;0;0x0000;02 Illegal Data Address
47852;0;0;0x0000;02 Illegal Data Address
47853;0;0;0x0000;02 Illegal Data Address
47854;0;0;0x0000;02 Illegal Data Address
47855;0;0;0x0000;02 Illegal Data Address
47856;0;0;0x0000;02 Illegal Data Address
47857;0;0;0x0000;02 Illegal Data Address
47858;0;0;0x0000;02 Illegal Data Address
47859;0;0;0x0000;02 Illegal Data Address
47860;0;0;0x0000;02 Illegal Data Address
47861;0;0;0x0000;02 Illegal Data Address
47862;0;0;0x0000;02 Illegal Data Address
47863;0;0;0x0000;02 Illegal Data Address
47864;0;0;0x0000;02 Illegal Data Address
47865;0;0;0x0000;02 Illegal Data Address
47866;0;0;0x0000;02 Illegal Data Address
47867;0;0;0x0000;02 Illegal Data Address
47868;0;0;0x0000;02 Illegal Data Address
47869;0;0;0x0000;02 Illegal Data Address
47870;0;0;0x0000;02 Illegal Data Address
47871;0;0;0x0000;02 Illegal Data Address
47872;0;0;0x0000;02 Illegal Data Address
47873;0;0;0x0000;02 Illegal Data Address
47874;0;0;0x0000;02 Illegal Data Address
47875;0;0;0x0000;02 Illegal Data Address
47876;0;0;0x0000;02 Illegal Data Address
47877;0;0;0x0000;02 Illegal Data Address
47878;0;0;0x0000;02 Illegal Data Address
47879;0;0;0x0000;02 Illegal Data Address
47880;0;0;0x0000;02 Illegal Data Address
47881;0;0;0x0000;02 Illegal Data Address
47882;0;0;0x0000;02 Illegal Data Address
47883;0;0;0x0000;02 Illegal Data Address
47884;0;0;0x0000;02 Illegal Data Address
47885;0;0;0x0000;02 Illegal Data Address
47886;0;0;0x0000;02 Illegal Data Address
47887;0;0;0x0000;02 Illegal Data Address
47888;0;0;0x0000;02 Illegal Data Address
47889;0;0;0x0000;02 Illegal Data Address
47890;0;0;0x0000;02 Illegal Data Address
47891;0;0;0x0000;02 Illegal Data Address
47892;0;0;0x0000;02 Illegal Data Address
47893;0;0;0x0000;02 Illegal Data Address
47894;0;0;0x0000;02 Illegal Data Address
47895;0;0;0x0000;02 Illegal Data Address
47896;0;0;0x0000;02 Illegal Data Address
47897;0;0;0x0000;02 Illegal Data Address
47898;0;0;0x0000;02 Illegal Data Address
47899;0;0;0x0000;02 Illegal Data Address
47900;0;0;0x0000;02 Illegal Data Address
47901;0;0;0x0000;02 Illegal Data Address
47902;0;0;0x0000;02 Illegal Data Address
47903;0;0;0x0000;02 Illegal Data Address
47904;0;0;0x0000;02 Illegal Data Address
47905;0;0;0x0000;02 Illegal Data Address
47906;0;0;0x0000;02 Illegal Data Address
47907;0;0;0x0000;02 Illegal Data Address
47908;0;0;0x0000;02 Illegal Data Address
47909;0;0;0x0000;02 Illegal Data Address
47910;0;0;0x0000;02 Illegal Data Address
47911;0;0;0x0000;02 Illegal Data Address
47912;0;0;0x0000;02 Illegal Data Address
47913;0;0;0x0000;02 Illegal Data Address
47914;0;0;0x0000;02 Illegal Data Address
47915;0;0;0x0000;02 Illegal Data Address
47916;0;0;0x0000;02 Illegal Data Address
47917;0;0;0x0000;02 Illegal Data Address
47918;0;0;0x0000;02 Illegal Data Address
47919;0;0;0x0000;02 Illegal Data Address
47920;0;0;0x0000;02 Illegal Data Address
47921;0;0;0x0000;02 Illegal Data Address
47922;0;0;0x0000;02 Illegal Data Address
47923;0;0;0x0000;02 Illegal Data Address
47924;0;0;0x0000;02 Illegal Data Address
47925;0;0;0x0000;02 Illegal Data Address
47926;0;0;0x0000;02 Illegal Data Address
47927;0;0;0x0000;02 Illegal Data Address
47928;0;0;0x0000;02 Illegal Data Address
47929;0;0;0x0000;02 Illegal Data Address
47930;0;0;0x0000;02 Illegal Data Address
47931;0;0;0x0000;02 Illegal Data Address
47932;0;0;0x0000;02 Illegal Data Address
47933;0;0;0x0000;02 Illegal Data Address
47934;0;0;0x0000;02 Illegal Data Address
47935;0;0;0x0000;02 Illegal Data Address
47936;0;0;0x0000;02 Illegal Data Address
47937;0;0;0x0000;02 Illegal Data Address
47938;0;0;0x0000;02 Illegal Data Address
47939;0;0;0x0000;02 Illegal Data Address
47940;0;0;0x0000;02 Illegal Data Address
47941;0;0;0x0000;02 Illegal Data Address
47942;0;0;0x0000;02 Illegal Data Address
47943;0;0;0x0000;02 Illegal Data Address
47944;0;0;0x0000;02 Illegal Data Address
47945;0;0;0x0000;02 Illegal Data Address
47946;0;0;0x0000;02 Illegal Data Address
47947;0;0;0x0000;02 Illegal Data Address
47948;0;0;0x0000;02 Illegal Data Address
47949;0;0;0x0000;02 Illegal Data Address
47950;0;0;0x0000;02 Illegal Data Address
47951;0;0;0x0000;02 Illegal Data Address
47952;0;0;0x0000;02 Illegal Data Address
47953;0;0;0x0000;02 Illegal Data Address
47954;0;0;0x0000;02 Illegal Data Address
47955;0;0;0x0000;02 Illegal Data Address
47956;0;0;0x0000;02 Illegal Data Address
47957;0;0;0x0000;02 Illegal Data Address
47958;0;0;0x0000;02 Illegal Data Address
47959;0;0;0x0000;02 Illegal Data Address
47960;0;0;0x0000;02 Illegal Data Address
47961;0;0;0x0000;02 Illegal Data Address
47962;0;0;0x0000;02 Illegal Data Address
47963;0;0;0x0000;02 Illegal Data Address
47964;0;0;0x0000;02 Illegal Data Address
47965;0;0;0x0000;02 Illegal Data Address
47966;0;0;0x0000;02 Illegal Data Address
47967;0;0;0x0000;02 Illegal Data Address
47968;0;0;0x0000;02 Illegal Data Address
47969;0;0;0x0000;02 Illegal Data Address
47970;0;0;0x0000;02 Illegal Data Address
47971;0;0;0x0000;02 Illegal Data Address
47972;0;0;0x0000;02 Illegal Data Address
47973;0;0;0x0000;02 Illegal Data Address
47974;0;0;0x0000;02 Illegal Data Address
47975;0;0;0x0000;02 Illegal Data Address
47976;0;0;0x0000;02 Illegal Data Address
47977;0;0;0x0000;02 Illegal Data Address
47978;0;0;0x0000;02 Illegal Data Address
47979;0;0;0x0000;02 Illegal Data Address
47980;0;0;0x0000;02 Illegal Data Address
47981;0;0;0x0000;02 Illegal Data Address
47982;0;0;0x0000;02 Illegal Data Address
47983;0;0;0x0000;02 Illegal Data Address
47984;0;0;0x0000;02 Illegal Data Address
47985;0;0;0x0000;02 Illegal Data Address
47986;0;0;0x0000;02 Illegal Data Address
47987;0;0;0x0000;02 Illegal Data Address
47988;0;0;0x0000;02 Illegal Data Address
47989;0;0;0x0000;02 Illegal Data Address
47990;0;0;0x0000;02 Illegal Data Address
47991;0;0;0x0000;02 Illegal Data Address
47992;0;0;0x0000;02 Illegal Data Address
47993;0;0;0x0000;02 Illegal Data Address
47994;0;0;0x0000;02 Illegal Data Address
47995;0;0;0x0000;02 Illegal Data Address
47996;0;0;0x0000;02 Illegal Data Address
47997;0;0;0x0000;02 Illegal Data Address
47998;0;0;0x0000;02 Illegal Data Address
47999;0;0;0x0000;02 Illegal Data Address
48000;0;0;0x0000;02 Illegal Data Address
48001;0;0;0x0000;02 Illegal Data Address
48002;0;0;0x0000;02 Illegal Data Address
48003;0;0;0x0000;02 Illegal Data Address
48004;0;0;0x0000;02 Illegal Data Address
48005;0;0;0x0000;02 Illegal Data Address
48006;0;0;0x0000;02 Illegal Data Address
48007;0;0;0x0000;02 Illegal Data Address
48008;0;0;0x0000;02 Illegal Data Address
48009;0;0;0x0000;02 Illegal Data Address
48010;0;0;0x0000;02 Illegal Data Address
48011;0;0;0x0000;02 Illegal Data Address
48012;0;0;0x0000;02 Illegal Data Address
48013;0;0;0x0000;02 Illegal Data Address
48014;0;0;0x0000;02 Illegal Data Address
48015;0;0;0x0000;02 Illegal Data Address
48016;0;0;0x0000;02 Illegal Data Address
48017;0;0;0x0000;02 Illegal Data Address
48018;0;0;0x0000;02 Illegal Data Address
48019;0;0;0x0000;02 Illegal Data Address
48020;0;0;0x0000;02 Illegal Data Address
48021;0;0;0x0000;02 Illegal Data Address
48022;0;0;0x0000;02 Illegal Data Address
48023;0;0;0x0000;02 Illegal Data Address
48024;0;0;0x0000;02 Illegal Data Address
48025;0;0;0x0000;02 Illegal Data Address
48026;0;0;0x0000;02 Illegal Data Address
48027;0;0;0x0000;02 Illegal Data Address
48028;0;0;0x0000;02 Illegal Data Address
48029;0;0;0x0000;02 Illegal Data Address
48030;0;0;0x0000;02 Illegal Data Address
48031;0;0;0x0000;02 Illegal Data Address
48032;0;0;0x0000;02 Illegal Data Address
48033;0;0;0x0000;02 Illegal Data Address
48034;0;0;0x0000;02 Illegal Data Address
48035;0;0;0x0000;02 Illegal Data Address
48036;0;0;0x0000;02 Illegal Data Address
48037;0;0;0x0000;02 Illegal Data Address
48038;0;0;0x0000;02 Illegal Data Address
48039;0;0;0x0000;02 Illegal Data Address
48040;0;0;0x0000;02 Illegal Data Address
48041;0;0;0x0000;02 Illegal Data Address
48042;0;0;0x0000;02 Illegal Data Address
48043;0;0;0x0000;02 Illegal Data Address
48044;0;0;0x0000;02 Illegal Data Address
48045;0;0;0x0000;02 Illegal Data Address
48046;0;0;0x0000;02 Illegal Data Address
48047;0;0;0x0000;02 Illegal Data Address
48048;0;0;0x0000;02 Illegal Data Address
48049;0;0;0x0000;02 Illegal Data Address
48050;0;0;0x0000;02 Illegal Data Address
48051;0;0;0x0000;02 Illegal Data Address
48052;0;0;0x0000;02 Illegal Data Address
48053;0;0;0x0000;02 Illegal Data Address
48054;0;0;0x0000;02 Illegal Data Address
48055;0;0;0x0000;02 Illegal Data Address
48056;0;0;0x0000;02 Illegal Data Address
48057;0;0;0x0000;02 Illegal Data Address
48058;0;0;0x0000;02 Illegal Data Address
48059;0;0;0x0000;02 Illegal Data Address
48060;0;0;0x0000;02 Illegal Data Address
48061;0;0;0x0000;02 Illegal Data Address
48062;0;0;0x0000;02 Illegal Data Address
48063;0;0;0x0000;02 Illegal Data Address
48064;0;0;0x0000;02 Illegal Data Address
48065;0;0;0x0000;02 Illegal Data Address
48066;0;0;0x0000;02 Illegal Data Address
48067;0;0;0x0000;02 Illegal Data Address
48068;0;0;0x0000;02 Illegal Data Address
48069;0;0;0x0000;02 Illegal Data Address
48070;0;0;0x0000;02 Illegal Data Address
48071;0;0;0x0000;02 Illegal Data Address
48072;0;0;0x0000;02 Illegal Data Address
48073;0;0;0x0000;02 Illegal Data Address
48074;0;0;0x0000;02 Illegal Data Address
48075;0;0;0x0000;02 Illegal Data Address
48076;0;0;0x0000;02 Illegal Data Address
48077;0;0;0x0000;02 Illegal Data Address
48078;0;0;0x0000;02 Illegal Data Address
48079;0;0;0x0000;02 Illegal Data Address
48080;0;0;0x0000;02 Illegal Data Address
48081;0;0;0x0000;02 Illegal Data Address
48082;0;0;0x0000;02 Illegal Data Address
48083;0;0;0x0000;02 Illegal Data Address
48084;0;0;0x0000;02 Illegal Data Address
48085;0;0;0x0000;02 Illegal Data Address
48086;0;0;0x0000;02 Illegal Data Address
48087;0;0;0x0000;02 Illegal Data Address
48088;0;0;0x0000;02 Illegal Data Address
48089;0;0;0x0000;02 Illegal Data Address
48090;0;0;0x0000;02 Illegal Data Address
48091;0;0;0x0000;02 Illegal Data Address
48092;0;0;0x0000;02 Illegal Data Address
48093;0;0;0x0000;02 Illegal Data Address
48094;0;0;0x0000;02 Illegal Data Address
48095;0;0;0x0000;02 Illegal Data Address
48096;0;0;0x0000;02 Illegal Data Address
48097;0;0;0x0000;02 Illegal Data Address
48098;0;0;0x0000;02 Illegal Data Address
48099;0;0;0x0000;02 Illegal Data Address
48100;0;0;0x0000;02 Illegal Data Address
48101;0;0;0x0000;02 Illegal Data Address
48102;0;0;0x0000;02 Illegal Data Address
48103;0;0;0x0000;02 Illegal Data Address
48104;0;0;0x0000;02 Illegal Data Address
48105;0;0;0x0000;02 Illegal Data Address
48106;0;0;0x0000;02 Illegal Data Address
48107;0;0;0x0000;02 Illegal Data Address
48108;0;0;0x0000;02 Illegal Data Address
48109;0;0;0x0000;02 Illegal Data Address
48110;0;0;0x0000;02 Illegal Data Address
48111;0;0;0x0000;02 Illegal Data Address
48112;0;0;0x0000;02 Illegal Data Address
48113;0;0;0x0000;02 Illegal Data Address
48114;0;0;0x0000;02 Illegal Data Address
48115;0;0;0x0000;02 Illegal Data Address
48116;0;0;0x0000;02 Illegal Data Address
48117;0;0;0x0000;02 Illegal Data Address
48118;0;0;0x0000;02 Illegal Data Address
48119;0;0;0x0000;02 Illegal Data Address
48120;0;0;0x0000;02 Illegal Data Address
48121;0;0;0x0000;02 Illegal Data Address
48122;0;0;0x0000;02 Illegal Data Address
48123;0;0;0x0000;02 Illegal Data Address
48124;0;0;0x0000;02 Illegal Data Address
48125;0;0;0x0000;02 Illegal Data Address
48126;0;0;0x0000;02 Illegal Data Address
48127;0;0;0x0000;02 Illegal Data Address
48128;0;0;0x0000;02 Illegal Data Address
48129;0;0;0x0000;02 Illegal Data Address
48130;0;0;0x0000;02 Illegal Data Address
48131;0;0;0x0000;02 Illegal Data Address
48132;0;0;0x0000;02 Illegal Data Address
48133;0;0;0x0000;02 Illegal Data Address
48134;0;0;0x0000;02 Illegal Data Address
48135;0;0;0x0000;02 Illegal Data Address
48136;0;0;0x0000;02 Illegal Data Address
48137;0;0;0x0000;02 Illegal Data Address
48138;0;0;0x0000;02 Illegal Data Address
48139;0;0;0x0000;02 Illegal Data Address
48140;0;0;0x0000;02 Illegal Data Address
48141;0;0;0x0000;02 Illegal Data Address
48142;0;0;0x0000;02 Illegal Data Address
48143;0;0;0x0000;02 Illegal Data Address
48144;0;0;0x0000;02 Illegal Data Address
48145;0;0;0x0000;02 Illegal Data Address
48146;0;0;0x0000;02 Illegal Data Address
48147;0;0;0x0000;02 Illegal Data Address
48148;0;0;0x0000;02 Illegal Data Address
48149;0;0;0x0000;02 Illegal Data Address
48150;0;0;0x0000;02 Illegal Data Address
48151;0;0;0x0000;02 Illegal Data Address
48152;0;0;0x0000;02 Illegal Data Address
48153;0;0;0x0000;02 Illegal Data Address
48154;0;0;0x0000;02 Illegal Data Address
48155;0;0;0x0000;02 Illegal Data Address
48156;0;0;0x0000;02 Illegal Data Address
48157;0;0;0x0000;02 Illegal Data Address
48158;0;0;0x0000;02 Illegal Data Address
48159;0;0;0x0000;02 Illegal Data Address
48160;0;0;0x0000;02 Illegal Data Address
48161;0;0;0x0000;02 Illegal Data Address
48162;0;0;0x0000;02 Illegal Data Address
48163;0;0;0x0000;02 Illegal Data Address
48164;0;0;0x0000;02 Illegal Data Address
48165;0;0;0x0000;02 Illegal Data Address
48166;0;0;0x0000;02 Illegal Data Address
48167;0;0;0x0000;02 Illegal Data Address
48168;0;0;0x0000;02 Illegal Data Address
48169;0;0;0x0000;02 Illegal Data Address
48170;0;0;0x0000;02 Illegal Data Address
48171;0;0;0x0000;02 Illegal Data Address
48172;0;0;0x0000;02 Illegal Data Address
48173;0;0;0x0000;02 Illegal Data Address
48174;0;0;0x0000;02 Illegal Data Address
48175;0;0;0x0000;02 Illegal Data Address
48176;0;0;0x0000;02 Illegal Data Address
48177;0;0;0x0000;02 Illegal Data Address
48178;0;0;0x0000;02 Illegal Data Address
48179;0;0;0x0000;02 Illegal Data Address
48180;0;0;0x0000;02 Illegal Data Address
48181;0;0;0x0000;02 Illegal Data Address
48182;0;0;0x0000;02 Illegal Data Address
48183;0;0;0x0000;02 Illegal Data Address
48184;0;0;0x0000;02 Illegal Data Address
48185;0;0;0x0000;02 Illegal Data Address
48186;0;0;0x0000;02 Illegal Data Address
48187;0;0;0x0000;02 Illegal Data Address
48188;0;0;0x0000;02 Illegal Data Address
48189;0;0;0x0000;02 Illegal Data Address
48190;0;0;0x0000;02 Illegal Data Address
48191;0;0;0x0000;02 Illegal Data Address
48192;0;0;0x0000;02 Illegal Data Address
48193;0;0;0x0000;02 Illegal Data Address
48194;0;0;0x0000;02 Illegal Data Address
48195;0;0;0x0000;02 Illegal Data Address
48196;0;0;0x0000;02 Illegal Data Address
48197;0;0;0x0000;02 Illegal Data Address
48198;0;0;0x0000;02 Illegal Data Address
48199;0;0;0x0000;02 Illegal Data Address
48200;0;0;0x0000;02 Illegal Data Address
48201;0;0;0x0000;02 Illegal Data Address
48202;0;0;0x0000;02 Illegal Data Address
48203;0;0;0x0000;02 Illegal Data Address
48204;0;0;0x0000;02 Illegal Data Address
48205;0;0;0x0000;02 Illegal Data Address
48206;0;0;0x0000;02 Illegal Data Address
48207;0;0;0x0000;02 Illegal Data Address
48208;0;0;0x0000;02 Illegal Data Address
48209;0;0;0x0000;02 Illegal Data Address
48210;0;0;0x0000;02 Illegal Data Address
48211;0;0;0x0000;02 Illegal Data Address
48212;0;0;0x0000;02 Illegal Data Address
48213;0;0;0x0000;02 Illegal Data Address
48214;0;0;0x0000;02 Illegal Data Address
48215;0;0;0x0000;02 Illegal Data Address
48216;0;0;0x0000;02 Illegal Data Address
48217;0;0;0x0000;02 Illegal Data Address
48218;0;0;0x0000;02 Illegal Data Address
48219;0;0;0x0000;02 Illegal Data Address
48220;0;0;0x0000;02 Illegal Data Address
48221;0;0;0x0000;02 Illegal Data Address
48222;0;0;0x0000;02 Illegal Data Address
48223;0;0;0x0000;02 Illegal Data Address
48224;0;0;0x0000;02 Illegal Data Address
48225;0;0;0x0000;02 Illegal Data Address
48226;0;0;0x0000;02 Illegal Data Address
48227;0;0;0x0000;02 Illegal Data Address
48228;0;0;0x0000;02 Illegal Data Address
48229;0;0;0x0000;02 Illegal Data Address
48230;0;0;0x0000;02 Illegal Data Address
48231;0;0;0x0000;02 Illegal Data Address
48232;0;0;0x0000;02 Illegal Data Address
48233;0;0;0x0000;02 Illegal Data Address
48234;0;0;0x0000;02 Illegal Data Address
48235;0;0;0x0000;02 Illegal Data Address
48236;0;0;0x0000;02 Illegal Data Address
48237;0;0;0x0000;02 Illegal Data Address
48238;0;0;0x0000;02 Illegal Data Address
48239;0;0;0x0000;02 Illegal Data Address
48240;0;0;0x0000;02 Illegal Data Address
48241;0;0;0x0000;02 Illegal Data Address
48242;0;0;0x0000;02 Illegal Data Address
48243;0;0;0x0000;02 Illegal Data Address
48244;0;0;0x0000;02 Illegal Data Address
48245;0;0;0x0000;02 Illegal Data Address
48246;0;0;0x0000;02 Illegal Data Address
48247;0;0;0x0000;02 Illegal Data Address
48248;0;0;0x0000;02 Illegal Data Address
48249;0;0;0x0000;02 Illegal Data Address
48250;0;0;0x0000;02 Illegal Data Address
48251;0;0;0x0000;02 Illegal Data Address
48252;0;0;0x0000;02 Illegal Data Address
48253;0;0;0x0000;02 Illegal Data Address
48254;0;0;0x0000;02 Illegal Data Address
48255;0;0;0x0000;02 Illegal Data Address
48256;0;0;0x0000;02 Illegal Data Address
48257;0;0;0x0000;02 Illegal Data Address
48258;0;0;0x0000;02 Illegal Data Address
48259;0;0;0x0000;02 Illegal Data Address
48260;0;0;0x0000;02 Illegal Data Address
48261;0;0;0x0000;02 Illegal Data Address
48262;0;0;0x0000;02 Illegal Data Address
48263;0;0;0x0000;02 Illegal Data Address
48264;0;0;0x0000;02 Illegal Data Address
48265;0;0;0x0000;02 Illegal Data Address
48266;0;0;0x0000;02 Illegal Data Address
48267;0;0;0x0000;02 Illegal Data Address
48268;0;0;0x0000;02 Illegal Data Address
48269;0;0;0x0000;02 Illegal Data Address
48270;0;0;0x0000;02 Illegal Data Address
48271;0;0;0x0000;02 Illegal Data Address
48272;0;0;0x0000;02 Illegal Data Address
48273;0;0;0x0000;02 Illegal Data Address
48274;0;0;0x0000;02 Illegal Data Address
48275;0;0;0x0000;02 Illegal Data Address
48276;0;0;0x0000;02 Illegal Data Address
48277;0;0;0x0000;02 Illegal Data Address
48278;0;0;0x0000;02 Illegal Data Address
48279;0;0;0x0000;02 Illegal Data Address
48280;0;0;0x0000;02 Illegal Data Address
48281;0;0;0x0000;02 Illegal Data Address
48282;0;0;0x0000;02 Illegal Data Address
48283;0;0;0x0000;02 Illegal Data Address
48284;0;0;0x0000;02 Illegal Data Address
48285;0;0;0x0000;02 Illegal Data Address
48286;0;0;0x0000;02 Illegal Data Address
48287;0;0;0x0000;02 Illegal Data Address
48288;0;0;0x0000;02 Illegal Data Address
48289;0;0;0x0000;02 Illegal Data Address
48290;0;0;0x0000;02 Illegal Data Address
48291;0;0;0x0000;02 Illegal Data Address
48292;0;0;0x0000;02 Illegal Data Address
48293;0;0;0x0000;02 Illegal Data Address
48294;0;0;0x0000;02 Illegal Data Address
48295;0;0;0x0000;02 Illegal Data Address
48296;0;0;0x0000;02 Illegal Data Address
48297;0;0;0x0000;02 Illegal Data Address
48298;0;0;0x0000;02 Illegal Data Address
48299;0;0;0x0000;02 Illegal Data Address
48300;0;0;0x0000;02 Illegal Data Address
48301;0;0;0x0000;02 Illegal Data Address
48302;0;0;0x0000;02 Illegal Data Address
48303;0;0;0x0000;02 Illegal Data Address
48304;0;0;0x0000;02 Illegal Data Address
48305;0;0;0x0000;02 Illegal Data Address
48306;0;0;0x0000;02 Illegal Data Address
48307;0;0;0x0000;02 Illegal Data Address
48308;0;0;0x0000;02 Illegal Data Address
48309;0;0;0x0000;02 Illegal Data Address
48310;0;0;0x0000;02 Illegal Data Address
48311;0;0;0x0000;02 Illegal Data Address
48312;0;0;0x0000;02 Illegal Data Address
48313;0;0;0x0000;02 Illegal Data Address
48314;0;0;0x0000;02 Illegal Data Address
48315;0;0;0x0000;02 Illegal Data Address
48316;0;0;0x0000;02 Illegal Data Address
48317;0;0;0x0000;02 Illegal Data Address
48318;0;0;0x0000;02 Illegal Data Address
48319;0;0;0x0000;02 Illegal Data Address
48320;0;0;0x0000;02 Illegal Data Address
48321;0;0;0x0000;02 Illegal Data Address
48322;0;0;0x0000;02 Illegal Data Address
48323;0;0;0x0000;02 Illegal Data Address
48324;0;0;0x0000;02 Illegal Data Address
48325;0;0;0x0000;02 Illegal Data Address
48326;0;0;0x0000;02 Illegal Data Address
48327;0;0;0x0000;02 Illegal Data Address
48328;0;0;0x0000;02 Illegal Data Address
48329;0;0;0x0000;02 Illegal Data Address
48330;0;0;0x0000;02 Illegal Data Address
48331;0;0;0x0000;02 Illegal Data Address
48332;0;0;0x0000;02 Illegal Data Address
48333;0;0;0x0000;02 Illegal Data Address
48334;0;0;0x0000;02 Illegal Data Address
48335;0;0;0x0000;02 Illegal Data Address
48336;0;0;0x0000;02 Illegal Data Address
48337;0;0;0x0000;02 Illegal Data Address
48338;0;0;0x0000;02 Illegal Data Address
48339;0;0;0x0000;02 Illegal Data Address
48340;0;0;0x0000;02 Illegal Data Address
48341;0;0;0x0000;02 Illegal Data Address
48342;0;0;0x0000;02 Illegal Data Address
48343;0;0;0x0000;02 Illegal Data Address
48344;0;0;0x0000;02 Illegal Data Address
48345;0;0;0x0000;02 Illegal Data Address
48346;0;0;0x0000;02 Illegal Data Address
48347;0;0;0x0000;02 Illegal Data Address
48348;0;0;0x0000;02 Illegal Data Address
48349;0;0;0x0000;02 Illegal Data Address
48350;0;0;0x0000;02 Illegal Data Address
48351;0;0;0x0000;02 Illegal Data Address
48352;0;0;0x0000;02 Illegal Data Address
48353;0;0;0x0000;02 Illegal Data Address
48354;0;0;0x0000;02 Illegal Data Address
48355;0;0;0x0000;02 Illegal Data Address
48356;0;0;0x0000;02 Illegal Data Address
48357;0;0;0x0000;02 Illegal Data Address
48358;0;0;0x0000;02 Illegal Data Address
48359;0;0;0x0000;02 Illegal Data Address
48360;0;0;0x0000;02 Illegal Data Address
48361;0;0;0x0000;02 Illegal Data Address
48362;0;0;0x0000;02 Illegal Data Address
48363;0;0;0x0000;02 Illegal Data Address
48364;0;0;0x0000;02 Illegal Data Address
48365;0;0;0x0000;02 Illegal Data Address
48366;0;0;0x0000;02 Illegal Data Address
48367;0;0;0x0000;02 Illegal Data Address
48368;0;0;0x0000;02 Illegal Data Address
48369;0;0;0x0000;02 Illegal Data Address
48370;0;0;0x0000;02 Illegal Data Address
48371;0;0;0x0000;02 Illegal Data Address
48372;0;0;0x0000;02 Illegal Data Address
48373;0;0;0x0000;02 Illegal Data Address
48374;0;0;0x0000;02 Illegal Data Address
48375;0;0;0x0000;02 Illegal Data Address
48376;0;0;0x0000;02 Illegal Data Address
48377;0;0;0x0000;02 Illegal Data Address
48378;0;0;0x0000;02 Illegal Data Address
48379;0;0;0x0000;02 Illegal Data Address
48380;0;0;0x0000;02 Illegal Data Address
48381;0;0;0x0000;02 Illegal Data Address
48382;0;0;0x0000;02 Illegal Data Address
48383;0;0;0x0000;02 Illegal Data Address
48384;0;0;0x0000;02 Illegal Data Address
48385;0;0;0x0000;02 Illegal Data Address
48386;0;0;0x0000;02 Illegal Data Address
48387;0;0;0x0000;02 Illegal Data Address
48388;0;0;0x0000;02 Illegal Data Address
48389;0;0;0x0000;02 Illegal Data Address
48390;0;0;0x0000;02 Illegal Data Address
48391;0;0;0x0000;02 Illegal Data Address
48392;0;0;0x0000;02 Illegal Data Address
48393;0;0;0x0000;02 Illegal Data Address
48394;0;0;0x0000;02 Illegal Data Address
48395;0;0;0x0000;02 Illegal Data Address
48396;0;0;0x0000;02 Illegal Data Address
48397;0;0;0x0000;02 Illegal Data Address
48398;0;0;0x0000;02 Illegal Data Address
48399;0;0;0x0000;02 Illegal Data Address
48400;0;0;0x0000;02 Illegal Data Address
48401;0;0;0x0000;02 Illegal Data Address
48402;0;0;0x0000;02 Illegal Data Address
48403;0;0;0x0000;02 Illegal Data Address
48404;0;0;0x0000;02 Illegal Data Address
48405;0;0;0x0000;02 Illegal Data Address
48406;0;0;0x0000;02 Illegal Data Address
48407;0;0;0x0000;02 Illegal Data Address
48408;0;0;0x0000;02 Illegal Data Address
48409;0;0;0x0000;02 Illegal Data Address
48410;0;0;0x0000;02 Illegal Data Address
48411;0;0;0x0000;02 Illegal Data Address
48412;0;0;0x0000;02 Illegal Data Address
48413;0;0;0x0000;02 Illegal Data Address
48414;0;0;0x0000;02 Illegal Data Address
48415;0;0;0x0000;02 Illegal Data Address
48416;0;0;0x0000;02 Illegal Data Address
48417;0;0;0x0000;02 Illegal Data Address
48418;0;0;0x0000;02 Illegal Data Address
48419;0;0;0x0000;02 Illegal Data Address
48420;0;0;0x0000;02 Illegal Data Address
48421;0;0;0x0000;02 Illegal Data Address
48422;0;0;0x0000;02 Illegal Data Address
48423;0;0;0x0000;02 Illegal Data Address
48424;0;0;0x0000;02 Illegal Data Address
48425;0;0;0x0000;02 Illegal Data Address
48426;0;0;0x0000;02 Illegal Data Address
48427;0;0;0x0000;02 Illegal Data Address
48428;0;0;0x0000;02 Illegal Data Address
48429;0;0;0x0000;02 Illegal Data Address
48430;0;0;0x0000;02 Illegal Data Address
48431;0;0;0x0000;02 Illegal Data Address
48432;0;0;0x0000;02 Illegal Data Address
48433;0;0;0x0000;02 Illegal Data Address
48434;0;0;0x0000;02 Illegal Data Address
48435;0;0;0x0000;02 Illegal Data Address
48436;0;0;0x0000;02 Illegal Data Address
48437;0;0;0x0000;02 Illegal Data Address
48438;0;0;0x0000;02 Illegal Data Address
48439;0;0;0x0000;02 Illegal Data Address
48440;0;0;0x0000;02 Illegal Data Address
48441;0;0;0x0000;02 Illegal Data Address
48442;0;0;0x0000;02 Illegal Data Address
48443;0;0;0x0000;02 Illegal Data Address
48444;0;0;0x0000;02 Illegal Data Address
48445;0;0;0x0000;02 Illegal Data Address
48446;0;0;0x0000;02 Illegal Data Address
48447;0;0;0x0000;02 Illegal Data Address
48448;0;0;0x0000;02 Illegal Data Address
48449;0;0;0x0000;02 Illegal Data Address
48450;0;0;0x0000;02 Illegal Data Address
48451;0;0;0x0000;02 Illegal Data Address
48452;0;0;0x0000;02 Illegal Data Address
48453;0;0;0x0000;02 Illegal Data Address
48454;0;0;0x0000;02 Illegal Data Address
48455;0;0;0x0000;02 Illegal Data Address
48456;0;0;0x0000;02 Illegal Data Address
48457;0;0;0x0000;02 Illegal Data Address
48458;0;0;0x0000;02 Illegal Data Address
48459;0;0;0x0000;02 Illegal Data Address
48460;0;0;0x0000;02 Illegal Data Address
48461;0;0;0x0000;02 Illegal Data Address
48462;0;0;0x0000;02 Illegal Data Address
48463;0;0;0x0000;02 Illegal Data Address
48464;0;0;0x0000;02 Illegal Data Address
48465;0;0;0x0000;02 Illegal Data Address
48466;0;0;0x0000;02 Illegal Data Address
48467;0;0;0x0000;02 Illegal Data Address
48468;0;0;0x0000;02 Illegal Data Address
48469;0;0;0x0000;02 Illegal Data Address
48470;0;0;0x0000;02 Illegal Data Address
48471;0;0;0x0000;02 Illegal Data Address
48472;0;0;0x0000;02 Illegal Data Address
48473;0;0;0x0000;02 Illegal Data Address
48474;0;0;0x0000;02 Illegal Data Address
48475;0;0;0x0000;02 Illegal Data Address
48476;0;0;0x0000;02 Illegal Data Address
48477;0;0;0x0000;02 Illegal Data Address
48478;0;0;0x0000;02 Illegal Data Address
48479;0;0;0x0000;02 Illegal Data Address
48480;0;0;0x0000;02 Illegal Data Address
48481;0;0;0x0000;02 Illegal Data Address
48482;0;0;0x0000;02 Illegal Data Address
48483;0;0;0x0000;02 Illegal Data Address
48484;0;0;0x0000;02 Illegal Data Address
48485;0;0;0x0000;02 Illegal Data Address
48486;0;0;0x0000;02 Illegal Data Address
48487;0;0;0x0000;02 Illegal Data Address
48488;0;0;0x0000;02 Illegal Data Address
48489;0;0;0x0000;02 Illegal Data Address
48490;0;0;0x0000;02 Illegal Data Address
48491;0;0;0x0000;02 Illegal Data Address
48492;0;0;0x0000;02 Illegal Data Address
48493;0;0;0x0000;02 Illegal Data Address
48494;0;0;0x0000;02 Illegal Data Address
48495;0;0;0x0000;02 Illegal Data Address
48496;0;0;0x0000;02 Illegal Data Address
48497;0;0;0x0000;02 Illegal Data Address
48498;0;0;0x0000;02 Illegal Data Address
48499;0;0;0x0000;02 Illegal Data Address
48500;0;0;0x0000;02 Illegal Data Address
48501;0;0;0x0000;02 Illegal Data Address
48502;0;0;0x0000;02 Illegal Data Address
48503;0;0;0x0000;02 Illegal Data Address
48504;0;0;0x0000;02 Illegal Data Address
48505;0;0;0x0000;02 Illegal Data Address
48506;0;0;0x0000;02 Illegal Data Address
48507;0;0;0x0000;02 Illegal Data Address
48508;0;0;0x0000;02 Illegal Data Address
48509;0;0;0x0000;02 Illegal Data Address
48510;0;0;0x0000;02 Illegal Data Address
48511;0;0;0x0000;02 Illegal Data Address
48512;0;0;0x0000;02 Illegal Data Address
48513;0;0;0x0000;02 Illegal Data Address
48514;0;0;0x0000;02 Illegal Data Address
48515;0;0;0x0000;02 Illegal Data Address
48516;0;0;0x0000;02 Illegal Data Address
48517;0;0;0x0000;02 Illegal Data Address
48518;0;0;0x0000;02 Illegal Data Address
48519;0;0;0x0000;02 Illegal Data Address
48520;0;0;0x0000;02 Illegal Data Address
48521;0;0;0x0000;02 Illegal Data Address
48522;0;0;0x0000;02 Illegal Data Address
48523;0;0;0x0000;02 Illegal Data Address
48524;0;0;0x0000;02 Illegal Data Address
48525;0;0;0x0000;02 Illegal Data Address
48526;0;0;0x0000;02 Illegal Data Address
48527;0;0;0x0000;02 Illegal Data Address
48528;0;0;0x0000;02 Illegal Data Address
48529;0;0;0x0000;02 Illegal Data Address
48530;0;0;0x0000;02 Illegal Data Address
48531;0;0;0x0000;02 Illegal Data Address
48532;0;0;0x0000;02 Illegal Data Address
48533;0;0;0x0000;02 Illegal Data Address
48534;0;0;0x0000;02 Illegal Data Address
48535;0;0;0x0000;02 Illegal Data Address
48536;0;0;0x0000;02 Illegal Data Address
48537;0;0;0x0000;02 Illegal Data Address
48538;0;0;0x0000;02 Illegal Data Address
48539;0;0;0x0000;02 Illegal Data Address
48540;0;0;0x0000;02 Illegal Data Address
48541;0;0;0x0000;02 Illegal Data Address
48542;0;0;0x0000;02 Illegal Data Address
48543;0;0;0x0000;02 Illegal Data Address
48544;0;0;0x0000;02 Illegal Data Address
48545;0;0;0x0000;02 Illegal Data Address
48546;0;0;0x0000;02 Illegal Data Address
48547;0;0;0x0000;02 Illegal Data Address
48548;0;0;0x0000;02 Illegal Data Address
48549;0;0;0x0000;02 Illegal Data Address
48550;0;0;0x0000;02 Illegal Data Address
48551;0;0;0x0000;02 Illegal Data Address
48552;0;0;0x0000;02 Illegal Data Address
48553;0;0;0x0000;02 Illegal Data Address
48554;0;0;0x0000;02 Illegal Data Address
48555;0;0;0x0000;02 Illegal Data Address
48556;0;0;0x0000;02 Illegal Data Address
48557;0;0;0x0000;02 Illegal Data Address
48558;0;0;0x0000;02 Illegal Data Address
48559;0;0;0x0000;02 Illegal Data Address
48560;0;0;0x0000;02 Illegal Data Address
48561;0;0;0x0000;02 Illegal Data Address
48562;0;0;0x0000;02 Illegal Data Address
48563;0;0;0x0000;02 Illegal Data Address
48564;0;0;0x0000;02 Illegal Data Address
48565;0;0;0x0000;02 Illegal Data Address
48566;0;0;0x0000;02 Illegal Data Address
48567;0;0;0x0000;02 Illegal Data Address
48568;0;0;0x0000;02 Illegal Data Address
48569;0;0;0x0000;02 Illegal Data Address
48570;0;0;0x0000;02 Illegal Data Address
48571;0;0;0x0000;02 Illegal Data Address
48572;0;0;0x0000;02 Illegal Data Address
48573;0;0;0x0000;02 Illegal Data Address
48574;0;0;0x0000;02 Illegal Data Address
48575;0;0;0x0000;02 Illegal Data Address
48576;0;0;0x0000;02 Illegal Data Address
48577;0;0;0x0000;02 Illegal Data Address
48578;0;0;0x0000;02 Illegal Data Address
48579;0;0;0x0000;02 Illegal Data Address
48580;0;0;0x0000;02 Illegal Data Address
48581;0;0;0x0000;02 Illegal Data Address
48582;0;0;0x0000;02 Illegal Data Address
48583;0;0;0x0000;02 Illegal Data Address
48584;0;0;0x0000;02 Illegal Data Address
48585;0;0;0x0000;02 Illegal Data Address
48586;0;0;0x0000;02 Illegal Data Address
48587;0;0;0x0000;02 Illegal Data Address
48588;0;0;0x0000;02 Illegal Data Address
48589;0;0;0x0000;02 Illegal Data Address
48590;0;0;0x0000;02 Illegal Data Address
48591;0;0;0x0000;02 Illegal Data Address
48592;0;0;0x0000;02 Illegal Data Address
48593;0;0;0x0000;02 Illegal Data Address
48594;0;0;0x0000;02 Illegal Data Address
48595;0;0;0x0000;02 Illegal Data Address
48596;0;0;0x0000;02 Illegal Data Address
48597;0;0;0x0000;02 Illegal Data Address
48598;0;0;0x0000;02 Illegal Data Address
48599;0;0;0x0000;02 Illegal Data Address
48600;0;0;0x0000;02 Illegal Data Address
48601;0;0;0x0000;02 Illegal Data Address
48602;0;0;0x0000;02 Illegal Data Address
48603;0;0;0x0000;02 Illegal Data Address
48604;0;0;0x0000;02 Illegal Data Address
48605;0;0;0x0000;02 Illegal Data Address
48606;0;0;0x0000;02 Illegal Data Address
48607;0;0;0x0000;02 Illegal Data Address
48608;0;0;0x0000;02 Illegal Data Address
48609;0;0;0x0000;02 Illegal Data Address
48610;0;0;0x0000;02 Illegal Data Address
48611;0;0;0x0000;02 Illegal Data Address
48612;0;0;0x0000;02 Illegal Data Address
48613;0;0;0x0000;02 Illegal Data Address
48614;0;0;0x0000;02 Illegal Data Address
48615;0;0;0x0000;02 Illegal Data Address
48616;0;0;0x0000;02 Illegal Data Address
48617;0;0;0x0000;02 Illegal Data Address
48618;0;0;0x0000;02 Illegal Data Address
48619;0;0;0x0000;02 Illegal Data Address
48620;0;0;0x0000;02 Illegal Data Address
48621;0;0;0x0000;02 Illegal Data Address
48622;0;0;0x0000;02 Illegal Data Address
48623;0;0;0x0000;02 Illegal Data Address
48624;0;0;0x0000;02 Illegal Data Address
48625;0;0;0x0000;02 Illegal Data Address
48626;0;0;0x0000;02 Illegal Data Address
48627;0;0;0x0000;02 Illegal Data Address
48628;0;0;0x0000;02 Illegal Data Address
48629;0;0;0x0000;02 Illegal Data Address
48630;0;0;0x0000;02 Illegal Data Address
48631;0;0;0x0000;02 Illegal Data Address
48632;0;0;0x0000;02 Illegal Data Address
48633;0;0;0x0000;02 Illegal Data Address
48634;0;0;0x0000;02 Illegal Data Address
48635;0;0;0x0000;02 Illegal Data Address
48636;0;0;0x0000;02 Illegal Data Address
48637;0;0;0x0000;02 Illegal Data Address
48638;0;0;0x0000;02 Illegal Data Address
48639;0;0;0x0000;02 Illegal Data Address
48640;0;0;0x0000;02 Illegal Data Address
48641;0;0;0x0000;02 Illegal Data Address
48642;0;0;0x0000;02 Illegal Data Address
48643;0;0;0x0000;02 Illegal Data Address
48644;0;0;0x0000;02 Illegal Data Address
48645;0;0;0x0000;02 Illegal Data Address
48646;0;0;0x0000;02 Illegal Data Address
48647;0;0;0x0000;02 Illegal Data Address
48648;0;0;0x0000;02 Illegal Data Address
48649;0;0;0x0000;02 Illegal Data Address
48650;0;0;0x0000;02 Illegal Data Address
48651;0;0;0x0000;02 Illegal Data Address
48652;0;0;0x0000;02 Illegal Data Address
48653;0;0;0x0000;02 Illegal Data Address
48654;0;0;0x0000;02 Illegal Data Address
48655;0;0;0x0000;02 Illegal Data Address
48656;0;0;0x0000;02 Illegal Data Address
48657;0;0;0x0000;02 Illegal Data Address
48658;0;0;0x0000;02 Illegal Data Address
48659;0;0;0x0000;02 Illegal Data Address
48660;0;0;0x0000;02 Illegal Data Address
48661;0;0;0x0000;02 Illegal Data Address
48662;0;0;0x0000;02 Illegal Data Address
48663;0;0;0x0000;02 Illegal Data Address
48664;0;0;0x0000;02 Illegal Data Address
48665;0;0;0x0000;02 Illegal Data Address
48666;0;0;0x0000;02 Illegal Data Address
48667;0;0;0x0000;02 Illegal Data Address
48668;0;0;0x0000;02 Illegal Data Address
48669;0;0;0x0000;02 Illegal Data Address
48670;0;0;0x0000;02 Illegal Data Address
48671;0;0;0x0000;02 Illegal Data Address
48672;0;0;0x0000;02 Illegal Data Address
48673;0;0;0x0000;02 Illegal Data Address
48674;0;0;0x0000;02 Illegal Data Address
48675;0;0;0x0000;02 Illegal Data Address
48676;0;0;0x0000;02 Illegal Data Address
48677;0;0;0x0000;02 Illegal Data Address
48678;0;0;0x0000;02 Illegal Data Address
48679;0;0;0x0000;02 Illegal Data Address
48680;0;0;0x0000;02 Illegal Data Address
48681;0;0;0x0000;02 Illegal Data Address
48682;0;0;0x0000;02 Illegal Data Address
48683;0;0;0x0000;02 Illegal Data Address
48684;0;0;0x0000;02 Illegal Data Address
48685;0;0;0x0000;02 Illegal Data Address
48686;0;0;0x0000;02 Illegal Data Address
48687;0;0;0x0000;02 Illegal Data Address
48688;0;0;0x0000;02 Illegal Data Address
48689;0;0;0x0000;02 Illegal Data Address
48690;0;0;0x0000;02 Illegal Data Address
48691;0;0;0x0000;02 Illegal Data Address
48692;0;0;0x0000;02 Illegal Data Address
48693;0;0;0x0000;02 Illegal Data Address
48694;0;0;0x0000;02 Illegal Data Address
48695;0;0;0x0000;02 Illegal Data Address
48696;0;0;0x0000;02 Illegal Data Address
48697;0;0;0x0000;02 Illegal Data Address
48698;0;0;0x0000;02 Illegal Data Address
48699;0;0;0x0000;02 Illegal Data Address
48700;0;0;0x0000;02 Illegal Data Address
48701;0;0;0x0000;02 Illegal Data Address
48702;0;0;0x0000;02 Illegal Data Address
48703;0;0;0x0000;02 Illegal Data Address
48704;0;0;0x0000;02 Illegal Data Address
48705;0;0;0x0000;02 Illegal Data Address
48706;0;0;0x0000;02 Illegal Data Address
48707;0;0;0x0000;02 Illegal Data Address
48708;0;0;0x0000;02 Illegal Data Address
48709;0;0;0x0000;02 Illegal Data Address
48710;0;0;0x0000;02 Illegal Data Address
48711;0;0;0x0000;02 Illegal Data Address
48712;0;0;0x0000;02 Illegal Data Address
48713;0;0;0x0000;02 Illegal Data Address
48714;0;0;0x0000;02 Illegal Data Address
48715;0;0;0x0000;02 Illegal Data Address
48716;0;0;0x0000;02 Illegal Data Address
48717;0;0;0x0000;02 Illegal Data Address
48718;0;0;0x0000;02 Illegal Data Address
48719;0;0;0x0000;02 Illegal Data Address
48720;0;0;0x0000;02 Illegal Data Address
48721;0;0;0x0000;02 Illegal Data Address
48722;0;0;0x0000;02 Illegal Data Address
48723;0;0;0x0000;02 Illegal Data Address
48724;0;0;0x0000;02 Illegal Data Address
48725;0;0;0x0000;02 Illegal Data Address
48726;0;0;0x0000;02 Illegal Data Address
48727;0;0;0x0000;02 Illegal Data Address
48728;0;0;0x0000;02 Illegal Data Address
48729;0;0;0x0000;02 Illegal Data Address
48730;0;0;0x0000;02 Illegal Data Address
48731;0;0;0x0000;02 Illegal Data Address
48732;0;0;0x0000;02 Illegal Data Address
48733;0;0;0x0000;02 Illegal Data Address
48734;0;0;0x0000;02 Illegal Data Address
48735;0;0;0x0000;02 Illegal Data Address
48736;0;0;0x0000;02 Illegal Data Address
48737;0;0;0x0000;02 Illegal Data Address
48738;0;0;0x0000;02 Illegal Data Address
48739;0;0;0x0000;02 Illegal Data Address
48740;0;0;0x0000;02 Illegal Data Address
48741;0;0;0x0000;02 Illegal Data Address
48742;0;0;0x0000;02 Illegal Data Address
48743;0;0;0x0000;02 Illegal Data Address
48744;0;0;0x0000;02 Illegal Data Address
48745;0;0;0x0000;02 Illegal Data Address
48746;0;0;0x0000;02 Illegal Data Address
48747;0;0;0x0000;02 Illegal Data Address
48748;0;0;0x0000;02 Illegal Data Address
48749;0;0;0x0000;02 Illegal Data Address
48750;0;0;0x0000;02 Illegal Data Address
48751;0;0;0x0000;02 Illegal Data Address
48752;0;0;0x0000;02 Illegal Data Address
48753;0;0;0x0000;02 Illegal Data Address
48754;0;0;0x0000;02 Illegal Data Address
48755;0;0;0x0000;02 Illegal Data Address
48756;0;0;0x0000;02 Illegal Data Address
48757;0;0;0x0000;02 Illegal Data Address
48758;0;0;0x0000;02 Illegal Data Address
48759;0;0;0x0000;02 Illegal Data Address
48760;0;0;0x0000;02 Illegal Data Address
48761;0;0;0x0000;02 Illegal Data Address
48762;0;0;0x0000;02 Illegal Data Address
48763;0;0;0x0000;02 Illegal Data Address
48764;0;0;0x0000;02 Illegal Data Address
48765;0;0;0x0000;02 Illegal Data Address
48766;0;0;0x0000;02 Illegal Data Address
48767;0;0;0x0000;02 Illegal Data Address
48768;0;0;0x0000;02 Illegal Data Address
48769;0;0;0x0000;02 Illegal Data Address
48770;0;0;0x0000;02 Illegal Data Address
48771;0;0;0x0000;02 Illegal Data Address
48772;0;0;0x0000;02 Illegal Data Address
48773;0;0;0x0000;02 Illegal Data Address
48774;0;0;0x0000;02 Illegal Data Address
48775;0;0;0x0000;02 Illegal Data Address
48776;0;0;0x0000;02 Illegal Data Address
48777;0;0;0x0000;02 Illegal Data Address
48778;0;0;0x0000;02 Illegal Data Address
48779;0;0;0x0000;02 Illegal Data Address
48780;0;0;0x0000;02 Illegal Data Address
48781;0;0;0x0000;02 Illegal Data Address
48782;0;0;0x0000;02 Illegal Data Address
48783;0;0;0x0000;02 Illegal Data Address
48784;0;0;0x0000;02 Illegal Data Address
48785;0;0;0x0000;02 Illegal Data Address
48786;0;0;0x0000;02 Illegal Data Address
48787;0;0;0x0000;02 Illegal Data Address
48788;0;0;0x0000;02 Illegal Data Address
48789;0;0;0x0000;02 Illegal Data Address
48790;0;0;0x0000;02 Illegal Data Address
48791;0;0;0x0000;02 Illegal Data Address
48792;0;0;0x0000;02 Illegal Data Address
48793;0;0;0x0000;02 Illegal Data Address
48794;0;0;0x0000;02 Illegal Data Address
48795;0;0;0x0000;02 Illegal Data Address
48796;0;0;0x0000;02 Illegal Data Address
48797;0;0;0x0000;02 Illegal Data Address
48798;0;0;0x0000;02 Illegal Data Address
48799;0;0;0x0000;02 Illegal Data Address
48800;0;0;0x0000;02 Illegal Data Address
48801;0;0;0x0000;02 Illegal Data Address
48802;0;0;0x0000;02 Illegal Data Address
48803;0;0;0x0000;02 Illegal Data Address
48804;0;0;0x0000;02 Illegal Data Address
48805;0;0;0x0000;02 Illegal Data Address
48806;0;0;0x0000;02 Illegal Data Address
48807;0;0;0x0000;02 Illegal Data Address
48808;0;0;0x0000;02 Illegal Data Address
48809;0;0;0x0000;02 Illegal Data Address
48810;0;0;0x0000;02 Illegal Data Address
48811;0;0;0x0000;02 Illegal Data Address
48812;0;0;0x0000;02 Illegal Data Address
48813;0;0;0x0000;02 Illegal Data Address
48814;0;0;0x0000;02 Illegal Data Address
48815;0;0;0x0000;02 Illegal Data Address
48816;0;0;0x0000;02 Illegal Data Address
48817;0;0;0x0000;02 Illegal Data Address
48818;0;0;0x0000;02 Illegal Data Address
48819;0;0;0x0000;02 Illegal Data Address
48820;0;0;0x0000;02 Illegal Data Address
48821;0;0;0x0000;02 Illegal Data Address
48822;0;0;0x0000;02 Illegal Data Address
48823;0;0;0x0000;02 Illegal Data Address
48824;0;0;0x0000;02 Illegal Data Address
48825;0;0;0x0000;02 Illegal Data Address
48826;0;0;0x0000;02 Illegal Data Address
48827;0;0;0x0000;02 Illegal Data Address
48828;0;0;0x0000;02 Illegal Data Address
48829;0;0;0x0000;02 Illegal Data Address
48830;0;0;0x0000;02 Illegal Data Address
48831;0;0;0x0000;02 Illegal Data Address
48832;0;0;0x0000;02 Illegal Data Address
48833;0;0;0x0000;02 Illegal Data Address
48834;0;0;0x0000;02 Illegal Data Address
48835;0;0;0x0000;02 Illegal Data Address
48836;0;0;0x0000;02 Illegal Data Address
48837;0;0;0x0000;02 Illegal Data Address
48838;0;0;0x0000;02 Illegal Data Address
48839;0;0;0x0000;02 Illegal Data Address
48840;0;0;0x0000;02 Illegal Data Address
48841;0;0;0x0000;02 Illegal Data Address
48842;0;0;0x0000;02 Illegal Data Address
48843;0;0;0x0000;02 Illegal Data Address
48844;0;0;0x0000;02 Illegal Data Address
48845;0;0;0x0000;02 Illegal Data Address
48846;0;0;0x0000;02 Illegal Data Address
48847;0;0;0x0000;02 Illegal Data Address
48848;0;0;0x0000;02 Illegal Data Address
48849;0;0;0x0000;02 Illegal Data Address
48850;0;0;0x0000;02 Illegal Data Address
48851;0;0;0x0000;02 Illegal Data Address
48852;0;0;0x0000;02 Illegal Data Address
48853;0;0;0x0000;02 Illegal Data Address
48854;0;0;0x0000;02 Illegal Data Address
48855;0;0;0x0000;02 Illegal Data Address
48856;0;0;0x0000;02 Illegal Data Address
48857;0;0;0x0000;02 Illegal Data Address
48858;0;0;0x0000;02 Illegal Data Address
48859;0;0;0x0000;02 Illegal Data Address
48860;0;0;0x0000;02 Illegal Data Address
48861;0;0;0x0000;02 Illegal Data Address
48862;0;0;0x0000;02 Illegal Data Address
48863;0;0;0x0000;02 Illegal Data Address
48864;0;0;0x0000;02 Illegal Data Address
48865;0;0;0x0000;02 Illegal Data Address
48866;0;0;0x0000;02 Illegal Data Address
48867;0;0;0x0000;02 Illegal Data Address
48868;0;0;0x0000;02 Illegal Data Address
48869;0;0;0x0000;02 Illegal Data Address
48870;0;0;0x0000;02 Illegal Data Address
48871;0;0;0x0000;02 Illegal Data Address
48872;0;0;0x0000;02 Illegal Data Address
48873;0;0;0x0000;02 Illegal Data Address
48874;0;0;0x0000;02 Illegal Data Address
48875;0;0;0x0000;02 Illegal Data Address
48876;0;0;0x0000;02 Illegal Data Address
48877;0;0;0x0000;02 Illegal Data Address
48878;0;0;0x0000;02 Illegal Data Address
48879;0;0;0x0000;02 Illegal Data Address
48880;0;0;0x0000;02 Illegal Data Address
48881;0;0;0x0000;02 Illegal Data Address
48882;0;0;0x0000;02 Illegal Data Address
48883;0;0;0x0000;02 Illegal Data Address
48884;0;0;0x0000;02 Illegal Data Address
48885;0;0;0x0000;02 Illegal Data Address
48886;0;0;0x0000;02 Illegal Data Address
48887;0;0;0x0000;02 Illegal Data Address
48888;0;0;0x0000;02 Illegal Data Address
48889;0;0;0x0000;02 Illegal Data Address
48890;0;0;0x0000;02 Illegal Data Address
48891;0;0;0x0000;02 Illegal Data Address
48892;0;0;0x0000;02 Illegal Data Address
48893;0;0;0x0000;02 Illegal Data Address
48894;0;0;0x0000;02 Illegal Data Address
48895;0;0;0x0000;02 Illegal Data Address
48896;0;0;0x0000;02 Illegal Data Address
48897;0;0;0x0000;02 Illegal Data Address
48898;0;0;0x0000;02 Illegal Data Address
48899;0;0;0x0000;02 Illegal Data Address
48900;0;0;0x0000;02 Illegal Data Address
48901;0;0;0x0000;02 Illegal Data Address
48902;0;0;0x0000;02 Illegal Data Address
48903;0;0;0x0000;02 Illegal Data Address
48904;0;0;0x0000;02 Illegal Data Address
48905;0;0;0x0000;02 Illegal Data Address
48906;0;0;0x0000;02 Illegal Data Address
48907;0;0;0x0000;02 Illegal Data Address
48908;0;0;0x0000;02 Illegal Data Address
48909;0;0;0x0000;02 Illegal Data Address
48910;0;0;0x0000;02 Illegal Data Address
48911;0;0;0x0000;02 Illegal Data Address
48912;0;0;0x0000;02 Illegal Data Address
48913;0;0;0x0000;02 Illegal Data Address
48914;0;0;0x0000;02 Illegal Data Address
48915;0;0;0x0000;02 Illegal Data Address
48916;0;0;0x0000;02 Illegal Data Address
48917;0;0;0x0000;02 Illegal Data Address
48918;0;0;0x0000;02 Illegal Data Address
48919;0;0;0x0000;02 Illegal Data Address
48920;0;0;0x0000;02 Illegal Data Address
48921;0;0;0x0000;02 Illegal Data Address
48922;0;0;0x0000;02 Illegal Data Address
48923;0;0;0x0000;02 Illegal Data Address
48924;0;0;0x0000;02 Illegal Data Address
48925;0;0;0x0000;02 Illegal Data Address
48926;0;0;0x0000;02 Illegal Data Address
48927;0;0;0x0000;02 Illegal Data Address
48928;0;0;0x0000;02 Illegal Data Address
48929;0;0;0x0000;02 Illegal Data Address
48930;0;0;0x0000;02 Illegal Data Address
48931;0;0;0x0000;02 Illegal Data Address
48932;0;0;0x0000;02 Illegal Data Address
48933;0;0;0x0000;02 Illegal Data Address
48934;0;0;0x0000;02 Illegal Data Address
48935;0;0;0x0000;02 Illegal Data Address
48936;0;0;0x0000;02 Illegal Data Address
48937;0;0;0x0000;02 Illegal Data Address
48938;0;0;0x0000;02 Illegal Data Address
48939;0;0;0x0000;02 Illegal Data Address
48940;0;0;0x0000;02 Illegal Data Address
48941;0;0;0x0000;02 Illegal Data Address
48942;0;0;0x0000;02 Illegal Data Address
48943;0;0;0x0000;02 Illegal Data Address
48944;0;0;0x0000;02 Illegal Data Address
48945;0;0;0x0000;02 Illegal Data Address
48946;0;0;0x0000;02 Illegal Data Address
48947;0;0;0x0000;02 Illegal Data Address
48948;0;0;0x0000;02 Illegal Data Address
48949;0;0;0x0000;02 Illegal Data Address
48950;0;0;0x0000;02 Illegal Data Address
48951;0;0;0x0000;02 Illegal Data Address
48952;0;0;0x0000;02 Illegal Data Address
48953;0;0;0x0000;02 Illegal Data Address
48954;0;0;0x0000;02 Illegal Data Address
48955;0;0;0x0000;02 Illegal Data Address
48956;0;0;0x0000;02 Illegal Data Address
48957;0;0;0x0000;02 Illegal Data Address
48958;0;0;0x0000;02 Illegal Data Address
48959;0;0;0x0000;02 Illegal Data Address
48960;0;0;0x0000;02 Illegal Data Address
48961;0;0;0x0000;02 Illegal Data Address
48962;0;0;0x0000;02 Illegal Data Address
48963;0;0;0x0000;02 Illegal Data Address
48964;0;0;0x0000;02 Illegal Data Address
48965;0;0;0x0000;02 Illegal Data Address
48966;0;0;0x0000;02 Illegal Data Address
48967;0;0;0x0000;02 Illegal Data Address
48968;0;0;0x0000;02 Illegal Data Address
48969;0;0;0x0000;02 Illegal Data Address
48970;0;0;0x0000;02 Illegal Data Address
48971;0;0;0x0000;02 Illegal Data Address
48972;0;0;0x0000;02 Illegal Data Address
48973;0;0;0x0000;02 Illegal Data Address
48974;0;0;0x0000;02 Illegal Data Address
48975;0;0;0x0000;02 Illegal Data Address
48976;0;0;0x0000;02 Illegal Data Address
48977;0;0;0x0000;02 Illegal Data Address
48978;0;0;0x0000;02 Illegal Data Address
48979;0;0;0x0000;02 Illegal Data Address
48980;0;0;0x0000;02 Illegal Data Address
48981;0;0;0x0000;02 Illegal Data Address
48982;0;0;0x0000;02 Illegal Data Address
48983;0;0;0x0000;02 Illegal Data Address
48984;0;0;0x0000;02 Illegal Data Address
48985;0;0;0x0000;02 Illegal Data Address
48986;0;0;0x0000;02 Illegal Data Address
48987;0;0;0x0000;02 Illegal Data Address
48988;0;0;0x0000;02 Illegal Data Address
48989;0;0;0x0000;02 Illegal Data Address
48990;0;0;0x0000;02 Illegal Data Address
48991;0;0;0x0000;02 Illegal Data Address
48992;0;0;0x0000;02 Illegal Data Address
48993;0;0;0x0000;02 Illegal Data Address
48994;0;0;0x0000;02 Illegal Data Address
48995;0;0;0x0000;02 Illegal Data Address
48996;0;0;0x0000;02 Illegal Data Address
48997;0;0;0x0000;02 Illegal Data Address
48998;0;0;0x0000;02 Illegal Data Address
48999;0;0;0x0000;02 Illegal Data Address
49000;0;0;0x0000;02 Illegal Data Address
49001;0;0;0x0000;02 Illegal Data Address
49002;0;0;0x0000;02 Illegal Data Address
49003;0;0;0x0000;02 Illegal Data Address
49004;0;0;0x0000;02 Illegal Data Address
49005;0;0;0x0000;02 Illegal Data Address
49006;0;0;0x0000;02 Illegal Data Address
49007;0;0;0x0000;02 Illegal Data Address
49008;0;0;0x0000;02 Illegal Data Address
49009;0;0;0x0000;02 Illegal Data Address
49010;0;0;0x0000;02 Illegal Data Address
49011;0;0;0x0000;02 Illegal Data Address
49012;0;0;0x0000;02 Illegal Data Address
49013;0;0;0x0000;02 Illegal Data Address
49014;0;0;0x0000;02 Illegal Data Address
49015;0;0;0x0000;02 Illegal Data Address
49016;0;0;0x0000;02 Illegal Data Address
49017;0;0;0x0000;02 Illegal Data Address
49018;0;0;0x0000;02 Illegal Data Address
49019;0;0;0x0000;02 Illegal Data Address
49020;0;0;0x0000;02 Illegal Data Address
49021;0;0;0x0000;02 Illegal Data Address
49022;0;0;0x0000;02 Illegal Data Address
49023;0;0;0x0000;02 Illegal Data Address
49024;0;0;0x0000;02 Illegal Data Address
49025;0;0;0x0000;02 Illegal Data Address
49026;0;0;0x0000;02 Illegal Data Address
49027;0;0;0x0000;02 Illegal Data Address
49028;0;0;0x0000;02 Illegal Data Address
49029;0;0;0x0000;02 Illegal Data Address
49030;0;0;0x0000;02 Illegal Data Address
49031;0;0;0x0000;02 Illegal Data Address
49032;0;0;0x0000;02 Illegal Data Address
49033;0;0;0x0000;02 Illegal Data Address
49034;0;0;0x0000;02 Illegal Data Address
49035;0;0;0x0000;02 Illegal Data Address
49036;0;0;0x0000;02 Illegal Data Address
49037;0;0;0x0000;02 Illegal Data Address
49038;0;0;0x0000;02 Illegal Data Address
49039;0;0;0x0000;02 Illegal Data Address
49040;0;0;0x0000;02 Illegal Data Address
49041;0;0;0x0000;02 Illegal Data Address
49042;0;0;0x0000;02 Illegal Data Address
49043;0;0;0x0000;02 Illegal Data Address
49044;0;0;0x0000;02 Illegal Data Address
49045;0;0;0x0000;02 Illegal Data Address
49046;0;0;0x0000;02 Illegal Data Address
49047;0;0;0x0000;02 Illegal Data Address
49048;0;0;0x0000;02 Illegal Data Address
49049;0;0;0x0000;02 Illegal Data Address
49050;0;0;0x0000;02 Illegal Data Address
49051;0;0;0x0000;02 Illegal Data Address
49052;0;0;0x0000;02 Illegal Data Address
49053;0;0;0x0000;02 Illegal Data Address
49054;0;0;0x0000;02 Illegal Data Address
49055;0;0;0x0000;02 Illegal Data Address
49056;0;0;0x0000;02 Illegal Data Address
49057;0;0;0x0000;02 Illegal Data Address
49058;0;0;0x0000;02 Illegal Data Address
49059;0;0;0x0000;02 Illegal Data Address
49060;0;0;0x0000;02 Illegal Data Address
49061;0;0;0x0000;02 Illegal Data Address
49062;0;0;0x0000;02 Illegal Data Address
49063;0;0;0x0000;02 Illegal Data Address
49064;0;0;0x0000;02 Illegal Data Address
49065;0;0;0x0000;02 Illegal Data Address
49066;0;0;0x0000;02 Illegal Data Address
49067;0;0;0x0000;02 Illegal Data Address
49068;0;0;0x0000;02 Illegal Data Address
49069;0;0;0x0000;02 Illegal Data Address
49070;0;0;0x0000;02 Illegal Data Address
49071;0;0;0x0000;02 Illegal Data Address
49072;0;0;0x0000;02 Illegal Data Address
49073;0;0;0x0000;02 Illegal Data Address
49074;0;0;0x0000;02 Illegal Data Address
49075;0;0;0x0000;02 Illegal Data Address
49076;0;0;0x0000;02 Illegal Data Address
49077;0;0;0x0000;02 Illegal Data Address
49078;0;0;0x0000;02 Illegal Data Address
49079;0;0;0x0000;02 Illegal Data Address
49080;0;0;0x0000;02 Illegal Data Address
49081;0;0;0x0000;02 Illegal Data Address
49082;0;0;0x0000;02 Illegal Data Address
49083;0;0;0x0000;02 Illegal Data Address
49084;0;0;0x0000;02 Illegal Data Address
49085;0;0;0x0000;02 Illegal Data Address
49086;0;0;0x0000;02 Illegal Data Address
49087;0;0;0x0000;02 Illegal Data Address
49088;0;0;0x0000;02 Illegal Data Address
49089;0;0;0x0000;02 Illegal Data Address
49090;0;0;0x0000;02 Illegal Data Address
49091;0;0;0x0000;02 Illegal Data Address
49092;0;0;0x0000;02 Illegal Data Address
49093;0;0;0x0000;02 Illegal Data Address
49094;0;0;0x0000;02 Illegal Data Address
49095;0;0;0x0000;02 Illegal Data Address
49096;0;0;0x0000;02 Illegal Data Address
49097;0;0;0x0000;02 Illegal Data Address
49098;0;0;0x0000;02 Illegal Data Address
49099;0;0;0x0000;02 Illegal Data Address
49100;0;0;0x0000;02 Illegal Data Address
49101;0;0;0x0000;02 Illegal Data Address
49102;0;0;0x0000;02 Illegal Data Address
49103;0;0;0x0000;02 Illegal Data Address
49104;0;0;0x0000;02 Illegal Data Address
49105;0;0;0x0000;02 Illegal Data Address
49106;0;0;0x0000;02 Illegal Data Address
49107;0;0;0x0000;02 Illegal Data Address
49108;0;0;0x0000;02 Illegal Data Address
49109;0;0;0x0000;02 Illegal Data Address
49110;0;0;0x0000;02 Illegal Data Address
49111;0;0;0x0000;02 Illegal Data Address
49112;0;0;0x0000;02 Illegal Data Address
49113;0;0;0x0000;02 Illegal Data Address
49114;0;0;0x0000;02 Illegal Data Address
49115;0;0;0x0000;02 Illegal Data Address
49116;0;0;0x0000;02 Illegal Data Address
49117;0;0;0x0000;02 Illegal Data Address
49118;0;0;0x0000;02 Illegal Data Address
49119;0;0;0x0000;02 Illegal Data Address
49120;0;0;0x0000;02 Illegal Data Address
49121;0;0;0x0000;02 Illegal Data Address
49122;0;0;0x0000;02 Illegal Data Address
49123;0;0;0x0000;02 Illegal Data Address
49124;0;0;0x0000;02 Illegal Data Address
49125;0;0;0x0000;02 Illegal Data Address
49126;0;0;0x0000;02 Illegal Data Address
49127;0;0;0x0000;02 Illegal Data Address
49128;0;0;0x0000;02 Illegal Data Address
49129;0;0;0x0000;02 Illegal Data Address
49130;0;0;0x0000;02 Illegal Data Address
49131;0;0;0x0000;02 Illegal Data Address
49132;0;0;0x0000;02 Illegal Data Address
49133;0;0;0x0000;02 Illegal Data Address
49134;0;0;0x0000;02 Illegal Data Address
49135;0;0;0x0000;02 Illegal Data Address
49136;0;0;0x0000;02 Illegal Data Address
49137;0;0;0x0000;02 Illegal Data Address
49138;0;0;0x0000;02 Illegal Data Address
49139;0;0;0x0000;02 Illegal Data Address
49140;0;0;0x0000;02 Illegal Data Address
49141;0;0;0x0000;02 Illegal Data Address
49142;0;0;0x0000;02 Illegal Data Address
49143;0;0;0x0000;02 Illegal Data Address
49144;0;0;0x0000;02 Illegal Data Address
49145;0;0;0x0000;02 Illegal Data Address
49146;0;0;0x0000;02 Illegal Data Address
49147;0;0;0x0000;02 Illegal Data Address
49148;0;0;0x0000;02 Illegal Data Address
49149;0;0;0x0000;02 Illegal Data Address
49150;0;0;0x0000;02 Illegal Data Address
49151;0;0;0x0000;02 Illegal Data Address
49152;0;0;0x0000;02 Illegal Data Address
49153;0;0;0x0000;02 Illegal Data Address
49154;0;0;0x0000;02 Illegal Data Address
49155;0;0;0x0000;02 Illegal Data Address
49156;0;0;0x0000;02 Illegal Data Address
49157;0;0;0x0000;02 Illegal Data Address
49158;0;0;0x0000;02 Illegal Data Address
49159;0;0;0x0000;02 Illegal Data Address
49160;0;0;0x0000;02 Illegal Data Address
49161;0;0;0x0000;02 Illegal Data Address
49162;0;0;0x0000;02 Illegal Data Address
49163;0;0;0x0000;02 Illegal Data Address
49164;0;0;0x0000;02 Illegal Data Address
49165;0;0;0x0000;02 Illegal Data Address
49166;0;0;0x0000;02 Illegal Data Address
49167;0;0;0x0000;02 Illegal Data Address
49168;0;0;0x0000;02 Illegal Data Address
49169;0;0;0x0000;02 Illegal Data Address
49170;0;0;0x0000;02 Illegal Data Address
49171;0;0;0x0000;02 Illegal Data Address
49172;0;0;0x0000;02 Illegal Data Address
49173;0;0;0x0000;02 Illegal Data Address
49174;0;0;0x0000;02 Illegal Data Address
49175;0;0;0x0000;02 Illegal Data Address
49176;0;0;0x0000;02 Illegal Data Address
49177;0;0;0x0000;02 Illegal Data Address
49178;0;0;0x0000;02 Illegal Data Address
49179;0;0;0x0000;02 Illegal Data Address
49180;0;0;0x0000;02 Illegal Data Address
49181;0;0;0x0000;02 Illegal Data Address
49182;0;0;0x0000;02 Illegal Data Address
49183;0;0;0x0000;02 Illegal Data Address
49184;0;0;0x0000;02 Illegal Data Address
49185;0;0;0x0000;02 Illegal Data Address
49186;0;0;0x0000;02 Illegal Data Address
49187;0;0;0x0000;02 Illegal Data Address
49188;0;0;0x0000;02 Illegal Data Address
49189;0;0;0x0000;02 Illegal Data Address
49190;0;0;0x0000;02 Illegal Data Address
49191;0;0;0x0000;02 Illegal Data Address
49192;0;0;0x0000;02 Illegal Data Address
49193;0;0;0x0000;02 Illegal Data Address
49194;0;0;0x0000;02 Illegal Data Address
49195;0;0;0x0000;02 Illegal Data Address
49196;0;0;0x0000;02 Illegal Data Address
49197;0;0;0x0000;02 Illegal Data Address
49198;0;0;0x0000;02 Illegal Data Address
49199;0;0;0x0000;02 Illegal Data Address
49200;0;0;0x0000;02 Illegal Data Address
49201;0;0;0x0000;02 Illegal Data Address
49202;0;0;0x0000;02 Illegal Data Address
49203;0;0;0x0000;02 Illegal Data Address
49204;0;0;0x0000;02 Illegal Data Address
49205;0;0;0x0000;02 Illegal Data Address
49206;0;0;0x0000;02 Illegal Data Address
49207;0;0;0x0000;02 Illegal Data Address
49208;0;0;0x0000;02 Illegal Data Address
49209;0;0;0x0000;02 Illegal Data Address
49210;0;0;0x0000;02 Illegal Data Address
49211;0;0;0x0000;02 Illegal Data Address
49212;0;0;0x0000;02 Illegal Data Address
49213;0;0;0x0000;02 Illegal Data Address
49214;0;0;0x0000;02 Illegal Data Address
49215;0;0;0x0000;02 Illegal Data Address
49216;0;0;0x0000;02 Illegal Data Address
49217;0;0;0x0000;02 Illegal Data Address
49218;0;0;0x0000;02 Illegal Data Address
49219;0;0;0x0000;02 Illegal Data Address
49220;0;0;0x0000;02 Illegal Data Address
49221;0;0;0x0000;02 Illegal Data Address
49222;0;0;0x0000;02 Illegal Data Address
49223;0;0;0x0000;02 Illegal Data Address
49224;0;0;0x0000;02 Illegal Data Address
49225;0;0;0x0000;02 Illegal Data Address
49226;0;0;0x0000;02 Illegal Data Address
49227;0;0;0x0000;02 Illegal Data Address
49228;0;0;0x0000;02 Illegal Data Address
49229;0;0;0x0000;02 Illegal Data Address
49230;0;0;0x0000;02 Illegal Data Address
49231;0;0;0x0000;02 Illegal Data Address
49232;0;0;0x0000;02 Illegal Data Address
49233;0;0;0x0000;02 Illegal Data Address
49234;0;0;0x0000;02 Illegal Data Address
49235;0;0;0x0000;02 Illegal Data Address
49236;0;0;0x0000;02 Illegal Data Address
49237;0;0;0x0000;02 Illegal Data Address
49238;0;0;0x0000;02 Illegal Data Address
49239;0;0;0x0000;02 Illegal Data Address
49240;0;0;0x0000;02 Illegal Data Address
49241;0;0;0x0000;02 Illegal Data Address
49242;0;0;0x0000;02 Illegal Data Address
49243;0;0;0x0000;02 Illegal Data Address
49244;0;0;0x0000;02 Illegal Data Address
49245;0;0;0x0000;02 Illegal Data Address
49246;0;0;0x0000;02 Illegal Data Address
49247;0;0;0x0000;02 Illegal Data Address
49248;0;0;0x0000;02 Illegal Data Address
49249;0;0;0x0000;02 Illegal Data Address
49250;0;0;0x0000;02 Illegal Data Address
49251;0;0;0x0000;02 Illegal Data Address
49252;0;0;0x0000;02 Illegal Data Address
49253;0;0;0x0000;02 Illegal Data Address
49254;0;0;0x0000;02 Illegal Data Address
49255;0;0;0x0000;02 Illegal Data Address
49256;0;0;0x0000;02 Illegal Data Address
49257;0;0;0x0000;02 Illegal Data Address
49258;0;0;0x0000;02 Illegal Data Address
49259;0;0;0x0000;02 Illegal Data Address
49260;0;0;0x0000;02 Illegal Data Address
49261;0;0;0x0000;02 Illegal Data Address
49262;0;0;0x0000;02 Illegal Data Address
49263;0;0;0x0000;02 Illegal Data Address
49264;0;0;0x0000;02 Illegal Data Address
49265;0;0;0x0000;02 Illegal Data Address
49266;0;0;0x0000;02 Illegal Data Address
49267;0;0;0x0000;02 Illegal Data Address
49268;0;0;0x0000;02 Illegal Data Address
49269;0;0;0x0000;02 Illegal Data Address
49270;0;0;0x0000;02 Illegal Data Address
49271;0;0;0x0000;02 Illegal Data Address
49272;0;0;0x0000;02 Illegal Data Address
49273;0;0;0x0000;02 Illegal Data Address
49274;0;0;0x0000;02 Illegal Data Address
49275;0;0;0x0000;02 Illegal Data Address
49276;0;0;0x0000;02 Illegal Data Address
49277;0;0;0x0000;02 Illegal Data Address
49278;0;0;0x0000;02 Illegal Data Address
49279;0;0;0x0000;02 Illegal Data Address
49280;0;0;0x0000;02 Illegal Data Address
49281;0;0;0x0000;02 Illegal Data Address
49282;0;0;0x0000;02 Illegal Data Address
49283;0;0;0x0000;02 Illegal Data Address
49284;0;0;0x0000;02 Illegal Data Address
49285;0;0;0x0000;02 Illegal Data Address
49286;0;0;0x0000;02 Illegal Data Address
49287;0;0;0x0000;02 Illegal Data Address
49288;0;0;0x0000;02 Illegal Data Address
49289;0;0;0x0000;02 Illegal Data Address
49290;0;0;0x0000;02 Illegal Data Address
49291;0;0;0x0000;02 Illegal Data Address
49292;0;0;0x0000;02 Illegal Data Address
49293;0;0;0x0000;02 Illegal Data Address
49294;0;0;0x0000;02 Illegal Data Address
49295;0;0;0x0000;02 Illegal Data Address
49296;0;0;0x0000;02 Illegal Data Address
49297;0;0;0x0000;02 Illegal Data Address
49298;0;0;0x0000;02 Illegal Data Address
49299;0;0;0x0000;02 Illegal Data Address
49300;0;0;0x0000;02 Illegal Data Address
49301;0;0;0x0000;02 Illegal Data Address
49302;0;0;0x0000;02 Illegal Data Address
49303;0;0;0x0000;02 Illegal Data Address
49304;0;0;0x0000;02 Illegal Data Address
49305;0;0;0x0000;02 Illegal Data Address
49306;0;0;0x0000;02 Illegal Data Address
49307;0;0;0x0000;02 Illegal Data Address
49308;0;0;0x0000;02 Illegal Data Address
49309;0;0;0x0000;02 Illegal Data Address
49310;0;0;0x0000;02 Illegal Data Address
49311;0;0;0x0000;02 Illegal Data Address
49312;0;0;0x0000;02 Illegal Data Address
49313;0;0;0x0000;02 Illegal Data Address
49314;0;0;0x0000;02 Illegal Data Address
49315;0;0;0x0000;02 Illegal Data Address
49316;0;0;0x0000;02 Illegal Data Address
49317;0;0;0x0000;02 Illegal Data Address
49318;0;0;0x0000;02 Illegal Data Address
49319;0;0;0x0000;02 Illegal Data Address
49320;0;0;0x0000;02 Illegal Data Address
49321;0;0;0x0000;02 Illegal Data Address
49322;0;0;0x0000;02 Illegal Data Address
49323;0;0;0x0000;02 Illegal Data Address
49324;0;0;0x0000;02 Illegal Data Address
49325;0;0;0x0000;02 Illegal Data Address
49326;0;0;0x0000;02 Illegal Data Address
49327;0;0;0x0000;02 Illegal Data Address
49328;0;0;0x0000;02 Illegal Data Address
49329;0;0;0x0000;02 Illegal Data Address
49330;0;0;0x0000;02 Illegal Data Address
49331;0;0;0x0000;02 Illegal Data Address
49332;0;0;0x0000;02 Illegal Data Address
49333;0;0;0x0000;02 Illegal Data Address
49334;0;0;0x0000;02 Illegal Data Address
49335;0;0;0x0000;02 Illegal Data Address
49336;0;0;0x0000;02 Illegal Data Address
49337;0;0;0x0000;02 Illegal Data Address
49338;0;0;0x0000;02 Illegal Data Address
49339;0;0;0x0000;02 Illegal Data Address
49340;0;0;0x0000;02 Illegal Data Address
49341;0;0;0x0000;02 Illegal Data Address
49342;0;0;0x0000;02 Illegal Data Address
49343;0;0;0x0000;02 Illegal Data Address
49344;0;0;0x0000;02 Illegal Data Address
49345;0;0;0x0000;02 Illegal Data Address
49346;0;0;0x0000;02 Illegal Data Address
49347;0;0;0x0000;02 Illegal Data Address
49348;0;0;0x0000;02 Illegal Data Address
49349;0;0;0x0000;02 Illegal Data Address
49350;0;0;0x0000;02 Illegal Data Address
49351;0;0;0x0000;02 Illegal Data Address
49352;0;0;0x0000;02 Illegal Data Address
49353;0;0;0x0000;02 Illegal Data Address
49354;0;0;0x0000;02 Illegal Data Address
49355;0;0;0x0000;02 Illegal Data Address
49356;0;0;0x0000;02 Illegal Data Address
49357;0;0;0x0000;02 Illegal Data Address
49358;0;0;0x0000;02 Illegal Data Address
49359;0;0;0x0000;02 Illegal Data Address
49360;0;0;0x0000;02 Illegal Data Address
49361;0;0;0x0000;02 Illegal Data Address
49362;0;0;0x0000;02 Illegal Data Address
49363;0;0;0x0000;02 Illegal Data Address
49364;0;0;0x0000;02 Illegal Data Address
49365;0;0;0x0000;02 Illegal Data Address
49366;0;0;0x0000;02 Illegal Data Address
49367;0;0;0x0000;02 Illegal Data Address
49368;0;0;0x0000;02 Illegal Data Address
49369;0;0;0x0000;02 Illegal Data Address
49370;0;0;0x0000;02 Illegal Data Address
49371;0;0;0x0000;02 Illegal Data Address
49372;0;0;0x0000;02 Illegal Data Address
49373;0;0;0x0000;02 Illegal Data Address
49374;0;0;0x0000;02 Illegal Data Address
49375;0;0;0x0000;02 Illegal Data Address
49376;0;0;0x0000;02 Illegal Data Address
49377;0;0;0x0000;02 Illegal Data Address
49378;0;0;0x0000;02 Illegal Data Address
49379;0;0;0x0000;02 Illegal Data Address
49380;0;0;0x0000;02 Illegal Data Address
49381;0;0;0x0000;02 Illegal Data Address
49382;0;0;0x0000;02 Illegal Data Address
49383;0;0;0x0000;02 Illegal Data Address
49384;0;0;0x0000;02 Illegal Data Address
49385;0;0;0x0000;02 Illegal Data Address
49386;0;0;0x0000;02 Illegal Data Address
49387;0;0;0x0000;02 Illegal Data Address
49388;0;0;0x0000;02 Illegal Data Address
49389;0;0;0x0000;02 Illegal Data Address
49390;0;0;0x0000;02 Illegal Data Address
49391;0;0;0x0000;02 Illegal Data Address
49392;0;0;0x0000;02 Illegal Data Address
49393;0;0;0x0000;02 Illegal Data Address
49394;0;0;0x0000;02 Illegal Data Address
49395;0;0;0x0000;02 Illegal Data Address
49396;0;0;0x0000;02 Illegal Data Address
49397;0;0;0x0000;02 Illegal Data Address
49398;0;0;0x0000;02 Illegal Data Address
49399;0;0;0x0000;02 Illegal Data Address
49400;0;0;0x0000;02 Illegal Data Address
49401;0;0;0x0000;02 Illegal Data Address
49402;0;0;0x0000;02 Illegal Data Address
49403;0;0;0x0000;02 Illegal Data Address
49404;0;0;0x0000;02 Illegal Data Address
49405;0;0;0x0000;02 Illegal Data Address
49406;0;0;0x0000;02 Illegal Data Address
49407;0;0;0x0000;02 Illegal Data Address
49408;0;0;0x0000;02 Illegal Data Address
49409;0;0;0x0000;02 Illegal Data Address
49410;0;0;0x0000;02 Illegal Data Address
49411;0;0;0x0000;02 Illegal Data Address
49412;0;0;0x0000;02 Illegal Data Address
49413;0;0;0x0000;02 Illegal Data Address
49414;0;0;0x0000;02 Illegal Data Address
49415;0;0;0x0000;02 Illegal Data Address
49416;0;0;0x0000;02 Illegal Data Address
49417;0;0;0x0000;02 Illegal Data Address
49418;0;0;0x0000;02 Illegal Data Address
49419;0;0;0x0000;02 Illegal Data Address
49420;0;0;0x0000;02 Illegal Data Address
49421;0;0;0x0000;02 Illegal Data Address
49422;0;0;0x0000;02 Illegal Data Address
49423;0;0;0x0000;02 Illegal Data Address
49424;0;0;0x0000;02 Illegal Data Address
49425;0;0;0x0000;02 Illegal Data Address
49426;0;0;0x0000;02 Illegal Data Address
49427;0;0;0x0000;02 Illegal Data Address
49428;0;0;0x0000;02 Illegal Data Address
49429;0;0;0x0000;02 Illegal Data Address
49430;0;0;0x0000;02 Illegal Data Address
49431;0;0;0x0000;02 Illegal Data Address
49432;0;0;0x0000;02 Illegal Data Address
49433;0;0;0x0000;02 Illegal Data Address
49434;0;0;0x0000;02 Illegal Data Address
49435;0;0;0x0000;02 Illegal Data Address
49436;0;0;0x0000;02 Illegal Data Address
49437;0;0;0x0000;02 Illegal Data Address
49438;0;0;0x0000;02 Illegal Data Address
49439;0;0;0x0000;02 Illegal Data Address
49440;0;0;0x0000;02 Illegal Data Address
49441;0;0;0x0000;02 Illegal Data Address
49442;0;0;0x0000;02 Illegal Data Address
49443;0;0;0x0000;02 Illegal Data Address
49444;0;0;0x0000;02 Illegal Data Address
49445;0;0;0x0000;02 Illegal Data Address
49446;0;0;0x0000;02 Illegal Data Address
49447;0;0;0x0000;02 Illegal Data Address
49448;0;0;0x0000;02 Illegal Data Address
49449;0;0;0x0000;02 Illegal Data Address
49450;0;0;0x0000;02 Illegal Data Address
49451;0;0;0x0000;02 Illegal Data Address
49452;0;0;0x0000;02 Illegal Data Address
49453;0;0;0x0000;02 Illegal Data Address
49454;0;0;0x0000;02 Illegal Data Address
49455;0;0;0x0000;02 Illegal Data Address
49456;0;0;0x0000;02 Illegal Data Address
49457;0;0;0x0000;02 Illegal Data Address
49458;0;0;0x0000;02 Illegal Data Address
49459;0;0;0x0000;02 Illegal Data Address
49460;0;0;0x0000;02 Illegal Data Address
49461;0;0;0x0000;02 Illegal Data Address
49462;0;0;0x0000;02 Illegal Data Address
49463;0;0;0x0000;02 Illegal Data Address
49464;0;0;0x0000;02 Illegal Data Address
49465;0;0;0x0000;02 Illegal Data Address
49466;0;0;0x0000;02 Illegal Data Address
49467;0;0;0x0000;02 Illegal Data Address
49468;0;0;0x0000;02 Illegal Data Address
49469;0;0;0x0000;02 Illegal Data Address
49470;0;0;0x0000;02 Illegal Data Address
49471;0;0;0x0000;02 Illegal Data Address
49472;0;0;0x0000;02 Illegal Data Address
49473;0;0;0x0000;02 Illegal Data Address
49474;0;0;0x0000;02 Illegal Data Address
49475;0;0;0x0000;02 Illegal Data Address
49476;0;0;0x0000;02 Illegal Data Address
49477;0;0;0x0000;02 Illegal Data Address
49478;0;0;0x0000;02 Illegal Data Address
49479;0;0;0x0000;02 Illegal Data Address
49480;0;0;0x0000;02 Illegal Data Address
49481;0;0;0x0000;02 Illegal Data Address
49482;0;0;0x0000;02 Illegal Data Address
49483;0;0;0x0000;02 Illegal Data Address
49484;0;0;0x0000;02 Illegal Data Address
49485;0;0;0x0000;02 Illegal Data Address
49486;0;0;0x0000;02 Illegal Data Address
49487;0;0;0x0000;02 Illegal Data Address
49488;0;0;0x0000;02 Illegal Data Address
49489;0;0;0x0000;02 Illegal Data Address
49490;0;0;0x0000;02 Illegal Data Address
49491;0;0;0x0000;02 Illegal Data Address
49492;0;0;0x0000;02 Illegal Data Address
49493;0;0;0x0000;02 Illegal Data Address
49494;0;0;0x0000;02 Illegal Data Address
49495;0;0;0x0000;02 Illegal Data Address
49496;0;0;0x0000;02 Illegal Data Address
49497;0;0;0x0000;02 Illegal Data Address
49498;0;0;0x0000;02 Illegal Data Address
49499;0;0;0x0000;02 Illegal Data Address
49500;0;0;0x0000;02 Illegal Data Address
49501;0;0;0x0000;02 Illegal Data Address
49502;0;0;0x0000;02 Illegal Data Address
49503;0;0;0x0000;02 Illegal Data Address
49504;0;0;0x0000;02 Illegal Data Address
49505;0;0;0x0000;02 Illegal Data Address
49506;0;0;0x0000;02 Illegal Data Address
49507;0;0;0x0000;02 Illegal Data Address
49508;0;0;0x0000;02 Illegal Data Address
49509;0;0;0x0000;02 Illegal Data Address
49510;0;0;0x0000;02 Illegal Data Address
49511;0;0;0x0000;02 Illegal Data Address
49512;0;0;0x0000;02 Illegal Data Address
49513;0;0;0x0000;02 Illegal Data Address
49514;0;0;0x0000;02 Illegal Data Address
49515;0;0;0x0000;02 Illegal Data Address
49516;0;0;0x0000;02 Illegal Data Address
49517;0;0;0x0000;02 Illegal Data Address
49518;0;0;0x0000;02 Illegal Data Address
49519;0;0;0x0000;02 Illegal Data Address
49520;0;0;0x0000;02 Illegal Data Address
49521;0;0;0x0000;02 Illegal Data Address
49522;0;0;0x0000;02 Illegal Data Address
49523;0;0;0x0000;02 Illegal Data Address
49524;0;0;0x0000;02 Illegal Data Address
49525;0;0;0x0000;02 Illegal Data Address
49526;0;0;0x0000;02 Illegal Data Address
49527;0;0;0x0000;02 Illegal Data Address
49528;0;0;0x0000;02 Illegal Data Address
49529;0;0;0x0000;02 Illegal Data Address
49530;0;0;0x0000;02 Illegal Data Address
49531;0;0;0x0000;02 Illegal Data Address
49532;0;0;0x0000;02 Illegal Data Address
49533;0;0;0x0000;02 Illegal Data Address
49534;0;0;0x0000;02 Illegal Data Address
49535;0;0;0x0000;02 Illegal Data Address
49536;0;0;0x0000;02 Illegal Data Address
49537;0;0;0x0000;02 Illegal Data Address
49538;0;0;0x0000;02 Illegal Data Address
49539;0;0;0x0000;02 Illegal Data Address
49540;0;0;0x0000;02 Illegal Data Address
49541;0;0;0x0000;02 Illegal Data Address
49542;0;0;0x0000;02 Illegal Data Address
49543;0;0;0x0000;02 Illegal Data Address
49544;0;0;0x0000;02 Illegal Data Address
49545;0;0;0x0000;02 Illegal Data Address
49546;0;0;0x0000;02 Illegal Data Address
49547;0;0;0x0000;02 Illegal Data Address
49548;0;0;0x0000;02 Illegal Data Address
49549;0;0;0x0000;02 Illegal Data Address
49550;0;0;0x0000;02 Illegal Data Address
49551;0;0;0x0000;02 Illegal Data Address
49552;0;0;0x0000;02 Illegal Data Address
49553;0;0;0x0000;02 Illegal Data Address
49554;0;0;0x0000;02 Illegal Data Address
49555;0;0;0x0000;02 Illegal Data Address
49556;0;0;0x0000;02 Illegal Data Address
49557;0;0;0x0000;02 Illegal Data Address
49558;0;0;0x0000;02 Illegal Data Address
49559;0;0;0x0000;02 Illegal Data Address
49560;0;0;0x0000;02 Illegal Data Address
49561;0;0;0x0000;02 Illegal Data Address
49562;0;0;0x0000;02 Illegal Data Address
49563;0;0;0x0000;02 Illegal Data Address
49564;0;0;0x0000;02 Illegal Data Address
49565;0;0;0x0000;02 Illegal Data Address
49566;0;0;0x0000;02 Illegal Data Address
49567;0;0;0x0000;02 Illegal Data Address
49568;0;0;0x0000;02 Illegal Data Address
49569;0;0;0x0000;02 Illegal Data Address
49570;0;0;0x0000;02 Illegal Data Address
49571;0;0;0x0000;02 Illegal Data Address
49572;0;0;0x0000;02 Illegal Data Address
49573;0;0;0x0000;02 Illegal Data Address
49574;0;0;0x0000;02 Illegal Data Address
49575;0;0;0x0000;02 Illegal Data Address
49576;0;0;0x0000;02 Illegal Data Address
49577;0;0;0x0000;02 Illegal Data Address
49578;0;0;0x0000;02 Illegal Data Address
49579;0;0;0x0000;02 Illegal Data Address
49580;0;0;0x0000;02 Illegal Data Address
49581;0;0;0x0000;02 Illegal Data Address
49582;0;0;0x0000;02 Illegal Data Address
49583;0;0;0x0000;02 Illegal Data Address
49584;0;0;0x0000;02 Illegal Data Address
49585;0;0;0x0000;02 Illegal Data Address
49586;0;0;0x0000;02 Illegal Data Address
49587;0;0;0x0000;02 Illegal Data Address
49588;0;0;0x0000;02 Illegal Data Address
49589;0;0;0x0000;02 Illegal Data Address
49590;0;0;0x0000;02 Illegal Data Address
49591;0;0;0x0000;02 Illegal Data Address
49592;0;0;0x0000;02 Illegal Data Address
49593;0;0;0x0000;02 Illegal Data Address
49594;0;0;0x0000;02 Illegal Data Address
49595;0;0;0x0000;02 Illegal Data Address
49596;0;0;0x0000;02 Illegal Data Address
49597;0;0;0x0000;02 Illegal Data Address
49598;0;0;0x0000;02 Illegal Data Address
49599;0;0;0x0000;02 Illegal Data Address
49600;0;0;0x0000;02 Illegal Data Address
49601;0;0;0x0000;02 Illegal Data Address
49602;0;0;0x0000;02 Illegal Data Address
49603;0;0;0x0000;02 Illegal Data Address
49604;0;0;0x0000;02 Illegal Data Address
49605;0;0;0x0000;02 Illegal Data Address
49606;0;0;0x0000;02 Illegal Data Address
49607;0;0;0x0000;02 Illegal Data Address
49608;0;0;0x0000;02 Illegal Data Address
49609;0;0;0x0000;02 Illegal Data Address
49610;0;0;0x0000;02 Illegal Data Address
49611;0;0;0x0000;02 Illegal Data Address
49612;0;0;0x0000;02 Illegal Data Address
49613;0;0;0x0000;02 Illegal Data Address
49614;0;0;0x0000;02 Illegal Data Address
49615;0;0;0x0000;02 Illegal Data Address
49616;0;0;0x0000;02 Illegal Data Address
49617;0;0;0x0000;02 Illegal Data Address
49618;0;0;0x0000;02 Illegal Data Address
49619;0;0;0x0000;02 Illegal Data Address
49620;0;0;0x0000;02 Illegal Data Address
49621;0;0;0x0000;02 Illegal Data Address
49622;0;0;0x0000;02 Illegal Data Address
49623;0;0;0x0000;02 Illegal Data Address
49624;0;0;0x0000;02 Illegal Data Address
49625;0;0;0x0000;02 Illegal Data Address
49626;0;0;0x0000;02 Illegal Data Address
49627;0;0;0x0000;02 Illegal Data Address
49628;0;0;0x0000;02 Illegal Data Address
49629;0;0;0x0000;02 Illegal Data Address
49630;0;0;0x0000;02 Illegal Data Address
49631;0;0;0x0000;02 Illegal Data Address
49632;0;0;0x0000;02 Illegal Data Address
49633;0;0;0x0000;02 Illegal Data Address
49634;0;0;0x0000;02 Illegal Data Address
49635;0;0;0x0000;02 Illegal Data Address
49636;0;0;0x0000;02 Illegal Data Address
49637;0;0;0x0000;02 Illegal Data Address
49638;0;0;0x0000;02 Illegal Data Address
49639;0;0;0x0000;02 Illegal Data Address
49640;0;0;0x0000;02 Illegal Data Address
49641;0;0;0x0000;02 Illegal Data Address
49642;0;0;0x0000;02 Illegal Data Address
49643;0;0;0x0000;02 Illegal Data Address
49644;0;0;0x0000;02 Illegal Data Address
49645;0;0;0x0000;02 Illegal Data Address
49646;0;0;0x0000;02 Illegal Data Address
49647;0;0;0x0000;02 Illegal Data Address
49648;0;0;0x0000;02 Illegal Data Address
49649;0;0;0x0000;02 Illegal Data Address
49650;0;0;0x0000;02 Illegal Data Address
49651;0;0;0x0000;02 Illegal Data Address
49652;0;0;0x0000;02 Illegal Data Address
49653;0;0;0x0000;02 Illegal Data Address
49654;0;0;0x0000;02 Illegal Data Address
49655;0;0;0x0000;02 Illegal Data Address
49656;0;0;0x0000;02 Illegal Data Address
49657;0;0;0x0000;02 Illegal Data Address
49658;0;0;0x0000;02 Illegal Data Address
49659;0;0;0x0000;02 Illegal Data Address
49660;0;0;0x0000;02 Illegal Data Address
49661;0;0;0x0000;02 Illegal Data Address
49662;0;0;0x0000;02 Illegal Data Address
49663;0;0;0x0000;02 Illegal Data Address
49664;0;0;0x0000;02 Illegal Data Address
49665;0;0;0x0000;02 Illegal Data Address
49666;0;0;0x0000;02 Illegal Data Address
49667;0;0;0x0000;02 Illegal Data Address
49668;0;0;0x0000;02 Illegal Data Address
49669;0;0;0x0000;02 Illegal Data Address
49670;0;0;0x0000;02 Illegal Data Address
49671;0;0;0x0000;02 Illegal Data Address
49672;0;0;0x0000;02 Illegal Data Address
49673;0;0;0x0000;02 Illegal Data Address
49674;0;0;0x0000;02 Illegal Data Address
49675;0;0;0x0000;02 Illegal Data Address
49676;0;0;0x0000;02 Illegal Data Address
49677;0;0;0x0000;02 Illegal Data Address
49678;0;0;0x0000;02 Illegal Data Address
49679;0;0;0x0000;02 Illegal Data Address
49680;0;0;0x0000;02 Illegal Data Address
49681;0;0;0x0000;02 Illegal Data Address
49682;0;0;0x0000;02 Illegal Data Address
49683;0;0;0x0000;02 Illegal Data Address
49684;0;0;0x0000;02 Illegal Data Address
49685;0;0;0x0000;02 Illegal Data Address
49686;0;0;0x0000;02 Illegal Data Address
49687;0;0;0x0000;02 Illegal Data Address
49688;0;0;0x0000;02 Illegal Data Address
49689;0;0;0x0000;02 Illegal Data Address
49690;0;0;0x0000;02 Illegal Data Address
49691;0;0;0x0000;02 Illegal Data Address
49692;0;0;0x0000;02 Illegal Data Address
49693;0;0;0x0000;02 Illegal Data Address
49694;0;0;0x0000;02 Illegal Data Address
49695;0;0;0x0000;02 Illegal Data Address
49696;0;0;0x0000;02 Illegal Data Address
49697;0;0;0x0000;02 Illegal Data Address
49698;0;0;0x0000;02 Illegal Data Address
49699;0;0;0x0000;02 Illegal Data Address
49700;0;0;0x0000;02 Illegal Data Address
49701;0;0;0x0000;02 Illegal Data Address
49702;0;0;0x0000;02 Illegal Data Address
49703;0;0;0x0000;02 Illegal Data Address
49704;0;0;0x0000;02 Illegal Data Address
49705;0;0;0x0000;02 Illegal Data Address
49706;0;0;0x0000;02 Illegal Data Address
49707;0;0;0x0000;02 Illegal Data Address
49708;0;0;0x0000;02 Illegal Data Address
49709;0;0;0x0000;02 Illegal Data Address
49710;0;0;0x0000;02 Illegal Data Address
49711;0;0;0x0000;02 Illegal Data Address
49712;0;0;0x0000;02 Illegal Data Address
49713;0;0;0x0000;02 Illegal Data Address
49714;0;0;0x0000;02 Illegal Data Address
49715;0;0;0x0000;02 Illegal Data Address
49716;0;0;0x0000;02 Illegal Data Address
49717;0;0;0x0000;02 Illegal Data Address
49718;0;0;0x0000;02 Illegal Data Address
49719;0;0;0x0000;02 Illegal Data Address
49720;0;0;0x0000;02 Illegal Data Address
49721;0;0;0x0000;02 Illegal Data Address
49722;0;0;0x0000;02 Illegal Data Address
49723;0;0;0x0000;02 Illegal Data Address
49724;0;0;0x0000;02 Illegal Data Address
49725;0;0;0x0000;02 Illegal Data Address
49726;0;0;0x0000;02 Illegal Data Address
49727;0;0;0x0000;02 Illegal Data Address
49728;0;0;0x0000;02 Illegal Data Address
49729;0;0;0x0000;02 Illegal Data Address
49730;0;0;0x0000;02 Illegal Data Address
49731;0;0;0x0000;02 Illegal Data Address
49732;0;0;0x0000;02 Illegal Data Address
49733;0;0;0x0000;02 Illegal Data Address
49734;0;0;0x0000;02 Illegal Data Address
49735;0;0;0x0000;02 Illegal Data Address
49736;0;0;0x0000;02 Illegal Data Address
49737;0;0;0x0000;02 Illegal Data Address
49738;0;0;0x0000;02 Illegal Data Address
49739;0;0;0x0000;02 Illegal Data Address
49740;0;0;0x0000;02 Illegal Data Address
49741;0;0;0x0000;02 Illegal Data Address
49742;0;0;0x0000;02 Illegal Data Address
49743;0;0;0x0000;02 Illegal Data Address
49744;0;0;0x0000;02 Illegal Data Address
49745;0;0;0x0000;02 Illegal Data Address
49746;0;0;0x0000;02 Illegal Data Address
49747;0;0;0x0000;02 Illegal Data Address
49748;0;0;0x0000;02 Illegal Data Address
49749;0;0;0x0000;02 Illegal Data Address
49750;0;0;0x0000;02 Illegal Data Address
49751;0;0;0x0000;02 Illegal Data Address
49752;0;0;0x0000;02 Illegal Data Address
49753;0;0;0x0000;02 Illegal Data Address
49754;0;0;0x0000;02 Illegal Data Address
49755;0;0;0x0000;02 Illegal Data Address
49756;0;0;0x0000;02 Illegal Data Address
49757;0;0;0x0000;02 Illegal Data Address
49758;0;0;0x0000;02 Illegal Data Address
49759;0;0;0x0000;02 Illegal Data Address
49760;0;0;0x0000;02 Illegal Data Address
49761;0;0;0x0000;02 Illegal Data Address
49762;0;0;0x0000;02 Illegal Data Address
49763;0;0;0x0000;02 Illegal Data Address
49764;0;0;0x0000;02 Illegal Data Address
49765;0;0;0x0000;02 Illegal Data Address
49766;0;0;0x0000;02 Illegal Data Address
49767;0;0;0x0000;02 Illegal Data Address
49768;0;0;0x0000;02 Illegal Data Address
49769;0;0;0x0000;02 Illegal Data Address
49770;0;0;0x0000;02 Illegal Data Address
49771;0;0;0x0000;02 Illegal Data Address
49772;0;0;0x0000;02 Illegal Data Address
49773;0;0;0x0000;02 Illegal Data Address
49774;0;0;0x0000;02 Illegal Data Address
49775;0;0;0x0000;02 Illegal Data Address
49776;0;0;0x0000;02 Illegal Data Address
49777;0;0;0x0000;02 Illegal Data Address
49778;0;0;0x0000;02 Illegal Data Address
49779;0;0;0x0000;02 Illegal Data Address
49780;0;0;0x0000;02 Illegal Data Address
49781;0;0;0x0000;02 Illegal Data Address
49782;0;0;0x0000;02 Illegal Data Address
49783;0;0;0x0000;02 Illegal Data Address
49784;0;0;0x0000;02 Illegal Data Address
49785;0;0;0x0000;02 Illegal Data Address
49786;0;0;0x0000;02 Illegal Data Address
49787;0;0;0x0000;02 Illegal Data Address
49788;0;0;0x0000;02 Illegal Data Address
49789;0;0;0x0000;02 Illegal Data Address
49790;0;0;0x0000;02 Illegal Data Address
49791;0;0;0x0000;02 Illegal Data Address
49792;0;0;0x0000;02 Illegal Data Address
49793;0;0;0x0000;02 Illegal Data Address
49794;0;0;0x0000;02 Illegal Data Address
49795;0;0;0x0000;02 Illegal Data Address
49796;0;0;0x0000;02 Illegal Data Address
49797;0;0;0x0000;02 Illegal Data Address
49798;0;0;0x0000;02 Illegal Data Address
49799;0;0;0x0000;02 Illegal Data Address
49800;0;0;0x0000;02 Illegal Data Address
49801;0;0;0x0000;02 Illegal Data Address
49802;0;0;0x0000;02 Illegal Data Address
49803;0;0;0x0000;02 Illegal Data Address
49804;0;0;0x0000;02 Illegal Data Address
49805;0;0;0x0000;02 Illegal Data Address
49806;0;0;0x0000;02 Illegal Data Address
49807;0;0;0x0000;02 Illegal Data Address
49808;0;0;0x0000;02 Illegal Data Address
49809;0;0;0x0000;02 Illegal Data Address
49810;0;0;0x0000;02 Illegal Data Address
49811;0;0;0x0000;02 Illegal Data Address
49812;0;0;0x0000;02 Illegal Data Address
49813;0;0;0x0000;02 Illegal Data Address
49814;0;0;0x0000;02 Illegal Data Address
49815;0;0;0x0000;02 Illegal Data Address
49816;0;0;0x0000;02 Illegal Data Address
49817;0;0;0x0000;02 Illegal Data Address
49818;0;0;0x0000;02 Illegal Data Address
49819;0;0;0x0000;02 Illegal Data Address
49820;0;0;0x0000;02 Illegal Data Address
49821;0;0;0x0000;02 Illegal Data Address
49822;0;0;0x0000;02 Illegal Data Address
49823;0;0;0x0000;02 Illegal Data Address
49824;0;0;0x0000;02 Illegal Data Address
49825;0;0;0x0000;02 Illegal Data Address
49826;0;0;0x0000;02 Illegal Data Address
49827;0;0;0x0000;02 Illegal Data Address
49828;0;0;0x0000;02 Illegal Data Address
49829;0;0;0x0000;02 Illegal Data Address
49830;0;0;0x0000;02 Illegal Data Address
49831;0;0;0x0000;02 Illegal Data Address
49832;0;0;0x0000;02 Illegal Data Address
49833;0;0;0x0000;02 Illegal Data Address
49834;0;0;0x0000;02 Illegal Data Address
49835;0;0;0x0000;02 Illegal Data Address
49836;0;0;0x0000;02 Illegal Data Address
49837;0;0;0x0000;02 Illegal Data Address
49838;0;0;0x0000;02 Illegal Data Address
49839;0;0;0x0000;02 Illegal Data Address
49840;0;0;0x0000;02 Illegal Data Address
49841;0;0;0x0000;02 Illegal Data Address
49842;0;0;0x0000;02 Illegal Data Address
49843;0;0;0x0000;02 Illegal Data Address
49844;0;0;0x0000;02 Illegal Data Address
49845;0;0;0x0000;02 Illegal Data Address
49846;0;0;0x0000;02 Illegal Data Address
49847;0;0;0x0000;02 Illegal Data Address
49848;0;0;0x0000;02 Illegal Data Address
49849;0;0;0x0000;02 Illegal Data Address
49850;0;0;0x0000;02 Illegal Data Address
49851;0;0;0x0000;02 Illegal Data Address
49852;0;0;0x0000;02 Illegal Data Address
49853;0;0;0x0000;02 Illegal Data Address
49854;0;0;0x0000;02 Illegal Data Address
49855;0;0;0x0000;02 Illegal Data Address
49856;0;0;0x0000;02 Illegal Data Address
49857;0;0;0x0000;02 Illegal Data Address
49858;0;0;0x0000;02 Illegal Data Address
49859;0;0;0x0000;02 Illegal Data Address
49860;0;0;0x0000;02 Illegal Data Address
49861;0;0;0x0000;02 Illegal Data Address
49862;0;0;0x0000;02 Illegal Data Address
49863;0;0;0x0000;02 Illegal Data Address
49864;0;0;0x0000;02 Illegal Data Address
49865;0;0;0x0000;02 Illegal Data Address
49866;0;0;0x0000;02 Illegal Data Address
49867;0;0;0x0000;02 Illegal Data Address
49868;0;0;0x0000;02 Illegal Data Address
49869;0;0;0x0000;02 Illegal Data Address
49870;0;0;0x0000;02 Illegal Data Address
49871;0;0;0x0000;02 Illegal Data Address
49872;0;0;0x0000;02 Illegal Data Address
49873;0;0;0x0000;02 Illegal Data Address
49874;0;0;0x0000;02 Illegal Data Address
49875;0;0;0x0000;02 Illegal Data Address
49876;0;0;0x0000;02 Illegal Data Address
49877;0;0;0x0000;02 Illegal Data Address
49878;0;0;0x0000;02 Illegal Data Address
49879;0;0;0x0000;02 Illegal Data Address
49880;0;0;0x0000;02 Illegal Data Address
49881;0;0;0x0000;02 Illegal Data Address
49882;0;0;0x0000;02 Illegal Data Address
49883;0;0;0x0000;02 Illegal Data Address
49884;0;0;0x0000;02 Illegal Data Address
49885;0;0;0x0000;02 Illegal Data Address
49886;0;0;0x0000;02 Illegal Data Address
49887;0;0;0x0000;02 Illegal Data Address
49888;0;0;0x0000;02 Illegal Data Address
49889;0;0;0x0000;02 Illegal Data Address
49890;0;0;0x0000;02 Illegal Data Address
49891;0;0;0x0000;02 Illegal Data Address
49892;0;0;0x0000;02 Illegal Data Address
49893;0;0;0x0000;02 Illegal Data Address
49894;0;0;0x0000;02 Illegal Data Address
49895;0;0;0x0000;02 Illegal Data Address
49896;0;0;0x0000;02 Illegal Data Address
49897;0;0;0x0000;02 Illegal Data Address
49898;0;0;0x0000;02 Illegal Data Address
49899;0;0;0x0000;02 Illegal Data Address
49900;0;0;0x0000;02 Illegal Data Address
49901;0;0;0x0000;02 Illegal Data Address
49902;0;0;0x0000;02 Illegal Data Address
49903;0;0;0x0000;02 Illegal Data Address
49904;0;0;0x0000;02 Illegal Data Address
49905;0;0;0x0000;02 Illegal Data Address
49906;0;0;0x0000;02 Illegal Data Address
49907;0;0;0x0000;02 Illegal Data Address
49908;0;0;0x0000;02 Illegal Data Address
49909;0;0;0x0000;02 Illegal Data Address
49910;0;0;0x0000;02 Illegal Data Address
49911;0;0;0x0000;02 Illegal Data Address
49912;0;0;0x0000;02 Illegal Data Address
49913;0;0;0x0000;02 Illegal Data Address
49914;0;0;0x0000;02 Illegal Data Address
49915;0;0;0x0000;02 Illegal Data Address
49916;0;0;0x0000;02 Illegal Data Address
49917;0;0;0x0000;02 Illegal Data Address
49918;0;0;0x0000;02 Illegal Data Address
49919;0;0;0x0000;02 Illegal Data Address
49920;0;0;0x0000;02 Illegal Data Address
49921;0;0;0x0000;02 Illegal Data Address
49922;0;0;0x0000;02 Illegal Data Address
49923;0;0;0x0000;02 Illegal Data Address
49924;0;0;0x0000;02 Illegal Data Address
49925;0;0;0x0000;02 Illegal Data Address
49926;0;0;0x0000;02 Illegal Data Address
49927;0;0;0x0000;02 Illegal Data Address
49928;0;0;0x0000;02 Illegal Data Address
49929;0;0;0x0000;02 Illegal Data Address
49930;0;0;0x0000;02 Illegal Data Address
49931;0;0;0x0000;02 Illegal Data Address
49932;0;0;0x0000;02 Illegal Data Address
49933;0;0;0x0000;02 Illegal Data Address
49934;0;0;0x0000;02 Illegal Data Address
49935;0;0;0x0000;02 Illegal Data Address
49936;0;0;0x0000;02 Illegal Data Address
49937;0;0;0x0000;02 Illegal Data Address
49938;0;0;0x0000;02 Illegal Data Address
49939;0;0;0x0000;02 Illegal Data Address
49940;0;0;0x0000;02 Illegal Data Address
49941;0;0;0x0000;02 Illegal Data Address
49942;0;0;0x0000;02 Illegal Data Address
49943;0;0;0x0000;02 Illegal Data Address
49944;0;0;0x0000;02 Illegal Data Address
49945;0;0;0x0000;02 Illegal Data Address
49946;0;0;0x0000;02 Illegal Data Address
49947;0;0;0x0000;02 Illegal Data Address
49948;0;0;0x0000;02 Illegal Data Address
49949;0;0;0x0000;02 Illegal Data Address
49950;0;0;0x0000;02 Illegal Data Address
49951;0;0;0x0000;02 Illegal Data Address
49952;0;0;0x0000;02 Illegal Data Address
49953;0;0;0x0000;02 Illegal Data Address
49954;0;0;0x0000;02 Illegal Data Address
49955;0;0;0x0000;02 Illegal Data Address
49956;0;0;0x0000;02 Illegal Data Address
49957;0;0;0x0000;02 Illegal Data Address
49958;0;0;0x0000;02 Illegal Data Address
49959;0;0;0x0000;02 Illegal Data Address
49960;0;0;0x0000;02 Illegal Data Address
49961;0;0;0x0000;02 Illegal Data Address
49962;0;0;0x0000;02 Illegal Data Address
49963;0;0;0x0000;02 Illegal Data Address
49964;0;0;0x0000;02 Illegal Data Address
49965;0;0;0x0000;02 Illegal Data Address
49966;0;0;0x0000;02 Illegal Data Address
49967;0;0;0x0000;02 Illegal Data Address
49968;0;0;0x0000;02 Illegal Data Address
49969;0;0;0x0000;02 Illegal Data Address
49970;0;0;0x0000;02 Illegal Data Address
49971;0;0;0x0000;02 Illegal Data Address
49972;0;0;0x0000;02 Illegal Data Address
49973;0;0;0x0000;02 Illegal Data Address
49974;0;0;0x0000;02 Illegal Data Address
49975;0;0;0x0000;02 Illegal Data Address
49976;0;0;0x0000;02 Illegal Data Address
49977;0;0;0x0000;02 Illegal Data Address
49978;0;0;0x0000;02 Illegal Data Address
49979;0;0;0x0000;02 Illegal Data Address
49980;0;0;0x0000;02 Illegal Data Address
49981;0;0;0x0000;02 Illegal Data Address
49982;0;0;0x0000;02 Illegal Data Address
49983;0;0;0x0000;02 Illegal Data Address
49984;0;0;0x0000;02 Illegal Data Address
49985;0;0;0x0000;02 Illegal Data Address
49986;0;0;0x0000;02 Illegal Data Address
49987;0;0;0x0000;02 Illegal Data Address
49988;0;0;0x0000;02 Illegal Data Address
49989;0;0;0x0000;02 Illegal Data Address
49990;0;0;0x0000;02 Illegal Data Address
49991;0;0;0x0000;02 Illegal Data Address
49992;0;0;0x0000;02 Illegal Data Address
49993;0;0;0x0000;02 Illegal Data Address
49994;0;0;0x0000;02 Illegal Data Address
49995;0;0;0x0000;02 Illegal Data Address
49996;0;0;0x0000;02 Illegal Data Address
49997;0;0;0x0000;02 Illegal Data Address
49998;0;0;0x0000;02 Illegal Data Address
49999;0;0;0x0000;02 Illegal Data Address
50000;0;0;0x0000;02 Illegal Data Address
