50000;0;0;0x0000;02 Illegal Data Address
50001;0;0;0x0000;02 Illegal Data Address
50002;0;0;0x0000;02 Illegal Data Address
50003;0;0;0x0000;02 Illegal Data Address
50004;0;0;0x0000;02 Illegal Data Address
50005;0;0;0x0000;02 Illegal Data Address
50006;0;0;0x0000;02 Illegal Data Address
50007;0;0;0x0000;02 Illegal Data Address
50008;0;0;0x0000;02 Illegal Data Address
50009;0;0;0x0000;02 Illegal Data Address
50010;0;0;0x0000;02 Illegal Data Address
50011;0;0;0x0000;02 Illegal Data Address
50012;0;0;0x0000;02 Illegal Data Address
50013;0;0;0x0000;02 Illegal Data Address
50014;0;0;0x0000;02 Illegal Data Address
50015;0;0;0x0000;02 Illegal Data Address
50016;0;0;0x0000;02 Illegal Data Address
50017;0;0;0x0000;02 Illegal Data Address
50018;0;0;0x0000;02 Illegal Data Address
50019;0;0;0x0000;02 Illegal Data Address
50020;0;0;0x0000;02 Illegal Data Address
50021;0;0;0x0000;02 Illegal Data Address
50022;0;0;0x0000;02 Illegal Data Address
50023;0;0;0x0000;02 Illegal Data Address
50024;0;0;0x0000;02 Illegal Data Address
50025;0;0;0x0000;02 Illegal Data Address
50026;0;0;0x0000;02 Illegal Data Address
50027;0;0;0x0000;02 Illegal Data Address
50028;0;0;0x0000;02 Illegal Data Address
50029;0;0;0x0000;02 Illegal Data Address
50030;0;0;0x0000;02 Illegal Data Address
50031;0;0;0x0000;02 Illegal Data Address
50032;0;0;0x0000;02 Illegal Data Address
50033;0;0;0x0000;02 Illegal Data Address
50034;0;0;0x0000;02 Illegal Data Address
50035;0;0;0x0000;02 Illegal Data Address
50036;0;0;0x0000;02 Illegal Data Address
50037;0;0;0x0000;02 Illegal Data Address
50038;0;0;0x0000;02 Illegal Data Address
50039;0;0;0x0000;02 Illegal Data Address
50040;0;0;0x0000;02 Illegal Data Address
50041;0;0;0x0000;02 Illegal Data Address
50042;0;0;0x0000;02 Illegal Data Address
50043;0;0;0x0000;02 Illegal Data Address
50044;0;0;0x0000;02 Illegal Data Address
50045;0;0;0x0000;02 Illegal Data Address
50046;0;0;0x0000;02 Illegal Data Address
50047;0;0;0x0000;02 Illegal Data Address
50048;0;0;0x0000;02 Illegal Data Address
50049;0;0;0x0000;02 Illegal Data Address
50050;0;0;0x0000;02 Illegal Data Address
50051;0;0;0x0000;02 Illegal Data Address
50052;0;0;0x0000;02 Illegal Data Address
50053;0;0;0x0000;02 Illegal Data Address
50054;0;0;0x0000;02 Illegal Data Address
50055;0;0;0x0000;02 Illegal Data Address
50056;0;0;0x0000;02 Illegal Data Address
50057;0;0;0x0000;02 Illegal Data Address
50058;0;0;0x0000;02 Illegal Data Address
50059;0;0;0x0000;02 Illegal Data Address
50060;0;0;0x0000;02 Illegal Data Address
50061;0;0;0x0000;02 Illegal Data Address
50062;0;0;0x0000;02 Illegal Data Address
50063;0;0;0x0000;02 Illegal Data Address
50064;0;0;0x0000;02 Illegal Data Address
50065;0;0;0x0000;02 Illegal Data Address
50066;0;0;0x0000;02 Illegal Data Address
50067;0;0;0x0000;02 Illegal Data Address
50068;0;0;0x0000;02 Illegal Data Address
50069;0;0;0x0000;02 Illegal Data Address
50070;0;0;0x0000;02 Illegal Data Address
50071;0;0;0x0000;02 Illegal Data Address
50072;0;0;0x0000;02 Illegal Data Address
50073;0;0;0x0000;02 Illegal Data Address
50074;0;0;0x0000;02 Illegal Data Address
50075;0;0;0x0000;02 Illegal Data Address
50076;0;0;0x0000;02 Illegal Data Address
50077;0;0;0x0000;02 Illegal Data Address
50078;0;0;0x0000;02 Illegal Data Address
50079;0;0;0x0000;02 Illegal Data Address
50080;0;0;0x0000;02 Illegal Data Address
50081;0;0;0x0000;02 Illegal Data Address
50082;0;0;0x0000;02 Illegal Data Address
50083;0;0;0x0000;02 Illegal Data Address
50084;0;0;0x0000;02 Illegal Data Address
50085;0;0;0x0000;02 Illegal Data Address
50086;0;0;0x0000;02 Illegal Data Address
50087;0;0;0x0000;02 Illegal Data Address
50088;0;0;0x0000;02 Illegal Data Address
50089;0;0;0x0000;02 Illegal Data Address
50090;0;0;0x0000;02 Illegal Data Address
50091;0;0;0x0000;02 Illegal Data Address
50092;0;0;0x0000;02 Illegal Data Address
50093;0;0;0x0000;02 Illegal Data Address
50094;0;0;0x0000;02 Illegal Data Address
50095;0;0;0x0000;02 Illegal Data Address
50096;0;0;0x0000;02 Illegal Data Address
50097;0;0;0x0000;02 Illegal Data Address
50098;0;0;0x0000;02 Illegal Data Address
50099;0;0;0x0000;02 Illegal Data Address
50100;0;0;0x0000;02 Illegal Data Address
50101;0;0;0x0000;02 Illegal Data Address
50102;0;0;0x0000;02 Illegal Data Address
50103;0;0;0x0000;02 Illegal Data Address
50104;0;0;0x0000;02 Illegal Data Address
50105;0;0;0x0000;02 Illegal Data Address
50106;0;0;0x0000;02 Illegal Data Address
50107;0;0;0x0000;02 Illegal Data Address
50108;0;0;0x0000;02 Illegal Data Address
50109;0;0;0x0000;02 Illegal Data Address
50110;0;0;0x0000;02 Illegal Data Address
50111;0;0;0x0000;02 Illegal Data Address
50112;0;0;0x0000;02 Illegal Data Address
50113;0;0;0x0000;02 Illegal Data Address
50114;0;0;0x0000;02 Illegal Data Address
50115;0;0;0x0000;02 Illegal Data Address
50116;0;0;0x0000;02 Illegal Data Address
50117;0;0;0x0000;02 Illegal Data Address
50118;0;0;0x0000;02 Illegal Data Address
50119;0;0;0x0000;02 Illegal Data Address
50120;0;0;0x0000;02 Illegal Data Address
50121;0;0;0x0000;02 Illegal Data Address
50122;0;0;0x0000;02 Illegal Data Address
50123;0;0;0x0000;02 Illegal Data Address
50124;0;0;0x0000;02 Illegal Data Address
50125;0;0;0x0000;02 Illegal Data Address
50126;0;0;0x0000;02 Illegal Data Address
50127;0;0;0x0000;02 Illegal Data Address
50128;0;0;0x0000;02 Illegal Data Address
50129;0;0;0x0000;02 Illegal Data Address
50130;0;0;0x0000;02 Illegal Data Address
50131;0;0;0x0000;02 Illegal Data Address
50132;0;0;0x0000;02 Illegal Data Address
50133;0;0;0x0000;02 Illegal Data Address
50134;0;0;0x0000;02 Illegal Data Address
50135;0;0;0x0000;02 Illegal Data Address
50136;0;0;0x0000;02 Illegal Data Address
50137;0;0;0x0000;02 Illegal Data Address
50138;0;0;0x0000;02 Illegal Data Address
50139;0;0;0x0000;02 Illegal Data Address
50140;0;0;0x0000;02 Illegal Data Address
50141;0;0;0x0000;02 Illegal Data Address
50142;0;0;0x0000;02 Illegal Data Address
50143;0;0;0x0000;02 Illegal Data Address
50144;0;0;0x0000;02 Illegal Data Address
50145;0;0;0x0000;02 Illegal Data Address
50146;0;0;0x0000;02 Illegal Data Address
50147;0;0;0x0000;02 Illegal Data Address
50148;0;0;0x0000;02 Illegal Data Address
50149;0;0;0x0000;02 Illegal Data Address
50150;0;0;0x0000;02 Illegal Data Address
50151;0;0;0x0000;02 Illegal Data Address
50152;0;0;0x0000;02 Illegal Data Address
50153;0;0;0x0000;02 Illegal Data Address
50154;0;0;0x0000;02 Illegal Data Address
50155;0;0;0x0000;02 Illegal Data Address
50156;0;0;0x0000;02 Illegal Data Address
50157;0;0;0x0000;02 Illegal Data Address
50158;0;0;0x0000;02 Illegal Data Address
50159;0;0;0x0000;02 Illegal Data Address
50160;0;0;0x0000;02 Illegal Data Address
50161;0;0;0x0000;02 Illegal Data Address
50162;0;0;0x0000;02 Illegal Data Address
50163;0;0;0x0000;02 Illegal Data Address
50164;0;0;0x0000;02 Illegal Data Address
50165;0;0;0x0000;02 Illegal Data Address
50166;0;0;0x0000;02 Illegal Data Address
50167;0;0;0x0000;02 Illegal Data Address
50168;0;0;0x0000;02 Illegal Data Address
50169;0;0;0x0000;02 Illegal Data Address
50170;0;0;0x0000;02 Illegal Data Address
50171;0;0;0x0000;02 Illegal Data Address
50172;0;0;0x0000;02 Illegal Data Address
50173;0;0;0x0000;02 Illegal Data Address
50174;0;0;0x0000;02 Illegal Data Address
50175;0;0;0x0000;02 Illegal Data Address
50176;0;0;0x0000;02 Illegal Data Address
50177;0;0;0x0000;02 Illegal Data Address
50178;0;0;0x0000;02 Illegal Data Address
50179;0;0;0x0000;02 Illegal Data Address
50180;0;0;0x0000;02 Illegal Data Address
50181;0;0;0x0000;02 Illegal Data Address
50182;0;0;0x0000;02 Illegal Data Address
50183;0;0;0x0000;02 Illegal Data Address
50184;0;0;0x0000;02 Illegal Data Address
50185;0;0;0x0000;02 Illegal Data Address
50186;0;0;0x0000;02 Illegal Data Address
50187;0;0;0x0000;02 Illegal Data Address
50188;0;0;0x0000;02 Illegal Data Address
50189;0;0;0x0000;02 Illegal Data Address
50190;0;0;0x0000;02 Illegal Data Address
50191;0;0;0x0000;02 Illegal Data Address
50192;0;0;0x0000;02 Illegal Data Address
50193;0;0;0x0000;02 Illegal Data Address
50194;0;0;0x0000;02 Illegal Data Address
50195;0;0;0x0000;02 Illegal Data Address
50196;0;0;0x0000;02 Illegal Data Address
50197;0;0;0x0000;02 Illegal Data Address
50198;0;0;0x0000;02 Illegal Data Address
50199;0;0;0x0000;02 Illegal Data Address
50200;0;0;0x0000;02 Illegal Data Address
50201;0;0;0x0000;02 Illegal Data Address
50202;0;0;0x0000;02 Illegal Data Address
50203;0;0;0x0000;02 Illegal Data Address
50204;0;0;0x0000;02 Illegal Data Address
50205;0;0;0x0000;02 Illegal Data Address
50206;0;0;0x0000;02 Illegal Data Address
50207;0;0;0x0000;02 Illegal Data Address
50208;0;0;0x0000;02 Illegal Data Address
50209;0;0;0x0000;02 Illegal Data Address
50210;0;0;0x0000;02 Illegal Data Address
50211;0;0;0x0000;02 Illegal Data Address
50212;0;0;0x0000;02 Illegal Data Address
50213;0;0;0x0000;02 Illegal Data Address
50214;0;0;0x0000;02 Illegal Data Address
50215;0;0;0x0000;02 Illegal Data Address
50216;0;0;0x0000;02 Illegal Data Address
50217;0;0;0x0000;02 Illegal Data Address
50218;0;0;0x0000;02 Illegal Data Address
50219;0;0;0x0000;02 Illegal Data Address
50220;0;0;0x0000;02 Illegal Data Address
50221;0;0;0x0000;02 Illegal Data Address
50222;0;0;0x0000;02 Illegal Data Address
50223;0;0;0x0000;02 Illegal Data Address
50224;0;0;0x0000;02 Illegal Data Address
50225;0;0;0x0000;02 Illegal Data Address
50226;0;0;0x0000;02 Illegal Data Address
50227;0;0;0x0000;02 Illegal Data Address
50228;0;0;0x0000;02 Illegal Data Address
50229;0;0;0x0000;02 Illegal Data Address
50230;0;0;0x0000;02 Illegal Data Address
50231;0;0;0x0000;02 Illegal Data Address
50232;0;0;0x0000;02 Illegal Data Address
50233;0;0;0x0000;02 Illegal Data Address
50234;0;0;0x0000;02 Illegal Data Address
50235;0;0;0x0000;02 Illegal Data Address
50236;0;0;0x0000;02 Illegal Data Address
50237;0;0;0x0000;02 Illegal Data Address
50238;0;0;0x0000;02 Illegal Data Address
50239;0;0;0x0000;02 Illegal Data Address
50240;0;0;0x0000;02 Illegal Data Address
50241;0;0;0x0000;02 Illegal Data Address
50242;0;0;0x0000;02 Illegal Data Address
50243;0;0;0x0000;02 Illegal Data Address
50244;0;0;0x0000;02 Illegal Data Address
50245;0;0;0x0000;02 Illegal Data Address
50246;0;0;0x0000;02 Illegal Data Address
50247;0;0;0x0000;02 Illegal Data Address
50248;0;0;0x0000;02 Illegal Data Address
50249;0;0;0x0000;02 Illegal Data Address
50250;0;0;0x0000;02 Illegal Data Address
50251;0;0;0x0000;02 Illegal Data Address
50252;0;0;0x0000;02 Illegal Data Address
50253;0;0;0x0000;02 Illegal Data Address
50254;0;0;0x0000;02 Illegal Data Address
50255;0;0;0x0000;02 Illegal Data Address
50256;0;0;0x0000;02 Illegal Data Address
50257;0;0;0x0000;02 Illegal Data Address
50258;0;0;0x0000;02 Illegal Data Address
50259;0;0;0x0000;02 Illegal Data Address
50260;0;0;0x0000;02 Illegal Data Address
50261;0;0;0x0000;02 Illegal Data Address
50262;0;0;0x0000;02 Illegal Data Address
50263;0;0;0x0000;02 Illegal Data Address
50264;0;0;0x0000;02 Illegal Data Address
50265;0;0;0x0000;02 Illegal Data Address
50266;0;0;0x0000;02 Illegal Data Address
50267;0;0;0x0000;02 Illegal Data Address
50268;0;0;0x0000;02 Illegal Data Address
50269;0;0;0x0000;02 Illegal Data Address
50270;0;0;0x0000;02 Illegal Data Address
50271;0;0;0x0000;02 Illegal Data Address
50272;0;0;0x0000;02 Illegal Data Address
50273;0;0;0x0000;02 Illegal Data Address
50274;0;0;0x0000;02 Illegal Data Address
50275;0;0;0x0000;02 Illegal Data Address
50276;0;0;0x0000;02 Illegal Data Address
50277;0;0;0x0000;02 Illegal Data Address
50278;0;0;0x0000;02 Illegal Data Address
50279;0;0;0x0000;02 Illegal Data Address
50280;0;0;0x0000;02 Illegal Data Address
50281;0;0;0x0000;02 Illegal Data Address
50282;0;0;0x0000;02 Illegal Data Address
50283;0;0;0x0000;02 Illegal Data Address
50284;0;0;0x0000;02 Illegal Data Address
50285;0;0;0x0000;02 Illegal Data Address
50286;0;0;0x0000;02 Illegal Data Address
50287;0;0;0x0000;02 Illegal Data Address
50288;0;0;0x0000;02 Illegal Data Address
50289;0;0;0x0000;02 Illegal Data Address
50290;0;0;0x0000;02 Illegal Data Address
50291;0;0;0x0000;02 Illegal Data Address
50292;0;0;0x0000;02 Illegal Data Address
50293;0;0;0x0000;02 Illegal Data Address
50294;0;0;0x0000;02 Illegal Data Address
50295;0;0;0x0000;02 Illegal Data Address
50296;0;0;0x0000;02 Illegal Data Address
50297;0;0;0x0000;02 Illegal Data Address
50298;0;0;0x0000;02 Illegal Data Address
50299;0;0;0x0000;02 Illegal Data Address
50300;0;0;0x0000;02 Illegal Data Address
50301;0;0;0x0000;02 Illegal Data Address
50302;0;0;0x0000;02 Illegal Data Address
50303;0;0;0x0000;02 Illegal Data Address
50304;0;0;0x0000;02 Illegal Data Address
50305;0;0;0x0000;02 Illegal Data Address
50306;0;0;0x0000;02 Illegal Data Address
50307;0;0;0x0000;02 Illegal Data Address
50308;0;0;0x0000;02 Illegal Data Address
50309;0;0;0x0000;02 Illegal Data Address
50310;0;0;0x0000;02 Illegal Data Address
50311;0;0;0x0000;02 Illegal Data Address
50312;0;0;0x0000;02 Illegal Data Address
50313;0;0;0x0000;02 Illegal Data Address
50314;0;0;0x0000;02 Illegal Data Address
50315;0;0;0x0000;02 Illegal Data Address
50316;0;0;0x0000;02 Illegal Data Address
50317;0;0;0x0000;02 Illegal Data Address
50318;0;0;0x0000;02 Illegal Data Address
50319;0;0;0x0000;02 Illegal Data Address
50320;0;0;0x0000;02 Illegal Data Address
50321;0;0;0x0000;02 Illegal Data Address
50322;0;0;0x0000;02 Illegal Data Address
50323;0;0;0x0000;02 Illegal Data Address
50324;0;0;0x0000;02 Illegal Data Address
50325;0;0;0x0000;02 Illegal Data Address
50326;0;0;0x0000;02 Illegal Data Address
50327;0;0;0x0000;02 Illegal Data Address
50328;0;0;0x0000;02 Illegal Data Address
50329;0;0;0x0000;02 Illegal Data Address
50330;0;0;0x0000;02 Illegal Data Address
50331;0;0;0x0000;02 Illegal Data Address
50332;0;0;0x0000;02 Illegal Data Address
50333;0;0;0x0000;02 Illegal Data Address
50334;0;0;0x0000;02 Illegal Data Address
50335;0;0;0x0000;02 Illegal Data Address
50336;0;0;0x0000;02 Illegal Data Address
50337;0;0;0x0000;02 Illegal Data Address
50338;0;0;0x0000;02 Illegal Data Address
50339;0;0;0x0000;02 Illegal Data Address
50340;0;0;0x0000;02 Illegal Data Address
50341;0;0;0x0000;02 Illegal Data Address
50342;0;0;0x0000;02 Illegal Data Address
50343;0;0;0x0000;02 Illegal Data Address
50344;0;0;0x0000;02 Illegal Data Address
50345;0;0;0x0000;02 Illegal Data Address
50346;0;0;0x0000;02 Illegal Data Address
50347;0;0;0x0000;02 Illegal Data Address
50348;0;0;0x0000;02 Illegal Data Address
50349;0;0;0x0000;02 Illegal Data Address
50350;0;0;0x0000;02 Illegal Data Address
50351;0;0;0x0000;02 Illegal Data Address
50352;0;0;0x0000;02 Illegal Data Address
50353;0;0;0x0000;02 Illegal Data Address
50354;0;0;0x0000;02 Illegal Data Address
50355;0;0;0x0000;02 Illegal Data Address
50356;0;0;0x0000;02 Illegal Data Address
50357;0;0;0x0000;02 Illegal Data Address
50358;0;0;0x0000;02 Illegal Data Address
50359;0;0;0x0000;02 Illegal Data Address
50360;0;0;0x0000;02 Illegal Data Address
50361;0;0;0x0000;02 Illegal Data Address
50362;0;0;0x0000;02 Illegal Data Address
50363;0;0;0x0000;02 Illegal Data Address
50364;0;0;0x0000;02 Illegal Data Address
50365;0;0;0x0000;02 Illegal Data Address
50366;0;0;0x0000;02 Illegal Data Address
50367;0;0;0x0000;02 Illegal Data Address
50368;0;0;0x0000;02 Illegal Data Address
50369;0;0;0x0000;02 Illegal Data Address
50370;0;0;0x0000;02 Illegal Data Address
50371;0;0;0x0000;02 Illegal Data Address
50372;0;0;0x0000;02 Illegal Data Address
50373;0;0;0x0000;02 Illegal Data Address
50374;0;0;0x0000;02 Illegal Data Address
50375;0;0;0x0000;02 Illegal Data Address
50376;0;0;0x0000;02 Illegal Data Address
50377;0;0;0x0000;02 Illegal Data Address
50378;0;0;0x0000;02 Illegal Data Address
50379;0;0;0x0000;02 Illegal Data Address
50380;0;0;0x0000;02 Illegal Data Address
50381;0;0;0x0000;02 Illegal Data Address
50382;0;0;0x0000;02 Illegal Data Address
50383;0;0;0x0000;02 Illegal Data Address
50384;0;0;0x0000;02 Illegal Data Address
50385;0;0;0x0000;02 Illegal Data Address
50386;0;0;0x0000;02 Illegal Data Address
50387;0;0;0x0000;02 Illegal Data Address
50388;0;0;0x0000;02 Illegal Data Address
50389;0;0;0x0000;02 Illegal Data Address
50390;0;0;0x0000;02 Illegal Data Address
50391;0;0;0x0000;02 Illegal Data Address
50392;0;0;0x0000;02 Illegal Data Address
50393;0;0;0x0000;02 Illegal Data Address
50394;0;0;0x0000;02 Illegal Data Address
50395;0;0;0x0000;02 Illegal Data Address
50396;0;0;0x0000;02 Illegal Data Address
50397;0;0;0x0000;02 Illegal Data Address
50398;0;0;0x0000;02 Illegal Data Address
50399;0;0;0x0000;02 Illegal Data Address
50400;0;0;0x0000;02 Illegal Data Address
50401;0;0;0x0000;02 Illegal Data Address
50402;0;0;0x0000;02 Illegal Data Address
50403;0;0;0x0000;02 Illegal Data Address
50404;0;0;0x0000;02 Illegal Data Address
50405;0;0;0x0000;02 Illegal Data Address
50406;0;0;0x0000;02 Illegal Data Address
50407;0;0;0x0000;02 Illegal Data Address
50408;0;0;0x0000;02 Illegal Data Address
50409;0;0;0x0000;02 Illegal Data Address
50410;0;0;0x0000;02 Illegal Data Address
50411;0;0;0x0000;02 Illegal Data Address
50412;0;0;0x0000;02 Illegal Data Address
50413;0;0;0x0000;02 Illegal Data Address
50414;0;0;0x0000;02 Illegal Data Address
50415;0;0;0x0000;02 Illegal Data Address
50416;0;0;0x0000;02 Illegal Data Address
50417;0;0;0x0000;02 Illegal Data Address
50418;0;0;0x0000;02 Illegal Data Address
50419;0;0;0x0000;02 Illegal Data Address
50420;0;0;0x0000;02 Illegal Data Address
50421;0;0;0x0000;02 Illegal Data Address
50422;0;0;0x0000;02 Illegal Data Address
50423;0;0;0x0000;02 Illegal Data Address
50424;0;0;0x0000;02 Illegal Data Address
50425;0;0;0x0000;02 Illegal Data Address
50426;0;0;0x0000;02 Illegal Data Address
50427;0;0;0x0000;02 Illegal Data Address
50428;0;0;0x0000;02 Illegal Data Address
50429;0;0;0x0000;02 Illegal Data Address
50430;0;0;0x0000;02 Illegal Data Address
50431;0;0;0x0000;02 Illegal Data Address
50432;0;0;0x0000;02 Illegal Data Address
50433;0;0;0x0000;02 Illegal Data Address
50434;0;0;0x0000;02 Illegal Data Address
50435;0;0;0x0000;02 Illegal Data Address
50436;0;0;0x0000;02 Illegal Data Address
50437;0;0;0x0000;02 Illegal Data Address
50438;0;0;0x0000;02 Illegal Data Address
50439;0;0;0x0000;02 Illegal Data Address
50440;0;0;0x0000;02 Illegal Data Address
50441;0;0;0x0000;02 Illegal Data Address
50442;0;0;0x0000;02 Illegal Data Address
50443;0;0;0x0000;02 Illegal Data Address
50444;0;0;0x0000;02 Illegal Data Address
50445;0;0;0x0000;02 Illegal Data Address
50446;0;0;0x0000;02 Illegal Data Address
50447;0;0;0x0000;02 Illegal Data Address
50448;0;0;0x0000;02 Illegal Data Address
50449;0;0;0x0000;02 Illegal Data Address
50450;0;0;0x0000;02 Illegal Data Address
50451;0;0;0x0000;02 Illegal Data Address
50452;0;0;0x0000;02 Illegal Data Address
50453;0;0;0x0000;02 Illegal Data Address
50454;0;0;0x0000;02 Illegal Data Address
50455;0;0;0x0000;02 Illegal Data Address
50456;0;0;0x0000;02 Illegal Data Address
50457;0;0;0x0000;02 Illegal Data Address
50458;0;0;0x0000;02 Illegal Data Address
50459;0;0;0x0000;02 Illegal Data Address
50460;0;0;0x0000;02 Illegal Data Address
50461;0;0;0x0000;02 Illegal Data Address
50462;0;0;0x0000;02 Illegal Data Address
50463;0;0;0x0000;02 Illegal Data Address
50464;0;0;0x0000;02 Illegal Data Address
50465;0;0;0x0000;02 Illegal Data Address
50466;0;0;0x0000;02 Illegal Data Address
50467;0;0;0x0000;02 Illegal Data Address
50468;0;0;0x0000;02 Illegal Data Address
50469;0;0;0x0000;02 Illegal Data Address
50470;0;0;0x0000;02 Illegal Data Address
50471;0;0;0x0000;02 Illegal Data Address
50472;0;0;0x0000;02 Illegal Data Address
50473;0;0;0x0000;02 Illegal Data Address
50474;0;0;0x0000;02 Illegal Data Address
50475;0;0;0x0000;02 Illegal Data Address
50476;0;0;0x0000;02 Illegal Data Address
50477;0;0;0x0000;02 Illegal Data Address
50478;0;0;0x0000;02 Illegal Data Address
50479;0;0;0x0000;02 Illegal Data Address
50480;0;0;0x0000;02 Illegal Data Address
50481;0;0;0x0000;02 Illegal Data Address
50482;0;0;0x0000;02 Illegal Data Address
50483;0;0;0x0000;02 Illegal Data Address
50484;0;0;0x0000;02 Illegal Data Address
50485;0;0;0x0000;02 Illegal Data Address
50486;0;0;0x0000;02 Illegal Data Address
50487;0;0;0x0000;02 Illegal Data Address
50488;0;0;0x0000;02 Illegal Data Address
50489;0;0;0x0000;02 Illegal Data Address
50490;0;0;0x0000;02 Illegal Data Address
50491;0;0;0x0000;02 Illegal Data Address
50492;0;0;0x0000;02 Illegal Data Address
50493;0;0;0x0000;02 Illegal Data Address
50494;0;0;0x0000;02 Illegal Data Address
50495;0;0;0x0000;02 Illegal Data Address
50496;0;0;0x0000;02 Illegal Data Address
50497;0;0;0x0000;02 Illegal Data Address
50498;0;0;0x0000;02 Illegal Data Address
50499;0;0;0x0000;02 Illegal Data Address
50500;0;0;0x0000;02 Illegal Data Address
50501;0;0;0x0000;02 Illegal Data Address
50502;0;0;0x0000;02 Illegal Data Address
50503;0;0;0x0000;02 Illegal Data Address
50504;0;0;0x0000;02 Illegal Data Address
50505;0;0;0x0000;02 Illegal Data Address
50506;0;0;0x0000;02 Illegal Data Address
50507;0;0;0x0000;02 Illegal Data Address
50508;0;0;0x0000;02 Illegal Data Address
50509;0;0;0x0000;02 Illegal Data Address
50510;0;0;0x0000;02 Illegal Data Address
50511;0;0;0x0000;02 Illegal Data Address
50512;0;0;0x0000;02 Illegal Data Address
50513;0;0;0x0000;02 Illegal Data Address
50514;0;0;0x0000;02 Illegal Data Address
50515;0;0;0x0000;02 Illegal Data Address
50516;0;0;0x0000;02 Illegal Data Address
50517;0;0;0x0000;02 Illegal Data Address
50518;0;0;0x0000;02 Illegal Data Address
50519;0;0;0x0000;02 Illegal Data Address
50520;0;0;0x0000;02 Illegal Data Address
50521;0;0;0x0000;02 Illegal Data Address
50522;0;0;0x0000;02 Illegal Data Address
50523;0;0;0x0000;02 Illegal Data Address
50524;0;0;0x0000;02 Illegal Data Address
50525;0;0;0x0000;02 Illegal Data Address
50526;0;0;0x0000;02 Illegal Data Address
50527;0;0;0x0000;02 Illegal Data Address
50528;0;0;0x0000;02 Illegal Data Address
50529;0;0;0x0000;02 Illegal Data Address
50530;0;0;0x0000;02 Illegal Data Address
50531;0;0;0x0000;02 Illegal Data Address
50532;0;0;0x0000;02 Illegal Data Address
50533;0;0;0x0000;02 Illegal Data Address
50534;0;0;0x0000;02 Illegal Data Address
50535;0;0;0x0000;02 Illegal Data Address
50536;0;0;0x0000;02 Illegal Data Address
50537;0;0;0x0000;02 Illegal Data Address
50538;0;0;0x0000;02 Illegal Data Address
50539;0;0;0x0000;02 Illegal Data Address
50540;0;0;0x0000;02 Illegal Data Address
50541;0;0;0x0000;02 Illegal Data Address
50542;0;0;0x0000;02 Illegal Data Address
50543;0;0;0x0000;02 Illegal Data Address
50544;0;0;0x0000;02 Illegal Data Address
50545;0;0;0x0000;02 Illegal Data Address
50546;0;0;0x0000;02 Illegal Data Address
50547;0;0;0x0000;02 Illegal Data Address
50548;0;0;0x0000;02 Illegal Data Address
50549;0;0;0x0000;02 Illegal Data Address
50550;0;0;0x0000;02 Illegal Data Address
50551;0;0;0x0000;02 Illegal Data Address
50552;0;0;0x0000;02 Illegal Data Address
50553;0;0;0x0000;02 Illegal Data Address
50554;0;0;0x0000;02 Illegal Data Address
50555;0;0;0x0000;02 Illegal Data Address
50556;0;0;0x0000;02 Illegal Data Address
50557;0;0;0x0000;02 Illegal Data Address
50558;0;0;0x0000;02 Illegal Data Address
50559;0;0;0x0000;02 Illegal Data Address
50560;0;0;0x0000;02 Illegal Data Address
50561;0;0;0x0000;02 Illegal Data Address
50562;0;0;0x0000;02 Illegal Data Address
50563;0;0;0x0000;02 Illegal Data Address
50564;0;0;0x0000;02 Illegal Data Address
50565;0;0;0x0000;02 Illegal Data Address
50566;0;0;0x0000;02 Illegal Data Address
50567;0;0;0x0000;02 Illegal Data Address
50568;0;0;0x0000;02 Illegal Data Address
50569;0;0;0x0000;02 Illegal Data Address
50570;0;0;0x0000;02 Illegal Data Address
50571;0;0;0x0000;02 Illegal Data Address
50572;0;0;0x0000;02 Illegal Data Address
50573;0;0;0x0000;02 Illegal Data Address
50574;0;0;0x0000;02 Illegal Data Address
50575;0;0;0x0000;02 Illegal Data Address
50576;0;0;0x0000;02 Illegal Data Address
50577;0;0;0x0000;02 Illegal Data Address
50578;0;0;0x0000;02 Illegal Data Address
50579;0;0;0x0000;02 Illegal Data Address
50580;0;0;0x0000;02 Illegal Data Address
50581;0;0;0x0000;02 Illegal Data Address
50582;0;0;0x0000;02 Illegal Data Address
50583;0;0;0x0000;02 Illegal Data Address
50584;0;0;0x0000;02 Illegal Data Address
50585;0;0;0x0000;02 Illegal Data Address
50586;0;0;0x0000;02 Illegal Data Address
50587;0;0;0x0000;02 Illegal Data Address
50588;0;0;0x0000;02 Illegal Data Address
50589;0;0;0x0000;02 Illegal Data Address
50590;0;0;0x0000;02 Illegal Data Address
50591;0;0;0x0000;02 Illegal Data Address
50592;0;0;0x0000;02 Illegal Data Address
50593;0;0;0x0000;02 Illegal Data Address
50594;0;0;0x0000;02 Illegal Data Address
50595;0;0;0x0000;02 Illegal Data Address
50596;0;0;0x0000;02 Illegal Data Address
50597;0;0;0x0000;02 Illegal Data Address
50598;0;0;0x0000;02 Illegal Data Address
50599;0;0;0x0000;02 Illegal Data Address
50600;0;0;0x0000;02 Illegal Data Address
50601;0;0;0x0000;02 Illegal Data Address
50602;0;0;0x0000;02 Illegal Data Address
50603;0;0;0x0000;02 Illegal Data Address
50604;0;0;0x0000;02 Illegal Data Address
50605;0;0;0x0000;02 Illegal Data Address
50606;0;0;0x0000;02 Illegal Data Address
50607;0;0;0x0000;02 Illegal Data Address
50608;0;0;0x0000;02 Illegal Data Address
50609;0;0;0x0000;02 Illegal Data Address
50610;0;0;0x0000;02 Illegal Data Address
50611;0;0;0x0000;02 Illegal Data Address
50612;0;0;0x0000;02 Illegal Data Address
50613;0;0;0x0000;02 Illegal Data Address
50614;0;0;0x0000;02 Illegal Data Address
50615;0;0;0x0000;02 Illegal Data Address
50616;0;0;0x0000;02 Illegal Data Address
50617;0;0;0x0000;02 Illegal Data Address
50618;0;0;0x0000;02 Illegal Data Address
50619;0;0;0x0000;02 Illegal Data Address
50620;0;0;0x0000;02 Illegal Data Address
50621;0;0;0x0000;02 Illegal Data Address
50622;0;0;0x0000;02 Illegal Data Address
50623;0;0;0x0000;02 Illegal Data Address
50624;0;0;0x0000;02 Illegal Data Address
50625;0;0;0x0000;02 Illegal Data Address
50626;0;0;0x0000;02 Illegal Data Address
50627;0;0;0x0000;02 Illegal Data Address
50628;0;0;0x0000;02 Illegal Data Address
50629;0;0;0x0000;02 Illegal Data Address
50630;0;0;0x0000;02 Illegal Data Address
50631;0;0;0x0000;02 Illegal Data Address
50632;0;0;0x0000;02 Illegal Data Address
50633;0;0;0x0000;02 Illegal Data Address
50634;0;0;0x0000;02 Illegal Data Address
50635;0;0;0x0000;02 Illegal Data Address
50636;0;0;0x0000;02 Illegal Data Address
50637;0;0;0x0000;02 Illegal Data Address
50638;0;0;0x0000;02 Illegal Data Address
50639;0;0;0x0000;02 Illegal Data Address
50640;0;0;0x0000;02 Illegal Data Address
50641;0;0;0x0000;02 Illegal Data Address
50642;0;0;0x0000;02 Illegal Data Address
50643;0;0;0x0000;02 Illegal Data Address
50644;0;0;0x0000;02 Illegal Data Address
50645;0;0;0x0000;02 Illegal Data Address
50646;0;0;0x0000;02 Illegal Data Address
50647;0;0;0x0000;02 Illegal Data Address
50648;0;0;0x0000;02 Illegal Data Address
50649;0;0;0x0000;02 Illegal Data Address
50650;0;0;0x0000;02 Illegal Data Address
50651;0;0;0x0000;02 Illegal Data Address
50652;0;0;0x0000;02 Illegal Data Address
50653;0;0;0x0000;02 Illegal Data Address
50654;0;0;0x0000;02 Illegal Data Address
50655;0;0;0x0000;02 Illegal Data Address
50656;0;0;0x0000;02 Illegal Data Address
50657;0;0;0x0000;02 Illegal Data Address
50658;0;0;0x0000;02 Illegal Data Address
50659;0;0;0x0000;02 Illegal Data Address
50660;0;0;0x0000;02 Illegal Data Address
50661;0;0;0x0000;02 Illegal Data Address
50662;0;0;0x0000;02 Illegal Data Address
50663;0;0;0x0000;02 Illegal Data Address
50664;0;0;0x0000;02 Illegal Data Address
50665;0;0;0x0000;02 Illegal Data Address
50666;0;0;0x0000;02 Illegal Data Address
50667;0;0;0x0000;02 Illegal Data Address
50668;0;0;0x0000;02 Illegal Data Address
50669;0;0;0x0000;02 Illegal Data Address
50670;0;0;0x0000;02 Illegal Data Address
50671;0;0;0x0000;02 Illegal Data Address
50672;0;0;0x0000;02 Illegal Data Address
50673;0;0;0x0000;02 Illegal Data Address
50674;0;0;0x0000;02 Illegal Data Address
50675;0;0;0x0000;02 Illegal Data Address
50676;0;0;0x0000;02 Illegal Data Address
50677;0;0;0x0000;02 Illegal Data Address
50678;0;0;0x0000;02 Illegal Data Address
50679;0;0;0x0000;02 Illegal Data Address
50680;0;0;0x0000;02 Illegal Data Address
50681;0;0;0x0000;02 Illegal Data Address
50682;0;0;0x0000;02 Illegal Data Address
50683;0;0;0x0000;02 Illegal Data Address
50684;0;0;0x0000;02 Illegal Data Address
50685;0;0;0x0000;02 Illegal Data Address
50686;0;0;0x0000;02 Illegal Data Address
50687;0;0;0x0000;02 Illegal Data Address
50688;0;0;0x0000;02 Illegal Data Address
50689;0;0;0x0000;02 Illegal Data Address
50690;0;0;0x0000;02 Illegal Data Address
50691;0;0;0x0000;02 Illegal Data Address
50692;0;0;0x0000;02 Illegal Data Address
50693;0;0;0x0000;02 Illegal Data Address
50694;0;0;0x0000;02 Illegal Data Address
50695;0;0;0x0000;02 Illegal Data Address
50696;0;0;0x0000;02 Illegal Data Address
50697;0;0;0x0000;02 Illegal Data Address
50698;0;0;0x0000;02 Illegal Data Address
50699;0;0;0x0000;02 Illegal Data Address
50700;0;0;0x0000;02 Illegal Data Address
50701;0;0;0x0000;02 Illegal Data Address
50702;0;0;0x0000;02 Illegal Data Address
50703;0;0;0x0000;02 Illegal Data Address
50704;0;0;0x0000;02 Illegal Data Address
50705;0;0;0x0000;02 Illegal Data Address
50706;0;0;0x0000;02 Illegal Data Address
50707;0;0;0x0000;02 Illegal Data Address
50708;0;0;0x0000;02 Illegal Data Address
50709;0;0;0x0000;02 Illegal Data Address
50710;0;0;0x0000;02 Illegal Data Address
50711;0;0;0x0000;02 Illegal Data Address
50712;0;0;0x0000;02 Illegal Data Address
50713;0;0;0x0000;02 Illegal Data Address
50714;0;0;0x0000;02 Illegal Data Address
50715;0;0;0x0000;02 Illegal Data Address
50716;0;0;0x0000;02 Illegal Data Address
50717;0;0;0x0000;02 Illegal Data Address
50718;0;0;0x0000;02 Illegal Data Address
50719;0;0;0x0000;02 Illegal Data Address
50720;0;0;0x0000;02 Illegal Data Address
50721;0;0;0x0000;02 Illegal Data Address
50722;0;0;0x0000;02 Illegal Data Address
50723;0;0;0x0000;02 Illegal Data Address
50724;0;0;0x0000;02 Illegal Data Address
50725;0;0;0x0000;02 Illegal Data Address
50726;0;0;0x0000;02 Illegal Data Address
50727;0;0;0x0000;02 Illegal Data Address
50728;0;0;0x0000;02 Illegal Data Address
50729;0;0;0x0000;02 Illegal Data Address
50730;0;0;0x0000;02 Illegal Data Address
50731;0;0;0x0000;02 Illegal Data Address
50732;0;0;0x0000;02 Illegal Data Address
50733;0;0;0x0000;02 Illegal Data Address
50734;0;0;0x0000;02 Illegal Data Address
50735;0;0;0x0000;02 Illegal Data Address
50736;0;0;0x0000;02 Illegal Data Address
50737;0;0;0x0000;02 Illegal Data Address
50738;0;0;0x0000;02 Illegal Data Address
50739;0;0;0x0000;02 Illegal Data Address
50740;0;0;0x0000;02 Illegal Data Address
50741;0;0;0x0000;02 Illegal Data Address
50742;0;0;0x0000;02 Illegal Data Address
50743;0;0;0x0000;02 Illegal Data Address
50744;0;0;0x0000;02 Illegal Data Address
50745;0;0;0x0000;02 Illegal Data Address
50746;0;0;0x0000;02 Illegal Data Address
50747;0;0;0x0000;02 Illegal Data Address
50748;0;0;0x0000;02 Illegal Data Address
50749;0;0;0x0000;02 Illegal Data Address
50750;0;0;0x0000;02 Illegal Data Address
50751;0;0;0x0000;02 Illegal Data Address
50752;0;0;0x0000;02 Illegal Data Address
50753;0;0;0x0000;02 Illegal Data Address
50754;0;0;0x0000;02 Illegal Data Address
50755;0;0;0x0000;02 Illegal Data Address
50756;0;0;0x0000;02 Illegal Data Address
50757;0;0;0x0000;02 Illegal Data Address
50758;0;0;0x0000;02 Illegal Data Address
50759;0;0;0x0000;02 Illegal Data Address
50760;0;0;0x0000;02 Illegal Data Address
50761;0;0;0x0000;02 Illegal Data Address
50762;0;0;0x0000;02 Illegal Data Address
50763;0;0;0x0000;02 Illegal Data Address
50764;0;0;0x0000;02 Illegal Data Address
50765;0;0;0x0000;02 Illegal Data Address
50766;0;0;0x0000;02 Illegal Data Address
50767;0;0;0x0000;02 Illegal Data Address
50768;0;0;0x0000;02 Illegal Data Address
50769;0;0;0x0000;02 Illegal Data Address
50770;0;0;0x0000;02 Illegal Data Address
50771;0;0;0x0000;02 Illegal Data Address
50772;0;0;0x0000;02 Illegal Data Address
50773;0;0;0x0000;02 Illegal Data Address
50774;0;0;0x0000;02 Illegal Data Address
50775;0;0;0x0000;02 Illegal Data Address
50776;0;0;0x0000;02 Illegal Data Address
50777;0;0;0x0000;02 Illegal Data Address
50778;0;0;0x0000;02 Illegal Data Address
50779;0;0;0x0000;02 Illegal Data Address
50780;0;0;0x0000;02 Illegal Data Address
50781;0;0;0x0000;02 Illegal Data Address
50782;0;0;0x0000;02 Illegal Data Address
50783;0;0;0x0000;02 Illegal Data Address
50784;0;0;0x0000;02 Illegal Data Address
50785;0;0;0x0000;02 Illegal Data Address
50786;0;0;0x0000;02 Illegal Data Address
50787;0;0;0x0000;02 Illegal Data Address
50788;0;0;0x0000;02 Illegal Data Address
50789;0;0;0x0000;02 Illegal Data Address
50790;0;0;0x0000;02 Illegal Data Address
50791;0;0;0x0000;02 Illegal Data Address
50792;0;0;0x0000;02 Illegal Data Address
50793;0;0;0x0000;02 Illegal Data Address
50794;0;0;0x0000;02 Illegal Data Address
50795;0;0;0x0000;02 Illegal Data Address
50796;0;0;0x0000;02 Illegal Data Address
50797;0;0;0x0000;02 Illegal Data Address
50798;0;0;0x0000;02 Illegal Data Address
50799;0;0;0x0000;02 Illegal Data Address
50800;0;0;0x0000;02 Illegal Data Address
50801;0;0;0x0000;02 Illegal Data Address
50802;0;0;0x0000;02 Illegal Data Address
50803;0;0;0x0000;02 Illegal Data Address
50804;0;0;0x0000;02 Illegal Data Address
50805;0;0;0x0000;02 Illegal Data Address
50806;0;0;0x0000;02 Illegal Data Address
50807;0;0;0x0000;02 Illegal Data Address
50808;0;0;0x0000;02 Illegal Data Address
50809;0;0;0x0000;02 Illegal Data Address
50810;0;0;0x0000;02 Illegal Data Address
50811;0;0;0x0000;02 Illegal Data Address
50812;0;0;0x0000;02 Illegal Data Address
50813;0;0;0x0000;02 Illegal Data Address
50814;0;0;0x0000;02 Illegal Data Address
50815;0;0;0x0000;02 Illegal Data Address
50816;0;0;0x0000;02 Illegal Data Address
50817;0;0;0x0000;02 Illegal Data Address
50818;0;0;0x0000;02 Illegal Data Address
50819;0;0;0x0000;02 Illegal Data Address
50820;0;0;0x0000;02 Illegal Data Address
50821;0;0;0x0000;02 Illegal Data Address
50822;0;0;0x0000;02 Illegal Data Address
50823;0;0;0x0000;02 Illegal Data Address
50824;0;0;0x0000;02 Illegal Data Address
50825;0;0;0x0000;02 Illegal Data Address
50826;0;0;0x0000;02 Illegal Data Address
50827;0;0;0x0000;02 Illegal Data Address
50828;0;0;0x0000;02 Illegal Data Address
50829;0;0;0x0000;02 Illegal Data Address
50830;0;0;0x0000;02 Illegal Data Address
50831;0;0;0x0000;02 Illegal Data Address
50832;0;0;0x0000;02 Illegal Data Address
50833;0;0;0x0000;02 Illegal Data Address
50834;0;0;0x0000;02 Illegal Data Address
50835;0;0;0x0000;02 Illegal Data Address
50836;0;0;0x0000;02 Illegal Data Address
50837;0;0;0x0000;02 Illegal Data Address
50838;0;0;0x0000;02 Illegal Data Address
50839;0;0;0x0000;02 Illegal Data Address
50840;0;0;0x0000;02 Illegal Data Address
50841;0;0;0x0000;02 Illegal Data Address
50842;0;0;0x0000;02 Illegal Data Address
50843;0;0;0x0000;02 Illegal Data Address
50844;0;0;0x0000;02 Illegal Data Address
50845;0;0;0x0000;02 Illegal Data Address
50846;0;0;0x0000;02 Illegal Data Address
50847;0;0;0x0000;02 Illegal Data Address
50848;0;0;0x0000;02 Illegal Data Address
50849;0;0;0x0000;02 Illegal Data Address
50850;0;0;0x0000;02 Illegal Data Address
50851;0;0;0x0000;02 Illegal Data Address
50852;0;0;0x0000;02 Illegal Data Address
50853;0;0;0x0000;02 Illegal Data Address
50854;0;0;0x0000;02 Illegal Data Address
50855;0;0;0x0000;02 Illegal Data Address
50856;0;0;0x0000;02 Illegal Data Address
50857;0;0;0x0000;02 Illegal Data Address
50858;0;0;0x0000;02 Illegal Data Address
50859;0;0;0x0000;02 Illegal Data Address
50860;0;0;0x0000;02 Illegal Data Address
50861;0;0;0x0000;02 Illegal Data Address
50862;0;0;0x0000;02 Illegal Data Address
50863;0;0;0x0000;02 Illegal Data Address
50864;0;0;0x0000;02 Illegal Data Address
50865;0;0;0x0000;02 Illegal Data Address
50866;0;0;0x0000;02 Illegal Data Address
50867;0;0;0x0000;02 Illegal Data Address
50868;0;0;0x0000;02 Illegal Data Address
50869;0;0;0x0000;02 Illegal Data Address
50870;0;0;0x0000;02 Illegal Data Address
50871;0;0;0x0000;02 Illegal Data Address
50872;0;0;0x0000;02 Illegal Data Address
50873;0;0;0x0000;02 Illegal Data Address
50874;0;0;0x0000;02 Illegal Data Address
50875;0;0;0x0000;02 Illegal Data Address
50876;0;0;0x0000;02 Illegal Data Address
50877;0;0;0x0000;02 Illegal Data Address
50878;0;0;0x0000;02 Illegal Data Address
50879;0;0;0x0000;02 Illegal Data Address
50880;0;0;0x0000;02 Illegal Data Address
50881;0;0;0x0000;02 Illegal Data Address
50882;0;0;0x0000;02 Illegal Data Address
50883;0;0;0x0000;02 Illegal Data Address
50884;0;0;0x0000;02 Illegal Data Address
50885;0;0;0x0000;02 Illegal Data Address
50886;0;0;0x0000;02 Illegal Data Address
50887;0;0;0x0000;02 Illegal Data Address
50888;0;0;0x0000;02 Illegal Data Address
50889;0;0;0x0000;02 Illegal Data Address
50890;0;0;0x0000;02 Illegal Data Address
50891;0;0;0x0000;02 Illegal Data Address
50892;0;0;0x0000;02 Illegal Data Address
50893;0;0;0x0000;02 Illegal Data Address
50894;0;0;0x0000;02 Illegal Data Address
50895;0;0;0x0000;02 Illegal Data Address
50896;0;0;0x0000;02 Illegal Data Address
50897;0;0;0x0000;02 Illegal Data Address
50898;0;0;0x0000;02 Illegal Data Address
50899;0;0;0x0000;02 Illegal Data Address
50900;0;0;0x0000;02 Illegal Data Address
50901;0;0;0x0000;02 Illegal Data Address
50902;0;0;0x0000;02 Illegal Data Address
50903;0;0;0x0000;02 Illegal Data Address
50904;0;0;0x0000;02 Illegal Data Address
50905;0;0;0x0000;02 Illegal Data Address
50906;0;0;0x0000;02 Illegal Data Address
50907;0;0;0x0000;02 Illegal Data Address
50908;0;0;0x0000;02 Illegal Data Address
50909;0;0;0x0000;02 Illegal Data Address
50910;0;0;0x0000;02 Illegal Data Address
50911;0;0;0x0000;02 Illegal Data Address
50912;0;0;0x0000;02 Illegal Data Address
50913;0;0;0x0000;02 Illegal Data Address
50914;0;0;0x0000;02 Illegal Data Address
50915;0;0;0x0000;02 Illegal Data Address
50916;0;0;0x0000;02 Illegal Data Address
50917;0;0;0x0000;02 Illegal Data Address
50918;0;0;0x0000;02 Illegal Data Address
50919;0;0;0x0000;02 Illegal Data Address
50920;0;0;0x0000;02 Illegal Data Address
50921;0;0;0x0000;02 Illegal Data Address
50922;0;0;0x0000;02 Illegal Data Address
50923;0;0;0x0000;02 Illegal Data Address
50924;0;0;0x0000;02 Illegal Data Address
50925;0;0;0x0000;02 Illegal Data Address
50926;0;0;0x0000;02 Illegal Data Address
50927;0;0;0x0000;02 Illegal Data Address
50928;0;0;0x0000;02 Illegal Data Address
50929;0;0;0x0000;02 Illegal Data Address
50930;0;0;0x0000;02 Illegal Data Address
50931;0;0;0x0000;02 Illegal Data Address
50932;0;0;0x0000;02 Illegal Data Address
50933;0;0;0x0000;02 Illegal Data Address
50934;0;0;0x0000;02 Illegal Data Address
50935;0;0;0x0000;02 Illegal Data Address
50936;0;0;0x0000;02 Illegal Data Address
50937;0;0;0x0000;02 Illegal Data Address
50938;0;0;0x0000;02 Illegal Data Address
50939;0;0;0x0000;02 Illegal Data Address
50940;0;0;0x0000;02 Illegal Data Address
50941;0;0;0x0000;02 Illegal Data Address
50942;0;0;0x0000;02 Illegal Data Address
50943;0;0;0x0000;02 Illegal Data Address
50944;0;0;0x0000;02 Illegal Data Address
50945;0;0;0x0000;02 Illegal Data Address
50946;0;0;0x0000;02 Illegal Data Address
50947;0;0;0x0000;02 Illegal Data Address
50948;0;0;0x0000;02 Illegal Data Address
50949;0;0;0x0000;02 Illegal Data Address
50950;0;0;0x0000;02 Illegal Data Address
50951;0;0;0x0000;02 Illegal Data Address
50952;0;0;0x0000;02 Illegal Data Address
50953;0;0;0x0000;02 Illegal Data Address
50954;0;0;0x0000;02 Illegal Data Address
50955;0;0;0x0000;02 Illegal Data Address
50956;0;0;0x0000;02 Illegal Data Address
50957;0;0;0x0000;02 Illegal Data Address
50958;0;0;0x0000;02 Illegal Data Address
50959;0;0;0x0000;02 Illegal Data Address
50960;0;0;0x0000;02 Illegal Data Address
50961;0;0;0x0000;02 Illegal Data Address
50962;0;0;0x0000;02 Illegal Data Address
50963;0;0;0x0000;02 Illegal Data Address
50964;0;0;0x0000;02 Illegal Data Address
50965;0;0;0x0000;02 Illegal Data Address
50966;0;0;0x0000;02 Illegal Data Address
50967;0;0;0x0000;02 Illegal Data Address
50968;0;0;0x0000;02 Illegal Data Address
50969;0;0;0x0000;02 Illegal Data Address
50970;0;0;0x0000;02 Illegal Data Address
50971;0;0;0x0000;02 Illegal Data Address
50972;0;0;0x0000;02 Illegal Data Address
50973;0;0;0x0000;02 Illegal Data Address
50974;0;0;0x0000;02 Illegal Data Address
50975;0;0;0x0000;02 Illegal Data Address
50976;0;0;0x0000;02 Illegal Data Address
50977;0;0;0x0000;02 Illegal Data Address
50978;0;0;0x0000;02 Illegal Data Address
50979;0;0;0x0000;02 Illegal Data Address
50980;0;0;0x0000;02 Illegal Data Address
50981;0;0;0x0000;02 Illegal Data Address
50982;0;0;0x0000;02 Illegal Data Address
50983;0;0;0x0000;02 Illegal Data Address
50984;0;0;0x0000;02 Illegal Data Address
50985;0;0;0x0000;02 Illegal Data Address
50986;0;0;0x0000;02 Illegal Data Address
50987;0;0;0x0000;02 Illegal Data Address
50988;0;0;0x0000;02 Illegal Data Address
50989;0;0;0x0000;02 Illegal Data Address
50990;0;0;0x0000;02 Illegal Data Address
50991;0;0;0x0000;02 Illegal Data Address
50992;0;0;0x0000;02 Illegal Data Address
50993;0;0;0x0000;02 Illegal Data Address
50994;0;0;0x0000;02 Illegal Data Address
50995;0;0;0x0000;02 Illegal Data Address
50996;0;0;0x0000;02 Illegal Data Address
50997;0;0;0x0000;02 Illegal Data Address
50998;0;0;0x0000;02 Illegal Data Address
50999;0;0;0x0000;02 Illegal Data Address
51000;0;0;0x0000;02 Illegal Data Address
51001;0;0;0x0000;02 Illegal Data Address
51002;0;0;0x0000;02 Illegal Data Address
51003;0;0;0x0000;02 Illegal Data Address
51004;0;0;0x0000;02 Illegal Data Address
51005;0;0;0x0000;02 Illegal Data Address
51006;0;0;0x0000;02 Illegal Data Address
51007;0;0;0x0000;02 Illegal Data Address
51008;0;0;0x0000;02 Illegal Data Address
51009;0;0;0x0000;02 Illegal Data Address
51010;0;0;0x0000;02 Illegal Data Address
51011;0;0;0x0000;02 Illegal Data Address
51012;0;0;0x0000;02 Illegal Data Address
51013;0;0;0x0000;02 Illegal Data Address
51014;0;0;0x0000;02 Illegal Data Address
51015;0;0;0x0000;02 Illegal Data Address
51016;0;0;0x0000;02 Illegal Data Address
51017;0;0;0x0000;02 Illegal Data Address
51018;0;0;0x0000;02 Illegal Data Address
51019;0;0;0x0000;02 Illegal Data Address
51020;0;0;0x0000;02 Illegal Data Address
51021;0;0;0x0000;02 Illegal Data Address
51022;0;0;0x0000;02 Illegal Data Address
51023;0;0;0x0000;02 Illegal Data Address
51024;0;0;0x0000;02 Illegal Data Address
51025;0;0;0x0000;02 Illegal Data Address
51026;0;0;0x0000;02 Illegal Data Address
51027;0;0;0x0000;02 Illegal Data Address
51028;0;0;0x0000;02 Illegal Data Address
51029;0;0;0x0000;02 Illegal Data Address
51030;0;0;0x0000;02 Illegal Data Address
51031;0;0;0x0000;02 Illegal Data Address
51032;0;0;0x0000;02 Illegal Data Address
51033;0;0;0x0000;02 Illegal Data Address
51034;0;0;0x0000;02 Illegal Data Address
51035;0;0;0x0000;02 Illegal Data Address
51036;0;0;0x0000;02 Illegal Data Address
51037;0;0;0x0000;02 Illegal Data Address
51038;0;0;0x0000;02 Illegal Data Address
51039;0;0;0x0000;02 Illegal Data Address
51040;0;0;0x0000;02 Illegal Data Address
51041;0;0;0x0000;02 Illegal Data Address
51042;0;0;0x0000;02 Illegal Data Address
51043;0;0;0x0000;02 Illegal Data Address
51044;0;0;0x0000;02 Illegal Data Address
51045;0;0;0x0000;02 Illegal Data Address
51046;0;0;0x0000;02 Illegal Data Address
51047;0;0;0x0000;02 Illegal Data Address
51048;0;0;0x0000;02 Illegal Data Address
51049;0;0;0x0000;02 Illegal Data Address
51050;0;0;0x0000;02 Illegal Data Address
51051;0;0;0x0000;02 Illegal Data Address
51052;0;0;0x0000;02 Illegal Data Address
51053;0;0;0x0000;02 Illegal Data Address
51054;0;0;0x0000;02 Illegal Data Address
51055;0;0;0x0000;02 Illegal Data Address
51056;0;0;0x0000;02 Illegal Data Address
51057;0;0;0x0000;02 Illegal Data Address
51058;0;0;0x0000;02 Illegal Data Address
51059;0;0;0x0000;02 Illegal Data Address
51060;0;0;0x0000;02 Illegal Data Address
51061;0;0;0x0000;02 Illegal Data Address
51062;0;0;0x0000;02 Illegal Data Address
51063;0;0;0x0000;02 Illegal Data Address
51064;0;0;0x0000;02 Illegal Data Address
51065;0;0;0x0000;02 Illegal Data Address
51066;0;0;0x0000;02 Illegal Data Address
51067;0;0;0x0000;02 Illegal Data Address
51068;0;0;0x0000;02 Illegal Data Address
51069;0;0;0x0000;02 Illegal Data Address
51070;0;0;0x0000;02 Illegal Data Address
51071;0;0;0x0000;02 Illegal Data Address
51072;0;0;0x0000;02 Illegal Data Address
51073;0;0;0x0000;02 Illegal Data Address
51074;0;0;0x0000;02 Illegal Data Address
51075;0;0;0x0000;02 Illegal Data Address
51076;0;0;0x0000;02 Illegal Data Address
51077;0;0;0x0000;02 Illegal Data Address
51078;0;0;0x0000;02 Illegal Data Address
51079;0;0;0x0000;02 Illegal Data Address
51080;0;0;0x0000;02 Illegal Data Address
51081;0;0;0x0000;02 Illegal Data Address
51082;0;0;0x0000;02 Illegal Data Address
51083;0;0;0x0000;02 Illegal Data Address
51084;0;0;0x0000;02 Illegal Data Address
51085;0;0;0x0000;02 Illegal Data Address
51086;0;0;0x0000;02 Illegal Data Address
51087;0;0;0x0000;02 Illegal Data Address
51088;0;0;0x0000;02 Illegal Data Address
51089;0;0;0x0000;02 Illegal Data Address
51090;0;0;0x0000;02 Illegal Data Address
51091;0;0;0x0000;02 Illegal Data Address
51092;0;0;0x0000;02 Illegal Data Address
51093;0;0;0x0000;02 Illegal Data Address
51094;0;0;0x0000;02 Illegal Data Address
51095;0;0;0x0000;02 Illegal Data Address
51096;0;0;0x0000;02 Illegal Data Address
51097;0;0;0x0000;02 Illegal Data Address
51098;0;0;0x0000;02 Illegal Data Address
51099;0;0;0x0000;02 Illegal Data Address
51100;0;0;0x0000;02 Illegal Data Address
51101;0;0;0x0000;02 Illegal Data Address
51102;0;0;0x0000;02 Illegal Data Address
51103;0;0;0x0000;02 Illegal Data Address
51104;0;0;0x0000;02 Illegal Data Address
51105;0;0;0x0000;02 Illegal Data Address
51106;0;0;0x0000;02 Illegal Data Address
51107;0;0;0x0000;02 Illegal Data Address
51108;0;0;0x0000;02 Illegal Data Address
51109;0;0;0x0000;02 Illegal Data Address
51110;0;0;0x0000;02 Illegal Data Address
51111;0;0;0x0000;02 Illegal Data Address
51112;0;0;0x0000;02 Illegal Data Address
51113;0;0;0x0000;02 Illegal Data Address
51114;0;0;0x0000;02 Illegal Data Address
51115;0;0;0x0000;02 Illegal Data Address
51116;0;0;0x0000;02 Illegal Data Address
51117;0;0;0x0000;02 Illegal Data Address
51118;0;0;0x0000;02 Illegal Data Address
51119;0;0;0x0000;02 Illegal Data Address
51120;0;0;0x0000;02 Illegal Data Address
51121;0;0;0x0000;02 Illegal Data Address
51122;0;0;0x0000;02 Illegal Data Address
51123;0;0;0x0000;02 Illegal Data Address
51124;0;0;0x0000;02 Illegal Data Address
51125;0;0;0x0000;02 Illegal Data Address
51126;0;0;0x0000;02 Illegal Data Address
51127;0;0;0x0000;02 Illegal Data Address
51128;0;0;0x0000;02 Illegal Data Address
51129;0;0;0x0000;02 Illegal Data Address
51130;0;0;0x0000;02 Illegal Data Address
51131;0;0;0x0000;02 Illegal Data Address
51132;0;0;0x0000;02 Illegal Data Address
51133;0;0;0x0000;02 Illegal Data Address
51134;0;0;0x0000;02 Illegal Data Address
51135;0;0;0x0000;02 Illegal Data Address
51136;0;0;0x0000;02 Illegal Data Address
51137;0;0;0x0000;02 Illegal Data Address
51138;0;0;0x0000;02 Illegal Data Address
51139;0;0;0x0000;02 Illegal Data Address
51140;0;0;0x0000;02 Illegal Data Address
51141;0;0;0x0000;02 Illegal Data Address
51142;0;0;0x0000;02 Illegal Data Address
51143;0;0;0x0000;02 Illegal Data Address
51144;0;0;0x0000;02 Illegal Data Address
51145;0;0;0x0000;02 Illegal Data Address
51146;0;0;0x0000;02 Illegal Data Address
51147;0;0;0x0000;02 Illegal Data Address
51148;0;0;0x0000;02 Illegal Data Address
51149;0;0;0x0000;02 Illegal Data Address
51150;0;0;0x0000;02 Illegal Data Address
51151;0;0;0x0000;02 Illegal Data Address
51152;0;0;0x0000;02 Illegal Data Address
51153;0;0;0x0000;02 Illegal Data Address
51154;0;0;0x0000;02 Illegal Data Address
51155;0;0;0x0000;02 Illegal Data Address
51156;0;0;0x0000;02 Illegal Data Address
51157;0;0;0x0000;02 Illegal Data Address
51158;0;0;0x0000;02 Illegal Data Address
51159;0;0;0x0000;02 Illegal Data Address
51160;0;0;0x0000;02 Illegal Data Address
51161;0;0;0x0000;02 Illegal Data Address
51162;0;0;0x0000;02 Illegal Data Address
51163;0;0;0x0000;02 Illegal Data Address
51164;0;0;0x0000;02 Illegal Data Address
51165;0;0;0x0000;02 Illegal Data Address
51166;0;0;0x0000;02 Illegal Data Address
51167;0;0;0x0000;02 Illegal Data Address
51168;0;0;0x0000;02 Illegal Data Address
51169;0;0;0x0000;02 Illegal Data Address
51170;0;0;0x0000;02 Illegal Data Address
51171;0;0;0x0000;02 Illegal Data Address
51172;0;0;0x0000;02 Illegal Data Address
51173;0;0;0x0000;02 Illegal Data Address
51174;0;0;0x0000;02 Illegal Data Address
51175;0;0;0x0000;02 Illegal Data Address
51176;0;0;0x0000;02 Illegal Data Address
51177;0;0;0x0000;02 Illegal Data Address
51178;0;0;0x0000;02 Illegal Data Address
51179;0;0;0x0000;02 Illegal Data Address
51180;0;0;0x0000;02 Illegal Data Address
51181;0;0;0x0000;02 Illegal Data Address
51182;0;0;0x0000;02 Illegal Data Address
51183;0;0;0x0000;02 Illegal Data Address
51184;0;0;0x0000;02 Illegal Data Address
51185;0;0;0x0000;02 Illegal Data Address
51186;0;0;0x0000;02 Illegal Data Address
51187;0;0;0x0000;02 Illegal Data Address
51188;0;0;0x0000;02 Illegal Data Address
51189;0;0;0x0000;02 Illegal Data Address
51190;0;0;0x0000;02 Illegal Data Address
51191;0;0;0x0000;02 Illegal Data Address
51192;0;0;0x0000;02 Illegal Data Address
51193;0;0;0x0000;02 Illegal Data Address
51194;0;0;0x0000;02 Illegal Data Address
51195;0;0;0x0000;02 Illegal Data Address
51196;0;0;0x0000;02 Illegal Data Address
51197;0;0;0x0000;02 Illegal Data Address
51198;0;0;0x0000;02 Illegal Data Address
51199;0;0;0x0000;02 Illegal Data Address
51200;0;0;0x0000;02 Illegal Data Address
51201;0;0;0x0000;02 Illegal Data Address
51202;0;0;0x0000;02 Illegal Data Address
51203;0;0;0x0000;02 Illegal Data Address
51204;0;0;0x0000;02 Illegal Data Address
51205;0;0;0x0000;02 Illegal Data Address
51206;0;0;0x0000;02 Illegal Data Address
51207;0;0;0x0000;02 Illegal Data Address
51208;0;0;0x0000;02 Illegal Data Address
51209;0;0;0x0000;02 Illegal Data Address
51210;0;0;0x0000;02 Illegal Data Address
51211;0;0;0x0000;02 Illegal Data Address
51212;0;0;0x0000;02 Illegal Data Address
51213;0;0;0x0000;02 Illegal Data Address
51214;0;0;0x0000;02 Illegal Data Address
51215;0;0;0x0000;02 Illegal Data Address
51216;0;0;0x0000;02 Illegal Data Address
51217;0;0;0x0000;02 Illegal Data Address
51218;0;0;0x0000;02 Illegal Data Address
51219;0;0;0x0000;02 Illegal Data Address
51220;0;0;0x0000;02 Illegal Data Address
51221;0;0;0x0000;02 Illegal Data Address
51222;0;0;0x0000;02 Illegal Data Address
51223;0;0;0x0000;02 Illegal Data Address
51224;0;0;0x0000;02 Illegal Data Address
51225;0;0;0x0000;02 Illegal Data Address
51226;0;0;0x0000;02 Illegal Data Address
51227;0;0;0x0000;02 Illegal Data Address
51228;0;0;0x0000;02 Illegal Data Address
51229;0;0;0x0000;02 Illegal Data Address
51230;0;0;0x0000;02 Illegal Data Address
51231;0;0;0x0000;02 Illegal Data Address
51232;0;0;0x0000;02 Illegal Data Address
51233;0;0;0x0000;02 Illegal Data Address
51234;0;0;0x0000;02 Illegal Data Address
51235;0;0;0x0000;02 Illegal Data Address
51236;0;0;0x0000;02 Illegal Data Address
51237;0;0;0x0000;02 Illegal Data Address
51238;0;0;0x0000;02 Illegal Data Address
51239;0;0;0x0000;02 Illegal Data Address
51240;0;0;0x0000;02 Illegal Data Address
51241;0;0;0x0000;02 Illegal Data Address
51242;0;0;0x0000;02 Illegal Data Address
51243;0;0;0x0000;02 Illegal Data Address
51244;0;0;0x0000;02 Illegal Data Address
51245;0;0;0x0000;02 Illegal Data Address
51246;0;0;0x0000;02 Illegal Data Address
51247;0;0;0x0000;02 Illegal Data Address
51248;0;0;0x0000;02 Illegal Data Address
51249;0;0;0x0000;02 Illegal Data Address
51250;0;0;0x0000;02 Illegal Data Address
51251;0;0;0x0000;02 Illegal Data Address
51252;0;0;0x0000;02 Illegal Data Address
51253;0;0;0x0000;02 Illegal Data Address
51254;0;0;0x0000;02 Illegal Data Address
51255;0;0;0x0000;02 Illegal Data Address
51256;0;0;0x0000;02 Illegal Data Address
51257;0;0;0x0000;02 Illegal Data Address
51258;0;0;0x0000;02 Illegal Data Address
51259;0;0;0x0000;02 Illegal Data Address
51260;0;0;0x0000;02 Illegal Data Address
51261;0;0;0x0000;02 Illegal Data Address
51262;0;0;0x0000;02 Illegal Data Address
51263;0;0;0x0000;02 Illegal Data Address
51264;0;0;0x0000;02 Illegal Data Address
51265;0;0;0x0000;02 Illegal Data Address
51266;0;0;0x0000;02 Illegal Data Address
51267;0;0;0x0000;02 Illegal Data Address
51268;0;0;0x0000;02 Illegal Data Address
51269;0;0;0x0000;02 Illegal Data Address
51270;0;0;0x0000;02 Illegal Data Address
51271;0;0;0x0000;02 Illegal Data Address
51272;0;0;0x0000;02 Illegal Data Address
51273;0;0;0x0000;02 Illegal Data Address
51274;0;0;0x0000;02 Illegal Data Address
51275;0;0;0x0000;02 Illegal Data Address
51276;0;0;0x0000;02 Illegal Data Address
51277;0;0;0x0000;02 Illegal Data Address
51278;0;0;0x0000;02 Illegal Data Address
51279;0;0;0x0000;02 Illegal Data Address
51280;0;0;0x0000;02 Illegal Data Address
51281;0;0;0x0000;02 Illegal Data Address
51282;0;0;0x0000;02 Illegal Data Address
51283;0;0;0x0000;02 Illegal Data Address
51284;0;0;0x0000;02 Illegal Data Address
51285;0;0;0x0000;02 Illegal Data Address
51286;0;0;0x0000;02 Illegal Data Address
51287;0;0;0x0000;02 Illegal Data Address
51288;0;0;0x0000;02 Illegal Data Address
51289;0;0;0x0000;02 Illegal Data Address
51290;0;0;0x0000;02 Illegal Data Address
51291;0;0;0x0000;02 Illegal Data Address
51292;0;0;0x0000;02 Illegal Data Address
51293;0;0;0x0000;02 Illegal Data Address
51294;0;0;0x0000;02 Illegal Data Address
51295;0;0;0x0000;02 Illegal Data Address
51296;0;0;0x0000;02 Illegal Data Address
51297;0;0;0x0000;02 Illegal Data Address
51298;0;0;0x0000;02 Illegal Data Address
51299;0;0;0x0000;02 Illegal Data Address
51300;0;0;0x0000;02 Illegal Data Address
51301;0;0;0x0000;02 Illegal Data Address
51302;0;0;0x0000;02 Illegal Data Address
51303;0;0;0x0000;02 Illegal Data Address
51304;0;0;0x0000;02 Illegal Data Address
51305;0;0;0x0000;02 Illegal Data Address
51306;0;0;0x0000;02 Illegal Data Address
51307;0;0;0x0000;02 Illegal Data Address
51308;0;0;0x0000;02 Illegal Data Address
51309;0;0;0x0000;02 Illegal Data Address
51310;0;0;0x0000;02 Illegal Data Address
51311;0;0;0x0000;02 Illegal Data Address
51312;0;0;0x0000;02 Illegal Data Address
51313;0;0;0x0000;02 Illegal Data Address
51314;0;0;0x0000;02 Illegal Data Address
51315;0;0;0x0000;02 Illegal Data Address
51316;0;0;0x0000;02 Illegal Data Address
51317;0;0;0x0000;02 Illegal Data Address
51318;0;0;0x0000;02 Illegal Data Address
51319;0;0;0x0000;02 Illegal Data Address
51320;0;0;0x0000;02 Illegal Data Address
51321;0;0;0x0000;02 Illegal Data Address
51322;0;0;0x0000;02 Illegal Data Address
51323;0;0;0x0000;02 Illegal Data Address
51324;0;0;0x0000;02 Illegal Data Address
51325;0;0;0x0000;02 Illegal Data Address
51326;0;0;0x0000;02 Illegal Data Address
51327;0;0;0x0000;02 Illegal Data Address
51328;0;0;0x0000;02 Illegal Data Address
51329;0;0;0x0000;02 Illegal Data Address
51330;0;0;0x0000;02 Illegal Data Address
51331;0;0;0x0000;02 Illegal Data Address
51332;0;0;0x0000;02 Illegal Data Address
51333;0;0;0x0000;02 Illegal Data Address
51334;0;0;0x0000;02 Illegal Data Address
51335;0;0;0x0000;02 Illegal Data Address
51336;0;0;0x0000;02 Illegal Data Address
51337;0;0;0x0000;02 Illegal Data Address
51338;0;0;0x0000;02 Illegal Data Address
51339;0;0;0x0000;02 Illegal Data Address
51340;0;0;0x0000;02 Illegal Data Address
51341;0;0;0x0000;02 Illegal Data Address
51342;0;0;0x0000;02 Illegal Data Address
51343;0;0;0x0000;02 Illegal Data Address
51344;0;0;0x0000;02 Illegal Data Address
51345;0;0;0x0000;02 Illegal Data Address
51346;0;0;0x0000;02 Illegal Data Address
51347;0;0;0x0000;02 Illegal Data Address
51348;0;0;0x0000;02 Illegal Data Address
51349;0;0;0x0000;02 Illegal Data Address
51350;0;0;0x0000;02 Illegal Data Address
51351;0;0;0x0000;02 Illegal Data Address
51352;0;0;0x0000;02 Illegal Data Address
51353;0;0;0x0000;02 Illegal Data Address
51354;0;0;0x0000;02 Illegal Data Address
51355;0;0;0x0000;02 Illegal Data Address
51356;0;0;0x0000;02 Illegal Data Address
51357;0;0;0x0000;02 Illegal Data Address
51358;0;0;0x0000;02 Illegal Data Address
51359;0;0;0x0000;02 Illegal Data Address
51360;0;0;0x0000;02 Illegal Data Address
51361;0;0;0x0000;02 Illegal Data Address
51362;0;0;0x0000;02 Illegal Data Address
51363;0;0;0x0000;02 Illegal Data Address
51364;0;0;0x0000;02 Illegal Data Address
51365;0;0;0x0000;02 Illegal Data Address
51366;0;0;0x0000;02 Illegal Data Address
51367;0;0;0x0000;02 Illegal Data Address
51368;0;0;0x0000;02 Illegal Data Address
51369;0;0;0x0000;02 Illegal Data Address
51370;0;0;0x0000;02 Illegal Data Address
51371;0;0;0x0000;02 Illegal Data Address
51372;0;0;0x0000;02 Illegal Data Address
51373;0;0;0x0000;02 Illegal Data Address
51374;0;0;0x0000;02 Illegal Data Address
51375;0;0;0x0000;02 Illegal Data Address
51376;0;0;0x0000;02 Illegal Data Address
51377;0;0;0x0000;02 Illegal Data Address
51378;0;0;0x0000;02 Illegal Data Address
51379;0;0;0x0000;02 Illegal Data Address
51380;0;0;0x0000;02 Illegal Data Address
51381;0;0;0x0000;02 Illegal Data Address
51382;0;0;0x0000;02 Illegal Data Address
51383;0;0;0x0000;02 Illegal Data Address
51384;0;0;0x0000;02 Illegal Data Address
51385;0;0;0x0000;02 Illegal Data Address
51386;0;0;0x0000;02 Illegal Data Address
51387;0;0;0x0000;02 Illegal Data Address
51388;0;0;0x0000;02 Illegal Data Address
51389;0;0;0x0000;02 Illegal Data Address
51390;0;0;0x0000;02 Illegal Data Address
51391;0;0;0x0000;02 Illegal Data Address
51392;0;0;0x0000;02 Illegal Data Address
51393;0;0;0x0000;02 Illegal Data Address
51394;0;0;0x0000;02 Illegal Data Address
51395;0;0;0x0000;02 Illegal Data Address
51396;0;0;0x0000;02 Illegal Data Address
51397;0;0;0x0000;02 Illegal Data Address
51398;0;0;0x0000;02 Illegal Data Address
51399;0;0;0x0000;02 Illegal Data Address
51400;0;0;0x0000;02 Illegal Data Address
51401;0;0;0x0000;02 Illegal Data Address
51402;0;0;0x0000;02 Illegal Data Address
51403;0;0;0x0000;02 Illegal Data Address
51404;0;0;0x0000;02 Illegal Data Address
51405;0;0;0x0000;02 Illegal Data Address
51406;0;0;0x0000;02 Illegal Data Address
51407;0;0;0x0000;02 Illegal Data Address
51408;0;0;0x0000;02 Illegal Data Address
51409;0;0;0x0000;02 Illegal Data Address
51410;0;0;0x0000;02 Illegal Data Address
51411;0;0;0x0000;02 Illegal Data Address
51412;0;0;0x0000;02 Illegal Data Address
51413;0;0;0x0000;02 Illegal Data Address
51414;0;0;0x0000;02 Illegal Data Address
51415;0;0;0x0000;02 Illegal Data Address
51416;0;0;0x0000;02 Illegal Data Address
51417;0;0;0x0000;02 Illegal Data Address
51418;0;0;0x0000;02 Illegal Data Address
51419;0;0;0x0000;02 Illegal Data Address
51420;0;0;0x0000;02 Illegal Data Address
51421;0;0;0x0000;02 Illegal Data Address
51422;0;0;0x0000;02 Illegal Data Address
51423;0;0;0x0000;02 Illegal Data Address
51424;0;0;0x0000;02 Illegal Data Address
51425;0;0;0x0000;02 Illegal Data Address
51426;0;0;0x0000;02 Illegal Data Address
51427;0;0;0x0000;02 Illegal Data Address
51428;0;0;0x0000;02 Illegal Data Address
51429;0;0;0x0000;02 Illegal Data Address
51430;0;0;0x0000;02 Illegal Data Address
51431;0;0;0x0000;02 Illegal Data Address
51432;0;0;0x0000;02 Illegal Data Address
51433;0;0;0x0000;02 Illegal Data Address
51434;0;0;0x0000;02 Illegal Data Address
51435;0;0;0x0000;02 Illegal Data Address
51436;0;0;0x0000;02 Illegal Data Address
51437;0;0;0x0000;02 Illegal Data Address
51438;0;0;0x0000;02 Illegal Data Address
51439;0;0;0x0000;02 Illegal Data Address
51440;0;0;0x0000;02 Illegal Data Address
51441;0;0;0x0000;02 Illegal Data Address
51442;0;0;0x0000;02 Illegal Data Address
51443;0;0;0x0000;02 Illegal Data Address
51444;0;0;0x0000;02 Illegal Data Address
51445;0;0;0x0000;02 Illegal Data Address
51446;0;0;0x0000;02 Illegal Data Address
51447;0;0;0x0000;02 Illegal Data Address
51448;0;0;0x0000;02 Illegal Data Address
51449;0;0;0x0000;02 Illegal Data Address
51450;0;0;0x0000;02 Illegal Data Address
51451;0;0;0x0000;02 Illegal Data Address
51452;0;0;0x0000;02 Illegal Data Address
51453;0;0;0x0000;02 Illegal Data Address
51454;0;0;0x0000;02 Illegal Data Address
51455;0;0;0x0000;02 Illegal Data Address
51456;0;0;0x0000;02 Illegal Data Address
51457;0;0;0x0000;02 Illegal Data Address
51458;0;0;0x0000;02 Illegal Data Address
51459;0;0;0x0000;02 Illegal Data Address
51460;0;0;0x0000;02 Illegal Data Address
51461;0;0;0x0000;02 Illegal Data Address
51462;0;0;0x0000;02 Illegal Data Address
51463;0;0;0x0000;02 Illegal Data Address
51464;0;0;0x0000;02 Illegal Data Address
51465;0;0;0x0000;02 Illegal Data Address
51466;0;0;0x0000;02 Illegal Data Address
51467;0;0;0x0000;02 Illegal Data Address
51468;0;0;0x0000;02 Illegal Data Address
51469;0;0;0x0000;02 Illegal Data Address
51470;0;0;0x0000;02 Illegal Data Address
51471;0;0;0x0000;02 Illegal Data Address
51472;0;0;0x0000;02 Illegal Data Address
51473;0;0;0x0000;02 Illegal Data Address
51474;0;0;0x0000;02 Illegal Data Address
51475;0;0;0x0000;02 Illegal Data Address
51476;0;0;0x0000;02 Illegal Data Address
51477;0;0;0x0000;02 Illegal Data Address
51478;0;0;0x0000;02 Illegal Data Address
51479;0;0;0x0000;02 Illegal Data Address
51480;0;0;0x0000;02 Illegal Data Address
51481;0;0;0x0000;02 Illegal Data Address
51482;0;0;0x0000;02 Illegal Data Address
51483;0;0;0x0000;02 Illegal Data Address
51484;0;0;0x0000;02 Illegal Data Address
51485;0;0;0x0000;02 Illegal Data Address
51486;0;0;0x0000;02 Illegal Data Address
51487;0;0;0x0000;02 Illegal Data Address
51488;0;0;0x0000;02 Illegal Data Address
51489;0;0;0x0000;02 Illegal Data Address
51490;0;0;0x0000;02 Illegal Data Address
51491;0;0;0x0000;02 Illegal Data Address
51492;0;0;0x0000;02 Illegal Data Address
51493;0;0;0x0000;02 Illegal Data Address
51494;0;0;0x0000;02 Illegal Data Address
51495;0;0;0x0000;02 Illegal Data Address
51496;0;0;0x0000;02 Illegal Data Address
51497;0;0;0x0000;02 Illegal Data Address
51498;0;0;0x0000;02 Illegal Data Address
51499;0;0;0x0000;02 Illegal Data Address
51500;0;0;0x0000;02 Illegal Data Address
51501;0;0;0x0000;02 Illegal Data Address
51502;0;0;0x0000;02 Illegal Data Address
51503;0;0;0x0000;02 Illegal Data Address
51504;0;0;0x0000;02 Illegal Data Address
51505;0;0;0x0000;02 Illegal Data Address
51506;0;0;0x0000;02 Illegal Data Address
51507;0;0;0x0000;02 Illegal Data Address
51508;0;0;0x0000;02 Illegal Data Address
51509;0;0;0x0000;02 Illegal Data Address
51510;0;0;0x0000;02 Illegal Data Address
51511;0;0;0x0000;02 Illegal Data Address
51512;0;0;0x0000;02 Illegal Data Address
51513;0;0;0x0000;02 Illegal Data Address
51514;0;0;0x0000;02 Illegal Data Address
51515;0;0;0x0000;02 Illegal Data Address
51516;0;0;0x0000;02 Illegal Data Address
51517;0;0;0x0000;02 Illegal Data Address
51518;0;0;0x0000;02 Illegal Data Address
51519;0;0;0x0000;02 Illegal Data Address
51520;0;0;0x0000;02 Illegal Data Address
51521;0;0;0x0000;02 Illegal Data Address
51522;0;0;0x0000;02 Illegal Data Address
51523;0;0;0x0000;02 Illegal Data Address
51524;0;0;0x0000;02 Illegal Data Address
51525;0;0;0x0000;02 Illegal Data Address
51526;0;0;0x0000;02 Illegal Data Address
51527;0;0;0x0000;02 Illegal Data Address
51528;0;0;0x0000;02 Illegal Data Address
51529;0;0;0x0000;02 Illegal Data Address
51530;0;0;0x0000;02 Illegal Data Address
51531;0;0;0x0000;02 Illegal Data Address
51532;0;0;0x0000;02 Illegal Data Address
51533;0;0;0x0000;02 Illegal Data Address
51534;0;0;0x0000;02 Illegal Data Address
51535;0;0;0x0000;02 Illegal Data Address
51536;0;0;0x0000;02 Illegal Data Address
51537;0;0;0x0000;02 Illegal Data Address
51538;0;0;0x0000;02 Illegal Data Address
51539;0;0;0x0000;02 Illegal Data Address
51540;0;0;0x0000;02 Illegal Data Address
51541;0;0;0x0000;02 Illegal Data Address
51542;0;0;0x0000;02 Illegal Data Address
51543;0;0;0x0000;02 Illegal Data Address
51544;0;0;0x0000;02 Illegal Data Address
51545;0;0;0x0000;02 Illegal Data Address
51546;0;0;0x0000;02 Illegal Data Address
51547;0;0;0x0000;02 Illegal Data Address
51548;0;0;0x0000;02 Illegal Data Address
51549;0;0;0x0000;02 Illegal Data Address
51550;0;0;0x0000;02 Illegal Data Address
51551;0;0;0x0000;02 Illegal Data Address
51552;0;0;0x0000;02 Illegal Data Address
51553;0;0;0x0000;02 Illegal Data Address
51554;0;0;0x0000;02 Illegal Data Address
51555;0;0;0x0000;02 Illegal Data Address
51556;0;0;0x0000;02 Illegal Data Address
51557;0;0;0x0000;02 Illegal Data Address
51558;0;0;0x0000;02 Illegal Data Address
51559;0;0;0x0000;02 Illegal Data Address
51560;0;0;0x0000;02 Illegal Data Address
51561;0;0;0x0000;02 Illegal Data Address
51562;0;0;0x0000;02 Illegal Data Address
51563;0;0;0x0000;02 Illegal Data Address
51564;0;0;0x0000;02 Illegal Data Address
51565;0;0;0x0000;02 Illegal Data Address
51566;0;0;0x0000;02 Illegal Data Address
51567;0;0;0x0000;02 Illegal Data Address
51568;0;0;0x0000;02 Illegal Data Address
51569;0;0;0x0000;02 Illegal Data Address
51570;0;0;0x0000;02 Illegal Data Address
51571;0;0;0x0000;02 Illegal Data Address
51572;0;0;0x0000;02 Illegal Data Address
51573;0;0;0x0000;02 Illegal Data Address
51574;0;0;0x0000;02 Illegal Data Address
51575;0;0;0x0000;02 Illegal Data Address
51576;0;0;0x0000;02 Illegal Data Address
51577;0;0;0x0000;02 Illegal Data Address
51578;0;0;0x0000;02 Illegal Data Address
51579;0;0;0x0000;02 Illegal Data Address
51580;0;0;0x0000;02 Illegal Data Address
51581;0;0;0x0000;02 Illegal Data Address
51582;0;0;0x0000;02 Illegal Data Address
51583;0;0;0x0000;02 Illegal Data Address
51584;0;0;0x0000;02 Illegal Data Address
51585;0;0;0x0000;02 Illegal Data Address
51586;0;0;0x0000;02 Illegal Data Address
51587;0;0;0x0000;02 Illegal Data Address
51588;0;0;0x0000;02 Illegal Data Address
51589;0;0;0x0000;02 Illegal Data Address
51590;0;0;0x0000;02 Illegal Data Address
51591;0;0;0x0000;02 Illegal Data Address
51592;0;0;0x0000;02 Illegal Data Address
51593;0;0;0x0000;02 Illegal Data Address
51594;0;0;0x0000;02 Illegal Data Address
51595;0;0;0x0000;02 Illegal Data Address
51596;0;0;0x0000;02 Illegal Data Address
51597;0;0;0x0000;02 Illegal Data Address
51598;0;0;0x0000;02 Illegal Data Address
51599;0;0;0x0000;02 Illegal Data Address
51600;0;0;0x0000;02 Illegal Data Address
51601;0;0;0x0000;02 Illegal Data Address
51602;0;0;0x0000;02 Illegal Data Address
51603;0;0;0x0000;02 Illegal Data Address
51604;0;0;0x0000;02 Illegal Data Address
51605;0;0;0x0000;02 Illegal Data Address
51606;0;0;0x0000;02 Illegal Data Address
51607;0;0;0x0000;02 Illegal Data Address
51608;0;0;0x0000;02 Illegal Data Address
51609;0;0;0x0000;02 Illegal Data Address
51610;0;0;0x0000;02 Illegal Data Address
51611;0;0;0x0000;02 Illegal Data Address
51612;0;0;0x0000;02 Illegal Data Address
51613;0;0;0x0000;02 Illegal Data Address
51614;0;0;0x0000;02 Illegal Data Address
51615;0;0;0x0000;02 Illegal Data Address
51616;0;0;0x0000;02 Illegal Data Address
51617;0;0;0x0000;02 Illegal Data Address
51618;0;0;0x0000;02 Illegal Data Address
51619;0;0;0x0000;02 Illegal Data Address
51620;0;0;0x0000;02 Illegal Data Address
51621;0;0;0x0000;02 Illegal Data Address
51622;0;0;0x0000;02 Illegal Data Address
51623;0;0;0x0000;02 Illegal Data Address
51624;0;0;0x0000;02 Illegal Data Address
51625;0;0;0x0000;02 Illegal Data Address
51626;0;0;0x0000;02 Illegal Data Address
51627;0;0;0x0000;02 Illegal Data Address
51628;0;0;0x0000;02 Illegal Data Address
51629;0;0;0x0000;02 Illegal Data Address
51630;0;0;0x0000;02 Illegal Data Address
51631;0;0;0x0000;02 Illegal Data Address
51632;0;0;0x0000;02 Illegal Data Address
51633;0;0;0x0000;02 Illegal Data Address
51634;0;0;0x0000;02 Illegal Data Address
51635;0;0;0x0000;02 Illegal Data Address
51636;0;0;0x0000;02 Illegal Data Address
51637;0;0;0x0000;02 Illegal Data Address
51638;0;0;0x0000;02 Illegal Data Address
51639;0;0;0x0000;02 Illegal Data Address
51640;0;0;0x0000;02 Illegal Data Address
51641;0;0;0x0000;02 Illegal Data Address
51642;0;0;0x0000;02 Illegal Data Address
51643;0;0;0x0000;02 Illegal Data Address
51644;0;0;0x0000;02 Illegal Data Address
51645;0;0;0x0000;02 Illegal Data Address
51646;0;0;0x0000;02 Illegal Data Address
51647;0;0;0x0000;02 Illegal Data Address
51648;0;0;0x0000;02 Illegal Data Address
51649;0;0;0x0000;02 Illegal Data Address
51650;0;0;0x0000;02 Illegal Data Address
51651;0;0;0x0000;02 Illegal Data Address
51652;0;0;0x0000;02 Illegal Data Address
51653;0;0;0x0000;02 Illegal Data Address
51654;0;0;0x0000;02 Illegal Data Address
51655;0;0;0x0000;02 Illegal Data Address
51656;0;0;0x0000;02 Illegal Data Address
51657;0;0;0x0000;02 Illegal Data Address
51658;0;0;0x0000;02 Illegal Data Address
51659;0;0;0x0000;02 Illegal Data Address
51660;0;0;0x0000;02 Illegal Data Address
51661;0;0;0x0000;02 Illegal Data Address
51662;0;0;0x0000;02 Illegal Data Address
51663;0;0;0x0000;02 Illegal Data Address
51664;0;0;0x0000;02 Illegal Data Address
51665;0;0;0x0000;02 Illegal Data Address
51666;0;0;0x0000;02 Illegal Data Address
51667;0;0;0x0000;02 Illegal Data Address
51668;0;0;0x0000;02 Illegal Data Address
51669;0;0;0x0000;02 Illegal Data Address
51670;0;0;0x0000;02 Illegal Data Address
51671;0;0;0x0000;02 Illegal Data Address
51672;0;0;0x0000;02 Illegal Data Address
51673;0;0;0x0000;02 Illegal Data Address
51674;0;0;0x0000;02 Illegal Data Address
51675;0;0;0x0000;02 Illegal Data Address
51676;0;0;0x0000;02 Illegal Data Address
51677;0;0;0x0000;02 Illegal Data Address
51678;0;0;0x0000;02 Illegal Data Address
51679;0;0;0x0000;02 Illegal Data Address
51680;0;0;0x0000;02 Illegal Data Address
51681;0;0;0x0000;02 Illegal Data Address
51682;0;0;0x0000;02 Illegal Data Address
51683;0;0;0x0000;02 Illegal Data Address
51684;0;0;0x0000;02 Illegal Data Address
51685;0;0;0x0000;02 Illegal Data Address
51686;0;0;0x0000;02 Illegal Data Address
51687;0;0;0x0000;02 Illegal Data Address
51688;0;0;0x0000;02 Illegal Data Address
51689;0;0;0x0000;02 Illegal Data Address
51690;0;0;0x0000;02 Illegal Data Address
51691;0;0;0x0000;02 Illegal Data Address
51692;0;0;0x0000;02 Illegal Data Address
51693;0;0;0x0000;02 Illegal Data Address
51694;0;0;0x0000;02 Illegal Data Address
51695;0;0;0x0000;02 Illegal Data Address
51696;0;0;0x0000;02 Illegal Data Address
51697;0;0;0x0000;02 Illegal Data Address
51698;0;0;0x0000;02 Illegal Data Address
51699;0;0;0x0000;02 Illegal Data Address
51700;0;0;0x0000;02 Illegal Data Address
51701;0;0;0x0000;02 Illegal Data Address
51702;0;0;0x0000;02 Illegal Data Address
51703;0;0;0x0000;02 Illegal Data Address
51704;0;0;0x0000;02 Illegal Data Address
51705;0;0;0x0000;02 Illegal Data Address
51706;0;0;0x0000;02 Illegal Data Address
51707;0;0;0x0000;02 Illegal Data Address
51708;0;0;0x0000;02 Illegal Data Address
51709;0;0;0x0000;02 Illegal Data Address
51710;0;0;0x0000;02 Illegal Data Address
51711;0;0;0x0000;02 Illegal Data Address
51712;0;0;0x0000;02 Illegal Data Address
51713;0;0;0x0000;02 Illegal Data Address
51714;0;0;0x0000;02 Illegal Data Address
51715;0;0;0x0000;02 Illegal Data Address
51716;0;0;0x0000;02 Illegal Data Address
51717;0;0;0x0000;02 Illegal Data Address
51718;0;0;0x0000;02 Illegal Data Address
51719;0;0;0x0000;02 Illegal Data Address
51720;0;0;0x0000;02 Illegal Data Address
51721;0;0;0x0000;02 Illegal Data Address
51722;0;0;0x0000;02 Illegal Data Address
51723;0;0;0x0000;02 Illegal Data Address
51724;0;0;0x0000;02 Illegal Data Address
51725;0;0;0x0000;02 Illegal Data Address
51726;0;0;0x0000;02 Illegal Data Address
51727;0;0;0x0000;02 Illegal Data Address
51728;0;0;0x0000;02 Illegal Data Address
51729;0;0;0x0000;02 Illegal Data Address
51730;0;0;0x0000;02 Illegal Data Address
51731;0;0;0x0000;02 Illegal Data Address
51732;0;0;0x0000;02 Illegal Data Address
51733;0;0;0x0000;02 Illegal Data Address
51734;0;0;0x0000;02 Illegal Data Address
51735;0;0;0x0000;02 Illegal Data Address
51736;0;0;0x0000;02 Illegal Data Address
51737;0;0;0x0000;02 Illegal Data Address
51738;0;0;0x0000;02 Illegal Data Address
51739;0;0;0x0000;02 Illegal Data Address
51740;0;0;0x0000;02 Illegal Data Address
51741;0;0;0x0000;02 Illegal Data Address
51742;0;0;0x0000;02 Illegal Data Address
51743;0;0;0x0000;02 Illegal Data Address
51744;0;0;0x0000;02 Illegal Data Address
51745;0;0;0x0000;02 Illegal Data Address
51746;0;0;0x0000;02 Illegal Data Address
51747;0;0;0x0000;02 Illegal Data Address
51748;0;0;0x0000;02 Illegal Data Address
51749;0;0;0x0000;02 Illegal Data Address
51750;0;0;0x0000;02 Illegal Data Address
51751;0;0;0x0000;02 Illegal Data Address
51752;0;0;0x0000;02 Illegal Data Address
51753;0;0;0x0000;02 Illegal Data Address
51754;0;0;0x0000;02 Illegal Data Address
51755;0;0;0x0000;02 Illegal Data Address
51756;0;0;0x0000;02 Illegal Data Address
51757;0;0;0x0000;02 Illegal Data Address
51758;0;0;0x0000;02 Illegal Data Address
51759;0;0;0x0000;02 Illegal Data Address
51760;0;0;0x0000;02 Illegal Data Address
51761;0;0;0x0000;02 Illegal Data Address
51762;0;0;0x0000;02 Illegal Data Address
51763;0;0;0x0000;02 Illegal Data Address
51764;0;0;0x0000;02 Illegal Data Address
51765;0;0;0x0000;02 Illegal Data Address
51766;0;0;0x0000;02 Illegal Data Address
51767;0;0;0x0000;02 Illegal Data Address
51768;0;0;0x0000;02 Illegal Data Address
51769;0;0;0x0000;02 Illegal Data Address
51770;0;0;0x0000;02 Illegal Data Address
51771;0;0;0x0000;02 Illegal Data Address
51772;0;0;0x0000;02 Illegal Data Address
51773;0;0;0x0000;02 Illegal Data Address
51774;0;0;0x0000;02 Illegal Data Address
51775;0;0;0x0000;02 Illegal Data Address
51776;0;0;0x0000;02 Illegal Data Address
51777;0;0;0x0000;02 Illegal Data Address
51778;0;0;0x0000;02 Illegal Data Address
51779;0;0;0x0000;02 Illegal Data Address
51780;0;0;0x0000;02 Illegal Data Address
51781;0;0;0x0000;02 Illegal Data Address
51782;0;0;0x0000;02 Illegal Data Address
51783;0;0;0x0000;02 Illegal Data Address
51784;0;0;0x0000;02 Illegal Data Address
51785;0;0;0x0000;02 Illegal Data Address
51786;0;0;0x0000;02 Illegal Data Address
51787;0;0;0x0000;02 Illegal Data Address
51788;0;0;0x0000;02 Illegal Data Address
51789;0;0;0x0000;02 Illegal Data Address
51790;0;0;0x0000;02 Illegal Data Address
51791;0;0;0x0000;02 Illegal Data Address
51792;0;0;0x0000;02 Illegal Data Address
51793;0;0;0x0000;02 Illegal Data Address
51794;0;0;0x0000;02 Illegal Data Address
51795;0;0;0x0000;02 Illegal Data Address
51796;0;0;0x0000;02 Illegal Data Address
51797;0;0;0x0000;02 Illegal Data Address
51798;0;0;0x0000;02 Illegal Data Address
51799;0;0;0x0000;02 Illegal Data Address
51800;0;0;0x0000;02 Illegal Data Address
51801;0;0;0x0000;02 Illegal Data Address
51802;0;0;0x0000;02 Illegal Data Address
51803;0;0;0x0000;02 Illegal Data Address
51804;0;0;0x0000;02 Illegal Data Address
51805;0;0;0x0000;02 Illegal Data Address
51806;0;0;0x0000;02 Illegal Data Address
51807;0;0;0x0000;02 Illegal Data Address
51808;0;0;0x0000;02 Illegal Data Address
51809;0;0;0x0000;02 Illegal Data Address
51810;0;0;0x0000;02 Illegal Data Address
51811;0;0;0x0000;02 Illegal Data Address
51812;0;0;0x0000;02 Illegal Data Address
51813;0;0;0x0000;02 Illegal Data Address
51814;0;0;0x0000;02 Illegal Data Address
51815;0;0;0x0000;02 Illegal Data Address
51816;0;0;0x0000;02 Illegal Data Address
51817;0;0;0x0000;02 Illegal Data Address
51818;0;0;0x0000;02 Illegal Data Address
51819;0;0;0x0000;02 Illegal Data Address
51820;0;0;0x0000;02 Illegal Data Address
51821;0;0;0x0000;02 Illegal Data Address
51822;0;0;0x0000;02 Illegal Data Address
51823;0;0;0x0000;02 Illegal Data Address
51824;0;0;0x0000;02 Illegal Data Address
51825;0;0;0x0000;02 Illegal Data Address
51826;0;0;0x0000;02 Illegal Data Address
51827;0;0;0x0000;02 Illegal Data Address
51828;0;0;0x0000;02 Illegal Data Address
51829;0;0;0x0000;02 Illegal Data Address
51830;0;0;0x0000;02 Illegal Data Address
51831;0;0;0x0000;02 Illegal Data Address
51832;0;0;0x0000;02 Illegal Data Address
51833;0;0;0x0000;02 Illegal Data Address
51834;0;0;0x0000;02 Illegal Data Address
51835;0;0;0x0000;02 Illegal Data Address
51836;0;0;0x0000;02 Illegal Data Address
51837;0;0;0x0000;02 Illegal Data Address
51838;0;0;0x0000;02 Illegal Data Address
51839;0;0;0x0000;02 Illegal Data Address
51840;0;0;0x0000;02 Illegal Data Address
51841;0;0;0x0000;02 Illegal Data Address
51842;0;0;0x0000;02 Illegal Data Address
51843;0;0;0x0000;02 Illegal Data Address
51844;0;0;0x0000;02 Illegal Data Address
51845;0;0;0x0000;02 Illegal Data Address
51846;0;0;0x0000;02 Illegal Data Address
51847;0;0;0x0000;02 Illegal Data Address
51848;0;0;0x0000;02 Illegal Data Address
51849;0;0;0x0000;02 Illegal Data Address
51850;0;0;0x0000;02 Illegal Data Address
51851;0;0;0x0000;02 Illegal Data Address
51852;0;0;0x0000;02 Illegal Data Address
51853;0;0;0x0000;02 Illegal Data Address
51854;0;0;0x0000;02 Illegal Data Address
51855;0;0;0x0000;02 Illegal Data Address
51856;0;0;0x0000;02 Illegal Data Address
51857;0;0;0x0000;02 Illegal Data Address
51858;0;0;0x0000;02 Illegal Data Address
51859;0;0;0x0000;02 Illegal Data Address
51860;0;0;0x0000;02 Illegal Data Address
51861;0;0;0x0000;02 Illegal Data Address
51862;0;0;0x0000;02 Illegal Data Address
51863;0;0;0x0000;02 Illegal Data Address
51864;0;0;0x0000;02 Illegal Data Address
51865;0;0;0x0000;02 Illegal Data Address
51866;0;0;0x0000;02 Illegal Data Address
51867;0;0;0x0000;02 Illegal Data Address
51868;0;0;0x0000;02 Illegal Data Address
51869;0;0;0x0000;02 Illegal Data Address
51870;0;0;0x0000;02 Illegal Data Address
51871;0;0;0x0000;02 Illegal Data Address
51872;0;0;0x0000;02 Illegal Data Address
51873;0;0;0x0000;02 Illegal Data Address
51874;0;0;0x0000;02 Illegal Data Address
51875;0;0;0x0000;02 Illegal Data Address
51876;0;0;0x0000;02 Illegal Data Address
51877;0;0;0x0000;02 Illegal Data Address
51878;0;0;0x0000;02 Illegal Data Address
51879;0;0;0x0000;02 Illegal Data Address
51880;0;0;0x0000;02 Illegal Data Address
51881;0;0;0x0000;02 Illegal Data Address
51882;0;0;0x0000;02 Illegal Data Address
51883;0;0;0x0000;02 Illegal Data Address
51884;0;0;0x0000;02 Illegal Data Address
51885;0;0;0x0000;02 Illegal Data Address
51886;0;0;0x0000;02 Illegal Data Address
51887;0;0;0x0000;02 Illegal Data Address
51888;0;0;0x0000;02 Illegal Data Address
51889;0;0;0x0000;02 Illegal Data Address
51890;0;0;0x0000;02 Illegal Data Address
51891;0;0;0x0000;02 Illegal Data Address
51892;0;0;0x0000;02 Illegal Data Address
51893;0;0;0x0000;02 Illegal Data Address
51894;0;0;0x0000;02 Illegal Data Address
51895;0;0;0x0000;02 Illegal Data Address
51896;0;0;0x0000;02 Illegal Data Address
51897;0;0;0x0000;02 Illegal Data Address
51898;0;0;0x0000;02 Illegal Data Address
51899;0;0;0x0000;02 Illegal Data Address
51900;0;0;0x0000;02 Illegal Data Address
51901;0;0;0x0000;02 Illegal Data Address
51902;0;0;0x0000;02 Illegal Data Address
51903;0;0;0x0000;02 Illegal Data Address
51904;0;0;0x0000;02 Illegal Data Address
51905;0;0;0x0000;02 Illegal Data Address
51906;0;0;0x0000;02 Illegal Data Address
51907;0;0;0x0000;02 Illegal Data Address
51908;0;0;0x0000;02 Illegal Data Address
51909;0;0;0x0000;02 Illegal Data Address
51910;0;0;0x0000;02 Illegal Data Address
51911;0;0;0x0000;02 Illegal Data Address
51912;0;0;0x0000;02 Illegal Data Address
51913;0;0;0x0000;02 Illegal Data Address
51914;0;0;0x0000;02 Illegal Data Address
51915;0;0;0x0000;02 Illegal Data Address
51916;0;0;0x0000;02 Illegal Data Address
51917;0;0;0x0000;02 Illegal Data Address
51918;0;0;0x0000;02 Illegal Data Address
51919;0;0;0x0000;02 Illegal Data Address
51920;0;0;0x0000;02 Illegal Data Address
51921;0;0;0x0000;02 Illegal Data Address
51922;0;0;0x0000;02 Illegal Data Address
51923;0;0;0x0000;02 Illegal Data Address
51924;0;0;0x0000;02 Illegal Data Address
51925;0;0;0x0000;02 Illegal Data Address
51926;0;0;0x0000;02 Illegal Data Address
51927;0;0;0x0000;02 Illegal Data Address
51928;0;0;0x0000;02 Illegal Data Address
51929;0;0;0x0000;02 Illegal Data Address
51930;0;0;0x0000;02 Illegal Data Address
51931;0;0;0x0000;02 Illegal Data Address
51932;0;0;0x0000;02 Illegal Data Address
51933;0;0;0x0000;02 Illegal Data Address
51934;0;0;0x0000;02 Illegal Data Address
51935;0;0;0x0000;02 Illegal Data Address
51936;0;0;0x0000;02 Illegal Data Address
51937;0;0;0x0000;02 Illegal Data Address
51938;0;0;0x0000;02 Illegal Data Address
51939;0;0;0x0000;02 Illegal Data Address
51940;0;0;0x0000;02 Illegal Data Address
51941;0;0;0x0000;02 Illegal Data Address
51942;0;0;0x0000;02 Illegal Data Address
51943;0;0;0x0000;02 Illegal Data Address
51944;0;0;0x0000;02 Illegal Data Address
51945;0;0;0x0000;02 Illegal Data Address
51946;0;0;0x0000;02 Illegal Data Address
51947;0;0;0x0000;02 Illegal Data Address
51948;0;0;0x0000;02 Illegal Data Address
51949;0;0;0x0000;02 Illegal Data Address
51950;0;0;0x0000;02 Illegal Data Address
51951;0;0;0x0000;02 Illegal Data Address
51952;0;0;0x0000;02 Illegal Data Address
51953;0;0;0x0000;02 Illegal Data Address
51954;0;0;0x0000;02 Illegal Data Address
51955;0;0;0x0000;02 Illegal Data Address
51956;0;0;0x0000;02 Illegal Data Address
51957;0;0;0x0000;02 Illegal Data Address
51958;0;0;0x0000;02 Illegal Data Address
51959;0;0;0x0000;02 Illegal Data Address
51960;0;0;0x0000;02 Illegal Data Address
51961;0;0;0x0000;02 Illegal Data Address
51962;0;0;0x0000;02 Illegal Data Address
51963;0;0;0x0000;02 Illegal Data Address
51964;0;0;0x0000;02 Illegal Data Address
51965;0;0;0x0000;02 Illegal Data Address
51966;0;0;0x0000;02 Illegal Data Address
51967;0;0;0x0000;02 Illegal Data Address
51968;0;0;0x0000;02 Illegal Data Address
51969;0;0;0x0000;02 Illegal Data Address
51970;0;0;0x0000;02 Illegal Data Address
51971;0;0;0x0000;02 Illegal Data Address
51972;0;0;0x0000;02 Illegal Data Address
51973;0;0;0x0000;02 Illegal Data Address
51974;0;0;0x0000;02 Illegal Data Address
51975;0;0;0x0000;02 Illegal Data Address
51976;0;0;0x0000;02 Illegal Data Address
51977;0;0;0x0000;02 Illegal Data Address
51978;0;0;0x0000;02 Illegal Data Address
51979;0;0;0x0000;02 Illegal Data Address
51980;0;0;0x0000;02 Illegal Data Address
51981;0;0;0x0000;02 Illegal Data Address
51982;0;0;0x0000;02 Illegal Data Address
51983;0;0;0x0000;02 Illegal Data Address
51984;0;0;0x0000;02 Illegal Data Address
51985;0;0;0x0000;02 Illegal Data Address
51986;0;0;0x0000;02 Illegal Data Address
51987;0;0;0x0000;02 Illegal Data Address
51988;0;0;0x0000;02 Illegal Data Address
51989;0;0;0x0000;02 Illegal Data Address
51990;0;0;0x0000;02 Illegal Data Address
51991;0;0;0x0000;02 Illegal Data Address
51992;0;0;0x0000;02 Illegal Data Address
51993;0;0;0x0000;02 Illegal Data Address
51994;0;0;0x0000;02 Illegal Data Address
51995;0;0;0x0000;02 Illegal Data Address
51996;0;0;0x0000;02 Illegal Data Address
51997;0;0;0x0000;02 Illegal Data Address
51998;0;0;0x0000;02 Illegal Data Address
51999;0;0;0x0000;02 Illegal Data Address
52000;0;0;0x0000;02 Illegal Data Address
52001;0;0;0x0000;02 Illegal Data Address
52002;0;0;0x0000;02 Illegal Data Address
52003;0;0;0x0000;02 Illegal Data Address
52004;0;0;0x0000;02 Illegal Data Address
52005;0;0;0x0000;02 Illegal Data Address
52006;0;0;0x0000;02 Illegal Data Address
52007;0;0;0x0000;02 Illegal Data Address
52008;0;0;0x0000;02 Illegal Data Address
52009;0;0;0x0000;02 Illegal Data Address
52010;0;0;0x0000;02 Illegal Data Address
52011;0;0;0x0000;02 Illegal Data Address
52012;0;0;0x0000;02 Illegal Data Address
52013;0;0;0x0000;02 Illegal Data Address
52014;0;0;0x0000;02 Illegal Data Address
52015;0;0;0x0000;02 Illegal Data Address
52016;0;0;0x0000;02 Illegal Data Address
52017;0;0;0x0000;02 Illegal Data Address
52018;0;0;0x0000;02 Illegal Data Address
52019;0;0;0x0000;02 Illegal Data Address
52020;0;0;0x0000;02 Illegal Data Address
52021;0;0;0x0000;02 Illegal Data Address
52022;0;0;0x0000;02 Illegal Data Address
52023;0;0;0x0000;02 Illegal Data Address
52024;0;0;0x0000;02 Illegal Data Address
52025;0;0;0x0000;02 Illegal Data Address
52026;0;0;0x0000;02 Illegal Data Address
52027;0;0;0x0000;02 Illegal Data Address
52028;0;0;0x0000;02 Illegal Data Address
52029;0;0;0x0000;02 Illegal Data Address
52030;0;0;0x0000;02 Illegal Data Address
52031;0;0;0x0000;02 Illegal Data Address
52032;0;0;0x0000;02 Illegal Data Address
52033;0;0;0x0000;02 Illegal Data Address
52034;0;0;0x0000;02 Illegal Data Address
52035;0;0;0x0000;02 Illegal Data Address
52036;0;0;0x0000;02 Illegal Data Address
52037;0;0;0x0000;02 Illegal Data Address
52038;0;0;0x0000;02 Illegal Data Address
52039;0;0;0x0000;02 Illegal Data Address
52040;0;0;0x0000;02 Illegal Data Address
52041;0;0;0x0000;02 Illegal Data Address
52042;0;0;0x0000;02 Illegal Data Address
52043;0;0;0x0000;02 Illegal Data Address
52044;0;0;0x0000;02 Illegal Data Address
52045;0;0;0x0000;02 Illegal Data Address
52046;0;0;0x0000;02 Illegal Data Address
52047;0;0;0x0000;02 Illegal Data Address
52048;0;0;0x0000;02 Illegal Data Address
52049;0;0;0x0000;02 Illegal Data Address
52050;0;0;0x0000;02 Illegal Data Address
52051;0;0;0x0000;02 Illegal Data Address
52052;0;0;0x0000;02 Illegal Data Address
52053;0;0;0x0000;02 Illegal Data Address
52054;0;0;0x0000;02 Illegal Data Address
52055;0;0;0x0000;02 Illegal Data Address
52056;0;0;0x0000;02 Illegal Data Address
52057;0;0;0x0000;02 Illegal Data Address
52058;0;0;0x0000;02 Illegal Data Address
52059;0;0;0x0000;02 Illegal Data Address
52060;0;0;0x0000;02 Illegal Data Address
52061;0;0;0x0000;02 Illegal Data Address
52062;0;0;0x0000;02 Illegal Data Address
52063;0;0;0x0000;02 Illegal Data Address
52064;0;0;0x0000;02 Illegal Data Address
52065;0;0;0x0000;02 Illegal Data Address
52066;0;0;0x0000;02 Illegal Data Address
52067;0;0;0x0000;02 Illegal Data Address
52068;0;0;0x0000;02 Illegal Data Address
52069;0;0;0x0000;02 Illegal Data Address
52070;0;0;0x0000;02 Illegal Data Address
52071;0;0;0x0000;02 Illegal Data Address
52072;0;0;0x0000;02 Illegal Data Address
52073;0;0;0x0000;02 Illegal Data Address
52074;0;0;0x0000;02 Illegal Data Address
52075;0;0;0x0000;02 Illegal Data Address
52076;0;0;0x0000;02 Illegal Data Address
52077;0;0;0x0000;02 Illegal Data Address
52078;0;0;0x0000;02 Illegal Data Address
52079;0;0;0x0000;02 Illegal Data Address
52080;0;0;0x0000;02 Illegal Data Address
52081;0;0;0x0000;02 Illegal Data Address
52082;0;0;0x0000;02 Illegal Data Address
52083;0;0;0x0000;02 Illegal Data Address
52084;0;0;0x0000;02 Illegal Data Address
52085;0;0;0x0000;02 Illegal Data Address
52086;0;0;0x0000;02 Illegal Data Address
52087;0;0;0x0000;02 Illegal Data Address
52088;0;0;0x0000;02 Illegal Data Address
52089;0;0;0x0000;02 Illegal Data Address
52090;0;0;0x0000;02 Illegal Data Address
52091;0;0;0x0000;02 Illegal Data Address
52092;0;0;0x0000;02 Illegal Data Address
52093;0;0;0x0000;02 Illegal Data Address
52094;0;0;0x0000;02 Illegal Data Address
52095;0;0;0x0000;02 Illegal Data Address
52096;0;0;0x0000;02 Illegal Data Address
52097;0;0;0x0000;02 Illegal Data Address
52098;0;0;0x0000;02 Illegal Data Address
52099;0;0;0x0000;02 Illegal Data Address
52100;0;0;0x0000;02 Illegal Data Address
52101;0;0;0x0000;02 Illegal Data Address
52102;0;0;0x0000;02 Illegal Data Address
52103;0;0;0x0000;02 Illegal Data Address
52104;0;0;0x0000;02 Illegal Data Address
52105;0;0;0x0000;02 Illegal Data Address
52106;0;0;0x0000;02 Illegal Data Address
52107;0;0;0x0000;02 Illegal Data Address
52108;0;0;0x0000;02 Illegal Data Address
52109;0;0;0x0000;02 Illegal Data Address
52110;0;0;0x0000;02 Illegal Data Address
52111;0;0;0x0000;02 Illegal Data Address
52112;0;0;0x0000;02 Illegal Data Address
52113;0;0;0x0000;02 Illegal Data Address
52114;0;0;0x0000;02 Illegal Data Address
52115;0;0;0x0000;02 Illegal Data Address
52116;0;0;0x0000;02 Illegal Data Address
52117;0;0;0x0000;02 Illegal Data Address
52118;0;0;0x0000;02 Illegal Data Address
52119;0;0;0x0000;02 Illegal Data Address
52120;0;0;0x0000;02 Illegal Data Address
52121;0;0;0x0000;02 Illegal Data Address
52122;0;0;0x0000;02 Illegal Data Address
52123;0;0;0x0000;02 Illegal Data Address
52124;0;0;0x0000;02 Illegal Data Address
52125;0;0;0x0000;02 Illegal Data Address
52126;0;0;0x0000;02 Illegal Data Address
52127;0;0;0x0000;02 Illegal Data Address
52128;0;0;0x0000;02 Illegal Data Address
52129;0;0;0x0000;02 Illegal Data Address
52130;0;0;0x0000;02 Illegal Data Address
52131;0;0;0x0000;02 Illegal Data Address
52132;0;0;0x0000;02 Illegal Data Address
52133;0;0;0x0000;02 Illegal Data Address
52134;0;0;0x0000;02 Illegal Data Address
52135;0;0;0x0000;02 Illegal Data Address
52136;0;0;0x0000;02 Illegal Data Address
52137;0;0;0x0000;02 Illegal Data Address
52138;0;0;0x0000;02 Illegal Data Address
52139;0;0;0x0000;02 Illegal Data Address
52140;0;0;0x0000;02 Illegal Data Address
52141;0;0;0x0000;02 Illegal Data Address
52142;0;0;0x0000;02 Illegal Data Address
52143;0;0;0x0000;02 Illegal Data Address
52144;0;0;0x0000;02 Illegal Data Address
52145;0;0;0x0000;02 Illegal Data Address
52146;0;0;0x0000;02 Illegal Data Address
52147;0;0;0x0000;02 Illegal Data Address
52148;0;0;0x0000;02 Illegal Data Address
52149;0;0;0x0000;02 Illegal Data Address
52150;0;0;0x0000;02 Illegal Data Address
52151;0;0;0x0000;02 Illegal Data Address
52152;0;0;0x0000;02 Illegal Data Address
52153;0;0;0x0000;02 Illegal Data Address
52154;0;0;0x0000;02 Illegal Data Address
52155;0;0;0x0000;02 Illegal Data Address
52156;0;0;0x0000;02 Illegal Data Address
52157;0;0;0x0000;02 Illegal Data Address
52158;0;0;0x0000;02 Illegal Data Address
52159;0;0;0x0000;02 Illegal Data Address
52160;0;0;0x0000;02 Illegal Data Address
52161;0;0;0x0000;02 Illegal Data Address
52162;0;0;0x0000;02 Illegal Data Address
52163;0;0;0x0000;02 Illegal Data Address
52164;0;0;0x0000;02 Illegal Data Address
52165;0;0;0x0000;02 Illegal Data Address
52166;0;0;0x0000;02 Illegal Data Address
52167;0;0;0x0000;02 Illegal Data Address
52168;0;0;0x0000;02 Illegal Data Address
52169;0;0;0x0000;02 Illegal Data Address
52170;0;0;0x0000;02 Illegal Data Address
52171;0;0;0x0000;02 Illegal Data Address
52172;0;0;0x0000;02 Illegal Data Address
52173;0;0;0x0000;02 Illegal Data Address
52174;0;0;0x0000;02 Illegal Data Address
52175;0;0;0x0000;02 Illegal Data Address
52176;0;0;0x0000;02 Illegal Data Address
52177;0;0;0x0000;02 Illegal Data Address
52178;0;0;0x0000;02 Illegal Data Address
52179;0;0;0x0000;02 Illegal Data Address
52180;0;0;0x0000;02 Illegal Data Address
52181;0;0;0x0000;02 Illegal Data Address
52182;0;0;0x0000;02 Illegal Data Address
52183;0;0;0x0000;02 Illegal Data Address
52184;0;0;0x0000;02 Illegal Data Address
52185;0;0;0x0000;02 Illegal Data Address
52186;0;0;0x0000;02 Illegal Data Address
52187;0;0;0x0000;02 Illegal Data Address
52188;0;0;0x0000;02 Illegal Data Address
52189;0;0;0x0000;02 Illegal Data Address
52190;0;0;0x0000;02 Illegal Data Address
52191;0;0;0x0000;02 Illegal Data Address
52192;0;0;0x0000;02 Illegal Data Address
52193;0;0;0x0000;02 Illegal Data Address
52194;0;0;0x0000;02 Illegal Data Address
52195;0;0;0x0000;02 Illegal Data Address
52196;0;0;0x0000;02 Illegal Data Address
52197;0;0;0x0000;02 Illegal Data Address
52198;0;0;0x0000;02 Illegal Data Address
52199;0;0;0x0000;02 Illegal Data Address
52200;0;0;0x0000;02 Illegal Data Address
52201;0;0;0x0000;02 Illegal Data Address
52202;0;0;0x0000;02 Illegal Data Address
52203;0;0;0x0000;02 Illegal Data Address
52204;0;0;0x0000;02 Illegal Data Address
52205;0;0;0x0000;02 Illegal Data Address
52206;0;0;0x0000;02 Illegal Data Address
52207;0;0;0x0000;02 Illegal Data Address
52208;0;0;0x0000;02 Illegal Data Address
52209;0;0;0x0000;02 Illegal Data Address
52210;0;0;0x0000;02 Illegal Data Address
52211;0;0;0x0000;02 Illegal Data Address
52212;0;0;0x0000;02 Illegal Data Address
52213;0;0;0x0000;02 Illegal Data Address
52214;0;0;0x0000;02 Illegal Data Address
52215;0;0;0x0000;02 Illegal Data Address
52216;0;0;0x0000;02 Illegal Data Address
52217;0;0;0x0000;02 Illegal Data Address
52218;0;0;0x0000;02 Illegal Data Address
52219;0;0;0x0000;02 Illegal Data Address
52220;0;0;0x0000;02 Illegal Data Address
52221;0;0;0x0000;02 Illegal Data Address
52222;0;0;0x0000;02 Illegal Data Address
52223;0;0;0x0000;02 Illegal Data Address
52224;0;0;0x0000;02 Illegal Data Address
52225;0;0;0x0000;02 Illegal Data Address
52226;0;0;0x0000;02 Illegal Data Address
52227;0;0;0x0000;02 Illegal Data Address
52228;0;0;0x0000;02 Illegal Data Address
52229;0;0;0x0000;02 Illegal Data Address
52230;0;0;0x0000;02 Illegal Data Address
52231;0;0;0x0000;02 Illegal Data Address
52232;0;0;0x0000;02 Illegal Data Address
52233;0;0;0x0000;02 Illegal Data Address
52234;0;0;0x0000;02 Illegal Data Address
52235;0;0;0x0000;02 Illegal Data Address
52236;0;0;0x0000;02 Illegal Data Address
52237;0;0;0x0000;02 Illegal Data Address
52238;0;0;0x0000;02 Illegal Data Address
52239;0;0;0x0000;02 Illegal Data Address
52240;0;0;0x0000;02 Illegal Data Address
52241;0;0;0x0000;02 Illegal Data Address
52242;0;0;0x0000;02 Illegal Data Address
52243;0;0;0x0000;02 Illegal Data Address
52244;0;0;0x0000;02 Illegal Data Address
52245;0;0;0x0000;02 Illegal Data Address
52246;0;0;0x0000;02 Illegal Data Address
52247;0;0;0x0000;02 Illegal Data Address
52248;0;0;0x0000;02 Illegal Data Address
52249;0;0;0x0000;02 Illegal Data Address
52250;0;0;0x0000;02 Illegal Data Address
52251;0;0;0x0000;02 Illegal Data Address
52252;0;0;0x0000;02 Illegal Data Address
52253;0;0;0x0000;02 Illegal Data Address
52254;0;0;0x0000;02 Illegal Data Address
52255;0;0;0x0000;02 Illegal Data Address
52256;0;0;0x0000;02 Illegal Data Address
52257;0;0;0x0000;02 Illegal Data Address
52258;0;0;0x0000;02 Illegal Data Address
52259;0;0;0x0000;02 Illegal Data Address
52260;0;0;0x0000;02 Illegal Data Address
52261;0;0;0x0000;02 Illegal Data Address
52262;0;0;0x0000;02 Illegal Data Address
52263;0;0;0x0000;02 Illegal Data Address
52264;0;0;0x0000;02 Illegal Data Address
52265;0;0;0x0000;02 Illegal Data Address
52266;0;0;0x0000;02 Illegal Data Address
52267;0;0;0x0000;02 Illegal Data Address
52268;0;0;0x0000;02 Illegal Data Address
52269;0;0;0x0000;02 Illegal Data Address
52270;0;0;0x0000;02 Illegal Data Address
52271;0;0;0x0000;02 Illegal Data Address
52272;0;0;0x0000;02 Illegal Data Address
52273;0;0;0x0000;02 Illegal Data Address
52274;0;0;0x0000;02 Illegal Data Address
52275;0;0;0x0000;02 Illegal Data Address
52276;0;0;0x0000;02 Illegal Data Address
52277;0;0;0x0000;02 Illegal Data Address
52278;0;0;0x0000;02 Illegal Data Address
52279;0;0;0x0000;02 Illegal Data Address
52280;0;0;0x0000;02 Illegal Data Address
52281;0;0;0x0000;02 Illegal Data Address
52282;0;0;0x0000;02 Illegal Data Address
52283;0;0;0x0000;02 Illegal Data Address
52284;0;0;0x0000;02 Illegal Data Address
52285;0;0;0x0000;02 Illegal Data Address
52286;0;0;0x0000;02 Illegal Data Address
52287;0;0;0x0000;02 Illegal Data Address
52288;0;0;0x0000;02 Illegal Data Address
52289;0;0;0x0000;02 Illegal Data Address
52290;0;0;0x0000;02 Illegal Data Address
52291;0;0;0x0000;02 Illegal Data Address
52292;0;0;0x0000;02 Illegal Data Address
52293;0;0;0x0000;02 Illegal Data Address
52294;0;0;0x0000;02 Illegal Data Address
52295;0;0;0x0000;02 Illegal Data Address
52296;0;0;0x0000;02 Illegal Data Address
52297;0;0;0x0000;02 Illegal Data Address
52298;0;0;0x0000;02 Illegal Data Address
52299;0;0;0x0000;02 Illegal Data Address
52300;0;0;0x0000;02 Illegal Data Address
52301;0;0;0x0000;02 Illegal Data Address
52302;0;0;0x0000;02 Illegal Data Address
52303;0;0;0x0000;02 Illegal Data Address
52304;0;0;0x0000;02 Illegal Data Address
52305;0;0;0x0000;02 Illegal Data Address
52306;0;0;0x0000;02 Illegal Data Address
52307;0;0;0x0000;02 Illegal Data Address
52308;0;0;0x0000;02 Illegal Data Address
52309;0;0;0x0000;02 Illegal Data Address
52310;0;0;0x0000;02 Illegal Data Address
52311;0;0;0x0000;02 Illegal Data Address
52312;0;0;0x0000;02 Illegal Data Address
52313;0;0;0x0000;02 Illegal Data Address
52314;0;0;0x0000;02 Illegal Data Address
52315;0;0;0x0000;02 Illegal Data Address
52316;0;0;0x0000;02 Illegal Data Address
52317;0;0;0x0000;02 Illegal Data Address
52318;0;0;0x0000;02 Illegal Data Address
52319;0;0;0x0000;02 Illegal Data Address
52320;0;0;0x0000;02 Illegal Data Address
52321;0;0;0x0000;02 Illegal Data Address
52322;0;0;0x0000;02 Illegal Data Address
52323;0;0;0x0000;02 Illegal Data Address
52324;0;0;0x0000;02 Illegal Data Address
52325;0;0;0x0000;02 Illegal Data Address
52326;0;0;0x0000;02 Illegal Data Address
52327;0;0;0x0000;02 Illegal Data Address
52328;0;0;0x0000;02 Illegal Data Address
52329;0;0;0x0000;02 Illegal Data Address
52330;0;0;0x0000;02 Illegal Data Address
52331;0;0;0x0000;02 Illegal Data Address
52332;0;0;0x0000;02 Illegal Data Address
52333;0;0;0x0000;02 Illegal Data Address
52334;0;0;0x0000;02 Illegal Data Address
52335;0;0;0x0000;02 Illegal Data Address
52336;0;0;0x0000;02 Illegal Data Address
52337;0;0;0x0000;02 Illegal Data Address
52338;0;0;0x0000;02 Illegal Data Address
52339;0;0;0x0000;02 Illegal Data Address
52340;0;0;0x0000;02 Illegal Data Address
52341;0;0;0x0000;02 Illegal Data Address
52342;0;0;0x0000;02 Illegal Data Address
52343;0;0;0x0000;02 Illegal Data Address
52344;0;0;0x0000;02 Illegal Data Address
52345;0;0;0x0000;02 Illegal Data Address
52346;0;0;0x0000;02 Illegal Data Address
52347;0;0;0x0000;02 Illegal Data Address
52348;0;0;0x0000;02 Illegal Data Address
52349;0;0;0x0000;02 Illegal Data Address
52350;0;0;0x0000;02 Illegal Data Address
52351;0;0;0x0000;02 Illegal Data Address
52352;0;0;0x0000;02 Illegal Data Address
52353;0;0;0x0000;02 Illegal Data Address
52354;0;0;0x0000;02 Illegal Data Address
52355;0;0;0x0000;02 Illegal Data Address
52356;0;0;0x0000;02 Illegal Data Address
52357;0;0;0x0000;02 Illegal Data Address
52358;0;0;0x0000;02 Illegal Data Address
52359;0;0;0x0000;02 Illegal Data Address
52360;0;0;0x0000;02 Illegal Data Address
52361;0;0;0x0000;02 Illegal Data Address
52362;0;0;0x0000;02 Illegal Data Address
52363;0;0;0x0000;02 Illegal Data Address
52364;0;0;0x0000;02 Illegal Data Address
52365;0;0;0x0000;02 Illegal Data Address
52366;0;0;0x0000;02 Illegal Data Address
52367;0;0;0x0000;02 Illegal Data Address
52368;0;0;0x0000;02 Illegal Data Address
52369;0;0;0x0000;02 Illegal Data Address
52370;0;0;0x0000;02 Illegal Data Address
52371;0;0;0x0000;02 Illegal Data Address
52372;0;0;0x0000;02 Illegal Data Address
52373;0;0;0x0000;02 Illegal Data Address
52374;0;0;0x0000;02 Illegal Data Address
52375;0;0;0x0000;02 Illegal Data Address
52376;0;0;0x0000;02 Illegal Data Address
52377;0;0;0x0000;02 Illegal Data Address
52378;0;0;0x0000;02 Illegal Data Address
52379;0;0;0x0000;02 Illegal Data Address
52380;0;0;0x0000;02 Illegal Data Address
52381;0;0;0x0000;02 Illegal Data Address
52382;0;0;0x0000;02 Illegal Data Address
52383;0;0;0x0000;02 Illegal Data Address
52384;0;0;0x0000;02 Illegal Data Address
52385;0;0;0x0000;02 Illegal Data Address
52386;0;0;0x0000;02 Illegal Data Address
52387;0;0;0x0000;02 Illegal Data Address
52388;0;0;0x0000;02 Illegal Data Address
52389;0;0;0x0000;02 Illegal Data Address
52390;0;0;0x0000;02 Illegal Data Address
52391;0;0;0x0000;02 Illegal Data Address
52392;0;0;0x0000;02 Illegal Data Address
52393;0;0;0x0000;02 Illegal Data Address
52394;0;0;0x0000;02 Illegal Data Address
52395;0;0;0x0000;02 Illegal Data Address
52396;0;0;0x0000;02 Illegal Data Address
52397;0;0;0x0000;02 Illegal Data Address
52398;0;0;0x0000;02 Illegal Data Address
52399;0;0;0x0000;02 Illegal Data Address
52400;0;0;0x0000;02 Illegal Data Address
52401;0;0;0x0000;02 Illegal Data Address
52402;0;0;0x0000;02 Illegal Data Address
52403;0;0;0x0000;02 Illegal Data Address
52404;0;0;0x0000;02 Illegal Data Address
52405;0;0;0x0000;02 Illegal Data Address
52406;0;0;0x0000;02 Illegal Data Address
52407;0;0;0x0000;02 Illegal Data Address
52408;0;0;0x0000;02 Illegal Data Address
52409;0;0;0x0000;02 Illegal Data Address
52410;0;0;0x0000;02 Illegal Data Address
52411;0;0;0x0000;02 Illegal Data Address
52412;0;0;0x0000;02 Illegal Data Address
52413;0;0;0x0000;02 Illegal Data Address
52414;0;0;0x0000;02 Illegal Data Address
52415;0;0;0x0000;02 Illegal Data Address
52416;0;0;0x0000;02 Illegal Data Address
52417;0;0;0x0000;02 Illegal Data Address
52418;0;0;0x0000;02 Illegal Data Address
52419;0;0;0x0000;02 Illegal Data Address
52420;0;0;0x0000;02 Illegal Data Address
52421;0;0;0x0000;02 Illegal Data Address
52422;0;0;0x0000;02 Illegal Data Address
52423;0;0;0x0000;02 Illegal Data Address
52424;0;0;0x0000;02 Illegal Data Address
52425;0;0;0x0000;02 Illegal Data Address
52426;0;0;0x0000;02 Illegal Data Address
52427;0;0;0x0000;02 Illegal Data Address
52428;0;0;0x0000;02 Illegal Data Address
52429;0;0;0x0000;02 Illegal Data Address
52430;0;0;0x0000;02 Illegal Data Address
52431;0;0;0x0000;02 Illegal Data Address
52432;0;0;0x0000;02 Illegal Data Address
52433;0;0;0x0000;02 Illegal Data Address
52434;0;0;0x0000;02 Illegal Data Address
52435;0;0;0x0000;02 Illegal Data Address
52436;0;0;0x0000;02 Illegal Data Address
52437;0;0;0x0000;02 Illegal Data Address
52438;0;0;0x0000;02 Illegal Data Address
52439;0;0;0x0000;02 Illegal Data Address
52440;0;0;0x0000;02 Illegal Data Address
52441;0;0;0x0000;02 Illegal Data Address
52442;0;0;0x0000;02 Illegal Data Address
52443;0;0;0x0000;02 Illegal Data Address
52444;0;0;0x0000;02 Illegal Data Address
52445;0;0;0x0000;02 Illegal Data Address
52446;0;0;0x0000;02 Illegal Data Address
52447;0;0;0x0000;02 Illegal Data Address
52448;0;0;0x0000;02 Illegal Data Address
52449;0;0;0x0000;02 Illegal Data Address
52450;0;0;0x0000;02 Illegal Data Address
52451;0;0;0x0000;02 Illegal Data Address
52452;0;0;0x0000;02 Illegal Data Address
52453;0;0;0x0000;02 Illegal Data Address
52454;0;0;0x0000;02 Illegal Data Address
52455;0;0;0x0000;02 Illegal Data Address
52456;0;0;0x0000;02 Illegal Data Address
52457;0;0;0x0000;02 Illegal Data Address
52458;0;0;0x0000;02 Illegal Data Address
52459;0;0;0x0000;02 Illegal Data Address
52460;0;0;0x0000;02 Illegal Data Address
52461;0;0;0x0000;02 Illegal Data Address
52462;0;0;0x0000;02 Illegal Data Address
52463;0;0;0x0000;02 Illegal Data Address
52464;0;0;0x0000;02 Illegal Data Address
52465;0;0;0x0000;02 Illegal Data Address
52466;0;0;0x0000;02 Illegal Data Address
52467;0;0;0x0000;02 Illegal Data Address
52468;0;0;0x0000;02 Illegal Data Address
52469;0;0;0x0000;02 Illegal Data Address
52470;0;0;0x0000;02 Illegal Data Address
52471;0;0;0x0000;02 Illegal Data Address
52472;0;0;0x0000;02 Illegal Data Address
52473;0;0;0x0000;02 Illegal Data Address
52474;0;0;0x0000;02 Illegal Data Address
52475;0;0;0x0000;02 Illegal Data Address
52476;0;0;0x0000;02 Illegal Data Address
52477;0;0;0x0000;02 Illegal Data Address
52478;0;0;0x0000;02 Illegal Data Address
52479;0;0;0x0000;02 Illegal Data Address
52480;0;0;0x0000;02 Illegal Data Address
52481;0;0;0x0000;02 Illegal Data Address
52482;0;0;0x0000;02 Illegal Data Address
52483;0;0;0x0000;02 Illegal Data Address
52484;0;0;0x0000;02 Illegal Data Address
52485;0;0;0x0000;02 Illegal Data Address
52486;0;0;0x0000;02 Illegal Data Address
52487;0;0;0x0000;02 Illegal Data Address
52488;0;0;0x0000;02 Illegal Data Address
52489;0;0;0x0000;02 Illegal Data Address
52490;0;0;0x0000;02 Illegal Data Address
52491;0;0;0x0000;02 Illegal Data Address
52492;0;0;0x0000;02 Illegal Data Address
52493;0;0;0x0000;02 Illegal Data Address
52494;0;0;0x0000;02 Illegal Data Address
52495;0;0;0x0000;02 Illegal Data Address
52496;0;0;0x0000;02 Illegal Data Address
52497;0;0;0x0000;02 Illegal Data Address
52498;0;0;0x0000;02 Illegal Data Address
52499;0;0;0x0000;02 Illegal Data Address
52500;0;0;0x0000;02 Illegal Data Address
52501;0;0;0x0000;02 Illegal Data Address
52502;0;0;0x0000;02 Illegal Data Address
52503;0;0;0x0000;02 Illegal Data Address
52504;0;0;0x0000;02 Illegal Data Address
52505;0;0;0x0000;02 Illegal Data Address
52506;0;0;0x0000;02 Illegal Data Address
52507;0;0;0x0000;02 Illegal Data Address
52508;0;0;0x0000;02 Illegal Data Address
52509;0;0;0x0000;02 Illegal Data Address
52510;0;0;0x0000;02 Illegal Data Address
52511;0;0;0x0000;02 Illegal Data Address
52512;0;0;0x0000;02 Illegal Data Address
52513;0;0;0x0000;02 Illegal Data Address
52514;0;0;0x0000;02 Illegal Data Address
52515;0;0;0x0000;02 Illegal Data Address
52516;0;0;0x0000;02 Illegal Data Address
52517;0;0;0x0000;02 Illegal Data Address
52518;0;0;0x0000;02 Illegal Data Address
52519;0;0;0x0000;02 Illegal Data Address
52520;0;0;0x0000;02 Illegal Data Address
52521;0;0;0x0000;02 Illegal Data Address
52522;0;0;0x0000;02 Illegal Data Address
52523;0;0;0x0000;02 Illegal Data Address
52524;0;0;0x0000;02 Illegal Data Address
52525;0;0;0x0000;02 Illegal Data Address
52526;0;0;0x0000;02 Illegal Data Address
52527;0;0;0x0000;02 Illegal Data Address
52528;0;0;0x0000;02 Illegal Data Address
52529;0;0;0x0000;02 Illegal Data Address
52530;0;0;0x0000;02 Illegal Data Address
52531;0;0;0x0000;02 Illegal Data Address
52532;0;0;0x0000;02 Illegal Data Address
52533;0;0;0x0000;02 Illegal Data Address
52534;0;0;0x0000;02 Illegal Data Address
52535;0;0;0x0000;02 Illegal Data Address
52536;0;0;0x0000;02 Illegal Data Address
52537;0;0;0x0000;02 Illegal Data Address
52538;0;0;0x0000;02 Illegal Data Address
52539;0;0;0x0000;02 Illegal Data Address
52540;0;0;0x0000;02 Illegal Data Address
52541;0;0;0x0000;02 Illegal Data Address
52542;0;0;0x0000;02 Illegal Data Address
52543;0;0;0x0000;02 Illegal Data Address
52544;0;0;0x0000;02 Illegal Data Address
52545;0;0;0x0000;02 Illegal Data Address
52546;0;0;0x0000;02 Illegal Data Address
52547;0;0;0x0000;02 Illegal Data Address
52548;0;0;0x0000;02 Illegal Data Address
52549;0;0;0x0000;02 Illegal Data Address
52550;0;0;0x0000;02 Illegal Data Address
52551;0;0;0x0000;02 Illegal Data Address
52552;0;0;0x0000;02 Illegal Data Address
52553;0;0;0x0000;02 Illegal Data Address
52554;0;0;0x0000;02 Illegal Data Address
52555;0;0;0x0000;02 Illegal Data Address
52556;0;0;0x0000;02 Illegal Data Address
52557;0;0;0x0000;02 Illegal Data Address
52558;0;0;0x0000;02 Illegal Data Address
52559;0;0;0x0000;02 Illegal Data Address
52560;0;0;0x0000;02 Illegal Data Address
52561;0;0;0x0000;02 Illegal Data Address
52562;0;0;0x0000;02 Illegal Data Address
52563;0;0;0x0000;02 Illegal Data Address
52564;0;0;0x0000;02 Illegal Data Address
52565;0;0;0x0000;02 Illegal Data Address
52566;0;0;0x0000;02 Illegal Data Address
52567;0;0;0x0000;02 Illegal Data Address
52568;0;0;0x0000;02 Illegal Data Address
52569;0;0;0x0000;02 Illegal Data Address
52570;0;0;0x0000;02 Illegal Data Address
52571;0;0;0x0000;02 Illegal Data Address
52572;0;0;0x0000;02 Illegal Data Address
52573;0;0;0x0000;02 Illegal Data Address
52574;0;0;0x0000;02 Illegal Data Address
52575;0;0;0x0000;02 Illegal Data Address
52576;0;0;0x0000;02 Illegal Data Address
52577;0;0;0x0000;02 Illegal Data Address
52578;0;0;0x0000;02 Illegal Data Address
52579;0;0;0x0000;02 Illegal Data Address
52580;0;0;0x0000;02 Illegal Data Address
52581;0;0;0x0000;02 Illegal Data Address
52582;0;0;0x0000;02 Illegal Data Address
52583;0;0;0x0000;02 Illegal Data Address
52584;0;0;0x0000;02 Illegal Data Address
52585;0;0;0x0000;02 Illegal Data Address
52586;0;0;0x0000;02 Illegal Data Address
52587;0;0;0x0000;02 Illegal Data Address
52588;0;0;0x0000;02 Illegal Data Address
52589;0;0;0x0000;02 Illegal Data Address
52590;0;0;0x0000;02 Illegal Data Address
52591;0;0;0x0000;02 Illegal Data Address
52592;0;0;0x0000;02 Illegal Data Address
52593;0;0;0x0000;02 Illegal Data Address
52594;0;0;0x0000;02 Illegal Data Address
52595;0;0;0x0000;02 Illegal Data Address
52596;0;0;0x0000;02 Illegal Data Address
52597;0;0;0x0000;02 Illegal Data Address
52598;0;0;0x0000;02 Illegal Data Address
52599;0;0;0x0000;02 Illegal Data Address
52600;0;0;0x0000;02 Illegal Data Address
52601;0;0;0x0000;02 Illegal Data Address
52602;0;0;0x0000;02 Illegal Data Address
52603;0;0;0x0000;02 Illegal Data Address
52604;0;0;0x0000;02 Illegal Data Address
52605;0;0;0x0000;02 Illegal Data Address
52606;0;0;0x0000;02 Illegal Data Address
52607;0;0;0x0000;02 Illegal Data Address
52608;0;0;0x0000;02 Illegal Data Address
52609;0;0;0x0000;02 Illegal Data Address
52610;0;0;0x0000;02 Illegal Data Address
52611;0;0;0x0000;02 Illegal Data Address
52612;0;0;0x0000;02 Illegal Data Address
52613;0;0;0x0000;02 Illegal Data Address
52614;0;0;0x0000;02 Illegal Data Address
52615;0;0;0x0000;02 Illegal Data Address
52616;0;0;0x0000;02 Illegal Data Address
52617;0;0;0x0000;02 Illegal Data Address
52618;0;0;0x0000;02 Illegal Data Address
52619;0;0;0x0000;02 Illegal Data Address
52620;0;0;0x0000;02 Illegal Data Address
52621;0;0;0x0000;02 Illegal Data Address
52622;0;0;0x0000;02 Illegal Data Address
52623;0;0;0x0000;02 Illegal Data Address
52624;0;0;0x0000;02 Illegal Data Address
52625;0;0;0x0000;02 Illegal Data Address
52626;0;0;0x0000;02 Illegal Data Address
52627;0;0;0x0000;02 Illegal Data Address
52628;0;0;0x0000;02 Illegal Data Address
52629;0;0;0x0000;02 Illegal Data Address
52630;0;0;0x0000;02 Illegal Data Address
52631;0;0;0x0000;02 Illegal Data Address
52632;0;0;0x0000;02 Illegal Data Address
52633;0;0;0x0000;02 Illegal Data Address
52634;0;0;0x0000;02 Illegal Data Address
52635;0;0;0x0000;02 Illegal Data Address
52636;0;0;0x0000;02 Illegal Data Address
52637;0;0;0x0000;02 Illegal Data Address
52638;0;0;0x0000;02 Illegal Data Address
52639;0;0;0x0000;02 Illegal Data Address
52640;0;0;0x0000;02 Illegal Data Address
52641;0;0;0x0000;02 Illegal Data Address
52642;0;0;0x0000;02 Illegal Data Address
52643;0;0;0x0000;02 Illegal Data Address
52644;0;0;0x0000;02 Illegal Data Address
52645;0;0;0x0000;02 Illegal Data Address
52646;0;0;0x0000;02 Illegal Data Address
52647;0;0;0x0000;02 Illegal Data Address
52648;0;0;0x0000;02 Illegal Data Address
52649;0;0;0x0000;02 Illegal Data Address
52650;0;0;0x0000;02 Illegal Data Address
52651;0;0;0x0000;02 Illegal Data Address
52652;0;0;0x0000;02 Illegal Data Address
52653;0;0;0x0000;02 Illegal Data Address
52654;0;0;0x0000;02 Illegal Data Address
52655;0;0;0x0000;02 Illegal Data Address
52656;0;0;0x0000;02 Illegal Data Address
52657;0;0;0x0000;02 Illegal Data Address
52658;0;0;0x0000;02 Illegal Data Address
52659;0;0;0x0000;02 Illegal Data Address
52660;0;0;0x0000;02 Illegal Data Address
52661;0;0;0x0000;02 Illegal Data Address
52662;0;0;0x0000;02 Illegal Data Address
52663;0;0;0x0000;02 Illegal Data Address
52664;0;0;0x0000;02 Illegal Data Address
52665;0;0;0x0000;02 Illegal Data Address
52666;0;0;0x0000;02 Illegal Data Address
52667;0;0;0x0000;02 Illegal Data Address
52668;0;0;0x0000;02 Illegal Data Address
52669;0;0;0x0000;02 Illegal Data Address
52670;0;0;0x0000;02 Illegal Data Address
52671;0;0;0x0000;02 Illegal Data Address
52672;0;0;0x0000;02 Illegal Data Address
52673;0;0;0x0000;02 Illegal Data Address
52674;0;0;0x0000;02 Illegal Data Address
52675;0;0;0x0000;02 Illegal Data Address
52676;0;0;0x0000;02 Illegal Data Address
52677;0;0;0x0000;02 Illegal Data Address
52678;0;0;0x0000;02 Illegal Data Address
52679;0;0;0x0000;02 Illegal Data Address
52680;0;0;0x0000;02 Illegal Data Address
52681;0;0;0x0000;02 Illegal Data Address
52682;0;0;0x0000;02 Illegal Data Address
52683;0;0;0x0000;02 Illegal Data Address
52684;0;0;0x0000;02 Illegal Data Address
52685;0;0;0x0000;02 Illegal Data Address
52686;0;0;0x0000;02 Illegal Data Address
52687;0;0;0x0000;02 Illegal Data Address
52688;0;0;0x0000;02 Illegal Data Address
52689;0;0;0x0000;02 Illegal Data Address
52690;0;0;0x0000;02 Illegal Data Address
52691;0;0;0x0000;02 Illegal Data Address
52692;0;0;0x0000;02 Illegal Data Address
52693;0;0;0x0000;02 Illegal Data Address
52694;0;0;0x0000;02 Illegal Data Address
52695;0;0;0x0000;02 Illegal Data Address
52696;0;0;0x0000;02 Illegal Data Address
52697;0;0;0x0000;02 Illegal Data Address
52698;0;0;0x0000;02 Illegal Data Address
52699;0;0;0x0000;02 Illegal Data Address
52700;0;0;0x0000;02 Illegal Data Address
52701;0;0;0x0000;02 Illegal Data Address
52702;0;0;0x0000;02 Illegal Data Address
52703;0;0;0x0000;02 Illegal Data Address
52704;0;0;0x0000;02 Illegal Data Address
52705;0;0;0x0000;02 Illegal Data Address
52706;0;0;0x0000;02 Illegal Data Address
52707;0;0;0x0000;02 Illegal Data Address
52708;0;0;0x0000;02 Illegal Data Address
52709;0;0;0x0000;02 Illegal Data Address
52710;0;0;0x0000;02 Illegal Data Address
52711;0;0;0x0000;02 Illegal Data Address
52712;0;0;0x0000;02 Illegal Data Address
52713;0;0;0x0000;02 Illegal Data Address
52714;0;0;0x0000;02 Illegal Data Address
52715;0;0;0x0000;02 Illegal Data Address
52716;0;0;0x0000;02 Illegal Data Address
52717;0;0;0x0000;02 Illegal Data Address
52718;0;0;0x0000;02 Illegal Data Address
52719;0;0;0x0000;02 Illegal Data Address
52720;0;0;0x0000;02 Illegal Data Address
52721;0;0;0x0000;02 Illegal Data Address
52722;0;0;0x0000;02 Illegal Data Address
52723;0;0;0x0000;02 Illegal Data Address
52724;0;0;0x0000;02 Illegal Data Address
52725;0;0;0x0000;02 Illegal Data Address
52726;0;0;0x0000;02 Illegal Data Address
52727;0;0;0x0000;02 Illegal Data Address
52728;0;0;0x0000;02 Illegal Data Address
52729;0;0;0x0000;02 Illegal Data Address
52730;0;0;0x0000;02 Illegal Data Address
52731;0;0;0x0000;02 Illegal Data Address
52732;0;0;0x0000;02 Illegal Data Address
52733;0;0;0x0000;02 Illegal Data Address
52734;0;0;0x0000;02 Illegal Data Address
52735;0;0;0x0000;02 Illegal Data Address
52736;0;0;0x0000;02 Illegal Data Address
52737;0;0;0x0000;02 Illegal Data Address
52738;0;0;0x0000;02 Illegal Data Address
52739;0;0;0x0000;02 Illegal Data Address
52740;0;0;0x0000;02 Illegal Data Address
52741;0;0;0x0000;02 Illegal Data Address
52742;0;0;0x0000;02 Illegal Data Address
52743;0;0;0x0000;02 Illegal Data Address
52744;0;0;0x0000;02 Illegal Data Address
52745;0;0;0x0000;02 Illegal Data Address
52746;0;0;0x0000;02 Illegal Data Address
52747;0;0;0x0000;02 Illegal Data Address
52748;0;0;0x0000;02 Illegal Data Address
52749;0;0;0x0000;02 Illegal Data Address
52750;0;0;0x0000;02 Illegal Data Address
52751;0;0;0x0000;02 Illegal Data Address
52752;0;0;0x0000;02 Illegal Data Address
52753;0;0;0x0000;02 Illegal Data Address
52754;0;0;0x0000;02 Illegal Data Address
52755;0;0;0x0000;02 Illegal Data Address
52756;0;0;0x0000;02 Illegal Data Address
52757;0;0;0x0000;02 Illegal Data Address
52758;0;0;0x0000;02 Illegal Data Address
52759;0;0;0x0000;02 Illegal Data Address
52760;0;0;0x0000;02 Illegal Data Address
52761;0;0;0x0000;02 Illegal Data Address
52762;0;0;0x0000;02 Illegal Data Address
52763;0;0;0x0000;02 Illegal Data Address
52764;0;0;0x0000;02 Illegal Data Address
52765;0;0;0x0000;02 Illegal Data Address
52766;0;0;0x0000;02 Illegal Data Address
52767;0;0;0x0000;02 Illegal Data Address
52768;0;0;0x0000;02 Illegal Data Address
52769;0;0;0x0000;02 Illegal Data Address
52770;0;0;0x0000;02 Illegal Data Address
52771;0;0;0x0000;02 Illegal Data Address
52772;0;0;0x0000;02 Illegal Data Address
52773;0;0;0x0000;02 Illegal Data Address
52774;0;0;0x0000;02 Illegal Data Address
52775;0;0;0x0000;02 Illegal Data Address
52776;0;0;0x0000;02 Illegal Data Address
52777;0;0;0x0000;02 Illegal Data Address
52778;0;0;0x0000;02 Illegal Data Address
52779;0;0;0x0000;02 Illegal Data Address
52780;0;0;0x0000;02 Illegal Data Address
52781;0;0;0x0000;02 Illegal Data Address
52782;0;0;0x0000;02 Illegal Data Address
52783;0;0;0x0000;02 Illegal Data Address
52784;0;0;0x0000;02 Illegal Data Address
52785;0;0;0x0000;02 Illegal Data Address
52786;0;0;0x0000;02 Illegal Data Address
52787;0;0;0x0000;02 Illegal Data Address
52788;0;0;0x0000;02 Illegal Data Address
52789;0;0;0x0000;02 Illegal Data Address
52790;0;0;0x0000;02 Illegal Data Address
52791;0;0;0x0000;02 Illegal Data Address
52792;0;0;0x0000;02 Illegal Data Address
52793;0;0;0x0000;02 Illegal Data Address
52794;0;0;0x0000;02 Illegal Data Address
52795;0;0;0x0000;02 Illegal Data Address
52796;0;0;0x0000;02 Illegal Data Address
52797;0;0;0x0000;02 Illegal Data Address
52798;0;0;0x0000;02 Illegal Data Address
52799;0;0;0x0000;02 Illegal Data Address
52800;0;0;0x0000;02 Illegal Data Address
52801;0;0;0x0000;02 Illegal Data Address
52802;0;0;0x0000;02 Illegal Data Address
52803;0;0;0x0000;02 Illegal Data Address
52804;0;0;0x0000;02 Illegal Data Address
52805;0;0;0x0000;02 Illegal Data Address
52806;0;0;0x0000;02 Illegal Data Address
52807;0;0;0x0000;02 Illegal Data Address
52808;0;0;0x0000;02 Illegal Data Address
52809;0;0;0x0000;02 Illegal Data Address
52810;0;0;0x0000;02 Illegal Data Address
52811;0;0;0x0000;02 Illegal Data Address
52812;0;0;0x0000;02 Illegal Data Address
52813;0;0;0x0000;02 Illegal Data Address
52814;0;0;0x0000;02 Illegal Data Address
52815;0;0;0x0000;02 Illegal Data Address
52816;0;0;0x0000;02 Illegal Data Address
52817;0;0;0x0000;02 Illegal Data Address
52818;0;0;0x0000;02 Illegal Data Address
52819;0;0;0x0000;02 Illegal Data Address
52820;0;0;0x0000;02 Illegal Data Address
52821;0;0;0x0000;02 Illegal Data Address
52822;0;0;0x0000;02 Illegal Data Address
52823;0;0;0x0000;02 Illegal Data Address
52824;0;0;0x0000;02 Illegal Data Address
52825;0;0;0x0000;02 Illegal Data Address
52826;0;0;0x0000;02 Illegal Data Address
52827;0;0;0x0000;02 Illegal Data Address
52828;0;0;0x0000;02 Illegal Data Address
52829;0;0;0x0000;02 Illegal Data Address
52830;0;0;0x0000;02 Illegal Data Address
52831;0;0;0x0000;02 Illegal Data Address
52832;0;0;0x0000;02 Illegal Data Address
52833;0;0;0x0000;02 Illegal Data Address
52834;0;0;0x0000;02 Illegal Data Address
52835;0;0;0x0000;02 Illegal Data Address
52836;0;0;0x0000;02 Illegal Data Address
52837;0;0;0x0000;02 Illegal Data Address
52838;0;0;0x0000;02 Illegal Data Address
52839;0;0;0x0000;02 Illegal Data Address
52840;0;0;0x0000;02 Illegal Data Address
52841;0;0;0x0000;02 Illegal Data Address
52842;0;0;0x0000;02 Illegal Data Address
52843;0;0;0x0000;02 Illegal Data Address
52844;0;0;0x0000;02 Illegal Data Address
52845;0;0;0x0000;02 Illegal Data Address
52846;0;0;0x0000;02 Illegal Data Address
52847;0;0;0x0000;02 Illegal Data Address
52848;0;0;0x0000;02 Illegal Data Address
52849;0;0;0x0000;02 Illegal Data Address
52850;0;0;0x0000;02 Illegal Data Address
52851;0;0;0x0000;02 Illegal Data Address
52852;0;0;0x0000;02 Illegal Data Address
52853;0;0;0x0000;02 Illegal Data Address
52854;0;0;0x0000;02 Illegal Data Address
52855;0;0;0x0000;02 Illegal Data Address
52856;0;0;0x0000;02 Illegal Data Address
52857;0;0;0x0000;02 Illegal Data Address
52858;0;0;0x0000;02 Illegal Data Address
52859;0;0;0x0000;02 Illegal Data Address
52860;0;0;0x0000;02 Illegal Data Address
52861;0;0;0x0000;02 Illegal Data Address
52862;0;0;0x0000;02 Illegal Data Address
52863;0;0;0x0000;02 Illegal Data Address
52864;0;0;0x0000;02 Illegal Data Address
52865;0;0;0x0000;02 Illegal Data Address
52866;0;0;0x0000;02 Illegal Data Address
52867;0;0;0x0000;02 Illegal Data Address
52868;0;0;0x0000;02 Illegal Data Address
52869;0;0;0x0000;02 Illegal Data Address
52870;0;0;0x0000;02 Illegal Data Address
52871;0;0;0x0000;02 Illegal Data Address
52872;0;0;0x0000;02 Illegal Data Address
52873;0;0;0x0000;02 Illegal Data Address
52874;0;0;0x0000;02 Illegal Data Address
52875;0;0;0x0000;02 Illegal Data Address
52876;0;0;0x0000;02 Illegal Data Address
52877;0;0;0x0000;02 Illegal Data Address
52878;0;0;0x0000;02 Illegal Data Address
52879;0;0;0x0000;02 Illegal Data Address
52880;0;0;0x0000;02 Illegal Data Address
52881;0;0;0x0000;02 Illegal Data Address
52882;0;0;0x0000;02 Illegal Data Address
52883;0;0;0x0000;02 Illegal Data Address
52884;0;0;0x0000;02 Illegal Data Address
52885;0;0;0x0000;02 Illegal Data Address
52886;0;0;0x0000;02 Illegal Data Address
52887;0;0;0x0000;02 Illegal Data Address
52888;0;0;0x0000;02 Illegal Data Address
52889;0;0;0x0000;02 Illegal Data Address
52890;0;0;0x0000;02 Illegal Data Address
52891;0;0;0x0000;02 Illegal Data Address
52892;0;0;0x0000;02 Illegal Data Address
52893;0;0;0x0000;02 Illegal Data Address
52894;0;0;0x0000;02 Illegal Data Address
52895;0;0;0x0000;02 Illegal Data Address
52896;0;0;0x0000;02 Illegal Data Address
52897;0;0;0x0000;02 Illegal Data Address
52898;0;0;0x0000;02 Illegal Data Address
52899;0;0;0x0000;02 Illegal Data Address
52900;0;0;0x0000;02 Illegal Data Address
52901;0;0;0x0000;02 Illegal Data Address
52902;0;0;0x0000;02 Illegal Data Address
52903;0;0;0x0000;02 Illegal Data Address
52904;0;0;0x0000;02 Illegal Data Address
52905;0;0;0x0000;02 Illegal Data Address
52906;0;0;0x0000;02 Illegal Data Address
52907;0;0;0x0000;02 Illegal Data Address
52908;0;0;0x0000;02 Illegal Data Address
52909;0;0;0x0000;02 Illegal Data Address
52910;0;0;0x0000;02 Illegal Data Address
52911;0;0;0x0000;02 Illegal Data Address
52912;0;0;0x0000;02 Illegal Data Address
52913;0;0;0x0000;02 Illegal Data Address
52914;0;0;0x0000;02 Illegal Data Address
52915;0;0;0x0000;02 Illegal Data Address
52916;0;0;0x0000;02 Illegal Data Address
52917;0;0;0x0000;02 Illegal Data Address
52918;0;0;0x0000;02 Illegal Data Address
52919;0;0;0x0000;02 Illegal Data Address
52920;0;0;0x0000;02 Illegal Data Address
52921;0;0;0x0000;02 Illegal Data Address
52922;0;0;0x0000;02 Illegal Data Address
52923;0;0;0x0000;02 Illegal Data Address
52924;0;0;0x0000;02 Illegal Data Address
52925;0;0;0x0000;02 Illegal Data Address
52926;0;0;0x0000;02 Illegal Data Address
52927;0;0;0x0000;02 Illegal Data Address
52928;0;0;0x0000;02 Illegal Data Address
52929;0;0;0x0000;02 Illegal Data Address
52930;0;0;0x0000;02 Illegal Data Address
52931;0;0;0x0000;02 Illegal Data Address
52932;0;0;0x0000;02 Illegal Data Address
52933;0;0;0x0000;02 Illegal Data Address
52934;0;0;0x0000;02 Illegal Data Address
52935;0;0;0x0000;02 Illegal Data Address
52936;0;0;0x0000;02 Illegal Data Address
52937;0;0;0x0000;02 Illegal Data Address
52938;0;0;0x0000;02 Illegal Data Address
52939;0;0;0x0000;02 Illegal Data Address
52940;0;0;0x0000;02 Illegal Data Address
52941;0;0;0x0000;02 Illegal Data Address
52942;0;0;0x0000;02 Illegal Data Address
52943;0;0;0x0000;02 Illegal Data Address
52944;0;0;0x0000;02 Illegal Data Address
52945;0;0;0x0000;02 Illegal Data Address
52946;0;0;0x0000;02 Illegal Data Address
52947;0;0;0x0000;02 Illegal Data Address
52948;0;0;0x0000;02 Illegal Data Address
52949;0;0;0x0000;02 Illegal Data Address
52950;0;0;0x0000;02 Illegal Data Address
52951;0;0;0x0000;02 Illegal Data Address
52952;0;0;0x0000;02 Illegal Data Address
52953;0;0;0x0000;02 Illegal Data Address
52954;0;0;0x0000;02 Illegal Data Address
52955;0;0;0x0000;02 Illegal Data Address
52956;0;0;0x0000;02 Illegal Data Address
52957;0;0;0x0000;02 Illegal Data Address
52958;0;0;0x0000;02 Illegal Data Address
52959;0;0;0x0000;02 Illegal Data Address
52960;0;0;0x0000;02 Illegal Data Address
52961;0;0;0x0000;02 Illegal Data Address
52962;0;0;0x0000;02 Illegal Data Address
52963;0;0;0x0000;02 Illegal Data Address
52964;0;0;0x0000;02 Illegal Data Address
52965;0;0;0x0000;02 Illegal Data Address
52966;0;0;0x0000;02 Illegal Data Address
52967;0;0;0x0000;02 Illegal Data Address
52968;0;0;0x0000;02 Illegal Data Address
52969;0;0;0x0000;02 Illegal Data Address
52970;0;0;0x0000;02 Illegal Data Address
52971;0;0;0x0000;02 Illegal Data Address
52972;0;0;0x0000;02 Illegal Data Address
52973;0;0;0x0000;02 Illegal Data Address
52974;0;0;0x0000;02 Illegal Data Address
52975;0;0;0x0000;02 Illegal Data Address
52976;0;0;0x0000;02 Illegal Data Address
52977;0;0;0x0000;02 Illegal Data Address
52978;0;0;0x0000;02 Illegal Data Address
52979;0;0;0x0000;02 Illegal Data Address
52980;0;0;0x0000;02 Illegal Data Address
52981;0;0;0x0000;02 Illegal Data Address
52982;0;0;0x0000;02 Illegal Data Address
52983;0;0;0x0000;02 Illegal Data Address
52984;0;0;0x0000;02 Illegal Data Address
52985;0;0;0x0000;02 Illegal Data Address
52986;0;0;0x0000;02 Illegal Data Address
52987;0;0;0x0000;02 Illegal Data Address
52988;0;0;0x0000;02 Illegal Data Address
52989;0;0;0x0000;02 Illegal Data Address
52990;0;0;0x0000;02 Illegal Data Address
52991;0;0;0x0000;02 Illegal Data Address
52992;0;0;0x0000;02 Illegal Data Address
52993;0;0;0x0000;02 Illegal Data Address
52994;0;0;0x0000;02 Illegal Data Address
52995;0;0;0x0000;02 Illegal Data Address
52996;0;0;0x0000;02 Illegal Data Address
52997;0;0;0x0000;02 Illegal Data Address
52998;0;0;0x0000;02 Illegal Data Address
52999;0;0;0x0000;02 Illegal Data Address
53000;0;0;0x0000;02 Illegal Data Address
53001;0;0;0x0000;02 Illegal Data Address
53002;0;0;0x0000;02 Illegal Data Address
53003;0;0;0x0000;02 Illegal Data Address
53004;0;0;0x0000;02 Illegal Data Address
53005;0;0;0x0000;02 Illegal Data Address
53006;0;0;0x0000;02 Illegal Data Address
53007;0;0;0x0000;02 Illegal Data Address
53008;0;0;0x0000;02 Illegal Data Address
53009;0;0;0x0000;02 Illegal Data Address
53010;0;0;0x0000;02 Illegal Data Address
53011;0;0;0x0000;02 Illegal Data Address
53012;0;0;0x0000;02 Illegal Data Address
53013;0;0;0x0000;02 Illegal Data Address
53014;0;0;0x0000;02 Illegal Data Address
53015;0;0;0x0000;02 Illegal Data Address
53016;0;0;0x0000;02 Illegal Data Address
53017;0;0;0x0000;02 Illegal Data Address
53018;0;0;0x0000;02 Illegal Data Address
53019;0;0;0x0000;02 Illegal Data Address
53020;0;0;0x0000;02 Illegal Data Address
53021;0;0;0x0000;02 Illegal Data Address
53022;0;0;0x0000;02 Illegal Data Address
53023;0;0;0x0000;02 Illegal Data Address
53024;0;0;0x0000;02 Illegal Data Address
53025;0;0;0x0000;02 Illegal Data Address
53026;0;0;0x0000;02 Illegal Data Address
53027;0;0;0x0000;02 Illegal Data Address
53028;0;0;0x0000;02 Illegal Data Address
53029;0;0;0x0000;02 Illegal Data Address
53030;0;0;0x0000;02 Illegal Data Address
53031;0;0;0x0000;02 Illegal Data Address
53032;0;0;0x0000;02 Illegal Data Address
53033;0;0;0x0000;02 Illegal Data Address
53034;0;0;0x0000;02 Illegal Data Address
53035;0;0;0x0000;02 Illegal Data Address
53036;0;0;0x0000;02 Illegal Data Address
53037;0;0;0x0000;02 Illegal Data Address
53038;0;0;0x0000;02 Illegal Data Address
53039;0;0;0x0000;02 Illegal Data Address
53040;0;0;0x0000;02 Illegal Data Address
53041;0;0;0x0000;02 Illegal Data Address
53042;0;0;0x0000;02 Illegal Data Address
53043;0;0;0x0000;02 Illegal Data Address
53044;0;0;0x0000;02 Illegal Data Address
53045;0;0;0x0000;02 Illegal Data Address
53046;0;0;0x0000;02 Illegal Data Address
53047;0;0;0x0000;02 Illegal Data Address
53048;0;0;0x0000;02 Illegal Data Address
53049;0;0;0x0000;02 Illegal Data Address
53050;0;0;0x0000;02 Illegal Data Address
53051;0;0;0x0000;02 Illegal Data Address
53052;0;0;0x0000;02 Illegal Data Address
53053;0;0;0x0000;02 Illegal Data Address
53054;0;0;0x0000;02 Illegal Data Address
53055;0;0;0x0000;02 Illegal Data Address
53056;0;0;0x0000;02 Illegal Data Address
53057;0;0;0x0000;02 Illegal Data Address
53058;0;0;0x0000;02 Illegal Data Address
53059;0;0;0x0000;02 Illegal Data Address
53060;0;0;0x0000;02 Illegal Data Address
53061;0;0;0x0000;02 Illegal Data Address
53062;0;0;0x0000;02 Illegal Data Address
53063;0;0;0x0000;02 Illegal Data Address
53064;0;0;0x0000;02 Illegal Data Address
53065;0;0;0x0000;02 Illegal Data Address
53066;0;0;0x0000;02 Illegal Data Address
53067;0;0;0x0000;02 Illegal Data Address
53068;0;0;0x0000;02 Illegal Data Address
53069;0;0;0x0000;02 Illegal Data Address
53070;0;0;0x0000;02 Illegal Data Address
53071;0;0;0x0000;02 Illegal Data Address
53072;0;0;0x0000;02 Illegal Data Address
53073;0;0;0x0000;02 Illegal Data Address
53074;0;0;0x0000;02 Illegal Data Address
53075;0;0;0x0000;02 Illegal Data Address
53076;0;0;0x0000;02 Illegal Data Address
53077;0;0;0x0000;02 Illegal Data Address
53078;0;0;0x0000;02 Illegal Data Address
53079;0;0;0x0000;02 Illegal Data Address
53080;0;0;0x0000;02 Illegal Data Address
53081;0;0;0x0000;02 Illegal Data Address
53082;0;0;0x0000;02 Illegal Data Address
53083;0;0;0x0000;02 Illegal Data Address
53084;0;0;0x0000;02 Illegal Data Address
53085;0;0;0x0000;02 Illegal Data Address
53086;0;0;0x0000;02 Illegal Data Address
53087;0;0;0x0000;02 Illegal Data Address
53088;0;0;0x0000;02 Illegal Data Address
53089;0;0;0x0000;02 Illegal Data Address
53090;0;0;0x0000;02 Illegal Data Address
53091;0;0;0x0000;02 Illegal Data Address
53092;0;0;0x0000;02 Illegal Data Address
53093;0;0;0x0000;02 Illegal Data Address
53094;0;0;0x0000;02 Illegal Data Address
53095;0;0;0x0000;02 Illegal Data Address
53096;0;0;0x0000;02 Illegal Data Address
53097;0;0;0x0000;02 Illegal Data Address
53098;0;0;0x0000;02 Illegal Data Address
53099;0;0;0x0000;02 Illegal Data Address
53100;0;0;0x0000;02 Illegal Data Address
53101;0;0;0x0000;02 Illegal Data Address
53102;0;0;0x0000;02 Illegal Data Address
53103;0;0;0x0000;02 Illegal Data Address
53104;0;0;0x0000;02 Illegal Data Address
53105;0;0;0x0000;02 Illegal Data Address
53106;0;0;0x0000;02 Illegal Data Address
53107;0;0;0x0000;02 Illegal Data Address
53108;0;0;0x0000;02 Illegal Data Address
53109;0;0;0x0000;02 Illegal Data Address
53110;0;0;0x0000;02 Illegal Data Address
53111;0;0;0x0000;02 Illegal Data Address
53112;0;0;0x0000;02 Illegal Data Address
53113;0;0;0x0000;02 Illegal Data Address
53114;0;0;0x0000;02 Illegal Data Address
53115;0;0;0x0000;02 Illegal Data Address
53116;0;0;0x0000;02 Illegal Data Address
53117;0;0;0x0000;02 Illegal Data Address
53118;0;0;0x0000;02 Illegal Data Address
53119;0;0;0x0000;02 Illegal Data Address
53120;0;0;0x0000;02 Illegal Data Address
53121;0;0;0x0000;02 Illegal Data Address
53122;0;0;0x0000;02 Illegal Data Address
53123;0;0;0x0000;02 Illegal Data Address
53124;0;0;0x0000;02 Illegal Data Address
53125;0;0;0x0000;02 Illegal Data Address
53126;0;0;0x0000;02 Illegal Data Address
53127;0;0;0x0000;02 Illegal Data Address
53128;0;0;0x0000;02 Illegal Data Address
53129;0;0;0x0000;02 Illegal Data Address
53130;0;0;0x0000;02 Illegal Data Address
53131;0;0;0x0000;02 Illegal Data Address
53132;0;0;0x0000;02 Illegal Data Address
53133;0;0;0x0000;02 Illegal Data Address
53134;0;0;0x0000;02 Illegal Data Address
53135;0;0;0x0000;02 Illegal Data Address
53136;0;0;0x0000;02 Illegal Data Address
53137;0;0;0x0000;02 Illegal Data Address
53138;0;0;0x0000;02 Illegal Data Address
53139;0;0;0x0000;02 Illegal Data Address
53140;0;0;0x0000;02 Illegal Data Address
53141;0;0;0x0000;02 Illegal Data Address
53142;0;0;0x0000;02 Illegal Data Address
53143;0;0;0x0000;02 Illegal Data Address
53144;0;0;0x0000;02 Illegal Data Address
53145;0;0;0x0000;02 Illegal Data Address
53146;0;0;0x0000;02 Illegal Data Address
53147;0;0;0x0000;02 Illegal Data Address
53148;0;0;0x0000;02 Illegal Data Address
53149;0;0;0x0000;02 Illegal Data Address
53150;0;0;0x0000;02 Illegal Data Address
53151;0;0;0x0000;02 Illegal Data Address
53152;0;0;0x0000;02 Illegal Data Address
53153;0;0;0x0000;02 Illegal Data Address
53154;0;0;0x0000;02 Illegal Data Address
53155;0;0;0x0000;02 Illegal Data Address
53156;0;0;0x0000;02 Illegal Data Address
53157;0;0;0x0000;02 Illegal Data Address
53158;0;0;0x0000;02 Illegal Data Address
53159;0;0;0x0000;02 Illegal Data Address
53160;0;0;0x0000;02 Illegal Data Address
53161;0;0;0x0000;02 Illegal Data Address
53162;0;0;0x0000;02 Illegal Data Address
53163;0;0;0x0000;02 Illegal Data Address
53164;0;0;0x0000;02 Illegal Data Address
53165;0;0;0x0000;02 Illegal Data Address
53166;0;0;0x0000;02 Illegal Data Address
53167;0;0;0x0000;02 Illegal Data Address
53168;0;0;0x0000;02 Illegal Data Address
53169;0;0;0x0000;02 Illegal Data Address
53170;0;0;0x0000;02 Illegal Data Address
53171;0;0;0x0000;02 Illegal Data Address
53172;0;0;0x0000;02 Illegal Data Address
53173;0;0;0x0000;02 Illegal Data Address
53174;0;0;0x0000;02 Illegal Data Address
53175;0;0;0x0000;02 Illegal Data Address
53176;0;0;0x0000;02 Illegal Data Address
53177;0;0;0x0000;02 Illegal Data Address
53178;0;0;0x0000;02 Illegal Data Address
53179;0;0;0x0000;02 Illegal Data Address
53180;0;0;0x0000;02 Illegal Data Address
53181;0;0;0x0000;02 Illegal Data Address
53182;0;0;0x0000;02 Illegal Data Address
53183;0;0;0x0000;02 Illegal Data Address
53184;0;0;0x0000;02 Illegal Data Address
53185;0;0;0x0000;02 Illegal Data Address
53186;0;0;0x0000;02 Illegal Data Address
53187;0;0;0x0000;02 Illegal Data Address
53188;0;0;0x0000;02 Illegal Data Address
53189;0;0;0x0000;02 Illegal Data Address
53190;0;0;0x0000;02 Illegal Data Address
53191;0;0;0x0000;02 Illegal Data Address
53192;0;0;0x0000;02 Illegal Data Address
53193;0;0;0x0000;02 Illegal Data Address
53194;0;0;0x0000;02 Illegal Data Address
53195;0;0;0x0000;02 Illegal Data Address
53196;0;0;0x0000;02 Illegal Data Address
53197;0;0;0x0000;02 Illegal Data Address
53198;0;0;0x0000;02 Illegal Data Address
53199;0;0;0x0000;02 Illegal Data Address
53200;0;0;0x0000;02 Illegal Data Address
53201;0;0;0x0000;02 Illegal Data Address
53202;0;0;0x0000;02 Illegal Data Address
53203;0;0;0x0000;02 Illegal Data Address
53204;0;0;0x0000;02 Illegal Data Address
53205;0;0;0x0000;02 Illegal Data Address
53206;0;0;0x0000;02 Illegal Data Address
53207;0;0;0x0000;02 Illegal Data Address
53208;0;0;0x0000;02 Illegal Data Address
53209;0;0;0x0000;02 Illegal Data Address
53210;0;0;0x0000;02 Illegal Data Address
53211;0;0;0x0000;02 Illegal Data Address
53212;0;0;0x0000;02 Illegal Data Address
53213;0;0;0x0000;02 Illegal Data Address
53214;0;0;0x0000;02 Illegal Data Address
53215;0;0;0x0000;02 Illegal Data Address
53216;0;0;0x0000;02 Illegal Data Address
53217;0;0;0x0000;02 Illegal Data Address
53218;0;0;0x0000;02 Illegal Data Address
53219;0;0;0x0000;02 Illegal Data Address
53220;0;0;0x0000;02 Illegal Data Address
53221;0;0;0x0000;02 Illegal Data Address
53222;0;0;0x0000;02 Illegal Data Address
53223;0;0;0x0000;02 Illegal Data Address
53224;0;0;0x0000;02 Illegal Data Address
53225;0;0;0x0000;02 Illegal Data Address
53226;0;0;0x0000;02 Illegal Data Address
53227;0;0;0x0000;02 Illegal Data Address
53228;0;0;0x0000;02 Illegal Data Address
53229;0;0;0x0000;02 Illegal Data Address
53230;0;0;0x0000;02 Illegal Data Address
53231;0;0;0x0000;02 Illegal Data Address
53232;0;0;0x0000;02 Illegal Data Address
53233;0;0;0x0000;02 Illegal Data Address
53234;0;0;0x0000;02 Illegal Data Address
53235;0;0;0x0000;02 Illegal Data Address
53236;0;0;0x0000;02 Illegal Data Address
53237;0;0;0x0000;02 Illegal Data Address
53238;0;0;0x0000;02 Illegal Data Address
53239;0;0;0x0000;02 Illegal Data Address
53240;0;0;0x0000;02 Illegal Data Address
53241;0;0;0x0000;02 Illegal Data Address
53242;0;0;0x0000;02 Illegal Data Address
53243;0;0;0x0000;02 Illegal Data Address
53244;0;0;0x0000;02 Illegal Data Address
53245;0;0;0x0000;02 Illegal Data Address
53246;0;0;0x0000;02 Illegal Data Address
53247;0;0;0x0000;02 Illegal Data Address
53248;0;0;0x0000;02 Illegal Data Address
53249;0;0;0x0000;02 Illegal Data Address
53250;0;0;0x0000;02 Illegal Data Address
53251;0;0;0x0000;02 Illegal Data Address
53252;0;0;0x0000;02 Illegal Data Address
53253;0;0;0x0000;02 Illegal Data Address
53254;0;0;0x0000;02 Illegal Data Address
53255;0;0;0x0000;02 Illegal Data Address
53256;0;0;0x0000;02 Illegal Data Address
53257;0;0;0x0000;02 Illegal Data Address
53258;0;0;0x0000;02 Illegal Data Address
53259;0;0;0x0000;02 Illegal Data Address
53260;0;0;0x0000;02 Illegal Data Address
53261;0;0;0x0000;02 Illegal Data Address
53262;0;0;0x0000;02 Illegal Data Address
53263;0;0;0x0000;02 Illegal Data Address
53264;0;0;0x0000;02 Illegal Data Address
53265;0;0;0x0000;02 Illegal Data Address
53266;0;0;0x0000;02 Illegal Data Address
53267;0;0;0x0000;02 Illegal Data Address
53268;0;0;0x0000;02 Illegal Data Address
53269;0;0;0x0000;02 Illegal Data Address
53270;0;0;0x0000;02 Illegal Data Address
53271;0;0;0x0000;02 Illegal Data Address
53272;0;0;0x0000;02 Illegal Data Address
53273;0;0;0x0000;02 Illegal Data Address
53274;0;0;0x0000;02 Illegal Data Address
53275;0;0;0x0000;02 Illegal Data Address
53276;0;0;0x0000;02 Illegal Data Address
53277;0;0;0x0000;02 Illegal Data Address
53278;0;0;0x0000;02 Illegal Data Address
53279;0;0;0x0000;02 Illegal Data Address
53280;0;0;0x0000;02 Illegal Data Address
53281;0;0;0x0000;02 Illegal Data Address
53282;0;0;0x0000;02 Illegal Data Address
53283;0;0;0x0000;02 Illegal Data Address
53284;0;0;0x0000;02 Illegal Data Address
53285;0;0;0x0000;02 Illegal Data Address
53286;0;0;0x0000;02 Illegal Data Address
53287;0;0;0x0000;02 Illegal Data Address
53288;0;0;0x0000;02 Illegal Data Address
53289;0;0;0x0000;02 Illegal Data Address
53290;0;0;0x0000;02 Illegal Data Address
53291;0;0;0x0000;02 Illegal Data Address
53292;0;0;0x0000;02 Illegal Data Address
53293;0;0;0x0000;02 Illegal Data Address
53294;0;0;0x0000;02 Illegal Data Address
53295;0;0;0x0000;02 Illegal Data Address
53296;0;0;0x0000;02 Illegal Data Address
53297;0;0;0x0000;02 Illegal Data Address
53298;0;0;0x0000;02 Illegal Data Address
53299;0;0;0x0000;02 Illegal Data Address
53300;0;0;0x0000;02 Illegal Data Address
53301;0;0;0x0000;02 Illegal Data Address
53302;0;0;0x0000;02 Illegal Data Address
53303;0;0;0x0000;02 Illegal Data Address
53304;0;0;0x0000;02 Illegal Data Address
53305;0;0;0x0000;02 Illegal Data Address
53306;0;0;0x0000;02 Illegal Data Address
53307;0;0;0x0000;02 Illegal Data Address
53308;0;0;0x0000;02 Illegal Data Address
53309;0;0;0x0000;02 Illegal Data Address
53310;0;0;0x0000;02 Illegal Data Address
53311;0;0;0x0000;02 Illegal Data Address
53312;0;0;0x0000;02 Illegal Data Address
53313;0;0;0x0000;02 Illegal Data Address
53314;0;0;0x0000;02 Illegal Data Address
53315;0;0;0x0000;02 Illegal Data Address
53316;0;0;0x0000;02 Illegal Data Address
53317;0;0;0x0000;02 Illegal Data Address
53318;0;0;0x0000;02 Illegal Data Address
53319;0;0;0x0000;02 Illegal Data Address
53320;0;0;0x0000;02 Illegal Data Address
53321;0;0;0x0000;02 Illegal Data Address
53322;0;0;0x0000;02 Illegal Data Address
53323;0;0;0x0000;02 Illegal Data Address
53324;0;0;0x0000;02 Illegal Data Address
53325;0;0;0x0000;02 Illegal Data Address
53326;0;0;0x0000;02 Illegal Data Address
53327;0;0;0x0000;02 Illegal Data Address
53328;0;0;0x0000;02 Illegal Data Address
53329;0;0;0x0000;02 Illegal Data Address
53330;0;0;0x0000;02 Illegal Data Address
53331;0;0;0x0000;02 Illegal Data Address
53332;0;0;0x0000;02 Illegal Data Address
53333;0;0;0x0000;02 Illegal Data Address
53334;0;0;0x0000;02 Illegal Data Address
53335;0;0;0x0000;02 Illegal Data Address
53336;0;0;0x0000;02 Illegal Data Address
53337;0;0;0x0000;02 Illegal Data Address
53338;0;0;0x0000;02 Illegal Data Address
53339;0;0;0x0000;02 Illegal Data Address
53340;0;0;0x0000;02 Illegal Data Address
53341;0;0;0x0000;02 Illegal Data Address
53342;0;0;0x0000;02 Illegal Data Address
53343;0;0;0x0000;02 Illegal Data Address
53344;0;0;0x0000;02 Illegal Data Address
53345;0;0;0x0000;02 Illegal Data Address
53346;0;0;0x0000;02 Illegal Data Address
53347;0;0;0x0000;02 Illegal Data Address
53348;0;0;0x0000;02 Illegal Data Address
53349;0;0;0x0000;02 Illegal Data Address
53350;0;0;0x0000;02 Illegal Data Address
53351;0;0;0x0000;02 Illegal Data Address
53352;0;0;0x0000;02 Illegal Data Address
53353;0;0;0x0000;02 Illegal Data Address
53354;0;0;0x0000;02 Illegal Data Address
53355;0;0;0x0000;02 Illegal Data Address
53356;0;0;0x0000;02 Illegal Data Address
53357;0;0;0x0000;02 Illegal Data Address
53358;0;0;0x0000;02 Illegal Data Address
53359;0;0;0x0000;02 Illegal Data Address
53360;0;0;0x0000;02 Illegal Data Address
53361;0;0;0x0000;02 Illegal Data Address
53362;0;0;0x0000;02 Illegal Data Address
53363;0;0;0x0000;02 Illegal Data Address
53364;0;0;0x0000;02 Illegal Data Address
53365;0;0;0x0000;02 Illegal Data Address
53366;0;0;0x0000;02 Illegal Data Address
53367;0;0;0x0000;02 Illegal Data Address
53368;0;0;0x0000;02 Illegal Data Address
53369;0;0;0x0000;02 Illegal Data Address
53370;0;0;0x0000;02 Illegal Data Address
53371;0;0;0x0000;02 Illegal Data Address
53372;0;0;0x0000;02 Illegal Data Address
53373;0;0;0x0000;02 Illegal Data Address
53374;0;0;0x0000;02 Illegal Data Address
53375;0;0;0x0000;02 Illegal Data Address
53376;0;0;0x0000;02 Illegal Data Address
53377;0;0;0x0000;02 Illegal Data Address
53378;0;0;0x0000;02 Illegal Data Address
53379;0;0;0x0000;02 Illegal Data Address
53380;0;0;0x0000;02 Illegal Data Address
53381;0;0;0x0000;02 Illegal Data Address
53382;0;0;0x0000;02 Illegal Data Address
53383;0;0;0x0000;02 Illegal Data Address
53384;0;0;0x0000;02 Illegal Data Address
53385;0;0;0x0000;02 Illegal Data Address
53386;0;0;0x0000;02 Illegal Data Address
53387;0;0;0x0000;02 Illegal Data Address
53388;0;0;0x0000;02 Illegal Data Address
53389;0;0;0x0000;02 Illegal Data Address
53390;0;0;0x0000;02 Illegal Data Address
53391;0;0;0x0000;02 Illegal Data Address
53392;0;0;0x0000;02 Illegal Data Address
53393;0;0;0x0000;02 Illegal Data Address
53394;0;0;0x0000;02 Illegal Data Address
53395;0;0;0x0000;02 Illegal Data Address
53396;0;0;0x0000;02 Illegal Data Address
53397;0;0;0x0000;02 Illegal Data Address
53398;0;0;0x0000;02 Illegal Data Address
53399;0;0;0x0000;02 Illegal Data Address
53400;0;0;0x0000;02 Illegal Data Address
53401;0;0;0x0000;02 Illegal Data Address
53402;0;0;0x0000;02 Illegal Data Address
53403;0;0;0x0000;02 Illegal Data Address
53404;0;0;0x0000;02 Illegal Data Address
53405;0;0;0x0000;02 Illegal Data Address
53406;0;0;0x0000;02 Illegal Data Address
53407;0;0;0x0000;02 Illegal Data Address
53408;0;0;0x0000;02 Illegal Data Address
53409;0;0;0x0000;02 Illegal Data Address
53410;0;0;0x0000;02 Illegal Data Address
53411;0;0;0x0000;02 Illegal Data Address
53412;0;0;0x0000;02 Illegal Data Address
53413;0;0;0x0000;02 Illegal Data Address
53414;0;0;0x0000;02 Illegal Data Address
53415;0;0;0x0000;02 Illegal Data Address
53416;0;0;0x0000;02 Illegal Data Address
53417;0;0;0x0000;02 Illegal Data Address
53418;0;0;0x0000;02 Illegal Data Address
53419;0;0;0x0000;02 Illegal Data Address
53420;0;0;0x0000;02 Illegal Data Address
53421;0;0;0x0000;02 Illegal Data Address
53422;0;0;0x0000;02 Illegal Data Address
53423;0;0;0x0000;02 Illegal Data Address
53424;0;0;0x0000;02 Illegal Data Address
53425;0;0;0x0000;02 Illegal Data Address
53426;0;0;0x0000;02 Illegal Data Address
53427;0;0;0x0000;02 Illegal Data Address
53428;0;0;0x0000;02 Illegal Data Address
53429;0;0;0x0000;02 Illegal Data Address
53430;0;0;0x0000;02 Illegal Data Address
53431;0;0;0x0000;02 Illegal Data Address
53432;0;0;0x0000;02 Illegal Data Address
53433;0;0;0x0000;02 Illegal Data Address
53434;0;0;0x0000;02 Illegal Data Address
53435;0;0;0x0000;02 Illegal Data Address
53436;0;0;0x0000;02 Illegal Data Address
53437;0;0;0x0000;02 Illegal Data Address
53438;0;0;0x0000;02 Illegal Data Address
53439;0;0;0x0000;02 Illegal Data Address
53440;0;0;0x0000;02 Illegal Data Address
53441;0;0;0x0000;02 Illegal Data Address
53442;0;0;0x0000;02 Illegal Data Address
53443;0;0;0x0000;02 Illegal Data Address
53444;0;0;0x0000;02 Illegal Data Address
53445;0;0;0x0000;02 Illegal Data Address
53446;0;0;0x0000;02 Illegal Data Address
53447;0;0;0x0000;02 Illegal Data Address
53448;0;0;0x0000;02 Illegal Data Address
53449;0;0;0x0000;02 Illegal Data Address
53450;0;0;0x0000;02 Illegal Data Address
53451;0;0;0x0000;02 Illegal Data Address
53452;0;0;0x0000;02 Illegal Data Address
53453;0;0;0x0000;02 Illegal Data Address
53454;0;0;0x0000;02 Illegal Data Address
53455;0;0;0x0000;02 Illegal Data Address
53456;0;0;0x0000;02 Illegal Data Address
53457;0;0;0x0000;02 Illegal Data Address
53458;0;0;0x0000;02 Illegal Data Address
53459;0;0;0x0000;02 Illegal Data Address
53460;0;0;0x0000;02 Illegal Data Address
53461;0;0;0x0000;02 Illegal Data Address
53462;0;0;0x0000;02 Illegal Data Address
53463;0;0;0x0000;02 Illegal Data Address
53464;0;0;0x0000;02 Illegal Data Address
53465;0;0;0x0000;02 Illegal Data Address
53466;0;0;0x0000;02 Illegal Data Address
53467;0;0;0x0000;02 Illegal Data Address
53468;0;0;0x0000;02 Illegal Data Address
53469;0;0;0x0000;02 Illegal Data Address
53470;0;0;0x0000;02 Illegal Data Address
53471;0;0;0x0000;02 Illegal Data Address
53472;0;0;0x0000;02 Illegal Data Address
53473;0;0;0x0000;02 Illegal Data Address
53474;0;0;0x0000;02 Illegal Data Address
53475;0;0;0x0000;02 Illegal Data Address
53476;0;0;0x0000;02 Illegal Data Address
53477;0;0;0x0000;02 Illegal Data Address
53478;0;0;0x0000;02 Illegal Data Address
53479;0;0;0x0000;02 Illegal Data Address
53480;0;0;0x0000;02 Illegal Data Address
53481;0;0;0x0000;02 Illegal Data Address
53482;0;0;0x0000;02 Illegal Data Address
53483;0;0;0x0000;02 Illegal Data Address
53484;0;0;0x0000;02 Illegal Data Address
53485;0;0;0x0000;02 Illegal Data Address
53486;0;0;0x0000;02 Illegal Data Address
53487;0;0;0x0000;02 Illegal Data Address
53488;0;0;0x0000;02 Illegal Data Address
53489;0;0;0x0000;02 Illegal Data Address
53490;0;0;0x0000;02 Illegal Data Address
53491;0;0;0x0000;02 Illegal Data Address
53492;0;0;0x0000;02 Illegal Data Address
53493;0;0;0x0000;02 Illegal Data Address
53494;0;0;0x0000;02 Illegal Data Address
53495;0;0;0x0000;02 Illegal Data Address
53496;0;0;0x0000;02 Illegal Data Address
53497;0;0;0x0000;02 Illegal Data Address
53498;0;0;0x0000;02 Illegal Data Address
53499;0;0;0x0000;02 Illegal Data Address
53500;0;0;0x0000;02 Illegal Data Address
53501;0;0;0x0000;02 Illegal Data Address
53502;0;0;0x0000;02 Illegal Data Address
53503;0;0;0x0000;02 Illegal Data Address
53504;0;0;0x0000;02 Illegal Data Address
53505;0;0;0x0000;02 Illegal Data Address
53506;0;0;0x0000;02 Illegal Data Address
53507;0;0;0x0000;02 Illegal Data Address
53508;0;0;0x0000;02 Illegal Data Address
53509;0;0;0x0000;02 Illegal Data Address
53510;0;0;0x0000;02 Illegal Data Address
53511;0;0;0x0000;02 Illegal Data Address
53512;0;0;0x0000;02 Illegal Data Address
53513;0;0;0x0000;02 Illegal Data Address
53514;0;0;0x0000;02 Illegal Data Address
53515;0;0;0x0000;02 Illegal Data Address
53516;0;0;0x0000;02 Illegal Data Address
53517;0;0;0x0000;02 Illegal Data Address
53518;0;0;0x0000;02 Illegal Data Address
53519;0;0;0x0000;02 Illegal Data Address
53520;0;0;0x0000;02 Illegal Data Address
53521;0;0;0x0000;02 Illegal Data Address
53522;0;0;0x0000;02 Illegal Data Address
53523;0;0;0x0000;02 Illegal Data Address
53524;0;0;0x0000;02 Illegal Data Address
53525;0;0;0x0000;02 Illegal Data Address
53526;0;0;0x0000;02 Illegal Data Address
53527;0;0;0x0000;02 Illegal Data Address
53528;0;0;0x0000;02 Illegal Data Address
53529;0;0;0x0000;02 Illegal Data Address
53530;0;0;0x0000;02 Illegal Data Address
53531;0;0;0x0000;02 Illegal Data Address
53532;0;0;0x0000;02 Illegal Data Address
53533;0;0;0x0000;02 Illegal Data Address
53534;0;0;0x0000;02 Illegal Data Address
53535;0;0;0x0000;02 Illegal Data Address
53536;0;0;0x0000;02 Illegal Data Address
53537;0;0;0x0000;02 Illegal Data Address
53538;0;0;0x0000;02 Illegal Data Address
53539;0;0;0x0000;02 Illegal Data Address
53540;0;0;0x0000;02 Illegal Data Address
53541;0;0;0x0000;02 Illegal Data Address
53542;0;0;0x0000;02 Illegal Data Address
53543;0;0;0x0000;02 Illegal Data Address
53544;0;0;0x0000;02 Illegal Data Address
53545;0;0;0x0000;02 Illegal Data Address
53546;0;0;0x0000;02 Illegal Data Address
53547;0;0;0x0000;02 Illegal Data Address
53548;0;0;0x0000;02 Illegal Data Address
53549;0;0;0x0000;02 Illegal Data Address
53550;0;0;0x0000;02 Illegal Data Address
53551;0;0;0x0000;02 Illegal Data Address
53552;0;0;0x0000;02 Illegal Data Address
53553;0;0;0x0000;02 Illegal Data Address
53554;0;0;0x0000;02 Illegal Data Address
53555;0;0;0x0000;02 Illegal Data Address
53556;0;0;0x0000;02 Illegal Data Address
53557;0;0;0x0000;02 Illegal Data Address
53558;0;0;0x0000;02 Illegal Data Address
53559;0;0;0x0000;02 Illegal Data Address
53560;0;0;0x0000;02 Illegal Data Address
53561;0;0;0x0000;02 Illegal Data Address
53562;0;0;0x0000;02 Illegal Data Address
53563;0;0;0x0000;02 Illegal Data Address
53564;0;0;0x0000;02 Illegal Data Address
53565;0;0;0x0000;02 Illegal Data Address
53566;0;0;0x0000;02 Illegal Data Address
53567;0;0;0x0000;02 Illegal Data Address
53568;0;0;0x0000;02 Illegal Data Address
53569;0;0;0x0000;02 Illegal Data Address
53570;0;0;0x0000;02 Illegal Data Address
53571;0;0;0x0000;02 Illegal Data Address
53572;0;0;0x0000;02 Illegal Data Address
53573;0;0;0x0000;02 Illegal Data Address
53574;0;0;0x0000;02 Illegal Data Address
53575;0;0;0x0000;02 Illegal Data Address
53576;0;0;0x0000;02 Illegal Data Address
53577;0;0;0x0000;02 Illegal Data Address
53578;0;0;0x0000;02 Illegal Data Address
53579;0;0;0x0000;02 Illegal Data Address
53580;0;0;0x0000;02 Illegal Data Address
53581;0;0;0x0000;02 Illegal Data Address
53582;0;0;0x0000;02 Illegal Data Address
53583;0;0;0x0000;02 Illegal Data Address
53584;0;0;0x0000;02 Illegal Data Address
53585;0;0;0x0000;02 Illegal Data Address
53586;0;0;0x0000;02 Illegal Data Address
53587;0;0;0x0000;02 Illegal Data Address
53588;0;0;0x0000;02 Illegal Data Address
53589;0;0;0x0000;02 Illegal Data Address
53590;0;0;0x0000;02 Illegal Data Address
53591;0;0;0x0000;02 Illegal Data Address
53592;0;0;0x0000;02 Illegal Data Address
53593;0;0;0x0000;02 Illegal Data Address
53594;0;0;0x0000;02 Illegal Data Address
53595;0;0;0x0000;02 Illegal Data Address
53596;0;0;0x0000;02 Illegal Data Address
53597;0;0;0x0000;02 Illegal Data Address
53598;0;0;0x0000;02 Illegal Data Address
53599;0;0;0x0000;02 Illegal Data Address
53600;0;0;0x0000;02 Illegal Data Address
53601;0;0;0x0000;02 Illegal Data Address
53602;0;0;0x0000;02 Illegal Data Address
53603;0;0;0x0000;02 Illegal Data Address
53604;0;0;0x0000;02 Illegal Data Address
53605;0;0;0x0000;02 Illegal Data Address
53606;0;0;0x0000;02 Illegal Data Address
53607;0;0;0x0000;02 Illegal Data Address
53608;0;0;0x0000;02 Illegal Data Address
53609;0;0;0x0000;02 Illegal Data Address
53610;0;0;0x0000;02 Illegal Data Address
53611;0;0;0x0000;02 Illegal Data Address
53612;0;0;0x0000;02 Illegal Data Address
53613;0;0;0x0000;02 Illegal Data Address
53614;0;0;0x0000;02 Illegal Data Address
53615;0;0;0x0000;02 Illegal Data Address
53616;0;0;0x0000;02 Illegal Data Address
53617;0;0;0x0000;02 Illegal Data Address
53618;0;0;0x0000;02 Illegal Data Address
53619;0;0;0x0000;02 Illegal Data Address
53620;0;0;0x0000;02 Illegal Data Address
53621;0;0;0x0000;02 Illegal Data Address
53622;0;0;0x0000;02 Illegal Data Address
53623;0;0;0x0000;02 Illegal Data Address
53624;0;0;0x0000;02 Illegal Data Address
53625;0;0;0x0000;02 Illegal Data Address
53626;0;0;0x0000;02 Illegal Data Address
53627;0;0;0x0000;02 Illegal Data Address
53628;0;0;0x0000;02 Illegal Data Address
53629;0;0;0x0000;02 Illegal Data Address
53630;0;0;0x0000;02 Illegal Data Address
53631;0;0;0x0000;02 Illegal Data Address
53632;0;0;0x0000;02 Illegal Data Address
53633;0;0;0x0000;02 Illegal Data Address
53634;0;0;0x0000;02 Illegal Data Address
53635;0;0;0x0000;02 Illegal Data Address
53636;0;0;0x0000;02 Illegal Data Address
53637;0;0;0x0000;02 Illegal Data Address
53638;0;0;0x0000;02 Illegal Data Address
53639;0;0;0x0000;02 Illegal Data Address
53640;0;0;0x0000;02 Illegal Data Address
53641;0;0;0x0000;02 Illegal Data Address
53642;0;0;0x0000;02 Illegal Data Address
53643;0;0;0x0000;02 Illegal Data Address
53644;0;0;0x0000;02 Illegal Data Address
53645;0;0;0x0000;02 Illegal Data Address
53646;0;0;0x0000;02 Illegal Data Address
53647;0;0;0x0000;02 Illegal Data Address
53648;0;0;0x0000;02 Illegal Data Address
53649;0;0;0x0000;02 Illegal Data Address
53650;0;0;0x0000;02 Illegal Data Address
53651;0;0;0x0000;02 Illegal Data Address
53652;0;0;0x0000;02 Illegal Data Address
53653;0;0;0x0000;02 Illegal Data Address
53654;0;0;0x0000;02 Illegal Data Address
53655;0;0;0x0000;02 Illegal Data Address
53656;0;0;0x0000;02 Illegal Data Address
53657;0;0;0x0000;02 Illegal Data Address
53658;0;0;0x0000;02 Illegal Data Address
53659;0;0;0x0000;02 Illegal Data Address
53660;0;0;0x0000;02 Illegal Data Address
53661;0;0;0x0000;02 Illegal Data Address
53662;0;0;0x0000;02 Illegal Data Address
53663;0;0;0x0000;02 Illegal Data Address
53664;0;0;0x0000;02 Illegal Data Address
53665;0;0;0x0000;02 Illegal Data Address
53666;0;0;0x0000;02 Illegal Data Address
53667;0;0;0x0000;02 Illegal Data Address
53668;0;0;0x0000;02 Illegal Data Address
53669;0;0;0x0000;02 Illegal Data Address
53670;0;0;0x0000;02 Illegal Data Address
53671;0;0;0x0000;02 Illegal Data Address
53672;0;0;0x0000;02 Illegal Data Address
53673;0;0;0x0000;02 Illegal Data Address
53674;0;0;0x0000;02 Illegal Data Address
53675;0;0;0x0000;02 Illegal Data Address
53676;0;0;0x0000;02 Illegal Data Address
53677;0;0;0x0000;02 Illegal Data Address
53678;0;0;0x0000;02 Illegal Data Address
53679;0;0;0x0000;02 Illegal Data Address
53680;0;0;0x0000;02 Illegal Data Address
53681;0;0;0x0000;02 Illegal Data Address
53682;0;0;0x0000;02 Illegal Data Address
53683;0;0;0x0000;02 Illegal Data Address
53684;0;0;0x0000;02 Illegal Data Address
53685;0;0;0x0000;02 Illegal Data Address
53686;0;0;0x0000;02 Illegal Data Address
53687;0;0;0x0000;02 Illegal Data Address
53688;0;0;0x0000;02 Illegal Data Address
53689;0;0;0x0000;02 Illegal Data Address
53690;0;0;0x0000;02 Illegal Data Address
53691;0;0;0x0000;02 Illegal Data Address
53692;0;0;0x0000;02 Illegal Data Address
53693;0;0;0x0000;02 Illegal Data Address
53694;0;0;0x0000;02 Illegal Data Address
53695;0;0;0x0000;02 Illegal Data Address
53696;0;0;0x0000;02 Illegal Data Address
53697;0;0;0x0000;02 Illegal Data Address
53698;0;0;0x0000;02 Illegal Data Address
53699;0;0;0x0000;02 Illegal Data Address
53700;0;0;0x0000;02 Illegal Data Address
53701;0;0;0x0000;02 Illegal Data Address
53702;0;0;0x0000;02 Illegal Data Address
53703;0;0;0x0000;02 Illegal Data Address
53704;0;0;0x0000;02 Illegal Data Address
53705;0;0;0x0000;02 Illegal Data Address
53706;0;0;0x0000;02 Illegal Data Address
53707;0;0;0x0000;02 Illegal Data Address
53708;0;0;0x0000;02 Illegal Data Address
53709;0;0;0x0000;02 Illegal Data Address
53710;0;0;0x0000;02 Illegal Data Address
53711;0;0;0x0000;02 Illegal Data Address
53712;0;0;0x0000;02 Illegal Data Address
53713;0;0;0x0000;02 Illegal Data Address
53714;0;0;0x0000;02 Illegal Data Address
53715;0;0;0x0000;02 Illegal Data Address
53716;0;0;0x0000;02 Illegal Data Address
53717;0;0;0x0000;02 Illegal Data Address
53718;0;0;0x0000;02 Illegal Data Address
53719;0;0;0x0000;02 Illegal Data Address
53720;0;0;0x0000;02 Illegal Data Address
53721;0;0;0x0000;02 Illegal Data Address
53722;0;0;0x0000;02 Illegal Data Address
53723;0;0;0x0000;02 Illegal Data Address
53724;0;0;0x0000;02 Illegal Data Address
53725;0;0;0x0000;02 Illegal Data Address
53726;0;0;0x0000;02 Illegal Data Address
53727;0;0;0x0000;02 Illegal Data Address
53728;0;0;0x0000;02 Illegal Data Address
53729;0;0;0x0000;02 Illegal Data Address
53730;0;0;0x0000;02 Illegal Data Address
53731;0;0;0x0000;02 Illegal Data Address
53732;0;0;0x0000;02 Illegal Data Address
53733;0;0;0x0000;02 Illegal Data Address
53734;0;0;0x0000;02 Illegal Data Address
53735;0;0;0x0000;02 Illegal Data Address
53736;0;0;0x0000;02 Illegal Data Address
53737;0;0;0x0000;02 Illegal Data Address
53738;0;0;0x0000;02 Illegal Data Address
53739;0;0;0x0000;02 Illegal Data Address
53740;0;0;0x0000;02 Illegal Data Address
53741;0;0;0x0000;02 Illegal Data Address
53742;0;0;0x0000;02 Illegal Data Address
53743;0;0;0x0000;02 Illegal Data Address
53744;0;0;0x0000;02 Illegal Data Address
53745;0;0;0x0000;02 Illegal Data Address
53746;0;0;0x0000;02 Illegal Data Address
53747;0;0;0x0000;02 Illegal Data Address
53748;0;0;0x0000;02 Illegal Data Address
53749;0;0;0x0000;02 Illegal Data Address
53750;0;0;0x0000;02 Illegal Data Address
53751;0;0;0x0000;02 Illegal Data Address
53752;0;0;0x0000;02 Illegal Data Address
53753;0;0;0x0000;02 Illegal Data Address
53754;0;0;0x0000;02 Illegal Data Address
53755;0;0;0x0000;02 Illegal Data Address
53756;0;0;0x0000;02 Illegal Data Address
53757;0;0;0x0000;02 Illegal Data Address
53758;0;0;0x0000;02 Illegal Data Address
53759;0;0;0x0000;02 Illegal Data Address
53760;0;0;0x0000;02 Illegal Data Address
53761;0;0;0x0000;02 Illegal Data Address
53762;0;0;0x0000;02 Illegal Data Address
53763;0;0;0x0000;02 Illegal Data Address
53764;0;0;0x0000;02 Illegal Data Address
53765;0;0;0x0000;02 Illegal Data Address
53766;0;0;0x0000;02 Illegal Data Address
53767;0;0;0x0000;02 Illegal Data Address
53768;0;0;0x0000;02 Illegal Data Address
53769;0;0;0x0000;02 Illegal Data Address
53770;0;0;0x0000;02 Illegal Data Address
53771;0;0;0x0000;02 Illegal Data Address
53772;0;0;0x0000;02 Illegal Data Address
53773;0;0;0x0000;02 Illegal Data Address
53774;0;0;0x0000;02 Illegal Data Address
53775;0;0;0x0000;02 Illegal Data Address
53776;0;0;0x0000;02 Illegal Data Address
53777;0;0;0x0000;02 Illegal Data Address
53778;0;0;0x0000;02 Illegal Data Address
53779;0;0;0x0000;02 Illegal Data Address
53780;0;0;0x0000;02 Illegal Data Address
53781;0;0;0x0000;02 Illegal Data Address
53782;0;0;0x0000;02 Illegal Data Address
53783;0;0;0x0000;02 Illegal Data Address
53784;0;0;0x0000;02 Illegal Data Address
53785;0;0;0x0000;02 Illegal Data Address
53786;0;0;0x0000;02 Illegal Data Address
53787;0;0;0x0000;02 Illegal Data Address
53788;0;0;0x0000;02 Illegal Data Address
53789;0;0;0x0000;02 Illegal Data Address
53790;0;0;0x0000;02 Illegal Data Address
53791;0;0;0x0000;02 Illegal Data Address
53792;0;0;0x0000;02 Illegal Data Address
53793;0;0;0x0000;02 Illegal Data Address
53794;0;0;0x0000;02 Illegal Data Address
53795;0;0;0x0000;02 Illegal Data Address
53796;0;0;0x0000;02 Illegal Data Address
53797;0;0;0x0000;02 Illegal Data Address
53798;0;0;0x0000;02 Illegal Data Address
53799;0;0;0x0000;02 Illegal Data Address
53800;0;0;0x0000;02 Illegal Data Address
53801;0;0;0x0000;02 Illegal Data Address
53802;0;0;0x0000;02 Illegal Data Address
53803;0;0;0x0000;02 Illegal Data Address
53804;0;0;0x0000;02 Illegal Data Address
53805;0;0;0x0000;02 Illegal Data Address
53806;0;0;0x0000;02 Illegal Data Address
53807;0;0;0x0000;02 Illegal Data Address
53808;0;0;0x0000;02 Illegal Data Address
53809;0;0;0x0000;02 Illegal Data Address
53810;0;0;0x0000;02 Illegal Data Address
53811;0;0;0x0000;02 Illegal Data Address
53812;0;0;0x0000;02 Illegal Data Address
53813;0;0;0x0000;02 Illegal Data Address
53814;0;0;0x0000;02 Illegal Data Address
53815;0;0;0x0000;02 Illegal Data Address
53816;0;0;0x0000;02 Illegal Data Address
53817;0;0;0x0000;02 Illegal Data Address
53818;0;0;0x0000;02 Illegal Data Address
53819;0;0;0x0000;02 Illegal Data Address
53820;0;0;0x0000;02 Illegal Data Address
53821;0;0;0x0000;02 Illegal Data Address
53822;0;0;0x0000;02 Illegal Data Address
53823;0;0;0x0000;02 Illegal Data Address
53824;0;0;0x0000;02 Illegal Data Address
53825;0;0;0x0000;02 Illegal Data Address
53826;0;0;0x0000;02 Illegal Data Address
53827;0;0;0x0000;02 Illegal Data Address
53828;0;0;0x0000;02 Illegal Data Address
53829;0;0;0x0000;02 Illegal Data Address
53830;0;0;0x0000;02 Illegal Data Address
53831;0;0;0x0000;02 Illegal Data Address
53832;0;0;0x0000;02 Illegal Data Address
53833;0;0;0x0000;02 Illegal Data Address
53834;0;0;0x0000;02 Illegal Data Address
53835;0;0;0x0000;02 Illegal Data Address
53836;0;0;0x0000;02 Illegal Data Address
53837;0;0;0x0000;02 Illegal Data Address
53838;0;0;0x0000;02 Illegal Data Address
53839;0;0;0x0000;02 Illegal Data Address
53840;0;0;0x0000;02 Illegal Data Address
53841;0;0;0x0000;02 Illegal Data Address
53842;0;0;0x0000;02 Illegal Data Address
53843;0;0;0x0000;02 Illegal Data Address
53844;0;0;0x0000;02 Illegal Data Address
53845;0;0;0x0000;02 Illegal Data Address
53846;0;0;0x0000;02 Illegal Data Address
53847;0;0;0x0000;02 Illegal Data Address
53848;0;0;0x0000;02 Illegal Data Address
53849;0;0;0x0000;02 Illegal Data Address
53850;0;0;0x0000;02 Illegal Data Address
53851;0;0;0x0000;02 Illegal Data Address
53852;0;0;0x0000;02 Illegal Data Address
53853;0;0;0x0000;02 Illegal Data Address
53854;0;0;0x0000;02 Illegal Data Address
53855;0;0;0x0000;02 Illegal Data Address
53856;0;0;0x0000;02 Illegal Data Address
53857;0;0;0x0000;02 Illegal Data Address
53858;0;0;0x0000;02 Illegal Data Address
53859;0;0;0x0000;02 Illegal Data Address
53860;0;0;0x0000;02 Illegal Data Address
53861;0;0;0x0000;02 Illegal Data Address
53862;0;0;0x0000;02 Illegal Data Address
53863;0;0;0x0000;02 Illegal Data Address
53864;0;0;0x0000;02 Illegal Data Address
53865;0;0;0x0000;02 Illegal Data Address
53866;0;0;0x0000;02 Illegal Data Address
53867;0;0;0x0000;02 Illegal Data Address
53868;0;0;0x0000;02 Illegal Data Address
53869;0;0;0x0000;02 Illegal Data Address
53870;0;0;0x0000;02 Illegal Data Address
53871;0;0;0x0000;02 Illegal Data Address
53872;0;0;0x0000;02 Illegal Data Address
53873;0;0;0x0000;02 Illegal Data Address
53874;0;0;0x0000;02 Illegal Data Address
53875;0;0;0x0000;02 Illegal Data Address
53876;0;0;0x0000;02 Illegal Data Address
53877;0;0;0x0000;02 Illegal Data Address
53878;0;0;0x0000;02 Illegal Data Address
53879;0;0;0x0000;02 Illegal Data Address
53880;0;0;0x0000;02 Illegal Data Address
53881;0;0;0x0000;02 Illegal Data Address
53882;0;0;0x0000;02 Illegal Data Address
53883;0;0;0x0000;02 Illegal Data Address
53884;0;0;0x0000;02 Illegal Data Address
53885;0;0;0x0000;02 Illegal Data Address
53886;0;0;0x0000;02 Illegal Data Address
53887;0;0;0x0000;02 Illegal Data Address
53888;0;0;0x0000;02 Illegal Data Address
53889;0;0;0x0000;02 Illegal Data Address
53890;0;0;0x0000;02 Illegal Data Address
53891;0;0;0x0000;02 Illegal Data Address
53892;0;0;0x0000;02 Illegal Data Address
53893;0;0;0x0000;02 Illegal Data Address
53894;0;0;0x0000;02 Illegal Data Address
53895;0;0;0x0000;02 Illegal Data Address
53896;0;0;0x0000;02 Illegal Data Address
53897;0;0;0x0000;02 Illegal Data Address
53898;0;0;0x0000;02 Illegal Data Address
53899;0;0;0x0000;02 Illegal Data Address
53900;0;0;0x0000;02 Illegal Data Address
53901;0;0;0x0000;02 Illegal Data Address
53902;0;0;0x0000;02 Illegal Data Address
53903;0;0;0x0000;02 Illegal Data Address
53904;0;0;0x0000;02 Illegal Data Address
53905;0;0;0x0000;02 Illegal Data Address
53906;0;0;0x0000;02 Illegal Data Address
53907;0;0;0x0000;02 Illegal Data Address
53908;0;0;0x0000;02 Illegal Data Address
53909;0;0;0x0000;02 Illegal Data Address
53910;0;0;0x0000;02 Illegal Data Address
53911;0;0;0x0000;02 Illegal Data Address
53912;0;0;0x0000;02 Illegal Data Address
53913;0;0;0x0000;02 Illegal Data Address
53914;0;0;0x0000;02 Illegal Data Address
53915;0;0;0x0000;02 Illegal Data Address
53916;0;0;0x0000;02 Illegal Data Address
53917;0;0;0x0000;02 Illegal Data Address
53918;0;0;0x0000;02 Illegal Data Address
53919;0;0;0x0000;02 Illegal Data Address
53920;0;0;0x0000;02 Illegal Data Address
53921;0;0;0x0000;02 Illegal Data Address
53922;0;0;0x0000;02 Illegal Data Address
53923;0;0;0x0000;02 Illegal Data Address
53924;0;0;0x0000;02 Illegal Data Address
53925;0;0;0x0000;02 Illegal Data Address
53926;0;0;0x0000;02 Illegal Data Address
53927;0;0;0x0000;02 Illegal Data Address
53928;0;0;0x0000;02 Illegal Data Address
53929;0;0;0x0000;02 Illegal Data Address
53930;0;0;0x0000;02 Illegal Data Address
53931;0;0;0x0000;02 Illegal Data Address
53932;0;0;0x0000;02 Illegal Data Address
53933;0;0;0x0000;02 Illegal Data Address
53934;0;0;0x0000;02 Illegal Data Address
53935;0;0;0x0000;02 Illegal Data Address
53936;0;0;0x0000;02 Illegal Data Address
53937;0;0;0x0000;02 Illegal Data Address
53938;0;0;0x0000;02 Illegal Data Address
53939;0;0;0x0000;02 Illegal Data Address
53940;0;0;0x0000;02 Illegal Data Address
53941;0;0;0x0000;02 Illegal Data Address
53942;0;0;0x0000;02 Illegal Data Address
53943;0;0;0x0000;02 Illegal Data Address
53944;0;0;0x0000;02 Illegal Data Address
53945;0;0;0x0000;02 Illegal Data Address
53946;0;0;0x0000;02 Illegal Data Address
53947;0;0;0x0000;02 Illegal Data Address
53948;0;0;0x0000;02 Illegal Data Address
53949;0;0;0x0000;02 Illegal Data Address
53950;0;0;0x0000;02 Illegal Data Address
53951;0;0;0x0000;02 Illegal Data Address
53952;0;0;0x0000;02 Illegal Data Address
53953;0;0;0x0000;02 Illegal Data Address
53954;0;0;0x0000;02 Illegal Data Address
53955;0;0;0x0000;02 Illegal Data Address
53956;0;0;0x0000;02 Illegal Data Address
53957;0;0;0x0000;02 Illegal Data Address
53958;0;0;0x0000;02 Illegal Data Address
53959;0;0;0x0000;02 Illegal Data Address
53960;0;0;0x0000;02 Illegal Data Address
53961;0;0;0x0000;02 Illegal Data Address
53962;0;0;0x0000;02 Illegal Data Address
53963;0;0;0x0000;02 Illegal Data Address
53964;0;0;0x0000;02 Illegal Data Address
53965;0;0;0x0000;02 Illegal Data Address
53966;0;0;0x0000;02 Illegal Data Address
53967;0;0;0x0000;02 Illegal Data Address
53968;0;0;0x0000;02 Illegal Data Address
53969;0;0;0x0000;02 Illegal Data Address
53970;0;0;0x0000;02 Illegal Data Address
53971;0;0;0x0000;02 Illegal Data Address
53972;0;0;0x0000;02 Illegal Data Address
53973;0;0;0x0000;02 Illegal Data Address
53974;0;0;0x0000;02 Illegal Data Address
53975;0;0;0x0000;02 Illegal Data Address
53976;0;0;0x0000;02 Illegal Data Address
53977;0;0;0x0000;02 Illegal Data Address
53978;0;0;0x0000;02 Illegal Data Address
53979;0;0;0x0000;02 Illegal Data Address
53980;0;0;0x0000;02 Illegal Data Address
53981;0;0;0x0000;02 Illegal Data Address
53982;0;0;0x0000;02 Illegal Data Address
53983;0;0;0x0000;02 Illegal Data Address
53984;0;0;0x0000;02 Illegal Data Address
53985;0;0;0x0000;02 Illegal Data Address
53986;0;0;0x0000;02 Illegal Data Address
53987;0;0;0x0000;02 Illegal Data Address
53988;0;0;0x0000;02 Illegal Data Address
53989;0;0;0x0000;02 Illegal Data Address
53990;0;0;0x0000;02 Illegal Data Address
53991;0;0;0x0000;02 Illegal Data Address
53992;0;0;0x0000;02 Illegal Data Address
53993;0;0;0x0000;02 Illegal Data Address
53994;0;0;0x0000;02 Illegal Data Address
53995;0;0;0x0000;02 Illegal Data Address
53996;0;0;0x0000;02 Illegal Data Address
53997;0;0;0x0000;02 Illegal Data Address
53998;0;0;0x0000;02 Illegal Data Address
53999;0;0;0x0000;02 Illegal Data Address
54000;0;0;0x0000;02 Illegal Data Address
54001;0;0;0x0000;02 Illegal Data Address
54002;0;0;0x0000;02 Illegal Data Address
54003;0;0;0x0000;02 Illegal Data Address
54004;0;0;0x0000;02 Illegal Data Address
54005;0;0;0x0000;02 Illegal Data Address
54006;0;0;0x0000;02 Illegal Data Address
54007;0;0;0x0000;02 Illegal Data Address
54008;0;0;0x0000;02 Illegal Data Address
54009;0;0;0x0000;02 Illegal Data Address
54010;0;0;0x0000;02 Illegal Data Address
54011;0;0;0x0000;02 Illegal Data Address
54012;0;0;0x0000;02 Illegal Data Address
54013;0;0;0x0000;02 Illegal Data Address
54014;0;0;0x0000;02 Illegal Data Address
54015;0;0;0x0000;02 Illegal Data Address
54016;0;0;0x0000;02 Illegal Data Address
54017;0;0;0x0000;02 Illegal Data Address
54018;0;0;0x0000;02 Illegal Data Address
54019;0;0;0x0000;02 Illegal Data Address
54020;0;0;0x0000;02 Illegal Data Address
54021;0;0;0x0000;02 Illegal Data Address
54022;0;0;0x0000;02 Illegal Data Address
54023;0;0;0x0000;02 Illegal Data Address
54024;0;0;0x0000;02 Illegal Data Address
54025;0;0;0x0000;02 Illegal Data Address
54026;0;0;0x0000;02 Illegal Data Address
54027;0;0;0x0000;02 Illegal Data Address
54028;0;0;0x0000;02 Illegal Data Address
54029;0;0;0x0000;02 Illegal Data Address
54030;0;0;0x0000;02 Illegal Data Address
54031;0;0;0x0000;02 Illegal Data Address
54032;0;0;0x0000;02 Illegal Data Address
54033;0;0;0x0000;02 Illegal Data Address
54034;0;0;0x0000;02 Illegal Data Address
54035;0;0;0x0000;02 Illegal Data Address
54036;0;0;0x0000;02 Illegal Data Address
54037;0;0;0x0000;02 Illegal Data Address
54038;0;0;0x0000;02 Illegal Data Address
54039;0;0;0x0000;02 Illegal Data Address
54040;0;0;0x0000;02 Illegal Data Address
54041;0;0;0x0000;02 Illegal Data Address
54042;0;0;0x0000;02 Illegal Data Address
54043;0;0;0x0000;02 Illegal Data Address
54044;0;0;0x0000;02 Illegal Data Address
54045;0;0;0x0000;02 Illegal Data Address
54046;0;0;0x0000;02 Illegal Data Address
54047;0;0;0x0000;02 Illegal Data Address
54048;0;0;0x0000;02 Illegal Data Address
54049;0;0;0x0000;02 Illegal Data Address
54050;0;0;0x0000;02 Illegal Data Address
54051;0;0;0x0000;02 Illegal Data Address
54052;0;0;0x0000;02 Illegal Data Address
54053;0;0;0x0000;02 Illegal Data Address
54054;0;0;0x0000;02 Illegal Data Address
54055;0;0;0x0000;02 Illegal Data Address
54056;0;0;0x0000;02 Illegal Data Address
54057;0;0;0x0000;02 Illegal Data Address
54058;0;0;0x0000;02 Illegal Data Address
54059;0;0;0x0000;02 Illegal Data Address
54060;0;0;0x0000;02 Illegal Data Address
54061;0;0;0x0000;02 Illegal Data Address
54062;0;0;0x0000;02 Illegal Data Address
54063;0;0;0x0000;02 Illegal Data Address
54064;0;0;0x0000;02 Illegal Data Address
54065;0;0;0x0000;02 Illegal Data Address
54066;0;0;0x0000;02 Illegal Data Address
54067;0;0;0x0000;02 Illegal Data Address
54068;0;0;0x0000;02 Illegal Data Address
54069;0;0;0x0000;02 Illegal Data Address
54070;0;0;0x0000;02 Illegal Data Address
54071;0;0;0x0000;02 Illegal Data Address
54072;0;0;0x0000;02 Illegal Data Address
54073;0;0;0x0000;02 Illegal Data Address
54074;0;0;0x0000;02 Illegal Data Address
54075;0;0;0x0000;02 Illegal Data Address
54076;0;0;0x0000;02 Illegal Data Address
54077;0;0;0x0000;02 Illegal Data Address
54078;0;0;0x0000;02 Illegal Data Address
54079;0;0;0x0000;02 Illegal Data Address
54080;0;0;0x0000;02 Illegal Data Address
54081;0;0;0x0000;02 Illegal Data Address
54082;0;0;0x0000;02 Illegal Data Address
54083;0;0;0x0000;02 Illegal Data Address
54084;0;0;0x0000;02 Illegal Data Address
54085;0;0;0x0000;02 Illegal Data Address
54086;0;0;0x0000;02 Illegal Data Address
54087;0;0;0x0000;02 Illegal Data Address
54088;0;0;0x0000;02 Illegal Data Address
54089;0;0;0x0000;02 Illegal Data Address
54090;0;0;0x0000;02 Illegal Data Address
54091;0;0;0x0000;02 Illegal Data Address
54092;0;0;0x0000;02 Illegal Data Address
54093;0;0;0x0000;02 Illegal Data Address
54094;0;0;0x0000;02 Illegal Data Address
54095;0;0;0x0000;02 Illegal Data Address
54096;0;0;0x0000;02 Illegal Data Address
54097;0;0;0x0000;02 Illegal Data Address
54098;0;0;0x0000;02 Illegal Data Address
54099;0;0;0x0000;02 Illegal Data Address
54100;0;0;0x0000;02 Illegal Data Address
54101;0;0;0x0000;02 Illegal Data Address
54102;0;0;0x0000;02 Illegal Data Address
54103;0;0;0x0000;02 Illegal Data Address
54104;0;0;0x0000;02 Illegal Data Address
54105;0;0;0x0000;02 Illegal Data Address
54106;0;0;0x0000;02 Illegal Data Address
54107;0;0;0x0000;02 Illegal Data Address
54108;0;0;0x0000;02 Illegal Data Address
54109;0;0;0x0000;02 Illegal Data Address
54110;0;0;0x0000;02 Illegal Data Address
54111;0;0;0x0000;02 Illegal Data Address
54112;0;0;0x0000;02 Illegal Data Address
54113;0;0;0x0000;02 Illegal Data Address
54114;0;0;0x0000;02 Illegal Data Address
54115;0;0;0x0000;02 Illegal Data Address
54116;0;0;0x0000;02 Illegal Data Address
54117;0;0;0x0000;02 Illegal Data Address
54118;0;0;0x0000;02 Illegal Data Address
54119;0;0;0x0000;02 Illegal Data Address
54120;0;0;0x0000;02 Illegal Data Address
54121;0;0;0x0000;02 Illegal Data Address
54122;0;0;0x0000;02 Illegal Data Address
54123;0;0;0x0000;02 Illegal Data Address
54124;0;0;0x0000;02 Illegal Data Address
54125;0;0;0x0000;02 Illegal Data Address
54126;0;0;0x0000;02 Illegal Data Address
54127;0;0;0x0000;02 Illegal Data Address
54128;0;0;0x0000;02 Illegal Data Address
54129;0;0;0x0000;02 Illegal Data Address
54130;0;0;0x0000;02 Illegal Data Address
54131;0;0;0x0000;02 Illegal Data Address
54132;0;0;0x0000;02 Illegal Data Address
54133;0;0;0x0000;02 Illegal Data Address
54134;0;0;0x0000;02 Illegal Data Address
54135;0;0;0x0000;02 Illegal Data Address
54136;0;0;0x0000;02 Illegal Data Address
54137;0;0;0x0000;02 Illegal Data Address
54138;0;0;0x0000;02 Illegal Data Address
54139;0;0;0x0000;02 Illegal Data Address
54140;0;0;0x0000;02 Illegal Data Address
54141;0;0;0x0000;02 Illegal Data Address
54142;0;0;0x0000;02 Illegal Data Address
54143;0;0;0x0000;02 Illegal Data Address
54144;0;0;0x0000;02 Illegal Data Address
54145;0;0;0x0000;02 Illegal Data Address
54146;0;0;0x0000;02 Illegal Data Address
54147;0;0;0x0000;02 Illegal Data Address
54148;0;0;0x0000;02 Illegal Data Address
54149;0;0;0x0000;02 Illegal Data Address
54150;0;0;0x0000;02 Illegal Data Address
54151;0;0;0x0000;02 Illegal Data Address
54152;0;0;0x0000;02 Illegal Data Address
54153;0;0;0x0000;02 Illegal Data Address
54154;0;0;0x0000;02 Illegal Data Address
54155;0;0;0x0000;02 Illegal Data Address
54156;0;0;0x0000;02 Illegal Data Address
54157;0;0;0x0000;02 Illegal Data Address
54158;0;0;0x0000;02 Illegal Data Address
54159;0;0;0x0000;02 Illegal Data Address
54160;0;0;0x0000;02 Illegal Data Address
54161;0;0;0x0000;02 Illegal Data Address
54162;0;0;0x0000;02 Illegal Data Address
54163;0;0;0x0000;02 Illegal Data Address
54164;0;0;0x0000;02 Illegal Data Address
54165;0;0;0x0000;02 Illegal Data Address
54166;0;0;0x0000;02 Illegal Data Address
54167;0;0;0x0000;02 Illegal Data Address
54168;0;0;0x0000;02 Illegal Data Address
54169;0;0;0x0000;02 Illegal Data Address
54170;0;0;0x0000;02 Illegal Data Address
54171;0;0;0x0000;02 Illegal Data Address
54172;0;0;0x0000;02 Illegal Data Address
54173;0;0;0x0000;02 Illegal Data Address
54174;0;0;0x0000;02 Illegal Data Address
54175;0;0;0x0000;02 Illegal Data Address
54176;0;0;0x0000;02 Illegal Data Address
54177;0;0;0x0000;02 Illegal Data Address
54178;0;0;0x0000;02 Illegal Data Address
54179;0;0;0x0000;02 Illegal Data Address
54180;0;0;0x0000;02 Illegal Data Address
54181;0;0;0x0000;02 Illegal Data Address
54182;0;0;0x0000;02 Illegal Data Address
54183;0;0;0x0000;02 Illegal Data Address
54184;0;0;0x0000;02 Illegal Data Address
54185;0;0;0x0000;02 Illegal Data Address
54186;0;0;0x0000;02 Illegal Data Address
54187;0;0;0x0000;02 Illegal Data Address
54188;0;0;0x0000;02 Illegal Data Address
54189;0;0;0x0000;02 Illegal Data Address
54190;0;0;0x0000;02 Illegal Data Address
54191;0;0;0x0000;02 Illegal Data Address
54192;0;0;0x0000;02 Illegal Data Address
54193;0;0;0x0000;02 Illegal Data Address
54194;0;0;0x0000;02 Illegal Data Address
54195;0;0;0x0000;02 Illegal Data Address
54196;0;0;0x0000;02 Illegal Data Address
54197;0;0;0x0000;02 Illegal Data Address
54198;0;0;0x0000;02 Illegal Data Address
54199;0;0;0x0000;02 Illegal Data Address
54200;0;0;0x0000;02 Illegal Data Address
54201;0;0;0x0000;02 Illegal Data Address
54202;0;0;0x0000;02 Illegal Data Address
54203;0;0;0x0000;02 Illegal Data Address
54204;0;0;0x0000;02 Illegal Data Address
54205;0;0;0x0000;02 Illegal Data Address
54206;0;0;0x0000;02 Illegal Data Address
54207;0;0;0x0000;02 Illegal Data Address
54208;0;0;0x0000;02 Illegal Data Address
54209;0;0;0x0000;02 Illegal Data Address
54210;0;0;0x0000;02 Illegal Data Address
54211;0;0;0x0000;02 Illegal Data Address
54212;0;0;0x0000;02 Illegal Data Address
54213;0;0;0x0000;02 Illegal Data Address
54214;0;0;0x0000;02 Illegal Data Address
54215;0;0;0x0000;02 Illegal Data Address
54216;0;0;0x0000;02 Illegal Data Address
54217;0;0;0x0000;02 Illegal Data Address
54218;0;0;0x0000;02 Illegal Data Address
54219;0;0;0x0000;02 Illegal Data Address
54220;0;0;0x0000;02 Illegal Data Address
54221;0;0;0x0000;02 Illegal Data Address
54222;0;0;0x0000;02 Illegal Data Address
54223;0;0;0x0000;02 Illegal Data Address
54224;0;0;0x0000;02 Illegal Data Address
54225;0;0;0x0000;02 Illegal Data Address
54226;0;0;0x0000;02 Illegal Data Address
54227;0;0;0x0000;02 Illegal Data Address
54228;0;0;0x0000;02 Illegal Data Address
54229;0;0;0x0000;02 Illegal Data Address
54230;0;0;0x0000;02 Illegal Data Address
54231;0;0;0x0000;02 Illegal Data Address
54232;0;0;0x0000;02 Illegal Data Address
54233;0;0;0x0000;02 Illegal Data Address
54234;0;0;0x0000;02 Illegal Data Address
54235;0;0;0x0000;02 Illegal Data Address
54236;0;0;0x0000;02 Illegal Data Address
54237;0;0;0x0000;02 Illegal Data Address
54238;0;0;0x0000;02 Illegal Data Address
54239;0;0;0x0000;02 Illegal Data Address
54240;0;0;0x0000;02 Illegal Data Address
54241;0;0;0x0000;02 Illegal Data Address
54242;0;0;0x0000;02 Illegal Data Address
54243;0;0;0x0000;02 Illegal Data Address
54244;0;0;0x0000;02 Illegal Data Address
54245;0;0;0x0000;02 Illegal Data Address
54246;0;0;0x0000;02 Illegal Data Address
54247;0;0;0x0000;02 Illegal Data Address
54248;0;0;0x0000;02 Illegal Data Address
54249;0;0;0x0000;02 Illegal Data Address
54250;0;0;0x0000;02 Illegal Data Address
54251;0;0;0x0000;02 Illegal Data Address
54252;0;0;0x0000;02 Illegal Data Address
54253;0;0;0x0000;02 Illegal Data Address
54254;0;0;0x0000;02 Illegal Data Address
54255;0;0;0x0000;02 Illegal Data Address
54256;0;0;0x0000;02 Illegal Data Address
54257;0;0;0x0000;02 Illegal Data Address
54258;0;0;0x0000;02 Illegal Data Address
54259;0;0;0x0000;02 Illegal Data Address
54260;0;0;0x0000;02 Illegal Data Address
54261;0;0;0x0000;02 Illegal Data Address
54262;0;0;0x0000;02 Illegal Data Address
54263;0;0;0x0000;02 Illegal Data Address
54264;0;0;0x0000;02 Illegal Data Address
54265;0;0;0x0000;02 Illegal Data Address
54266;0;0;0x0000;02 Illegal Data Address
54267;0;0;0x0000;02 Illegal Data Address
54268;0;0;0x0000;02 Illegal Data Address
54269;0;0;0x0000;02 Illegal Data Address
54270;0;0;0x0000;02 Illegal Data Address
54271;0;0;0x0000;02 Illegal Data Address
54272;0;0;0x0000;02 Illegal Data Address
54273;0;0;0x0000;02 Illegal Data Address
54274;0;0;0x0000;02 Illegal Data Address
54275;0;0;0x0000;02 Illegal Data Address
54276;0;0;0x0000;02 Illegal Data Address
54277;0;0;0x0000;02 Illegal Data Address
54278;0;0;0x0000;02 Illegal Data Address
54279;0;0;0x0000;02 Illegal Data Address
54280;0;0;0x0000;02 Illegal Data Address
54281;0;0;0x0000;02 Illegal Data Address
54282;0;0;0x0000;02 Illegal Data Address
54283;0;0;0x0000;02 Illegal Data Address
54284;0;0;0x0000;02 Illegal Data Address
54285;0;0;0x0000;02 Illegal Data Address
54286;0;0;0x0000;02 Illegal Data Address
54287;0;0;0x0000;02 Illegal Data Address
54288;0;0;0x0000;02 Illegal Data Address
54289;0;0;0x0000;02 Illegal Data Address
54290;0;0;0x0000;02 Illegal Data Address
54291;0;0;0x0000;02 Illegal Data Address
54292;0;0;0x0000;02 Illegal Data Address
54293;0;0;0x0000;02 Illegal Data Address
54294;0;0;0x0000;02 Illegal Data Address
54295;0;0;0x0000;02 Illegal Data Address
54296;0;0;0x0000;02 Illegal Data Address
54297;0;0;0x0000;02 Illegal Data Address
54298;0;0;0x0000;02 Illegal Data Address
54299;0;0;0x0000;02 Illegal Data Address
54300;0;0;0x0000;02 Illegal Data Address
54301;0;0;0x0000;02 Illegal Data Address
54302;0;0;0x0000;02 Illegal Data Address
54303;0;0;0x0000;02 Illegal Data Address
54304;0;0;0x0000;02 Illegal Data Address
54305;0;0;0x0000;02 Illegal Data Address
54306;0;0;0x0000;02 Illegal Data Address
54307;0;0;0x0000;02 Illegal Data Address
54308;0;0;0x0000;02 Illegal Data Address
54309;0;0;0x0000;02 Illegal Data Address
54310;0;0;0x0000;02 Illegal Data Address
54311;0;0;0x0000;02 Illegal Data Address
54312;0;0;0x0000;02 Illegal Data Address
54313;0;0;0x0000;02 Illegal Data Address
54314;0;0;0x0000;02 Illegal Data Address
54315;0;0;0x0000;02 Illegal Data Address
54316;0;0;0x0000;02 Illegal Data Address
54317;0;0;0x0000;02 Illegal Data Address
54318;0;0;0x0000;02 Illegal Data Address
54319;0;0;0x0000;02 Illegal Data Address
54320;0;0;0x0000;02 Illegal Data Address
54321;0;0;0x0000;02 Illegal Data Address
54322;0;0;0x0000;02 Illegal Data Address
54323;0;0;0x0000;02 Illegal Data Address
54324;0;0;0x0000;02 Illegal Data Address
54325;0;0;0x0000;02 Illegal Data Address
54326;0;0;0x0000;02 Illegal Data Address
54327;0;0;0x0000;02 Illegal Data Address
54328;0;0;0x0000;02 Illegal Data Address
54329;0;0;0x0000;02 Illegal Data Address
54330;0;0;0x0000;02 Illegal Data Address
54331;0;0;0x0000;02 Illegal Data Address
54332;0;0;0x0000;02 Illegal Data Address
54333;0;0;0x0000;02 Illegal Data Address
54334;0;0;0x0000;02 Illegal Data Address
54335;0;0;0x0000;02 Illegal Data Address
54336;0;0;0x0000;02 Illegal Data Address
54337;0;0;0x0000;02 Illegal Data Address
54338;0;0;0x0000;02 Illegal Data Address
54339;0;0;0x0000;02 Illegal Data Address
54340;0;0;0x0000;02 Illegal Data Address
54341;0;0;0x0000;02 Illegal Data Address
54342;0;0;0x0000;02 Illegal Data Address
54343;0;0;0x0000;02 Illegal Data Address
54344;0;0;0x0000;02 Illegal Data Address
54345;0;0;0x0000;02 Illegal Data Address
54346;0;0;0x0000;02 Illegal Data Address
54347;0;0;0x0000;02 Illegal Data Address
54348;0;0;0x0000;02 Illegal Data Address
54349;0;0;0x0000;02 Illegal Data Address
54350;0;0;0x0000;02 Illegal Data Address
54351;0;0;0x0000;02 Illegal Data Address
54352;0;0;0x0000;02 Illegal Data Address
54353;0;0;0x0000;02 Illegal Data Address
54354;0;0;0x0000;02 Illegal Data Address
54355;0;0;0x0000;02 Illegal Data Address
54356;0;0;0x0000;02 Illegal Data Address
54357;0;0;0x0000;02 Illegal Data Address
54358;0;0;0x0000;02 Illegal Data Address
54359;0;0;0x0000;02 Illegal Data Address
54360;0;0;0x0000;02 Illegal Data Address
54361;0;0;0x0000;02 Illegal Data Address
54362;0;0;0x0000;02 Illegal Data Address
54363;0;0;0x0000;02 Illegal Data Address
54364;0;0;0x0000;02 Illegal Data Address
54365;0;0;0x0000;02 Illegal Data Address
54366;0;0;0x0000;02 Illegal Data Address
54367;0;0;0x0000;02 Illegal Data Address
54368;0;0;0x0000;02 Illegal Data Address
54369;0;0;0x0000;02 Illegal Data Address
54370;0;0;0x0000;02 Illegal Data Address
54371;0;0;0x0000;02 Illegal Data Address
54372;0;0;0x0000;02 Illegal Data Address
54373;0;0;0x0000;02 Illegal Data Address
54374;0;0;0x0000;02 Illegal Data Address
54375;0;0;0x0000;02 Illegal Data Address
54376;0;0;0x0000;02 Illegal Data Address
54377;0;0;0x0000;02 Illegal Data Address
54378;0;0;0x0000;02 Illegal Data Address
54379;0;0;0x0000;02 Illegal Data Address
54380;0;0;0x0000;02 Illegal Data Address
54381;0;0;0x0000;02 Illegal Data Address
54382;0;0;0x0000;02 Illegal Data Address
54383;0;0;0x0000;02 Illegal Data Address
54384;0;0;0x0000;02 Illegal Data Address
54385;0;0;0x0000;02 Illegal Data Address
54386;0;0;0x0000;02 Illegal Data Address
54387;0;0;0x0000;02 Illegal Data Address
54388;0;0;0x0000;02 Illegal Data Address
54389;0;0;0x0000;02 Illegal Data Address
54390;0;0;0x0000;02 Illegal Data Address
54391;0;0;0x0000;02 Illegal Data Address
54392;0;0;0x0000;02 Illegal Data Address
54393;0;0;0x0000;02 Illegal Data Address
54394;0;0;0x0000;02 Illegal Data Address
54395;0;0;0x0000;02 Illegal Data Address
54396;0;0;0x0000;02 Illegal Data Address
54397;0;0;0x0000;02 Illegal Data Address
54398;0;0;0x0000;02 Illegal Data Address
54399;0;0;0x0000;02 Illegal Data Address
54400;0;0;0x0000;02 Illegal Data Address
54401;0;0;0x0000;02 Illegal Data Address
54402;0;0;0x0000;02 Illegal Data Address
54403;0;0;0x0000;02 Illegal Data Address
54404;0;0;0x0000;02 Illegal Data Address
54405;0;0;0x0000;02 Illegal Data Address
54406;0;0;0x0000;02 Illegal Data Address
54407;0;0;0x0000;02 Illegal Data Address
54408;0;0;0x0000;02 Illegal Data Address
54409;0;0;0x0000;02 Illegal Data Address
54410;0;0;0x0000;02 Illegal Data Address
54411;0;0;0x0000;02 Illegal Data Address
54412;0;0;0x0000;02 Illegal Data Address
54413;0;0;0x0000;02 Illegal Data Address
54414;0;0;0x0000;02 Illegal Data Address
54415;0;0;0x0000;02 Illegal Data Address
54416;0;0;0x0000;02 Illegal Data Address
54417;0;0;0x0000;02 Illegal Data Address
54418;0;0;0x0000;02 Illegal Data Address
54419;0;0;0x0000;02 Illegal Data Address
54420;0;0;0x0000;02 Illegal Data Address
54421;0;0;0x0000;02 Illegal Data Address
54422;0;0;0x0000;02 Illegal Data Address
54423;0;0;0x0000;02 Illegal Data Address
54424;0;0;0x0000;02 Illegal Data Address
54425;0;0;0x0000;02 Illegal Data Address
54426;0;0;0x0000;02 Illegal Data Address
54427;0;0;0x0000;02 Illegal Data Address
54428;0;0;0x0000;02 Illegal Data Address
54429;0;0;0x0000;02 Illegal Data Address
54430;0;0;0x0000;02 Illegal Data Address
54431;0;0;0x0000;02 Illegal Data Address
54432;0;0;0x0000;02 Illegal Data Address
54433;0;0;0x0000;02 Illegal Data Address
54434;0;0;0x0000;02 Illegal Data Address
54435;0;0;0x0000;02 Illegal Data Address
54436;0;0;0x0000;02 Illegal Data Address
54437;0;0;0x0000;02 Illegal Data Address
54438;0;0;0x0000;02 Illegal Data Address
54439;0;0;0x0000;02 Illegal Data Address
54440;0;0;0x0000;02 Illegal Data Address
54441;0;0;0x0000;02 Illegal Data Address
54442;0;0;0x0000;02 Illegal Data Address
54443;0;0;0x0000;02 Illegal Data Address
54444;0;0;0x0000;02 Illegal Data Address
54445;0;0;0x0000;02 Illegal Data Address
54446;0;0;0x0000;02 Illegal Data Address
54447;0;0;0x0000;02 Illegal Data Address
54448;0;0;0x0000;02 Illegal Data Address
54449;0;0;0x0000;02 Illegal Data Address
54450;0;0;0x0000;02 Illegal Data Address
54451;0;0;0x0000;02 Illegal Data Address
54452;0;0;0x0000;02 Illegal Data Address
54453;0;0;0x0000;02 Illegal Data Address
54454;0;0;0x0000;02 Illegal Data Address
54455;0;0;0x0000;02 Illegal Data Address
54456;0;0;0x0000;02 Illegal Data Address
54457;0;0;0x0000;02 Illegal Data Address
54458;0;0;0x0000;02 Illegal Data Address
54459;0;0;0x0000;02 Illegal Data Address
54460;0;0;0x0000;02 Illegal Data Address
54461;0;0;0x0000;02 Illegal Data Address
54462;0;0;0x0000;02 Illegal Data Address
54463;0;0;0x0000;02 Illegal Data Address
54464;0;0;0x0000;02 Illegal Data Address
54465;0;0;0x0000;02 Illegal Data Address
54466;0;0;0x0000;02 Illegal Data Address
54467;0;0;0x0000;02 Illegal Data Address
54468;0;0;0x0000;02 Illegal Data Address
54469;0;0;0x0000;02 Illegal Data Address
54470;0;0;0x0000;02 Illegal Data Address
54471;0;0;0x0000;02 Illegal Data Address
54472;0;0;0x0000;02 Illegal Data Address
54473;0;0;0x0000;02 Illegal Data Address
54474;0;0;0x0000;02 Illegal Data Address
54475;0;0;0x0000;02 Illegal Data Address
54476;0;0;0x0000;02 Illegal Data Address
54477;0;0;0x0000;02 Illegal Data Address
54478;0;0;0x0000;02 Illegal Data Address
54479;0;0;0x0000;02 Illegal Data Address
54480;0;0;0x0000;02 Illegal Data Address
54481;0;0;0x0000;02 Illegal Data Address
54482;0;0;0x0000;02 Illegal Data Address
54483;0;0;0x0000;02 Illegal Data Address
54484;0;0;0x0000;02 Illegal Data Address
54485;0;0;0x0000;02 Illegal Data Address
54486;0;0;0x0000;02 Illegal Data Address
54487;0;0;0x0000;02 Illegal Data Address
54488;0;0;0x0000;02 Illegal Data Address
54489;0;0;0x0000;02 Illegal Data Address
54490;0;0;0x0000;02 Illegal Data Address
54491;0;0;0x0000;02 Illegal Data Address
54492;0;0;0x0000;02 Illegal Data Address
54493;0;0;0x0000;02 Illegal Data Address
54494;0;0;0x0000;02 Illegal Data Address
54495;0;0;0x0000;02 Illegal Data Address
54496;0;0;0x0000;02 Illegal Data Address
54497;0;0;0x0000;02 Illegal Data Address
54498;0;0;0x0000;02 Illegal Data Address
54499;0;0;0x0000;02 Illegal Data Address
54500;0;0;0x0000;02 Illegal Data Address
54501;0;0;0x0000;02 Illegal Data Address
54502;0;0;0x0000;02 Illegal Data Address
54503;0;0;0x0000;02 Illegal Data Address
54504;0;0;0x0000;02 Illegal Data Address
54505;0;0;0x0000;02 Illegal Data Address
54506;0;0;0x0000;02 Illegal Data Address
54507;0;0;0x0000;02 Illegal Data Address
54508;0;0;0x0000;02 Illegal Data Address
54509;0;0;0x0000;02 Illegal Data Address
54510;0;0;0x0000;02 Illegal Data Address
54511;0;0;0x0000;02 Illegal Data Address
54512;0;0;0x0000;02 Illegal Data Address
54513;0;0;0x0000;02 Illegal Data Address
54514;0;0;0x0000;02 Illegal Data Address
54515;0;0;0x0000;02 Illegal Data Address
54516;0;0;0x0000;02 Illegal Data Address
54517;0;0;0x0000;02 Illegal Data Address
54518;0;0;0x0000;02 Illegal Data Address
54519;0;0;0x0000;02 Illegal Data Address
54520;0;0;0x0000;02 Illegal Data Address
54521;0;0;0x0000;02 Illegal Data Address
54522;0;0;0x0000;02 Illegal Data Address
54523;0;0;0x0000;02 Illegal Data Address
54524;0;0;0x0000;02 Illegal Data Address
54525;0;0;0x0000;02 Illegal Data Address
54526;0;0;0x0000;02 Illegal Data Address
54527;0;0;0x0000;02 Illegal Data Address
54528;0;0;0x0000;02 Illegal Data Address
54529;0;0;0x0000;02 Illegal Data Address
54530;0;0;0x0000;02 Illegal Data Address
54531;0;0;0x0000;02 Illegal Data Address
54532;0;0;0x0000;02 Illegal Data Address
54533;0;0;0x0000;02 Illegal Data Address
54534;0;0;0x0000;02 Illegal Data Address
54535;0;0;0x0000;02 Illegal Data Address
54536;0;0;0x0000;02 Illegal Data Address
54537;0;0;0x0000;02 Illegal Data Address
54538;0;0;0x0000;02 Illegal Data Address
54539;0;0;0x0000;02 Illegal Data Address
54540;0;0;0x0000;02 Illegal Data Address
54541;0;0;0x0000;02 Illegal Data Address
54542;0;0;0x0000;02 Illegal Data Address
54543;0;0;0x0000;02 Illegal Data Address
54544;0;0;0x0000;02 Illegal Data Address
54545;0;0;0x0000;02 Illegal Data Address
54546;0;0;0x0000;02 Illegal Data Address
54547;0;0;0x0000;02 Illegal Data Address
54548;0;0;0x0000;02 Illegal Data Address
54549;0;0;0x0000;02 Illegal Data Address
54550;0;0;0x0000;02 Illegal Data Address
54551;0;0;0x0000;02 Illegal Data Address
54552;0;0;0x0000;02 Illegal Data Address
54553;0;0;0x0000;02 Illegal Data Address
54554;0;0;0x0000;02 Illegal Data Address
54555;0;0;0x0000;02 Illegal Data Address
54556;0;0;0x0000;02 Illegal Data Address
54557;0;0;0x0000;02 Illegal Data Address
54558;0;0;0x0000;02 Illegal Data Address
54559;0;0;0x0000;02 Illegal Data Address
54560;0;0;0x0000;02 Illegal Data Address
54561;0;0;0x0000;02 Illegal Data Address
54562;0;0;0x0000;02 Illegal Data Address
54563;0;0;0x0000;02 Illegal Data Address
54564;0;0;0x0000;02 Illegal Data Address
54565;0;0;0x0000;02 Illegal Data Address
54566;0;0;0x0000;02 Illegal Data Address
54567;0;0;0x0000;02 Illegal Data Address
54568;0;0;0x0000;02 Illegal Data Address
54569;0;0;0x0000;02 Illegal Data Address
54570;0;0;0x0000;02 Illegal Data Address
54571;0;0;0x0000;02 Illegal Data Address
54572;0;0;0x0000;02 Illegal Data Address
54573;0;0;0x0000;02 Illegal Data Address
54574;0;0;0x0000;02 Illegal Data Address
54575;0;0;0x0000;02 Illegal Data Address
54576;0;0;0x0000;02 Illegal Data Address
54577;0;0;0x0000;02 Illegal Data Address
54578;0;0;0x0000;02 Illegal Data Address
54579;0;0;0x0000;02 Illegal Data Address
54580;0;0;0x0000;02 Illegal Data Address
54581;0;0;0x0000;02 Illegal Data Address
54582;0;0;0x0000;02 Illegal Data Address
54583;0;0;0x0000;02 Illegal Data Address
54584;0;0;0x0000;02 Illegal Data Address
54585;0;0;0x0000;02 Illegal Data Address
54586;0;0;0x0000;02 Illegal Data Address
54587;0;0;0x0000;02 Illegal Data Address
54588;0;0;0x0000;02 Illegal Data Address
54589;0;0;0x0000;02 Illegal Data Address
54590;0;0;0x0000;02 Illegal Data Address
54591;0;0;0x0000;02 Illegal Data Address
54592;0;0;0x0000;02 Illegal Data Address
54593;0;0;0x0000;02 Illegal Data Address
54594;0;0;0x0000;02 Illegal Data Address
54595;0;0;0x0000;02 Illegal Data Address
54596;0;0;0x0000;02 Illegal Data Address
54597;0;0;0x0000;02 Illegal Data Address
54598;0;0;0x0000;02 Illegal Data Address
54599;0;0;0x0000;02 Illegal Data Address
54600;0;0;0x0000;02 Illegal Data Address
54601;0;0;0x0000;02 Illegal Data Address
54602;0;0;0x0000;02 Illegal Data Address
54603;0;0;0x0000;02 Illegal Data Address
54604;0;0;0x0000;02 Illegal Data Address
54605;0;0;0x0000;02 Illegal Data Address
54606;0;0;0x0000;02 Illegal Data Address
54607;0;0;0x0000;02 Illegal Data Address
54608;0;0;0x0000;02 Illegal Data Address
54609;0;0;0x0000;02 Illegal Data Address
54610;0;0;0x0000;02 Illegal Data Address
54611;0;0;0x0000;02 Illegal Data Address
54612;0;0;0x0000;02 Illegal Data Address
54613;0;0;0x0000;02 Illegal Data Address
54614;0;0;0x0000;02 Illegal Data Address
54615;0;0;0x0000;02 Illegal Data Address
54616;0;0;0x0000;02 Illegal Data Address
54617;0;0;0x0000;02 Illegal Data Address
54618;0;0;0x0000;02 Illegal Data Address
54619;0;0;0x0000;02 Illegal Data Address
54620;0;0;0x0000;02 Illegal Data Address
54621;0;0;0x0000;02 Illegal Data Address
54622;0;0;0x0000;02 Illegal Data Address
54623;0;0;0x0000;02 Illegal Data Address
54624;0;0;0x0000;02 Illegal Data Address
54625;0;0;0x0000;02 Illegal Data Address
54626;0;0;0x0000;02 Illegal Data Address
54627;0;0;0x0000;02 Illegal Data Address
54628;0;0;0x0000;02 Illegal Data Address
54629;0;0;0x0000;02 Illegal Data Address
54630;0;0;0x0000;02 Illegal Data Address
54631;0;0;0x0000;02 Illegal Data Address
54632;0;0;0x0000;02 Illegal Data Address
54633;0;0;0x0000;02 Illegal Data Address
54634;0;0;0x0000;02 Illegal Data Address
54635;0;0;0x0000;02 Illegal Data Address
54636;0;0;0x0000;02 Illegal Data Address
54637;0;0;0x0000;02 Illegal Data Address
54638;0;0;0x0000;02 Illegal Data Address
54639;0;0;0x0000;02 Illegal Data Address
54640;0;0;0x0000;02 Illegal Data Address
54641;0;0;0x0000;02 Illegal Data Address
54642;0;0;0x0000;02 Illegal Data Address
54643;0;0;0x0000;02 Illegal Data Address
54644;0;0;0x0000;02 Illegal Data Address
54645;0;0;0x0000;02 Illegal Data Address
54646;0;0;0x0000;02 Illegal Data Address
54647;0;0;0x0000;02 Illegal Data Address
54648;0;0;0x0000;02 Illegal Data Address
54649;0;0;0x0000;02 Illegal Data Address
54650;0;0;0x0000;02 Illegal Data Address
54651;0;0;0x0000;02 Illegal Data Address
54652;0;0;0x0000;02 Illegal Data Address
54653;0;0;0x0000;02 Illegal Data Address
54654;0;0;0x0000;02 Illegal Data Address
54655;0;0;0x0000;02 Illegal Data Address
54656;0;0;0x0000;02 Illegal Data Address
54657;0;0;0x0000;02 Illegal Data Address
54658;0;0;0x0000;02 Illegal Data Address
54659;0;0;0x0000;02 Illegal Data Address
54660;0;0;0x0000;02 Illegal Data Address
54661;0;0;0x0000;02 Illegal Data Address
54662;0;0;0x0000;02 Illegal Data Address
54663;0;0;0x0000;02 Illegal Data Address
54664;0;0;0x0000;02 Illegal Data Address
54665;0;0;0x0000;02 Illegal Data Address
54666;0;0;0x0000;02 Illegal Data Address
54667;0;0;0x0000;02 Illegal Data Address
54668;0;0;0x0000;02 Illegal Data Address
54669;0;0;0x0000;02 Illegal Data Address
54670;0;0;0x0000;02 Illegal Data Address
54671;0;0;0x0000;02 Illegal Data Address
54672;0;0;0x0000;02 Illegal Data Address
54673;0;0;0x0000;02 Illegal Data Address
54674;0;0;0x0000;02 Illegal Data Address
54675;0;0;0x0000;02 Illegal Data Address
54676;0;0;0x0000;02 Illegal Data Address
54677;0;0;0x0000;02 Illegal Data Address
54678;0;0;0x0000;02 Illegal Data Address
54679;0;0;0x0000;02 Illegal Data Address
54680;0;0;0x0000;02 Illegal Data Address
54681;0;0;0x0000;02 Illegal Data Address
54682;0;0;0x0000;02 Illegal Data Address
54683;0;0;0x0000;02 Illegal Data Address
54684;0;0;0x0000;02 Illegal Data Address
54685;0;0;0x0000;02 Illegal Data Address
54686;0;0;0x0000;02 Illegal Data Address
54687;0;0;0x0000;02 Illegal Data Address
54688;0;0;0x0000;02 Illegal Data Address
54689;0;0;0x0000;02 Illegal Data Address
54690;0;0;0x0000;02 Illegal Data Address
54691;0;0;0x0000;02 Illegal Data Address
54692;0;0;0x0000;02 Illegal Data Address
54693;0;0;0x0000;02 Illegal Data Address
54694;0;0;0x0000;02 Illegal Data Address
54695;0;0;0x0000;02 Illegal Data Address
54696;0;0;0x0000;02 Illegal Data Address
54697;0;0;0x0000;02 Illegal Data Address
54698;0;0;0x0000;02 Illegal Data Address
54699;0;0;0x0000;02 Illegal Data Address
54700;0;0;0x0000;02 Illegal Data Address
54701;0;0;0x0000;02 Illegal Data Address
54702;0;0;0x0000;02 Illegal Data Address
54703;0;0;0x0000;02 Illegal Data Address
54704;0;0;0x0000;02 Illegal Data Address
54705;0;0;0x0000;02 Illegal Data Address
54706;0;0;0x0000;02 Illegal Data Address
54707;0;0;0x0000;02 Illegal Data Address
54708;0;0;0x0000;02 Illegal Data Address
54709;0;0;0x0000;02 Illegal Data Address
54710;0;0;0x0000;02 Illegal Data Address
54711;0;0;0x0000;02 Illegal Data Address
54712;0;0;0x0000;02 Illegal Data Address
54713;0;0;0x0000;02 Illegal Data Address
54714;0;0;0x0000;02 Illegal Data Address
54715;0;0;0x0000;02 Illegal Data Address
54716;0;0;0x0000;02 Illegal Data Address
54717;0;0;0x0000;02 Illegal Data Address
54718;0;0;0x0000;02 Illegal Data Address
54719;0;0;0x0000;02 Illegal Data Address
54720;0;0;0x0000;02 Illegal Data Address
54721;0;0;0x0000;02 Illegal Data Address
54722;0;0;0x0000;02 Illegal Data Address
54723;0;0;0x0000;02 Illegal Data Address
54724;0;0;0x0000;02 Illegal Data Address
54725;0;0;0x0000;02 Illegal Data Address
54726;0;0;0x0000;02 Illegal Data Address
54727;0;0;0x0000;02 Illegal Data Address
54728;0;0;0x0000;02 Illegal Data Address
54729;0;0;0x0000;02 Illegal Data Address
54730;0;0;0x0000;02 Illegal Data Address
54731;0;0;0x0000;02 Illegal Data Address
54732;0;0;0x0000;02 Illegal Data Address
54733;0;0;0x0000;02 Illegal Data Address
54734;0;0;0x0000;02 Illegal Data Address
54735;0;0;0x0000;02 Illegal Data Address
54736;0;0;0x0000;02 Illegal Data Address
54737;0;0;0x0000;02 Illegal Data Address
54738;0;0;0x0000;02 Illegal Data Address
54739;0;0;0x0000;02 Illegal Data Address
54740;0;0;0x0000;02 Illegal Data Address
54741;0;0;0x0000;02 Illegal Data Address
54742;0;0;0x0000;02 Illegal Data Address
54743;0;0;0x0000;02 Illegal Data Address
54744;0;0;0x0000;02 Illegal Data Address
54745;0;0;0x0000;02 Illegal Data Address
54746;0;0;0x0000;02 Illegal Data Address
54747;0;0;0x0000;02 Illegal Data Address
54748;0;0;0x0000;02 Illegal Data Address
54749;0;0;0x0000;02 Illegal Data Address
54750;0;0;0x0000;02 Illegal Data Address
54751;0;0;0x0000;02 Illegal Data Address
54752;0;0;0x0000;02 Illegal Data Address
54753;0;0;0x0000;02 Illegal Data Address
54754;0;0;0x0000;02 Illegal Data Address
54755;0;0;0x0000;02 Illegal Data Address
54756;0;0;0x0000;02 Illegal Data Address
54757;0;0;0x0000;02 Illegal Data Address
54758;0;0;0x0000;02 Illegal Data Address
54759;0;0;0x0000;02 Illegal Data Address
54760;0;0;0x0000;02 Illegal Data Address
54761;0;0;0x0000;02 Illegal Data Address
54762;0;0;0x0000;02 Illegal Data Address
54763;0;0;0x0000;02 Illegal Data Address
54764;0;0;0x0000;02 Illegal Data Address
54765;0;0;0x0000;02 Illegal Data Address
54766;0;0;0x0000;02 Illegal Data Address
54767;0;0;0x0000;02 Illegal Data Address
54768;0;0;0x0000;02 Illegal Data Address
54769;0;0;0x0000;02 Illegal Data Address
54770;0;0;0x0000;02 Illegal Data Address
54771;0;0;0x0000;02 Illegal Data Address
54772;0;0;0x0000;02 Illegal Data Address
54773;0;0;0x0000;02 Illegal Data Address
54774;0;0;0x0000;02 Illegal Data Address
54775;0;0;0x0000;02 Illegal Data Address
54776;0;0;0x0000;02 Illegal Data Address
54777;0;0;0x0000;02 Illegal Data Address
54778;0;0;0x0000;02 Illegal Data Address
54779;0;0;0x0000;02 Illegal Data Address
54780;0;0;0x0000;02 Illegal Data Address
54781;0;0;0x0000;02 Illegal Data Address
54782;0;0;0x0000;02 Illegal Data Address
54783;0;0;0x0000;02 Illegal Data Address
54784;0;0;0x0000;02 Illegal Data Address
54785;0;0;0x0000;02 Illegal Data Address
54786;0;0;0x0000;02 Illegal Data Address
54787;0;0;0x0000;02 Illegal Data Address
54788;0;0;0x0000;02 Illegal Data Address
54789;0;0;0x0000;02 Illegal Data Address
54790;0;0;0x0000;02 Illegal Data Address
54791;0;0;0x0000;02 Illegal Data Address
54792;0;0;0x0000;02 Illegal Data Address
54793;0;0;0x0000;02 Illegal Data Address
54794;0;0;0x0000;02 Illegal Data Address
54795;0;0;0x0000;02 Illegal Data Address
54796;0;0;0x0000;02 Illegal Data Address
54797;0;0;0x0000;02 Illegal Data Address
54798;0;0;0x0000;02 Illegal Data Address
54799;0;0;0x0000;02 Illegal Data Address
54800;0;0;0x0000;02 Illegal Data Address
54801;0;0;0x0000;02 Illegal Data Address
54802;0;0;0x0000;02 Illegal Data Address
54803;0;0;0x0000;02 Illegal Data Address
54804;0;0;0x0000;02 Illegal Data Address
54805;0;0;0x0000;02 Illegal Data Address
54806;0;0;0x0000;02 Illegal Data Address
54807;0;0;0x0000;02 Illegal Data Address
54808;0;0;0x0000;02 Illegal Data Address
54809;0;0;0x0000;02 Illegal Data Address
54810;0;0;0x0000;02 Illegal Data Address
54811;0;0;0x0000;02 Illegal Data Address
54812;0;0;0x0000;02 Illegal Data Address
54813;0;0;0x0000;02 Illegal Data Address
54814;0;0;0x0000;02 Illegal Data Address
54815;0;0;0x0000;02 Illegal Data Address
54816;0;0;0x0000;02 Illegal Data Address
54817;0;0;0x0000;02 Illegal Data Address
54818;0;0;0x0000;02 Illegal Data Address
54819;0;0;0x0000;02 Illegal Data Address
54820;0;0;0x0000;02 Illegal Data Address
54821;0;0;0x0000;02 Illegal Data Address
54822;0;0;0x0000;02 Illegal Data Address
54823;0;0;0x0000;02 Illegal Data Address
54824;0;0;0x0000;02 Illegal Data Address
54825;0;0;0x0000;02 Illegal Data Address
54826;0;0;0x0000;02 Illegal Data Address
54827;0;0;0x0000;02 Illegal Data Address
54828;0;0;0x0000;02 Illegal Data Address
54829;0;0;0x0000;02 Illegal Data Address
54830;0;0;0x0000;02 Illegal Data Address
54831;0;0;0x0000;02 Illegal Data Address
54832;0;0;0x0000;02 Illegal Data Address
54833;0;0;0x0000;02 Illegal Data Address
54834;0;0;0x0000;02 Illegal Data Address
54835;0;0;0x0000;02 Illegal Data Address
54836;0;0;0x0000;02 Illegal Data Address
54837;0;0;0x0000;02 Illegal Data Address
54838;0;0;0x0000;02 Illegal Data Address
54839;0;0;0x0000;02 Illegal Data Address
54840;0;0;0x0000;02 Illegal Data Address
54841;0;0;0x0000;02 Illegal Data Address
54842;0;0;0x0000;02 Illegal Data Address
54843;0;0;0x0000;02 Illegal Data Address
54844;0;0;0x0000;02 Illegal Data Address
54845;0;0;0x0000;02 Illegal Data Address
54846;0;0;0x0000;02 Illegal Data Address
54847;0;0;0x0000;02 Illegal Data Address
54848;0;0;0x0000;02 Illegal Data Address
54849;0;0;0x0000;02 Illegal Data Address
54850;0;0;0x0000;02 Illegal Data Address
54851;0;0;0x0000;02 Illegal Data Address
54852;0;0;0x0000;02 Illegal Data Address
54853;0;0;0x0000;02 Illegal Data Address
54854;0;0;0x0000;02 Illegal Data Address
54855;0;0;0x0000;02 Illegal Data Address
54856;0;0;0x0000;02 Illegal Data Address
54857;0;0;0x0000;02 Illegal Data Address
54858;0;0;0x0000;02 Illegal Data Address
54859;0;0;0x0000;02 Illegal Data Address
54860;0;0;0x0000;02 Illegal Data Address
54861;0;0;0x0000;02 Illegal Data Address
54862;0;0;0x0000;02 Illegal Data Address
54863;0;0;0x0000;02 Illegal Data Address
54864;0;0;0x0000;02 Illegal Data Address
54865;0;0;0x0000;02 Illegal Data Address
54866;0;0;0x0000;02 Illegal Data Address
54867;0;0;0x0000;02 Illegal Data Address
54868;0;0;0x0000;02 Illegal Data Address
54869;0;0;0x0000;02 Illegal Data Address
54870;0;0;0x0000;02 Illegal Data Address
54871;0;0;0x0000;02 Illegal Data Address
54872;0;0;0x0000;02 Illegal Data Address
54873;0;0;0x0000;02 Illegal Data Address
54874;0;0;0x0000;02 Illegal Data Address
54875;0;0;0x0000;02 Illegal Data Address
54876;0;0;0x0000;02 Illegal Data Address
54877;0;0;0x0000;02 Illegal Data Address
54878;0;0;0x0000;02 Illegal Data Address
54879;0;0;0x0000;02 Illegal Data Address
54880;0;0;0x0000;02 Illegal Data Address
54881;0;0;0x0000;02 Illegal Data Address
54882;0;0;0x0000;02 Illegal Data Address
54883;0;0;0x0000;02 Illegal Data Address
54884;0;0;0x0000;02 Illegal Data Address
54885;0;0;0x0000;02 Illegal Data Address
54886;0;0;0x0000;02 Illegal Data Address
54887;0;0;0x0000;02 Illegal Data Address
54888;0;0;0x0000;02 Illegal Data Address
54889;0;0;0x0000;02 Illegal Data Address
54890;0;0;0x0000;02 Illegal Data Address
54891;0;0;0x0000;02 Illegal Data Address
54892;0;0;0x0000;02 Illegal Data Address
54893;0;0;0x0000;02 Illegal Data Address
54894;0;0;0x0000;02 Illegal Data Address
54895;0;0;0x0000;02 Illegal Data Address
54896;0;0;0x0000;02 Illegal Data Address
54897;0;0;0x0000;02 Illegal Data Address
54898;0;0;0x0000;02 Illegal Data Address
54899;0;0;0x0000;02 Illegal Data Address
54900;0;0;0x0000;02 Illegal Data Address
54901;0;0;0x0000;02 Illegal Data Address
54902;0;0;0x0000;02 Illegal Data Address
54903;0;0;0x0000;02 Illegal Data Address
54904;0;0;0x0000;02 Illegal Data Address
54905;0;0;0x0000;02 Illegal Data Address
54906;0;0;0x0000;02 Illegal Data Address
54907;0;0;0x0000;02 Illegal Data Address
54908;0;0;0x0000;02 Illegal Data Address
54909;0;0;0x0000;02 Illegal Data Address
54910;0;0;0x0000;02 Illegal Data Address
54911;0;0;0x0000;02 Illegal Data Address
54912;0;0;0x0000;02 Illegal Data Address
54913;0;0;0x0000;02 Illegal Data Address
54914;0;0;0x0000;02 Illegal Data Address
54915;0;0;0x0000;02 Illegal Data Address
54916;0;0;0x0000;02 Illegal Data Address
54917;0;0;0x0000;02 Illegal Data Address
54918;0;0;0x0000;02 Illegal Data Address
54919;0;0;0x0000;02 Illegal Data Address
54920;0;0;0x0000;02 Illegal Data Address
54921;0;0;0x0000;02 Illegal Data Address
54922;0;0;0x0000;02 Illegal Data Address
54923;0;0;0x0000;02 Illegal Data Address
54924;0;0;0x0000;02 Illegal Data Address
54925;0;0;0x0000;02 Illegal Data Address
54926;0;0;0x0000;02 Illegal Data Address
54927;0;0;0x0000;02 Illegal Data Address
54928;0;0;0x0000;02 Illegal Data Address
54929;0;0;0x0000;02 Illegal Data Address
54930;0;0;0x0000;02 Illegal Data Address
54931;0;0;0x0000;02 Illegal Data Address
54932;0;0;0x0000;02 Illegal Data Address
54933;0;0;0x0000;02 Illegal Data Address
54934;0;0;0x0000;02 Illegal Data Address
54935;0;0;0x0000;02 Illegal Data Address
54936;0;0;0x0000;02 Illegal Data Address
54937;0;0;0x0000;02 Illegal Data Address
54938;0;0;0x0000;02 Illegal Data Address
54939;0;0;0x0000;02 Illegal Data Address
54940;0;0;0x0000;02 Illegal Data Address
54941;0;0;0x0000;02 Illegal Data Address
54942;0;0;0x0000;02 Illegal Data Address
54943;0;0;0x0000;02 Illegal Data Address
54944;0;0;0x0000;02 Illegal Data Address
54945;0;0;0x0000;02 Illegal Data Address
54946;0;0;0x0000;02 Illegal Data Address
54947;0;0;0x0000;02 Illegal Data Address
54948;0;0;0x0000;02 Illegal Data Address
54949;0;0;0x0000;02 Illegal Data Address
54950;0;0;0x0000;02 Illegal Data Address
54951;0;0;0x0000;02 Illegal Data Address
54952;0;0;0x0000;02 Illegal Data Address
54953;0;0;0x0000;02 Illegal Data Address
54954;0;0;0x0000;02 Illegal Data Address
54955;0;0;0x0000;02 Illegal Data Address
54956;0;0;0x0000;02 Illegal Data Address
54957;0;0;0x0000;02 Illegal Data Address
54958;0;0;0x0000;02 Illegal Data Address
54959;0;0;0x0000;02 Illegal Data Address
54960;0;0;0x0000;02 Illegal Data Address
54961;0;0;0x0000;02 Illegal Data Address
54962;0;0;0x0000;02 Illegal Data Address
54963;0;0;0x0000;02 Illegal Data Address
54964;0;0;0x0000;02 Illegal Data Address
54965;0;0;0x0000;02 Illegal Data Address
54966;0;0;0x0000;02 Illegal Data Address
54967;0;0;0x0000;02 Illegal Data Address
54968;0;0;0x0000;02 Illegal Data Address
54969;0;0;0x0000;02 Illegal Data Address
54970;0;0;0x0000;02 Illegal Data Address
54971;0;0;0x0000;02 Illegal Data Address
54972;0;0;0x0000;02 Illegal Data Address
54973;0;0;0x0000;02 Illegal Data Address
54974;0;0;0x0000;02 Illegal Data Address
54975;0;0;0x0000;02 Illegal Data Address
54976;0;0;0x0000;02 Illegal Data Address
54977;0;0;0x0000;02 Illegal Data Address
54978;0;0;0x0000;02 Illegal Data Address
54979;0;0;0x0000;02 Illegal Data Address
54980;0;0;0x0000;02 Illegal Data Address
54981;0;0;0x0000;02 Illegal Data Address
54982;0;0;0x0000;02 Illegal Data Address
54983;0;0;0x0000;02 Illegal Data Address
54984;0;0;0x0000;02 Illegal Data Address
54985;0;0;0x0000;02 Illegal Data Address
54986;0;0;0x0000;02 Illegal Data Address
54987;0;0;0x0000;02 Illegal Data Address
54988;0;0;0x0000;02 Illegal Data Address
54989;0;0;0x0000;02 Illegal Data Address
54990;0;0;0x0000;02 Illegal Data Address
54991;0;0;0x0000;02 Illegal Data Address
54992;0;0;0x0000;02 Illegal Data Address
54993;0;0;0x0000;02 Illegal Data Address
54994;0;0;0x0000;02 Illegal Data Address
54995;0;0;0x0000;02 Illegal Data Address
54996;0;0;0x0000;02 Illegal Data Address
54997;0;0;0x0000;02 Illegal Data Address
54998;0;0;0x0000;02 Illegal Data Address
54999;0;0;0x0000;02 Illegal Data Address
55000;0;0;0x0000;02 Illegal Data Address
55001;0;0;0x0000;02 Illegal Data Address
55002;0;0;0x0000;02 Illegal Data Address
55003;0;0;0x0000;02 Illegal Data Address
55004;0;0;0x0000;02 Illegal Data Address
55005;0;0;0x0000;02 Illegal Data Address
55006;0;0;0x0000;02 Illegal Data Address
55007;0;0;0x0000;02 Illegal Data Address
55008;0;0;0x0000;02 Illegal Data Address
55009;0;0;0x0000;02 Illegal Data Address
55010;0;0;0x0000;02 Illegal Data Address
55011;0;0;0x0000;02 Illegal Data Address
55012;0;0;0x0000;02 Illegal Data Address
55013;0;0;0x0000;02 Illegal Data Address
55014;0;0;0x0000;02 Illegal Data Address
55015;0;0;0x0000;02 Illegal Data Address
55016;0;0;0x0000;02 Illegal Data Address
55017;0;0;0x0000;02 Illegal Data Address
55018;0;0;0x0000;02 Illegal Data Address
55019;0;0;0x0000;02 Illegal Data Address
55020;0;0;0x0000;02 Illegal Data Address
55021;0;0;0x0000;02 Illegal Data Address
55022;0;0;0x0000;02 Illegal Data Address
55023;0;0;0x0000;02 Illegal Data Address
55024;0;0;0x0000;02 Illegal Data Address
55025;0;0;0x0000;02 Illegal Data Address
55026;0;0;0x0000;02 Illegal Data Address
55027;0;0;0x0000;02 Illegal Data Address
55028;0;0;0x0000;02 Illegal Data Address
55029;0;0;0x0000;02 Illegal Data Address
55030;0;0;0x0000;02 Illegal Data Address
55031;0;0;0x0000;02 Illegal Data Address
55032;0;0;0x0000;02 Illegal Data Address
55033;0;0;0x0000;02 Illegal Data Address
55034;0;0;0x0000;02 Illegal Data Address
55035;0;0;0x0000;02 Illegal Data Address
55036;0;0;0x0000;02 Illegal Data Address
55037;0;0;0x0000;02 Illegal Data Address
55038;0;0;0x0000;02 Illegal Data Address
55039;0;0;0x0000;02 Illegal Data Address
55040;0;0;0x0000;02 Illegal Data Address
55041;0;0;0x0000;02 Illegal Data Address
55042;0;0;0x0000;02 Illegal Data Address
55043;0;0;0x0000;02 Illegal Data Address
55044;0;0;0x0000;02 Illegal Data Address
55045;0;0;0x0000;02 Illegal Data Address
55046;0;0;0x0000;02 Illegal Data Address
55047;0;0;0x0000;02 Illegal Data Address
55048;0;0;0x0000;02 Illegal Data Address
55049;0;0;0x0000;02 Illegal Data Address
55050;0;0;0x0000;02 Illegal Data Address
55051;0;0;0x0000;02 Illegal Data Address
55052;0;0;0x0000;02 Illegal Data Address
55053;0;0;0x0000;02 Illegal Data Address
55054;0;0;0x0000;02 Illegal Data Address
55055;0;0;0x0000;02 Illegal Data Address
55056;0;0;0x0000;02 Illegal Data Address
55057;0;0;0x0000;02 Illegal Data Address
55058;0;0;0x0000;02 Illegal Data Address
55059;0;0;0x0000;02 Illegal Data Address
55060;0;0;0x0000;02 Illegal Data Address
55061;0;0;0x0000;02 Illegal Data Address
55062;0;0;0x0000;02 Illegal Data Address
55063;0;0;0x0000;02 Illegal Data Address
55064;0;0;0x0000;02 Illegal Data Address
55065;0;0;0x0000;02 Illegal Data Address
55066;0;0;0x0000;02 Illegal Data Address
55067;0;0;0x0000;02 Illegal Data Address
55068;0;0;0x0000;02 Illegal Data Address
55069;0;0;0x0000;02 Illegal Data Address
55070;0;0;0x0000;02 Illegal Data Address
55071;0;0;0x0000;02 Illegal Data Address
55072;0;0;0x0000;02 Illegal Data Address
55073;0;0;0x0000;02 Illegal Data Address
55074;0;0;0x0000;02 Illegal Data Address
55075;0;0;0x0000;02 Illegal Data Address
55076;0;0;0x0000;02 Illegal Data Address
55077;0;0;0x0000;02 Illegal Data Address
55078;0;0;0x0000;02 Illegal Data Address
55079;0;0;0x0000;02 Illegal Data Address
55080;0;0;0x0000;02 Illegal Data Address
55081;0;0;0x0000;02 Illegal Data Address
55082;0;0;0x0000;02 Illegal Data Address
55083;0;0;0x0000;02 Illegal Data Address
55084;0;0;0x0000;02 Illegal Data Address
55085;0;0;0x0000;02 Illegal Data Address
55086;0;0;0x0000;02 Illegal Data Address
55087;0;0;0x0000;02 Illegal Data Address
55088;0;0;0x0000;02 Illegal Data Address
55089;0;0;0x0000;02 Illegal Data Address
55090;0;0;0x0000;02 Illegal Data Address
55091;0;0;0x0000;02 Illegal Data Address
55092;0;0;0x0000;02 Illegal Data Address
55093;0;0;0x0000;02 Illegal Data Address
55094;0;0;0x0000;02 Illegal Data Address
55095;0;0;0x0000;02 Illegal Data Address
55096;0;0;0x0000;02 Illegal Data Address
55097;0;0;0x0000;02 Illegal Data Address
55098;0;0;0x0000;02 Illegal Data Address
55099;0;0;0x0000;02 Illegal Data Address
55100;0;0;0x0000;02 Illegal Data Address
55101;0;0;0x0000;02 Illegal Data Address
55102;0;0;0x0000;02 Illegal Data Address
55103;0;0;0x0000;02 Illegal Data Address
55104;0;0;0x0000;02 Illegal Data Address
55105;0;0;0x0000;02 Illegal Data Address
55106;0;0;0x0000;02 Illegal Data Address
55107;0;0;0x0000;02 Illegal Data Address
55108;0;0;0x0000;02 Illegal Data Address
55109;0;0;0x0000;02 Illegal Data Address
55110;0;0;0x0000;02 Illegal Data Address
55111;0;0;0x0000;02 Illegal Data Address
55112;0;0;0x0000;02 Illegal Data Address
55113;0;0;0x0000;02 Illegal Data Address
55114;0;0;0x0000;02 Illegal Data Address
55115;0;0;0x0000;02 Illegal Data Address
55116;0;0;0x0000;02 Illegal Data Address
55117;0;0;0x0000;02 Illegal Data Address
55118;0;0;0x0000;02 Illegal Data Address
55119;0;0;0x0000;02 Illegal Data Address
55120;0;0;0x0000;02 Illegal Data Address
55121;0;0;0x0000;02 Illegal Data Address
55122;0;0;0x0000;02 Illegal Data Address
55123;0;0;0x0000;02 Illegal Data Address
55124;0;0;0x0000;02 Illegal Data Address
55125;0;0;0x0000;02 Illegal Data Address
55126;0;0;0x0000;02 Illegal Data Address
55127;0;0;0x0000;02 Illegal Data Address
55128;0;0;0x0000;02 Illegal Data Address
55129;0;0;0x0000;02 Illegal Data Address
55130;0;0;0x0000;02 Illegal Data Address
55131;0;0;0x0000;02 Illegal Data Address
55132;0;0;0x0000;02 Illegal Data Address
55133;0;0;0x0000;02 Illegal Data Address
55134;0;0;0x0000;02 Illegal Data Address
55135;0;0;0x0000;02 Illegal Data Address
55136;0;0;0x0000;02 Illegal Data Address
55137;0;0;0x0000;02 Illegal Data Address
55138;0;0;0x0000;02 Illegal Data Address
55139;0;0;0x0000;02 Illegal Data Address
55140;0;0;0x0000;02 Illegal Data Address
55141;0;0;0x0000;02 Illegal Data Address
55142;0;0;0x0000;02 Illegal Data Address
55143;0;0;0x0000;02 Illegal Data Address
55144;0;0;0x0000;02 Illegal Data Address
55145;0;0;0x0000;02 Illegal Data Address
55146;0;0;0x0000;02 Illegal Data Address
55147;0;0;0x0000;02 Illegal Data Address
55148;0;0;0x0000;02 Illegal Data Address
55149;0;0;0x0000;02 Illegal Data Address
55150;0;0;0x0000;02 Illegal Data Address
55151;0;0;0x0000;02 Illegal Data Address
55152;0;0;0x0000;02 Illegal Data Address
55153;0;0;0x0000;02 Illegal Data Address
55154;0;0;0x0000;02 Illegal Data Address
55155;0;0;0x0000;02 Illegal Data Address
55156;0;0;0x0000;02 Illegal Data Address
55157;0;0;0x0000;02 Illegal Data Address
55158;0;0;0x0000;02 Illegal Data Address
55159;0;0;0x0000;02 Illegal Data Address
55160;0;0;0x0000;02 Illegal Data Address
55161;0;0;0x0000;02 Illegal Data Address
55162;0;0;0x0000;02 Illegal Data Address
55163;0;0;0x0000;02 Illegal Data Address
55164;0;0;0x0000;02 Illegal Data Address
55165;0;0;0x0000;02 Illegal Data Address
55166;0;0;0x0000;02 Illegal Data Address
55167;0;0;0x0000;02 Illegal Data Address
55168;0;0;0x0000;02 Illegal Data Address
55169;0;0;0x0000;02 Illegal Data Address
55170;0;0;0x0000;02 Illegal Data Address
55171;0;0;0x0000;02 Illegal Data Address
55172;0;0;0x0000;02 Illegal Data Address
55173;0;0;0x0000;02 Illegal Data Address
55174;0;0;0x0000;02 Illegal Data Address
55175;0;0;0x0000;02 Illegal Data Address
55176;0;0;0x0000;02 Illegal Data Address
55177;0;0;0x0000;02 Illegal Data Address
55178;0;0;0x0000;02 Illegal Data Address
55179;0;0;0x0000;02 Illegal Data Address
55180;0;0;0x0000;02 Illegal Data Address
55181;0;0;0x0000;02 Illegal Data Address
55182;0;0;0x0000;02 Illegal Data Address
55183;0;0;0x0000;02 Illegal Data Address
55184;0;0;0x0000;02 Illegal Data Address
55185;0;0;0x0000;02 Illegal Data Address
55186;0;0;0x0000;02 Illegal Data Address
55187;0;0;0x0000;02 Illegal Data Address
55188;0;0;0x0000;02 Illegal Data Address
55189;0;0;0x0000;02 Illegal Data Address
55190;0;0;0x0000;02 Illegal Data Address
55191;0;0;0x0000;02 Illegal Data Address
55192;0;0;0x0000;02 Illegal Data Address
55193;0;0;0x0000;02 Illegal Data Address
55194;0;0;0x0000;02 Illegal Data Address
55195;0;0;0x0000;02 Illegal Data Address
55196;0;0;0x0000;02 Illegal Data Address
55197;0;0;0x0000;02 Illegal Data Address
55198;0;0;0x0000;02 Illegal Data Address
55199;0;0;0x0000;02 Illegal Data Address
55200;0;0;0x0000;02 Illegal Data Address
55201;0;0;0x0000;02 Illegal Data Address
55202;0;0;0x0000;02 Illegal Data Address
55203;0;0;0x0000;02 Illegal Data Address
55204;0;0;0x0000;02 Illegal Data Address
55205;0;0;0x0000;02 Illegal Data Address
55206;0;0;0x0000;02 Illegal Data Address
55207;0;0;0x0000;02 Illegal Data Address
55208;0;0;0x0000;02 Illegal Data Address
55209;0;0;0x0000;02 Illegal Data Address
55210;0;0;0x0000;02 Illegal Data Address
55211;0;0;0x0000;02 Illegal Data Address
55212;0;0;0x0000;02 Illegal Data Address
55213;0;0;0x0000;02 Illegal Data Address
55214;0;0;0x0000;02 Illegal Data Address
55215;0;0;0x0000;02 Illegal Data Address
55216;0;0;0x0000;02 Illegal Data Address
55217;0;0;0x0000;02 Illegal Data Address
55218;0;0;0x0000;02 Illegal Data Address
55219;0;0;0x0000;02 Illegal Data Address
55220;0;0;0x0000;02 Illegal Data Address
55221;0;0;0x0000;02 Illegal Data Address
55222;0;0;0x0000;02 Illegal Data Address
55223;0;0;0x0000;02 Illegal Data Address
55224;0;0;0x0000;02 Illegal Data Address
55225;0;0;0x0000;02 Illegal Data Address
55226;0;0;0x0000;02 Illegal Data Address
55227;0;0;0x0000;02 Illegal Data Address
55228;0;0;0x0000;02 Illegal Data Address
55229;0;0;0x0000;02 Illegal Data Address
55230;0;0;0x0000;02 Illegal Data Address
55231;0;0;0x0000;02 Illegal Data Address
55232;0;0;0x0000;02 Illegal Data Address
55233;0;0;0x0000;02 Illegal Data Address
55234;0;0;0x0000;02 Illegal Data Address
55235;0;0;0x0000;02 Illegal Data Address
55236;0;0;0x0000;02 Illegal Data Address
55237;0;0;0x0000;02 Illegal Data Address
55238;0;0;0x0000;02 Illegal Data Address
55239;0;0;0x0000;02 Illegal Data Address
55240;0;0;0x0000;02 Illegal Data Address
55241;0;0;0x0000;02 Illegal Data Address
55242;0;0;0x0000;02 Illegal Data Address
55243;0;0;0x0000;02 Illegal Data Address
55244;0;0;0x0000;02 Illegal Data Address
55245;0;0;0x0000;02 Illegal Data Address
55246;0;0;0x0000;02 Illegal Data Address
55247;0;0;0x0000;02 Illegal Data Address
55248;0;0;0x0000;02 Illegal Data Address
55249;0;0;0x0000;02 Illegal Data Address
55250;0;0;0x0000;02 Illegal Data Address
55251;0;0;0x0000;02 Illegal Data Address
55252;0;0;0x0000;02 Illegal Data Address
55253;0;0;0x0000;02 Illegal Data Address
55254;0;0;0x0000;02 Illegal Data Address
55255;0;0;0x0000;02 Illegal Data Address
55256;0;0;0x0000;02 Illegal Data Address
55257;0;0;0x0000;02 Illegal Data Address
55258;0;0;0x0000;02 Illegal Data Address
55259;0;0;0x0000;02 Illegal Data Address
55260;0;0;0x0000;02 Illegal Data Address
55261;0;0;0x0000;02 Illegal Data Address
55262;0;0;0x0000;02 Illegal Data Address
55263;0;0;0x0000;02 Illegal Data Address
55264;0;0;0x0000;02 Illegal Data Address
55265;0;0;0x0000;02 Illegal Data Address
55266;0;0;0x0000;02 Illegal Data Address
55267;0;0;0x0000;02 Illegal Data Address
55268;0;0;0x0000;02 Illegal Data Address
55269;0;0;0x0000;02 Illegal Data Address
55270;0;0;0x0000;02 Illegal Data Address
55271;0;0;0x0000;02 Illegal Data Address
55272;0;0;0x0000;02 Illegal Data Address
55273;0;0;0x0000;02 Illegal Data Address
55274;0;0;0x0000;02 Illegal Data Address
55275;0;0;0x0000;02 Illegal Data Address
55276;0;0;0x0000;02 Illegal Data Address
55277;0;0;0x0000;02 Illegal Data Address
55278;0;0;0x0000;02 Illegal Data Address
55279;0;0;0x0000;02 Illegal Data Address
55280;0;0;0x0000;02 Illegal Data Address
55281;0;0;0x0000;02 Illegal Data Address
55282;0;0;0x0000;02 Illegal Data Address
55283;0;0;0x0000;02 Illegal Data Address
55284;0;0;0x0000;02 Illegal Data Address
55285;0;0;0x0000;02 Illegal Data Address
55286;0;0;0x0000;02 Illegal Data Address
55287;0;0;0x0000;02 Illegal Data Address
55288;0;0;0x0000;02 Illegal Data Address
55289;0;0;0x0000;02 Illegal Data Address
55290;0;0;0x0000;02 Illegal Data Address
55291;0;0;0x0000;02 Illegal Data Address
55292;0;0;0x0000;02 Illegal Data Address
55293;0;0;0x0000;02 Illegal Data Address
55294;0;0;0x0000;02 Illegal Data Address
55295;0;0;0x0000;02 Illegal Data Address
55296;0;0;0x0000;02 Illegal Data Address
55297;0;0;0x0000;02 Illegal Data Address
55298;0;0;0x0000;02 Illegal Data Address
55299;0;0;0x0000;02 Illegal Data Address
55300;0;0;0x0000;02 Illegal Data Address
55301;0;0;0x0000;02 Illegal Data Address
55302;0;0;0x0000;02 Illegal Data Address
55303;0;0;0x0000;02 Illegal Data Address
55304;0;0;0x0000;02 Illegal Data Address
55305;0;0;0x0000;02 Illegal Data Address
55306;0;0;0x0000;02 Illegal Data Address
55307;0;0;0x0000;02 Illegal Data Address
55308;0;0;0x0000;02 Illegal Data Address
55309;0;0;0x0000;02 Illegal Data Address
55310;0;0;0x0000;02 Illegal Data Address
55311;0;0;0x0000;02 Illegal Data Address
55312;0;0;0x0000;02 Illegal Data Address
55313;0;0;0x0000;02 Illegal Data Address
55314;0;0;0x0000;02 Illegal Data Address
55315;0;0;0x0000;02 Illegal Data Address
55316;0;0;0x0000;02 Illegal Data Address
55317;0;0;0x0000;02 Illegal Data Address
55318;0;0;0x0000;02 Illegal Data Address
55319;0;0;0x0000;02 Illegal Data Address
55320;0;0;0x0000;02 Illegal Data Address
55321;0;0;0x0000;02 Illegal Data Address
55322;0;0;0x0000;02 Illegal Data Address
55323;0;0;0x0000;02 Illegal Data Address
55324;0;0;0x0000;02 Illegal Data Address
55325;0;0;0x0000;02 Illegal Data Address
55326;0;0;0x0000;02 Illegal Data Address
55327;0;0;0x0000;02 Illegal Data Address
55328;0;0;0x0000;02 Illegal Data Address
55329;0;0;0x0000;02 Illegal Data Address
55330;0;0;0x0000;02 Illegal Data Address
55331;0;0;0x0000;02 Illegal Data Address
55332;0;0;0x0000;02 Illegal Data Address
55333;0;0;0x0000;02 Illegal Data Address
55334;0;0;0x0000;02 Illegal Data Address
55335;0;0;0x0000;02 Illegal Data Address
55336;0;0;0x0000;02 Illegal Data Address
55337;0;0;0x0000;02 Illegal Data Address
55338;0;0;0x0000;02 Illegal Data Address
55339;0;0;0x0000;02 Illegal Data Address
55340;0;0;0x0000;02 Illegal Data Address
55341;0;0;0x0000;02 Illegal Data Address
55342;0;0;0x0000;02 Illegal Data Address
55343;0;0;0x0000;02 Illegal Data Address
55344;0;0;0x0000;02 Illegal Data Address
55345;0;0;0x0000;02 Illegal Data Address
55346;0;0;0x0000;02 Illegal Data Address
55347;0;0;0x0000;02 Illegal Data Address
55348;0;0;0x0000;02 Illegal Data Address
55349;0;0;0x0000;02 Illegal Data Address
55350;0;0;0x0000;02 Illegal Data Address
55351;0;0;0x0000;02 Illegal Data Address
55352;0;0;0x0000;02 Illegal Data Address
55353;0;0;0x0000;02 Illegal Data Address
55354;0;0;0x0000;02 Illegal Data Address
55355;0;0;0x0000;02 Illegal Data Address
55356;0;0;0x0000;02 Illegal Data Address
55357;0;0;0x0000;02 Illegal Data Address
55358;0;0;0x0000;02 Illegal Data Address
55359;0;0;0x0000;02 Illegal Data Address
55360;0;0;0x0000;02 Illegal Data Address
55361;0;0;0x0000;02 Illegal Data Address
55362;0;0;0x0000;02 Illegal Data Address
55363;0;0;0x0000;02 Illegal Data Address
55364;0;0;0x0000;02 Illegal Data Address
55365;0;0;0x0000;02 Illegal Data Address
55366;0;0;0x0000;02 Illegal Data Address
55367;0;0;0x0000;02 Illegal Data Address
55368;0;0;0x0000;02 Illegal Data Address
55369;0;0;0x0000;02 Illegal Data Address
55370;0;0;0x0000;02 Illegal Data Address
55371;0;0;0x0000;02 Illegal Data Address
55372;0;0;0x0000;02 Illegal Data Address
55373;0;0;0x0000;02 Illegal Data Address
55374;0;0;0x0000;02 Illegal Data Address
55375;0;0;0x0000;02 Illegal Data Address
55376;0;0;0x0000;02 Illegal Data Address
55377;0;0;0x0000;02 Illegal Data Address
55378;0;0;0x0000;02 Illegal Data Address
55379;0;0;0x0000;02 Illegal Data Address
55380;0;0;0x0000;02 Illegal Data Address
55381;0;0;0x0000;02 Illegal Data Address
55382;0;0;0x0000;02 Illegal Data Address
55383;0;0;0x0000;02 Illegal Data Address
55384;0;0;0x0000;02 Illegal Data Address
55385;0;0;0x0000;02 Illegal Data Address
55386;0;0;0x0000;02 Illegal Data Address
55387;0;0;0x0000;02 Illegal Data Address
55388;0;0;0x0000;02 Illegal Data Address
55389;0;0;0x0000;02 Illegal Data Address
55390;0;0;0x0000;02 Illegal Data Address
55391;0;0;0x0000;02 Illegal Data Address
55392;0;0;0x0000;02 Illegal Data Address
55393;0;0;0x0000;02 Illegal Data Address
55394;0;0;0x0000;02 Illegal Data Address
55395;0;0;0x0000;02 Illegal Data Address
55396;0;0;0x0000;02 Illegal Data Address
55397;0;0;0x0000;02 Illegal Data Address
55398;0;0;0x0000;02 Illegal Data Address
55399;0;0;0x0000;02 Illegal Data Address
55400;0;0;0x0000;02 Illegal Data Address
55401;0;0;0x0000;02 Illegal Data Address
55402;0;0;0x0000;02 Illegal Data Address
55403;0;0;0x0000;02 Illegal Data Address
55404;0;0;0x0000;02 Illegal Data Address
55405;0;0;0x0000;02 Illegal Data Address
55406;0;0;0x0000;02 Illegal Data Address
55407;0;0;0x0000;02 Illegal Data Address
55408;0;0;0x0000;02 Illegal Data Address
55409;0;0;0x0000;02 Illegal Data Address
55410;0;0;0x0000;02 Illegal Data Address
55411;0;0;0x0000;02 Illegal Data Address
55412;0;0;0x0000;02 Illegal Data Address
55413;0;0;0x0000;02 Illegal Data Address
55414;0;0;0x0000;02 Illegal Data Address
55415;0;0;0x0000;02 Illegal Data Address
55416;0;0;0x0000;02 Illegal Data Address
55417;0;0;0x0000;02 Illegal Data Address
55418;0;0;0x0000;02 Illegal Data Address
55419;0;0;0x0000;02 Illegal Data Address
55420;0;0;0x0000;02 Illegal Data Address
55421;0;0;0x0000;02 Illegal Data Address
55422;0;0;0x0000;02 Illegal Data Address
55423;0;0;0x0000;02 Illegal Data Address
55424;0;0;0x0000;02 Illegal Data Address
55425;0;0;0x0000;02 Illegal Data Address
55426;0;0;0x0000;02 Illegal Data Address
55427;0;0;0x0000;02 Illegal Data Address
55428;0;0;0x0000;02 Illegal Data Address
55429;0;0;0x0000;02 Illegal Data Address
55430;0;0;0x0000;02 Illegal Data Address
55431;0;0;0x0000;02 Illegal Data Address
55432;0;0;0x0000;02 Illegal Data Address
55433;0;0;0x0000;02 Illegal Data Address
55434;0;0;0x0000;02 Illegal Data Address
55435;0;0;0x0000;02 Illegal Data Address
55436;0;0;0x0000;02 Illegal Data Address
55437;0;0;0x0000;02 Illegal Data Address
55438;0;0;0x0000;02 Illegal Data Address
55439;0;0;0x0000;02 Illegal Data Address
55440;0;0;0x0000;02 Illegal Data Address
55441;0;0;0x0000;02 Illegal Data Address
55442;0;0;0x0000;02 Illegal Data Address
55443;0;0;0x0000;02 Illegal Data Address
55444;0;0;0x0000;02 Illegal Data Address
55445;0;0;0x0000;02 Illegal Data Address
55446;0;0;0x0000;02 Illegal Data Address
55447;0;0;0x0000;02 Illegal Data Address
55448;0;0;0x0000;02 Illegal Data Address
55449;0;0;0x0000;02 Illegal Data Address
55450;0;0;0x0000;02 Illegal Data Address
55451;0;0;0x0000;02 Illegal Data Address
55452;0;0;0x0000;02 Illegal Data Address
55453;0;0;0x0000;02 Illegal Data Address
55454;0;0;0x0000;02 Illegal Data Address
55455;0;0;0x0000;02 Illegal Data Address
55456;0;0;0x0000;02 Illegal Data Address
55457;0;0;0x0000;02 Illegal Data Address
55458;0;0;0x0000;02 Illegal Data Address
55459;0;0;0x0000;02 Illegal Data Address
55460;0;0;0x0000;02 Illegal Data Address
55461;0;0;0x0000;02 Illegal Data Address
55462;0;0;0x0000;02 Illegal Data Address
55463;0;0;0x0000;02 Illegal Data Address
55464;0;0;0x0000;02 Illegal Data Address
55465;0;0;0x0000;02 Illegal Data Address
55466;0;0;0x0000;02 Illegal Data Address
55467;0;0;0x0000;02 Illegal Data Address
55468;0;0;0x0000;02 Illegal Data Address
55469;0;0;0x0000;02 Illegal Data Address
55470;0;0;0x0000;02 Illegal Data Address
55471;0;0;0x0000;02 Illegal Data Address
55472;0;0;0x0000;02 Illegal Data Address
55473;0;0;0x0000;02 Illegal Data Address
55474;0;0;0x0000;02 Illegal Data Address
55475;0;0;0x0000;02 Illegal Data Address
55476;0;0;0x0000;02 Illegal Data Address
55477;0;0;0x0000;02 Illegal Data Address
55478;0;0;0x0000;02 Illegal Data Address
55479;0;0;0x0000;02 Illegal Data Address
55480;0;0;0x0000;02 Illegal Data Address
55481;0;0;0x0000;02 Illegal Data Address
55482;0;0;0x0000;02 Illegal Data Address
55483;0;0;0x0000;02 Illegal Data Address
55484;0;0;0x0000;02 Illegal Data Address
55485;0;0;0x0000;02 Illegal Data Address
55486;0;0;0x0000;02 Illegal Data Address
55487;0;0;0x0000;02 Illegal Data Address
55488;0;0;0x0000;02 Illegal Data Address
55489;0;0;0x0000;02 Illegal Data Address
55490;0;0;0x0000;02 Illegal Data Address
55491;0;0;0x0000;02 Illegal Data Address
55492;0;0;0x0000;02 Illegal Data Address
55493;0;0;0x0000;02 Illegal Data Address
55494;0;0;0x0000;02 Illegal Data Address
55495;0;0;0x0000;02 Illegal Data Address
55496;0;0;0x0000;02 Illegal Data Address
55497;0;0;0x0000;02 Illegal Data Address
55498;0;0;0x0000;02 Illegal Data Address
55499;0;0;0x0000;02 Illegal Data Address
55500;0;0;0x0000;02 Illegal Data Address
55501;0;0;0x0000;02 Illegal Data Address
55502;0;0;0x0000;02 Illegal Data Address
55503;0;0;0x0000;02 Illegal Data Address
55504;0;0;0x0000;02 Illegal Data Address
55505;0;0;0x0000;02 Illegal Data Address
55506;0;0;0x0000;02 Illegal Data Address
55507;0;0;0x0000;02 Illegal Data Address
55508;0;0;0x0000;02 Illegal Data Address
55509;0;0;0x0000;02 Illegal Data Address
55510;0;0;0x0000;02 Illegal Data Address
55511;0;0;0x0000;02 Illegal Data Address
55512;0;0;0x0000;02 Illegal Data Address
55513;0;0;0x0000;02 Illegal Data Address
55514;0;0;0x0000;02 Illegal Data Address
55515;0;0;0x0000;02 Illegal Data Address
55516;0;0;0x0000;02 Illegal Data Address
55517;0;0;0x0000;02 Illegal Data Address
55518;0;0;0x0000;02 Illegal Data Address
55519;0;0;0x0000;02 Illegal Data Address
55520;0;0;0x0000;02 Illegal Data Address
55521;0;0;0x0000;02 Illegal Data Address
55522;0;0;0x0000;02 Illegal Data Address
55523;0;0;0x0000;02 Illegal Data Address
55524;0;0;0x0000;02 Illegal Data Address
55525;0;0;0x0000;02 Illegal Data Address
55526;0;0;0x0000;02 Illegal Data Address
55527;0;0;0x0000;02 Illegal Data Address
55528;0;0;0x0000;02 Illegal Data Address
55529;0;0;0x0000;02 Illegal Data Address
55530;0;0;0x0000;02 Illegal Data Address
55531;0;0;0x0000;02 Illegal Data Address
55532;0;0;0x0000;02 Illegal Data Address
55533;0;0;0x0000;02 Illegal Data Address
55534;0;0;0x0000;02 Illegal Data Address
55535;0;0;0x0000;02 Illegal Data Address
55536;0;0;0x0000;02 Illegal Data Address
55537;0;0;0x0000;02 Illegal Data Address
55538;0;0;0x0000;02 Illegal Data Address
55539;0;0;0x0000;02 Illegal Data Address
55540;0;0;0x0000;02 Illegal Data Address
55541;0;0;0x0000;02 Illegal Data Address
55542;0;0;0x0000;02 Illegal Data Address
55543;0;0;0x0000;02 Illegal Data Address
55544;0;0;0x0000;02 Illegal Data Address
55545;0;0;0x0000;02 Illegal Data Address
55546;0;0;0x0000;02 Illegal Data Address
55547;0;0;0x0000;02 Illegal Data Address
55548;0;0;0x0000;02 Illegal Data Address
55549;0;0;0x0000;02 Illegal Data Address
55550;0;0;0x0000;02 Illegal Data Address
55551;0;0;0x0000;02 Illegal Data Address
55552;0;0;0x0000;02 Illegal Data Address
55553;0;0;0x0000;02 Illegal Data Address
55554;0;0;0x0000;02 Illegal Data Address
55555;0;0;0x0000;02 Illegal Data Address
55556;0;0;0x0000;02 Illegal Data Address
55557;0;0;0x0000;02 Illegal Data Address
55558;0;0;0x0000;02 Illegal Data Address
55559;0;0;0x0000;02 Illegal Data Address
55560;0;0;0x0000;02 Illegal Data Address
55561;0;0;0x0000;02 Illegal Data Address
55562;0;0;0x0000;02 Illegal Data Address
55563;0;0;0x0000;02 Illegal Data Address
55564;0;0;0x0000;02 Illegal Data Address
55565;0;0;0x0000;02 Illegal Data Address
55566;0;0;0x0000;02 Illegal Data Address
55567;0;0;0x0000;02 Illegal Data Address
55568;0;0;0x0000;02 Illegal Data Address
55569;0;0;0x0000;02 Illegal Data Address
55570;0;0;0x0000;02 Illegal Data Address
55571;0;0;0x0000;02 Illegal Data Address
55572;0;0;0x0000;02 Illegal Data Address
55573;0;0;0x0000;02 Illegal Data Address
55574;0;0;0x0000;02 Illegal Data Address
55575;0;0;0x0000;02 Illegal Data Address
55576;0;0;0x0000;02 Illegal Data Address
55577;0;0;0x0000;02 Illegal Data Address
55578;0;0;0x0000;02 Illegal Data Address
55579;0;0;0x0000;02 Illegal Data Address
55580;0;0;0x0000;02 Illegal Data Address
55581;0;0;0x0000;02 Illegal Data Address
55582;0;0;0x0000;02 Illegal Data Address
55583;0;0;0x0000;02 Illegal Data Address
55584;0;0;0x0000;02 Illegal Data Address
55585;0;0;0x0000;02 Illegal Data Address
55586;0;0;0x0000;02 Illegal Data Address
55587;0;0;0x0000;02 Illegal Data Address
55588;0;0;0x0000;02 Illegal Data Address
55589;0;0;0x0000;02 Illegal Data Address
55590;0;0;0x0000;02 Illegal Data Address
55591;0;0;0x0000;02 Illegal Data Address
55592;0;0;0x0000;02 Illegal Data Address
55593;0;0;0x0000;02 Illegal Data Address
55594;0;0;0x0000;02 Illegal Data Address
55595;0;0;0x0000;02 Illegal Data Address
55596;0;0;0x0000;02 Illegal Data Address
55597;0;0;0x0000;02 Illegal Data Address
55598;0;0;0x0000;02 Illegal Data Address
55599;0;0;0x0000;02 Illegal Data Address
55600;0;0;0x0000;02 Illegal Data Address
55601;0;0;0x0000;02 Illegal Data Address
55602;0;0;0x0000;02 Illegal Data Address
55603;0;0;0x0000;02 Illegal Data Address
55604;0;0;0x0000;02 Illegal Data Address
55605;0;0;0x0000;02 Illegal Data Address
55606;0;0;0x0000;02 Illegal Data Address
55607;0;0;0x0000;02 Illegal Data Address
55608;0;0;0x0000;02 Illegal Data Address
55609;0;0;0x0000;02 Illegal Data Address
55610;0;0;0x0000;02 Illegal Data Address
55611;0;0;0x0000;02 Illegal Data Address
55612;0;0;0x0000;02 Illegal Data Address
55613;0;0;0x0000;02 Illegal Data Address
55614;0;0;0x0000;02 Illegal Data Address
55615;0;0;0x0000;02 Illegal Data Address
55616;0;0;0x0000;02 Illegal Data Address
55617;0;0;0x0000;02 Illegal Data Address
55618;0;0;0x0000;02 Illegal Data Address
55619;0;0;0x0000;02 Illegal Data Address
55620;0;0;0x0000;02 Illegal Data Address
55621;0;0;0x0000;02 Illegal Data Address
55622;0;0;0x0000;02 Illegal Data Address
55623;0;0;0x0000;02 Illegal Data Address
55624;0;0;0x0000;02 Illegal Data Address
55625;0;0;0x0000;02 Illegal Data Address
55626;0;0;0x0000;02 Illegal Data Address
55627;0;0;0x0000;02 Illegal Data Address
55628;0;0;0x0000;02 Illegal Data Address
55629;0;0;0x0000;02 Illegal Data Address
55630;0;0;0x0000;02 Illegal Data Address
55631;0;0;0x0000;02 Illegal Data Address
55632;0;0;0x0000;02 Illegal Data Address
55633;0;0;0x0000;02 Illegal Data Address
55634;0;0;0x0000;02 Illegal Data Address
55635;0;0;0x0000;02 Illegal Data Address
55636;0;0;0x0000;02 Illegal Data Address
55637;0;0;0x0000;02 Illegal Data Address
55638;0;0;0x0000;02 Illegal Data Address
55639;0;0;0x0000;02 Illegal Data Address
55640;0;0;0x0000;02 Illegal Data Address
55641;0;0;0x0000;02 Illegal Data Address
55642;0;0;0x0000;02 Illegal Data Address
55643;0;0;0x0000;02 Illegal Data Address
55644;0;0;0x0000;02 Illegal Data Address
55645;0;0;0x0000;02 Illegal Data Address
55646;0;0;0x0000;02 Illegal Data Address
55647;0;0;0x0000;02 Illegal Data Address
55648;0;0;0x0000;02 Illegal Data Address
55649;0;0;0x0000;02 Illegal Data Address
55650;0;0;0x0000;02 Illegal Data Address
55651;0;0;0x0000;02 Illegal Data Address
55652;0;0;0x0000;02 Illegal Data Address
55653;0;0;0x0000;02 Illegal Data Address
55654;0;0;0x0000;02 Illegal Data Address
55655;0;0;0x0000;02 Illegal Data Address
55656;0;0;0x0000;02 Illegal Data Address
55657;0;0;0x0000;02 Illegal Data Address
55658;0;0;0x0000;02 Illegal Data Address
55659;0;0;0x0000;02 Illegal Data Address
55660;0;0;0x0000;02 Illegal Data Address
55661;0;0;0x0000;02 Illegal Data Address
55662;0;0;0x0000;02 Illegal Data Address
55663;0;0;0x0000;02 Illegal Data Address
55664;0;0;0x0000;02 Illegal Data Address
55665;0;0;0x0000;02 Illegal Data Address
55666;0;0;0x0000;02 Illegal Data Address
55667;0;0;0x0000;02 Illegal Data Address
55668;0;0;0x0000;02 Illegal Data Address
55669;0;0;0x0000;02 Illegal Data Address
55670;0;0;0x0000;02 Illegal Data Address
55671;0;0;0x0000;02 Illegal Data Address
55672;0;0;0x0000;02 Illegal Data Address
55673;0;0;0x0000;02 Illegal Data Address
55674;0;0;0x0000;02 Illegal Data Address
55675;0;0;0x0000;02 Illegal Data Address
55676;0;0;0x0000;02 Illegal Data Address
55677;0;0;0x0000;02 Illegal Data Address
55678;0;0;0x0000;02 Illegal Data Address
55679;0;0;0x0000;02 Illegal Data Address
55680;0;0;0x0000;02 Illegal Data Address
55681;0;0;0x0000;02 Illegal Data Address
55682;0;0;0x0000;02 Illegal Data Address
55683;0;0;0x0000;02 Illegal Data Address
55684;0;0;0x0000;02 Illegal Data Address
55685;0;0;0x0000;02 Illegal Data Address
55686;0;0;0x0000;02 Illegal Data Address
55687;0;0;0x0000;02 Illegal Data Address
55688;0;0;0x0000;02 Illegal Data Address
55689;0;0;0x0000;02 Illegal Data Address
55690;0;0;0x0000;02 Illegal Data Address
55691;0;0;0x0000;02 Illegal Data Address
55692;0;0;0x0000;02 Illegal Data Address
55693;0;0;0x0000;02 Illegal Data Address
55694;0;0;0x0000;02 Illegal Data Address
55695;0;0;0x0000;02 Illegal Data Address
55696;0;0;0x0000;02 Illegal Data Address
55697;0;0;0x0000;02 Illegal Data Address
55698;0;0;0x0000;02 Illegal Data Address
55699;0;0;0x0000;02 Illegal Data Address
55700;0;0;0x0000;02 Illegal Data Address
55701;0;0;0x0000;02 Illegal Data Address
55702;0;0;0x0000;02 Illegal Data Address
55703;0;0;0x0000;02 Illegal Data Address
55704;0;0;0x0000;02 Illegal Data Address
55705;0;0;0x0000;02 Illegal Data Address
55706;0;0;0x0000;02 Illegal Data Address
55707;0;0;0x0000;02 Illegal Data Address
55708;0;0;0x0000;02 Illegal Data Address
55709;0;0;0x0000;02 Illegal Data Address
55710;0;0;0x0000;02 Illegal Data Address
55711;0;0;0x0000;02 Illegal Data Address
55712;0;0;0x0000;02 Illegal Data Address
55713;0;0;0x0000;02 Illegal Data Address
55714;0;0;0x0000;02 Illegal Data Address
55715;0;0;0x0000;02 Illegal Data Address
55716;0;0;0x0000;02 Illegal Data Address
55717;0;0;0x0000;02 Illegal Data Address
55718;0;0;0x0000;02 Illegal Data Address
55719;0;0;0x0000;02 Illegal Data Address
55720;0;0;0x0000;02 Illegal Data Address
55721;0;0;0x0000;02 Illegal Data Address
55722;0;0;0x0000;02 Illegal Data Address
55723;0;0;0x0000;02 Illegal Data Address
55724;0;0;0x0000;02 Illegal Data Address
55725;0;0;0x0000;02 Illegal Data Address
55726;0;0;0x0000;02 Illegal Data Address
55727;0;0;0x0000;02 Illegal Data Address
55728;0;0;0x0000;02 Illegal Data Address
55729;0;0;0x0000;02 Illegal Data Address
55730;0;0;0x0000;02 Illegal Data Address
55731;0;0;0x0000;02 Illegal Data Address
55732;0;0;0x0000;02 Illegal Data Address
55733;0;0;0x0000;02 Illegal Data Address
55734;0;0;0x0000;02 Illegal Data Address
55735;0;0;0x0000;02 Illegal Data Address
55736;0;0;0x0000;02 Illegal Data Address
55737;0;0;0x0000;02 Illegal Data Address
55738;0;0;0x0000;02 Illegal Data Address
55739;0;0;0x0000;02 Illegal Data Address
55740;0;0;0x0000;02 Illegal Data Address
55741;0;0;0x0000;02 Illegal Data Address
55742;0;0;0x0000;02 Illegal Data Address
55743;0;0;0x0000;02 Illegal Data Address
55744;0;0;0x0000;02 Illegal Data Address
55745;0;0;0x0000;02 Illegal Data Address
55746;0;0;0x0000;02 Illegal Data Address
55747;0;0;0x0000;02 Illegal Data Address
55748;0;0;0x0000;02 Illegal Data Address
55749;0;0;0x0000;02 Illegal Data Address
55750;0;0;0x0000;02 Illegal Data Address
55751;0;0;0x0000;02 Illegal Data Address
55752;0;0;0x0000;02 Illegal Data Address
55753;0;0;0x0000;02 Illegal Data Address
55754;0;0;0x0000;02 Illegal Data Address
55755;0;0;0x0000;02 Illegal Data Address
55756;0;0;0x0000;02 Illegal Data Address
55757;0;0;0x0000;02 Illegal Data Address
55758;0;0;0x0000;02 Illegal Data Address
55759;0;0;0x0000;02 Illegal Data Address
55760;0;0;0x0000;02 Illegal Data Address
55761;0;0;0x0000;02 Illegal Data Address
55762;0;0;0x0000;02 Illegal Data Address
55763;0;0;0x0000;02 Illegal Data Address
55764;0;0;0x0000;02 Illegal Data Address
55765;0;0;0x0000;02 Illegal Data Address
55766;0;0;0x0000;02 Illegal Data Address
55767;0;0;0x0000;02 Illegal Data Address
55768;0;0;0x0000;02 Illegal Data Address
55769;0;0;0x0000;02 Illegal Data Address
55770;0;0;0x0000;02 Illegal Data Address
55771;0;0;0x0000;02 Illegal Data Address
55772;0;0;0x0000;02 Illegal Data Address
55773;0;0;0x0000;02 Illegal Data Address
55774;0;0;0x0000;02 Illegal Data Address
55775;0;0;0x0000;02 Illegal Data Address
55776;0;0;0x0000;02 Illegal Data Address
55777;0;0;0x0000;02 Illegal Data Address
55778;0;0;0x0000;02 Illegal Data Address
55779;0;0;0x0000;02 Illegal Data Address
55780;0;0;0x0000;02 Illegal Data Address
55781;0;0;0x0000;02 Illegal Data Address
55782;0;0;0x0000;02 Illegal Data Address
55783;0;0;0x0000;02 Illegal Data Address
55784;0;0;0x0000;02 Illegal Data Address
55785;0;0;0x0000;02 Illegal Data Address
55786;0;0;0x0000;02 Illegal Data Address
55787;0;0;0x0000;02 Illegal Data Address
55788;0;0;0x0000;02 Illegal Data Address
55789;0;0;0x0000;02 Illegal Data Address
55790;0;0;0x0000;02 Illegal Data Address
55791;0;0;0x0000;02 Illegal Data Address
55792;0;0;0x0000;02 Illegal Data Address
55793;0;0;0x0000;02 Illegal Data Address
55794;0;0;0x0000;02 Illegal Data Address
55795;0;0;0x0000;02 Illegal Data Address
55796;0;0;0x0000;02 Illegal Data Address
55797;0;0;0x0000;02 Illegal Data Address
55798;0;0;0x0000;02 Illegal Data Address
55799;0;0;0x0000;02 Illegal Data Address
55800;0;0;0x0000;02 Illegal Data Address
55801;0;0;0x0000;02 Illegal Data Address
55802;0;0;0x0000;02 Illegal Data Address
55803;0;0;0x0000;02 Illegal Data Address
55804;0;0;0x0000;02 Illegal Data Address
55805;0;0;0x0000;02 Illegal Data Address
55806;0;0;0x0000;02 Illegal Data Address
55807;0;0;0x0000;02 Illegal Data Address
55808;0;0;0x0000;02 Illegal Data Address
55809;0;0;0x0000;02 Illegal Data Address
55810;0;0;0x0000;02 Illegal Data Address
55811;0;0;0x0000;02 Illegal Data Address
55812;0;0;0x0000;02 Illegal Data Address
55813;0;0;0x0000;02 Illegal Data Address
55814;0;0;0x0000;02 Illegal Data Address
55815;0;0;0x0000;02 Illegal Data Address
55816;0;0;0x0000;02 Illegal Data Address
55817;0;0;0x0000;02 Illegal Data Address
55818;0;0;0x0000;02 Illegal Data Address
55819;0;0;0x0000;02 Illegal Data Address
55820;0;0;0x0000;02 Illegal Data Address
55821;0;0;0x0000;02 Illegal Data Address
55822;0;0;0x0000;02 Illegal Data Address
55823;0;0;0x0000;02 Illegal Data Address
55824;0;0;0x0000;02 Illegal Data Address
55825;0;0;0x0000;02 Illegal Data Address
55826;0;0;0x0000;02 Illegal Data Address
55827;0;0;0x0000;02 Illegal Data Address
55828;0;0;0x0000;02 Illegal Data Address
55829;0;0;0x0000;02 Illegal Data Address
55830;0;0;0x0000;02 Illegal Data Address
55831;0;0;0x0000;02 Illegal Data Address
55832;0;0;0x0000;02 Illegal Data Address
55833;0;0;0x0000;02 Illegal Data Address
55834;0;0;0x0000;02 Illegal Data Address
55835;0;0;0x0000;02 Illegal Data Address
55836;0;0;0x0000;02 Illegal Data Address
55837;0;0;0x0000;02 Illegal Data Address
55838;0;0;0x0000;02 Illegal Data Address
55839;0;0;0x0000;02 Illegal Data Address
55840;0;0;0x0000;02 Illegal Data Address
55841;0;0;0x0000;02 Illegal Data Address
55842;0;0;0x0000;02 Illegal Data Address
55843;0;0;0x0000;02 Illegal Data Address
55844;0;0;0x0000;02 Illegal Data Address
55845;0;0;0x0000;02 Illegal Data Address
55846;0;0;0x0000;02 Illegal Data Address
55847;0;0;0x0000;02 Illegal Data Address
55848;0;0;0x0000;02 Illegal Data Address
55849;0;0;0x0000;02 Illegal Data Address
55850;0;0;0x0000;02 Illegal Data Address
55851;0;0;0x0000;02 Illegal Data Address
55852;0;0;0x0000;02 Illegal Data Address
55853;0;0;0x0000;02 Illegal Data Address
55854;0;0;0x0000;02 Illegal Data Address
55855;0;0;0x0000;02 Illegal Data Address
55856;0;0;0x0000;02 Illegal Data Address
55857;0;0;0x0000;02 Illegal Data Address
55858;0;0;0x0000;02 Illegal Data Address
55859;0;0;0x0000;02 Illegal Data Address
55860;0;0;0x0000;02 Illegal Data Address
55861;0;0;0x0000;02 Illegal Data Address
55862;0;0;0x0000;02 Illegal Data Address
55863;0;0;0x0000;02 Illegal Data Address
55864;0;0;0x0000;02 Illegal Data Address
55865;0;0;0x0000;02 Illegal Data Address
55866;0;0;0x0000;02 Illegal Data Address
55867;0;0;0x0000;02 Illegal Data Address
55868;0;0;0x0000;02 Illegal Data Address
55869;0;0;0x0000;02 Illegal Data Address
55870;0;0;0x0000;02 Illegal Data Address
55871;0;0;0x0000;02 Illegal Data Address
55872;0;0;0x0000;02 Illegal Data Address
55873;0;0;0x0000;02 Illegal Data Address
55874;0;0;0x0000;02 Illegal Data Address
55875;0;0;0x0000;02 Illegal Data Address
55876;0;0;0x0000;02 Illegal Data Address
55877;0;0;0x0000;02 Illegal Data Address
55878;0;0;0x0000;02 Illegal Data Address
55879;0;0;0x0000;02 Illegal Data Address
55880;0;0;0x0000;02 Illegal Data Address
55881;0;0;0x0000;02 Illegal Data Address
55882;0;0;0x0000;02 Illegal Data Address
55883;0;0;0x0000;02 Illegal Data Address
55884;0;0;0x0000;02 Illegal Data Address
55885;0;0;0x0000;02 Illegal Data Address
55886;0;0;0x0000;02 Illegal Data Address
55887;0;0;0x0000;02 Illegal Data Address
55888;0;0;0x0000;02 Illegal Data Address
55889;0;0;0x0000;02 Illegal Data Address
55890;0;0;0x0000;02 Illegal Data Address
55891;0;0;0x0000;02 Illegal Data Address
55892;0;0;0x0000;02 Illegal Data Address
55893;0;0;0x0000;02 Illegal Data Address
55894;0;0;0x0000;02 Illegal Data Address
55895;0;0;0x0000;02 Illegal Data Address
55896;0;0;0x0000;02 Illegal Data Address
55897;0;0;0x0000;02 Illegal Data Address
55898;0;0;0x0000;02 Illegal Data Address
55899;0;0;0x0000;02 Illegal Data Address
55900;0;0;0x0000;02 Illegal Data Address
55901;0;0;0x0000;02 Illegal Data Address
55902;0;0;0x0000;02 Illegal Data Address
55903;0;0;0x0000;02 Illegal Data Address
55904;0;0;0x0000;02 Illegal Data Address
55905;0;0;0x0000;02 Illegal Data Address
55906;0;0;0x0000;02 Illegal Data Address
55907;0;0;0x0000;02 Illegal Data Address
55908;0;0;0x0000;02 Illegal Data Address
55909;0;0;0x0000;02 Illegal Data Address
55910;0;0;0x0000;02 Illegal Data Address
55911;0;0;0x0000;02 Illegal Data Address
55912;0;0;0x0000;02 Illegal Data Address
55913;0;0;0x0000;02 Illegal Data Address
55914;0;0;0x0000;02 Illegal Data Address
55915;0;0;0x0000;02 Illegal Data Address
55916;0;0;0x0000;02 Illegal Data Address
55917;0;0;0x0000;02 Illegal Data Address
55918;0;0;0x0000;02 Illegal Data Address
55919;0;0;0x0000;02 Illegal Data Address
55920;0;0;0x0000;02 Illegal Data Address
55921;0;0;0x0000;02 Illegal Data Address
55922;0;0;0x0000;02 Illegal Data Address
55923;0;0;0x0000;02 Illegal Data Address
55924;0;0;0x0000;02 Illegal Data Address
55925;0;0;0x0000;02 Illegal Data Address
55926;0;0;0x0000;02 Illegal Data Address
55927;0;0;0x0000;02 Illegal Data Address
55928;0;0;0x0000;02 Illegal Data Address
55929;0;0;0x0000;02 Illegal Data Address
55930;0;0;0x0000;02 Illegal Data Address
55931;0;0;0x0000;02 Illegal Data Address
55932;0;0;0x0000;02 Illegal Data Address
55933;0;0;0x0000;02 Illegal Data Address
55934;0;0;0x0000;02 Illegal Data Address
55935;0;0;0x0000;02 Illegal Data Address
55936;0;0;0x0000;02 Illegal Data Address
55937;0;0;0x0000;02 Illegal Data Address
55938;0;0;0x0000;02 Illegal Data Address
55939;0;0;0x0000;02 Illegal Data Address
55940;0;0;0x0000;02 Illegal Data Address
55941;0;0;0x0000;02 Illegal Data Address
55942;0;0;0x0000;02 Illegal Data Address
55943;0;0;0x0000;02 Illegal Data Address
55944;0;0;0x0000;02 Illegal Data Address
55945;0;0;0x0000;02 Illegal Data Address
55946;0;0;0x0000;02 Illegal Data Address
55947;0;0;0x0000;02 Illegal Data Address
55948;0;0;0x0000;02 Illegal Data Address
55949;0;0;0x0000;02 Illegal Data Address
55950;0;0;0x0000;02 Illegal Data Address
55951;0;0;0x0000;02 Illegal Data Address
55952;0;0;0x0000;02 Illegal Data Address
55953;0;0;0x0000;02 Illegal Data Address
55954;0;0;0x0000;02 Illegal Data Address
55955;0;0;0x0000;02 Illegal Data Address
55956;0;0;0x0000;02 Illegal Data Address
55957;0;0;0x0000;02 Illegal Data Address
55958;0;0;0x0000;02 Illegal Data Address
55959;0;0;0x0000;02 Illegal Data Address
55960;0;0;0x0000;02 Illegal Data Address
55961;0;0;0x0000;02 Illegal Data Address
55962;0;0;0x0000;02 Illegal Data Address
55963;0;0;0x0000;02 Illegal Data Address
55964;0;0;0x0000;02 Illegal Data Address
55965;0;0;0x0000;02 Illegal Data Address
55966;0;0;0x0000;02 Illegal Data Address
55967;0;0;0x0000;02 Illegal Data Address
55968;0;0;0x0000;02 Illegal Data Address
55969;0;0;0x0000;02 Illegal Data Address
55970;0;0;0x0000;02 Illegal Data Address
55971;0;0;0x0000;02 Illegal Data Address
55972;0;0;0x0000;02 Illegal Data Address
55973;0;0;0x0000;02 Illegal Data Address
55974;0;0;0x0000;02 Illegal Data Address
55975;0;0;0x0000;02 Illegal Data Address
55976;0;0;0x0000;02 Illegal Data Address
55977;0;0;0x0000;02 Illegal Data Address
55978;0;0;0x0000;02 Illegal Data Address
55979;0;0;0x0000;02 Illegal Data Address
55980;0;0;0x0000;02 Illegal Data Address
55981;0;0;0x0000;02 Illegal Data Address
55982;0;0;0x0000;02 Illegal Data Address
55983;0;0;0x0000;02 Illegal Data Address
55984;0;0;0x0000;02 Illegal Data Address
55985;0;0;0x0000;02 Illegal Data Address
55986;0;0;0x0000;02 Illegal Data Address
55987;0;0;0x0000;02 Illegal Data Address
55988;0;0;0x0000;02 Illegal Data Address
55989;0;0;0x0000;02 Illegal Data Address
55990;0;0;0x0000;02 Illegal Data Address
55991;0;0;0x0000;02 Illegal Data Address
55992;0;0;0x0000;02 Illegal Data Address
55993;0;0;0x0000;02 Illegal Data Address
55994;0;0;0x0000;02 Illegal Data Address
55995;0;0;0x0000;02 Illegal Data Address
55996;0;0;0x0000;02 Illegal Data Address
55997;0;0;0x0000;02 Illegal Data Address
55998;0;0;0x0000;02 Illegal Data Address
55999;0;0;0x0000;02 Illegal Data Address
56000;0;0;0x0000;02 Illegal Data Address
56001;0;0;0x0000;02 Illegal Data Address
56002;0;0;0x0000;02 Illegal Data Address
56003;0;0;0x0000;02 Illegal Data Address
56004;0;0;0x0000;02 Illegal Data Address
56005;0;0;0x0000;02 Illegal Data Address
56006;0;0;0x0000;02 Illegal Data Address
56007;0;0;0x0000;02 Illegal Data Address
56008;0;0;0x0000;02 Illegal Data Address
56009;0;0;0x0000;02 Illegal Data Address
56010;0;0;0x0000;02 Illegal Data Address
56011;0;0;0x0000;02 Illegal Data Address
56012;0;0;0x0000;02 Illegal Data Address
56013;0;0;0x0000;02 Illegal Data Address
56014;0;0;0x0000;02 Illegal Data Address
56015;0;0;0x0000;02 Illegal Data Address
56016;0;0;0x0000;02 Illegal Data Address
56017;0;0;0x0000;02 Illegal Data Address
56018;0;0;0x0000;02 Illegal Data Address
56019;0;0;0x0000;02 Illegal Data Address
56020;0;0;0x0000;02 Illegal Data Address
56021;0;0;0x0000;02 Illegal Data Address
56022;0;0;0x0000;02 Illegal Data Address
56023;0;0;0x0000;02 Illegal Data Address
56024;0;0;0x0000;02 Illegal Data Address
56025;0;0;0x0000;02 Illegal Data Address
56026;0;0;0x0000;02 Illegal Data Address
56027;0;0;0x0000;02 Illegal Data Address
56028;0;0;0x0000;02 Illegal Data Address
56029;0;0;0x0000;02 Illegal Data Address
56030;0;0;0x0000;02 Illegal Data Address
56031;0;0;0x0000;02 Illegal Data Address
56032;0;0;0x0000;02 Illegal Data Address
56033;0;0;0x0000;02 Illegal Data Address
56034;0;0;0x0000;02 Illegal Data Address
56035;0;0;0x0000;02 Illegal Data Address
56036;0;0;0x0000;02 Illegal Data Address
56037;0;0;0x0000;02 Illegal Data Address
56038;0;0;0x0000;02 Illegal Data Address
56039;0;0;0x0000;02 Illegal Data Address
56040;0;0;0x0000;02 Illegal Data Address
56041;0;0;0x0000;02 Illegal Data Address
56042;0;0;0x0000;02 Illegal Data Address
56043;0;0;0x0000;02 Illegal Data Address
56044;0;0;0x0000;02 Illegal Data Address
56045;0;0;0x0000;02 Illegal Data Address
56046;0;0;0x0000;02 Illegal Data Address
56047;0;0;0x0000;02 Illegal Data Address
56048;0;0;0x0000;02 Illegal Data Address
56049;0;0;0x0000;02 Illegal Data Address
56050;0;0;0x0000;02 Illegal Data Address
56051;0;0;0x0000;02 Illegal Data Address
56052;0;0;0x0000;02 Illegal Data Address
56053;0;0;0x0000;02 Illegal Data Address
56054;0;0;0x0000;02 Illegal Data Address
56055;0;0;0x0000;02 Illegal Data Address
56056;0;0;0x0000;02 Illegal Data Address
56057;0;0;0x0000;02 Illegal Data Address
56058;0;0;0x0000;02 Illegal Data Address
56059;0;0;0x0000;02 Illegal Data Address
56060;0;0;0x0000;02 Illegal Data Address
56061;0;0;0x0000;02 Illegal Data Address
56062;0;0;0x0000;02 Illegal Data Address
56063;0;0;0x0000;02 Illegal Data Address
56064;0;0;0x0000;02 Illegal Data Address
56065;0;0;0x0000;02 Illegal Data Address
56066;0;0;0x0000;02 Illegal Data Address
56067;0;0;0x0000;02 Illegal Data Address
56068;0;0;0x0000;02 Illegal Data Address
56069;0;0;0x0000;02 Illegal Data Address
56070;0;0;0x0000;02 Illegal Data Address
56071;0;0;0x0000;02 Illegal Data Address
56072;0;0;0x0000;02 Illegal Data Address
56073;0;0;0x0000;02 Illegal Data Address
56074;0;0;0x0000;02 Illegal Data Address
56075;0;0;0x0000;02 Illegal Data Address
56076;0;0;0x0000;02 Illegal Data Address
56077;0;0;0x0000;02 Illegal Data Address
56078;0;0;0x0000;02 Illegal Data Address
56079;0;0;0x0000;02 Illegal Data Address
56080;0;0;0x0000;02 Illegal Data Address
56081;0;0;0x0000;02 Illegal Data Address
56082;0;0;0x0000;02 Illegal Data Address
56083;0;0;0x0000;02 Illegal Data Address
56084;0;0;0x0000;02 Illegal Data Address
56085;0;0;0x0000;02 Illegal Data Address
56086;0;0;0x0000;02 Illegal Data Address
56087;0;0;0x0000;02 Illegal Data Address
56088;0;0;0x0000;02 Illegal Data Address
56089;0;0;0x0000;02 Illegal Data Address
56090;0;0;0x0000;02 Illegal Data Address
56091;0;0;0x0000;02 Illegal Data Address
56092;0;0;0x0000;02 Illegal Data Address
56093;0;0;0x0000;02 Illegal Data Address
56094;0;0;0x0000;02 Illegal Data Address
56095;0;0;0x0000;02 Illegal Data Address
56096;0;0;0x0000;02 Illegal Data Address
56097;0;0;0x0000;02 Illegal Data Address
56098;0;0;0x0000;02 Illegal Data Address
56099;0;0;0x0000;02 Illegal Data Address
56100;0;0;0x0000;02 Illegal Data Address
56101;0;0;0x0000;02 Illegal Data Address
56102;0;0;0x0000;02 Illegal Data Address
56103;0;0;0x0000;02 Illegal Data Address
56104;0;0;0x0000;02 Illegal Data Address
56105;0;0;0x0000;02 Illegal Data Address
56106;0;0;0x0000;02 Illegal Data Address
56107;0;0;0x0000;02 Illegal Data Address
56108;0;0;0x0000;02 Illegal Data Address
56109;0;0;0x0000;02 Illegal Data Address
56110;0;0;0x0000;02 Illegal Data Address
56111;0;0;0x0000;02 Illegal Data Address
56112;0;0;0x0000;02 Illegal Data Address
56113;0;0;0x0000;02 Illegal Data Address
56114;0;0;0x0000;02 Illegal Data Address
56115;0;0;0x0000;02 Illegal Data Address
56116;0;0;0x0000;02 Illegal Data Address
56117;0;0;0x0000;02 Illegal Data Address
56118;0;0;0x0000;02 Illegal Data Address
56119;0;0;0x0000;02 Illegal Data Address
56120;0;0;0x0000;02 Illegal Data Address
56121;0;0;0x0000;02 Illegal Data Address
56122;0;0;0x0000;02 Illegal Data Address
56123;0;0;0x0000;02 Illegal Data Address
56124;0;0;0x0000;02 Illegal Data Address
56125;0;0;0x0000;02 Illegal Data Address
56126;0;0;0x0000;02 Illegal Data Address
56127;0;0;0x0000;02 Illegal Data Address
56128;0;0;0x0000;02 Illegal Data Address
56129;0;0;0x0000;02 Illegal Data Address
56130;0;0;0x0000;02 Illegal Data Address
56131;0;0;0x0000;02 Illegal Data Address
56132;0;0;0x0000;02 Illegal Data Address
56133;0;0;0x0000;02 Illegal Data Address
56134;0;0;0x0000;02 Illegal Data Address
56135;0;0;0x0000;02 Illegal Data Address
56136;0;0;0x0000;02 Illegal Data Address
56137;0;0;0x0000;02 Illegal Data Address
56138;0;0;0x0000;02 Illegal Data Address
56139;0;0;0x0000;02 Illegal Data Address
56140;0;0;0x0000;02 Illegal Data Address
56141;0;0;0x0000;02 Illegal Data Address
56142;0;0;0x0000;02 Illegal Data Address
56143;0;0;0x0000;02 Illegal Data Address
56144;0;0;0x0000;02 Illegal Data Address
56145;0;0;0x0000;02 Illegal Data Address
56146;0;0;0x0000;02 Illegal Data Address
56147;0;0;0x0000;02 Illegal Data Address
56148;0;0;0x0000;02 Illegal Data Address
56149;0;0;0x0000;02 Illegal Data Address
56150;0;0;0x0000;02 Illegal Data Address
56151;0;0;0x0000;02 Illegal Data Address
56152;0;0;0x0000;02 Illegal Data Address
56153;0;0;0x0000;02 Illegal Data Address
56154;0;0;0x0000;02 Illegal Data Address
56155;0;0;0x0000;02 Illegal Data Address
56156;0;0;0x0000;02 Illegal Data Address
56157;0;0;0x0000;02 Illegal Data Address
56158;0;0;0x0000;02 Illegal Data Address
56159;0;0;0x0000;02 Illegal Data Address
56160;0;0;0x0000;02 Illegal Data Address
56161;0;0;0x0000;02 Illegal Data Address
56162;0;0;0x0000;02 Illegal Data Address
56163;0;0;0x0000;02 Illegal Data Address
56164;0;0;0x0000;02 Illegal Data Address
56165;0;0;0x0000;02 Illegal Data Address
56166;0;0;0x0000;02 Illegal Data Address
56167;0;0;0x0000;02 Illegal Data Address
56168;0;0;0x0000;02 Illegal Data Address
56169;0;0;0x0000;02 Illegal Data Address
56170;0;0;0x0000;02 Illegal Data Address
56171;0;0;0x0000;02 Illegal Data Address
56172;0;0;0x0000;02 Illegal Data Address
56173;0;0;0x0000;02 Illegal Data Address
56174;0;0;0x0000;02 Illegal Data Address
56175;0;0;0x0000;02 Illegal Data Address
56176;0;0;0x0000;02 Illegal Data Address
56177;0;0;0x0000;02 Illegal Data Address
56178;0;0;0x0000;02 Illegal Data Address
56179;0;0;0x0000;02 Illegal Data Address
56180;0;0;0x0000;02 Illegal Data Address
56181;0;0;0x0000;02 Illegal Data Address
56182;0;0;0x0000;02 Illegal Data Address
56183;0;0;0x0000;02 Illegal Data Address
56184;0;0;0x0000;02 Illegal Data Address
56185;0;0;0x0000;02 Illegal Data Address
56186;0;0;0x0000;02 Illegal Data Address
56187;0;0;0x0000;02 Illegal Data Address
56188;0;0;0x0000;02 Illegal Data Address
56189;0;0;0x0000;02 Illegal Data Address
56190;0;0;0x0000;02 Illegal Data Address
56191;0;0;0x0000;02 Illegal Data Address
56192;0;0;0x0000;02 Illegal Data Address
56193;0;0;0x0000;02 Illegal Data Address
56194;0;0;0x0000;02 Illegal Data Address
56195;0;0;0x0000;02 Illegal Data Address
56196;0;0;0x0000;02 Illegal Data Address
56197;0;0;0x0000;02 Illegal Data Address
56198;0;0;0x0000;02 Illegal Data Address
56199;0;0;0x0000;02 Illegal Data Address
56200;0;0;0x0000;02 Illegal Data Address
56201;0;0;0x0000;02 Illegal Data Address
56202;0;0;0x0000;02 Illegal Data Address
56203;0;0;0x0000;02 Illegal Data Address
56204;0;0;0x0000;02 Illegal Data Address
56205;0;0;0x0000;02 Illegal Data Address
56206;0;0;0x0000;02 Illegal Data Address
56207;0;0;0x0000;02 Illegal Data Address
56208;0;0;0x0000;02 Illegal Data Address
56209;0;0;0x0000;02 Illegal Data Address
56210;0;0;0x0000;02 Illegal Data Address
56211;0;0;0x0000;02 Illegal Data Address
56212;0;0;0x0000;02 Illegal Data Address
56213;0;0;0x0000;02 Illegal Data Address
56214;0;0;0x0000;02 Illegal Data Address
56215;0;0;0x0000;02 Illegal Data Address
56216;0;0;0x0000;02 Illegal Data Address
56217;0;0;0x0000;02 Illegal Data Address
56218;0;0;0x0000;02 Illegal Data Address
56219;0;0;0x0000;02 Illegal Data Address
56220;0;0;0x0000;02 Illegal Data Address
56221;0;0;0x0000;02 Illegal Data Address
56222;0;0;0x0000;02 Illegal Data Address
56223;0;0;0x0000;02 Illegal Data Address
56224;0;0;0x0000;02 Illegal Data Address
56225;0;0;0x0000;02 Illegal Data Address
56226;0;0;0x0000;02 Illegal Data Address
56227;0;0;0x0000;02 Illegal Data Address
56228;0;0;0x0000;02 Illegal Data Address
56229;0;0;0x0000;02 Illegal Data Address
56230;0;0;0x0000;02 Illegal Data Address
56231;0;0;0x0000;02 Illegal Data Address
56232;0;0;0x0000;02 Illegal Data Address
56233;0;0;0x0000;02 Illegal Data Address
56234;0;0;0x0000;02 Illegal Data Address
56235;0;0;0x0000;02 Illegal Data Address
56236;0;0;0x0000;02 Illegal Data Address
56237;0;0;0x0000;02 Illegal Data Address
56238;0;0;0x0000;02 Illegal Data Address
56239;0;0;0x0000;02 Illegal Data Address
56240;0;0;0x0000;02 Illegal Data Address
56241;0;0;0x0000;02 Illegal Data Address
56242;0;0;0x0000;02 Illegal Data Address
56243;0;0;0x0000;02 Illegal Data Address
56244;0;0;0x0000;02 Illegal Data Address
56245;0;0;0x0000;02 Illegal Data Address
56246;0;0;0x0000;02 Illegal Data Address
56247;0;0;0x0000;02 Illegal Data Address
56248;0;0;0x0000;02 Illegal Data Address
56249;0;0;0x0000;02 Illegal Data Address
56250;0;0;0x0000;02 Illegal Data Address
56251;0;0;0x0000;02 Illegal Data Address
56252;0;0;0x0000;02 Illegal Data Address
56253;0;0;0x0000;02 Illegal Data Address
56254;0;0;0x0000;02 Illegal Data Address
56255;0;0;0x0000;02 Illegal Data Address
56256;0;0;0x0000;02 Illegal Data Address
56257;0;0;0x0000;02 Illegal Data Address
56258;0;0;0x0000;02 Illegal Data Address
56259;0;0;0x0000;02 Illegal Data Address
56260;0;0;0x0000;02 Illegal Data Address
56261;0;0;0x0000;02 Illegal Data Address
56262;0;0;0x0000;02 Illegal Data Address
56263;0;0;0x0000;02 Illegal Data Address
56264;0;0;0x0000;02 Illegal Data Address
56265;0;0;0x0000;02 Illegal Data Address
56266;0;0;0x0000;02 Illegal Data Address
56267;0;0;0x0000;02 Illegal Data Address
56268;0;0;0x0000;02 Illegal Data Address
56269;0;0;0x0000;02 Illegal Data Address
56270;0;0;0x0000;02 Illegal Data Address
56271;0;0;0x0000;02 Illegal Data Address
56272;0;0;0x0000;02 Illegal Data Address
56273;0;0;0x0000;02 Illegal Data Address
56274;0;0;0x0000;02 Illegal Data Address
56275;0;0;0x0000;02 Illegal Data Address
56276;0;0;0x0000;02 Illegal Data Address
56277;0;0;0x0000;02 Illegal Data Address
56278;0;0;0x0000;02 Illegal Data Address
56279;0;0;0x0000;02 Illegal Data Address
56280;0;0;0x0000;02 Illegal Data Address
56281;0;0;0x0000;02 Illegal Data Address
56282;0;0;0x0000;02 Illegal Data Address
56283;0;0;0x0000;02 Illegal Data Address
56284;0;0;0x0000;02 Illegal Data Address
56285;0;0;0x0000;02 Illegal Data Address
56286;0;0;0x0000;02 Illegal Data Address
56287;0;0;0x0000;02 Illegal Data Address
56288;0;0;0x0000;02 Illegal Data Address
56289;0;0;0x0000;02 Illegal Data Address
56290;0;0;0x0000;02 Illegal Data Address
56291;0;0;0x0000;02 Illegal Data Address
56292;0;0;0x0000;02 Illegal Data Address
56293;0;0;0x0000;02 Illegal Data Address
56294;0;0;0x0000;02 Illegal Data Address
56295;0;0;0x0000;02 Illegal Data Address
56296;0;0;0x0000;02 Illegal Data Address
56297;0;0;0x0000;02 Illegal Data Address
56298;0;0;0x0000;02 Illegal Data Address
56299;0;0;0x0000;02 Illegal Data Address
56300;0;0;0x0000;02 Illegal Data Address
56301;0;0;0x0000;02 Illegal Data Address
56302;0;0;0x0000;02 Illegal Data Address
56303;0;0;0x0000;02 Illegal Data Address
56304;0;0;0x0000;02 Illegal Data Address
56305;0;0;0x0000;02 Illegal Data Address
56306;0;0;0x0000;02 Illegal Data Address
56307;0;0;0x0000;02 Illegal Data Address
56308;0;0;0x0000;02 Illegal Data Address
56309;0;0;0x0000;02 Illegal Data Address
56310;0;0;0x0000;02 Illegal Data Address
56311;0;0;0x0000;02 Illegal Data Address
56312;0;0;0x0000;02 Illegal Data Address
56313;0;0;0x0000;02 Illegal Data Address
56314;0;0;0x0000;02 Illegal Data Address
56315;0;0;0x0000;02 Illegal Data Address
56316;0;0;0x0000;02 Illegal Data Address
56317;0;0;0x0000;02 Illegal Data Address
56318;0;0;0x0000;02 Illegal Data Address
56319;0;0;0x0000;02 Illegal Data Address
56320;0;0;0x0000;02 Illegal Data Address
56321;0;0;0x0000;02 Illegal Data Address
56322;0;0;0x0000;02 Illegal Data Address
56323;0;0;0x0000;02 Illegal Data Address
56324;0;0;0x0000;02 Illegal Data Address
56325;0;0;0x0000;02 Illegal Data Address
56326;0;0;0x0000;02 Illegal Data Address
56327;0;0;0x0000;02 Illegal Data Address
56328;0;0;0x0000;02 Illegal Data Address
56329;0;0;0x0000;02 Illegal Data Address
56330;0;0;0x0000;02 Illegal Data Address
56331;0;0;0x0000;02 Illegal Data Address
56332;0;0;0x0000;02 Illegal Data Address
56333;0;0;0x0000;02 Illegal Data Address
56334;0;0;0x0000;02 Illegal Data Address
56335;0;0;0x0000;02 Illegal Data Address
56336;0;0;0x0000;02 Illegal Data Address
56337;0;0;0x0000;02 Illegal Data Address
56338;0;0;0x0000;02 Illegal Data Address
56339;0;0;0x0000;02 Illegal Data Address
56340;0;0;0x0000;02 Illegal Data Address
56341;0;0;0x0000;02 Illegal Data Address
56342;0;0;0x0000;02 Illegal Data Address
56343;0;0;0x0000;02 Illegal Data Address
56344;0;0;0x0000;02 Illegal Data Address
56345;0;0;0x0000;02 Illegal Data Address
56346;0;0;0x0000;02 Illegal Data Address
56347;0;0;0x0000;02 Illegal Data Address
56348;0;0;0x0000;02 Illegal Data Address
56349;0;0;0x0000;02 Illegal Data Address
56350;0;0;0x0000;02 Illegal Data Address
56351;0;0;0x0000;02 Illegal Data Address
56352;0;0;0x0000;02 Illegal Data Address
56353;0;0;0x0000;02 Illegal Data Address
56354;0;0;0x0000;02 Illegal Data Address
56355;0;0;0x0000;02 Illegal Data Address
56356;0;0;0x0000;02 Illegal Data Address
56357;0;0;0x0000;02 Illegal Data Address
56358;0;0;0x0000;02 Illegal Data Address
56359;0;0;0x0000;02 Illegal Data Address
56360;0;0;0x0000;02 Illegal Data Address
56361;0;0;0x0000;02 Illegal Data Address
56362;0;0;0x0000;02 Illegal Data Address
56363;0;0;0x0000;02 Illegal Data Address
56364;0;0;0x0000;02 Illegal Data Address
56365;0;0;0x0000;02 Illegal Data Address
56366;0;0;0x0000;02 Illegal Data Address
56367;0;0;0x0000;02 Illegal Data Address
56368;0;0;0x0000;02 Illegal Data Address
56369;0;0;0x0000;02 Illegal Data Address
56370;0;0;0x0000;02 Illegal Data Address
56371;0;0;0x0000;02 Illegal Data Address
56372;0;0;0x0000;02 Illegal Data Address
56373;0;0;0x0000;02 Illegal Data Address
56374;0;0;0x0000;02 Illegal Data Address
56375;0;0;0x0000;02 Illegal Data Address
56376;0;0;0x0000;02 Illegal Data Address
56377;0;0;0x0000;02 Illegal Data Address
56378;0;0;0x0000;02 Illegal Data Address
56379;0;0;0x0000;02 Illegal Data Address
56380;0;0;0x0000;02 Illegal Data Address
56381;0;0;0x0000;02 Illegal Data Address
56382;0;0;0x0000;02 Illegal Data Address
56383;0;0;0x0000;02 Illegal Data Address
56384;0;0;0x0000;02 Illegal Data Address
56385;0;0;0x0000;02 Illegal Data Address
56386;0;0;0x0000;02 Illegal Data Address
56387;0;0;0x0000;02 Illegal Data Address
56388;0;0;0x0000;02 Illegal Data Address
56389;0;0;0x0000;02 Illegal Data Address
56390;0;0;0x0000;02 Illegal Data Address
56391;0;0;0x0000;02 Illegal Data Address
56392;0;0;0x0000;02 Illegal Data Address
56393;0;0;0x0000;02 Illegal Data Address
56394;0;0;0x0000;02 Illegal Data Address
56395;0;0;0x0000;02 Illegal Data Address
56396;0;0;0x0000;02 Illegal Data Address
56397;0;0;0x0000;02 Illegal Data Address
56398;0;0;0x0000;02 Illegal Data Address
56399;0;0;0x0000;02 Illegal Data Address
56400;0;0;0x0000;02 Illegal Data Address
56401;0;0;0x0000;02 Illegal Data Address
56402;0;0;0x0000;02 Illegal Data Address
56403;0;0;0x0000;02 Illegal Data Address
56404;0;0;0x0000;02 Illegal Data Address
56405;0;0;0x0000;02 Illegal Data Address
56406;0;0;0x0000;02 Illegal Data Address
56407;0;0;0x0000;02 Illegal Data Address
56408;0;0;0x0000;02 Illegal Data Address
56409;0;0;0x0000;02 Illegal Data Address
56410;0;0;0x0000;02 Illegal Data Address
56411;0;0;0x0000;02 Illegal Data Address
56412;0;0;0x0000;02 Illegal Data Address
56413;0;0;0x0000;02 Illegal Data Address
56414;0;0;0x0000;02 Illegal Data Address
56415;0;0;0x0000;02 Illegal Data Address
56416;0;0;0x0000;02 Illegal Data Address
56417;0;0;0x0000;02 Illegal Data Address
56418;0;0;0x0000;02 Illegal Data Address
56419;0;0;0x0000;02 Illegal Data Address
56420;0;0;0x0000;02 Illegal Data Address
56421;0;0;0x0000;02 Illegal Data Address
56422;0;0;0x0000;02 Illegal Data Address
56423;0;0;0x0000;02 Illegal Data Address
56424;0;0;0x0000;02 Illegal Data Address
56425;0;0;0x0000;02 Illegal Data Address
56426;0;0;0x0000;02 Illegal Data Address
56427;0;0;0x0000;02 Illegal Data Address
56428;0;0;0x0000;02 Illegal Data Address
56429;0;0;0x0000;02 Illegal Data Address
56430;0;0;0x0000;02 Illegal Data Address
56431;0;0;0x0000;02 Illegal Data Address
56432;0;0;0x0000;02 Illegal Data Address
56433;0;0;0x0000;02 Illegal Data Address
56434;0;0;0x0000;02 Illegal Data Address
56435;0;0;0x0000;02 Illegal Data Address
56436;0;0;0x0000;02 Illegal Data Address
56437;0;0;0x0000;02 Illegal Data Address
56438;0;0;0x0000;02 Illegal Data Address
56439;0;0;0x0000;02 Illegal Data Address
56440;0;0;0x0000;02 Illegal Data Address
56441;0;0;0x0000;02 Illegal Data Address
56442;0;0;0x0000;02 Illegal Data Address
56443;0;0;0x0000;02 Illegal Data Address
56444;0;0;0x0000;02 Illegal Data Address
56445;0;0;0x0000;02 Illegal Data Address
56446;0;0;0x0000;02 Illegal Data Address
56447;0;0;0x0000;02 Illegal Data Address
56448;0;0;0x0000;02 Illegal Data Address
56449;0;0;0x0000;02 Illegal Data Address
56450;0;0;0x0000;02 Illegal Data Address
56451;0;0;0x0000;02 Illegal Data Address
56452;0;0;0x0000;02 Illegal Data Address
56453;0;0;0x0000;02 Illegal Data Address
56454;0;0;0x0000;02 Illegal Data Address
56455;0;0;0x0000;02 Illegal Data Address
56456;0;0;0x0000;02 Illegal Data Address
56457;0;0;0x0000;02 Illegal Data Address
56458;0;0;0x0000;02 Illegal Data Address
56459;0;0;0x0000;02 Illegal Data Address
56460;0;0;0x0000;02 Illegal Data Address
56461;0;0;0x0000;02 Illegal Data Address
56462;0;0;0x0000;02 Illegal Data Address
56463;0;0;0x0000;02 Illegal Data Address
56464;0;0;0x0000;02 Illegal Data Address
56465;0;0;0x0000;02 Illegal Data Address
56466;0;0;0x0000;02 Illegal Data Address
56467;0;0;0x0000;02 Illegal Data Address
56468;0;0;0x0000;02 Illegal Data Address
56469;0;0;0x0000;02 Illegal Data Address
56470;0;0;0x0000;02 Illegal Data Address
56471;0;0;0x0000;02 Illegal Data Address
56472;0;0;0x0000;02 Illegal Data Address
56473;0;0;0x0000;02 Illegal Data Address
56474;0;0;0x0000;02 Illegal Data Address
56475;0;0;0x0000;02 Illegal Data Address
56476;0;0;0x0000;02 Illegal Data Address
56477;0;0;0x0000;02 Illegal Data Address
56478;0;0;0x0000;02 Illegal Data Address
56479;0;0;0x0000;02 Illegal Data Address
56480;0;0;0x0000;02 Illegal Data Address
56481;0;0;0x0000;02 Illegal Data Address
56482;0;0;0x0000;02 Illegal Data Address
56483;0;0;0x0000;02 Illegal Data Address
56484;0;0;0x0000;02 Illegal Data Address
56485;0;0;0x0000;02 Illegal Data Address
56486;0;0;0x0000;02 Illegal Data Address
56487;0;0;0x0000;02 Illegal Data Address
56488;0;0;0x0000;02 Illegal Data Address
56489;0;0;0x0000;02 Illegal Data Address
56490;0;0;0x0000;02 Illegal Data Address
56491;0;0;0x0000;02 Illegal Data Address
56492;0;0;0x0000;02 Illegal Data Address
56493;0;0;0x0000;02 Illegal Data Address
56494;0;0;0x0000;02 Illegal Data Address
56495;0;0;0x0000;02 Illegal Data Address
56496;0;0;0x0000;02 Illegal Data Address
56497;0;0;0x0000;02 Illegal Data Address
56498;0;0;0x0000;02 Illegal Data Address
56499;0;0;0x0000;02 Illegal Data Address
56500;0;0;0x0000;02 Illegal Data Address
56501;0;0;0x0000;02 Illegal Data Address
56502;0;0;0x0000;02 Illegal Data Address
56503;0;0;0x0000;02 Illegal Data Address
56504;0;0;0x0000;02 Illegal Data Address
56505;0;0;0x0000;02 Illegal Data Address
56506;0;0;0x0000;02 Illegal Data Address
56507;0;0;0x0000;02 Illegal Data Address
56508;0;0;0x0000;02 Illegal Data Address
56509;0;0;0x0000;02 Illegal Data Address
56510;0;0;0x0000;02 Illegal Data Address
56511;0;0;0x0000;02 Illegal Data Address
56512;0;0;0x0000;02 Illegal Data Address
56513;0;0;0x0000;02 Illegal Data Address
56514;0;0;0x0000;02 Illegal Data Address
56515;0;0;0x0000;02 Illegal Data Address
56516;0;0;0x0000;02 Illegal Data Address
56517;0;0;0x0000;02 Illegal Data Address
56518;0;0;0x0000;02 Illegal Data Address
56519;0;0;0x0000;02 Illegal Data Address
56520;0;0;0x0000;02 Illegal Data Address
56521;0;0;0x0000;02 Illegal Data Address
56522;0;0;0x0000;02 Illegal Data Address
56523;0;0;0x0000;02 Illegal Data Address
56524;0;0;0x0000;02 Illegal Data Address
56525;0;0;0x0000;02 Illegal Data Address
56526;0;0;0x0000;02 Illegal Data Address
56527;0;0;0x0000;02 Illegal Data Address
56528;0;0;0x0000;02 Illegal Data Address
56529;0;0;0x0000;02 Illegal Data Address
56530;0;0;0x0000;02 Illegal Data Address
56531;0;0;0x0000;02 Illegal Data Address
56532;0;0;0x0000;02 Illegal Data Address
56533;0;0;0x0000;02 Illegal Data Address
56534;0;0;0x0000;02 Illegal Data Address
56535;0;0;0x0000;02 Illegal Data Address
56536;0;0;0x0000;02 Illegal Data Address
56537;0;0;0x0000;02 Illegal Data Address
56538;0;0;0x0000;02 Illegal Data Address
56539;0;0;0x0000;02 Illegal Data Address
56540;0;0;0x0000;02 Illegal Data Address
56541;0;0;0x0000;02 Illegal Data Address
56542;0;0;0x0000;02 Illegal Data Address
56543;0;0;0x0000;02 Illegal Data Address
56544;0;0;0x0000;02 Illegal Data Address
56545;0;0;0x0000;02 Illegal Data Address
56546;0;0;0x0000;02 Illegal Data Address
56547;0;0;0x0000;02 Illegal Data Address
56548;0;0;0x0000;02 Illegal Data Address
56549;0;0;0x0000;02 Illegal Data Address
56550;0;0;0x0000;02 Illegal Data Address
56551;0;0;0x0000;02 Illegal Data Address
56552;0;0;0x0000;02 Illegal Data Address
56553;0;0;0x0000;02 Illegal Data Address
56554;0;0;0x0000;02 Illegal Data Address
56555;0;0;0x0000;02 Illegal Data Address
56556;0;0;0x0000;02 Illegal Data Address
56557;0;0;0x0000;02 Illegal Data Address
56558;0;0;0x0000;02 Illegal Data Address
56559;0;0;0x0000;02 Illegal Data Address
56560;0;0;0x0000;02 Illegal Data Address
56561;0;0;0x0000;02 Illegal Data Address
56562;0;0;0x0000;02 Illegal Data Address
56563;0;0;0x0000;02 Illegal Data Address
56564;0;0;0x0000;02 Illegal Data Address
56565;0;0;0x0000;02 Illegal Data Address
56566;0;0;0x0000;02 Illegal Data Address
56567;0;0;0x0000;02 Illegal Data Address
56568;0;0;0x0000;02 Illegal Data Address
56569;0;0;0x0000;02 Illegal Data Address
56570;0;0;0x0000;02 Illegal Data Address
56571;0;0;0x0000;02 Illegal Data Address
56572;0;0;0x0000;02 Illegal Data Address
56573;0;0;0x0000;02 Illegal Data Address
56574;0;0;0x0000;02 Illegal Data Address
56575;0;0;0x0000;02 Illegal Data Address
56576;0;0;0x0000;02 Illegal Data Address
56577;0;0;0x0000;02 Illegal Data Address
56578;0;0;0x0000;02 Illegal Data Address
56579;0;0;0x0000;02 Illegal Data Address
56580;0;0;0x0000;02 Illegal Data Address
56581;0;0;0x0000;02 Illegal Data Address
56582;0;0;0x0000;02 Illegal Data Address
56583;0;0;0x0000;02 Illegal Data Address
56584;0;0;0x0000;02 Illegal Data Address
56585;0;0;0x0000;02 Illegal Data Address
56586;0;0;0x0000;02 Illegal Data Address
56587;0;0;0x0000;02 Illegal Data Address
56588;0;0;0x0000;02 Illegal Data Address
56589;0;0;0x0000;02 Illegal Data Address
56590;0;0;0x0000;02 Illegal Data Address
56591;0;0;0x0000;02 Illegal Data Address
56592;0;0;0x0000;02 Illegal Data Address
56593;0;0;0x0000;02 Illegal Data Address
56594;0;0;0x0000;02 Illegal Data Address
56595;0;0;0x0000;02 Illegal Data Address
56596;0;0;0x0000;02 Illegal Data Address
56597;0;0;0x0000;02 Illegal Data Address
56598;0;0;0x0000;02 Illegal Data Address
56599;0;0;0x0000;02 Illegal Data Address
56600;0;0;0x0000;02 Illegal Data Address
56601;0;0;0x0000;02 Illegal Data Address
56602;0;0;0x0000;02 Illegal Data Address
56603;0;0;0x0000;02 Illegal Data Address
56604;0;0;0x0000;02 Illegal Data Address
56605;0;0;0x0000;02 Illegal Data Address
56606;0;0;0x0000;02 Illegal Data Address
56607;0;0;0x0000;02 Illegal Data Address
56608;0;0;0x0000;02 Illegal Data Address
56609;0;0;0x0000;02 Illegal Data Address
56610;0;0;0x0000;02 Illegal Data Address
56611;0;0;0x0000;02 Illegal Data Address
56612;0;0;0x0000;02 Illegal Data Address
56613;0;0;0x0000;02 Illegal Data Address
56614;0;0;0x0000;02 Illegal Data Address
56615;0;0;0x0000;02 Illegal Data Address
56616;0;0;0x0000;02 Illegal Data Address
56617;0;0;0x0000;02 Illegal Data Address
56618;0;0;0x0000;02 Illegal Data Address
56619;0;0;0x0000;02 Illegal Data Address
56620;0;0;0x0000;02 Illegal Data Address
56621;0;0;0x0000;02 Illegal Data Address
56622;0;0;0x0000;02 Illegal Data Address
56623;0;0;0x0000;02 Illegal Data Address
56624;0;0;0x0000;02 Illegal Data Address
56625;0;0;0x0000;02 Illegal Data Address
56626;0;0;0x0000;02 Illegal Data Address
56627;0;0;0x0000;02 Illegal Data Address
56628;0;0;0x0000;02 Illegal Data Address
56629;0;0;0x0000;02 Illegal Data Address
56630;0;0;0x0000;02 Illegal Data Address
56631;0;0;0x0000;02 Illegal Data Address
56632;0;0;0x0000;02 Illegal Data Address
56633;0;0;0x0000;02 Illegal Data Address
56634;0;0;0x0000;02 Illegal Data Address
56635;0;0;0x0000;02 Illegal Data Address
56636;0;0;0x0000;02 Illegal Data Address
56637;0;0;0x0000;02 Illegal Data Address
56638;0;0;0x0000;02 Illegal Data Address
56639;0;0;0x0000;02 Illegal Data Address
56640;0;0;0x0000;02 Illegal Data Address
56641;0;0;0x0000;02 Illegal Data Address
56642;0;0;0x0000;02 Illegal Data Address
56643;0;0;0x0000;02 Illegal Data Address
56644;0;0;0x0000;02 Illegal Data Address
56645;0;0;0x0000;02 Illegal Data Address
56646;0;0;0x0000;02 Illegal Data Address
56647;0;0;0x0000;02 Illegal Data Address
56648;0;0;0x0000;02 Illegal Data Address
56649;0;0;0x0000;02 Illegal Data Address
56650;0;0;0x0000;02 Illegal Data Address
56651;0;0;0x0000;02 Illegal Data Address
56652;0;0;0x0000;02 Illegal Data Address
56653;0;0;0x0000;02 Illegal Data Address
56654;0;0;0x0000;02 Illegal Data Address
56655;0;0;0x0000;02 Illegal Data Address
56656;0;0;0x0000;02 Illegal Data Address
56657;0;0;0x0000;02 Illegal Data Address
56658;0;0;0x0000;02 Illegal Data Address
56659;0;0;0x0000;02 Illegal Data Address
56660;0;0;0x0000;02 Illegal Data Address
56661;0;0;0x0000;02 Illegal Data Address
56662;0;0;0x0000;02 Illegal Data Address
56663;0;0;0x0000;02 Illegal Data Address
56664;0;0;0x0000;02 Illegal Data Address
56665;0;0;0x0000;02 Illegal Data Address
56666;0;0;0x0000;02 Illegal Data Address
56667;0;0;0x0000;02 Illegal Data Address
56668;0;0;0x0000;02 Illegal Data Address
56669;0;0;0x0000;02 Illegal Data Address
56670;0;0;0x0000;02 Illegal Data Address
56671;0;0;0x0000;02 Illegal Data Address
56672;0;0;0x0000;02 Illegal Data Address
56673;0;0;0x0000;02 Illegal Data Address
56674;0;0;0x0000;02 Illegal Data Address
56675;0;0;0x0000;02 Illegal Data Address
56676;0;0;0x0000;02 Illegal Data Address
56677;0;0;0x0000;02 Illegal Data Address
56678;0;0;0x0000;02 Illegal Data Address
56679;0;0;0x0000;02 Illegal Data Address
56680;0;0;0x0000;02 Illegal Data Address
56681;0;0;0x0000;02 Illegal Data Address
56682;0;0;0x0000;02 Illegal Data Address
56683;0;0;0x0000;02 Illegal Data Address
56684;0;0;0x0000;02 Illegal Data Address
56685;0;0;0x0000;02 Illegal Data Address
56686;0;0;0x0000;02 Illegal Data Address
56687;0;0;0x0000;02 Illegal Data Address
56688;0;0;0x0000;02 Illegal Data Address
56689;0;0;0x0000;02 Illegal Data Address
56690;0;0;0x0000;02 Illegal Data Address
56691;0;0;0x0000;02 Illegal Data Address
56692;0;0;0x0000;02 Illegal Data Address
56693;0;0;0x0000;02 Illegal Data Address
56694;0;0;0x0000;02 Illegal Data Address
56695;0;0;0x0000;02 Illegal Data Address
56696;0;0;0x0000;02 Illegal Data Address
56697;0;0;0x0000;02 Illegal Data Address
56698;0;0;0x0000;02 Illegal Data Address
56699;0;0;0x0000;02 Illegal Data Address
56700;0;0;0x0000;02 Illegal Data Address
56701;0;0;0x0000;02 Illegal Data Address
56702;0;0;0x0000;02 Illegal Data Address
56703;0;0;0x0000;02 Illegal Data Address
56704;0;0;0x0000;02 Illegal Data Address
56705;0;0;0x0000;02 Illegal Data Address
56706;0;0;0x0000;02 Illegal Data Address
56707;0;0;0x0000;02 Illegal Data Address
56708;0;0;0x0000;02 Illegal Data Address
56709;0;0;0x0000;02 Illegal Data Address
56710;0;0;0x0000;02 Illegal Data Address
56711;0;0;0x0000;02 Illegal Data Address
56712;0;0;0x0000;02 Illegal Data Address
56713;0;0;0x0000;02 Illegal Data Address
56714;0;0;0x0000;02 Illegal Data Address
56715;0;0;0x0000;02 Illegal Data Address
56716;0;0;0x0000;02 Illegal Data Address
56717;0;0;0x0000;02 Illegal Data Address
56718;0;0;0x0000;02 Illegal Data Address
56719;0;0;0x0000;02 Illegal Data Address
56720;0;0;0x0000;02 Illegal Data Address
56721;0;0;0x0000;02 Illegal Data Address
56722;0;0;0x0000;02 Illegal Data Address
56723;0;0;0x0000;02 Illegal Data Address
56724;0;0;0x0000;02 Illegal Data Address
56725;0;0;0x0000;02 Illegal Data Address
56726;0;0;0x0000;02 Illegal Data Address
56727;0;0;0x0000;02 Illegal Data Address
56728;0;0;0x0000;02 Illegal Data Address
56729;0;0;0x0000;02 Illegal Data Address
56730;0;0;0x0000;02 Illegal Data Address
56731;0;0;0x0000;02 Illegal Data Address
56732;0;0;0x0000;02 Illegal Data Address
56733;0;0;0x0000;02 Illegal Data Address
56734;0;0;0x0000;02 Illegal Data Address
56735;0;0;0x0000;02 Illegal Data Address
56736;0;0;0x0000;02 Illegal Data Address
56737;0;0;0x0000;02 Illegal Data Address
56738;0;0;0x0000;02 Illegal Data Address
56739;0;0;0x0000;02 Illegal Data Address
56740;0;0;0x0000;02 Illegal Data Address
56741;0;0;0x0000;02 Illegal Data Address
56742;0;0;0x0000;02 Illegal Data Address
56743;0;0;0x0000;02 Illegal Data Address
56744;0;0;0x0000;02 Illegal Data Address
56745;0;0;0x0000;02 Illegal Data Address
56746;0;0;0x0000;02 Illegal Data Address
56747;0;0;0x0000;02 Illegal Data Address
56748;0;0;0x0000;02 Illegal Data Address
56749;0;0;0x0000;02 Illegal Data Address
56750;0;0;0x0000;02 Illegal Data Address
56751;0;0;0x0000;02 Illegal Data Address
56752;0;0;0x0000;02 Illegal Data Address
56753;0;0;0x0000;02 Illegal Data Address
56754;0;0;0x0000;02 Illegal Data Address
56755;0;0;0x0000;02 Illegal Data Address
56756;0;0;0x0000;02 Illegal Data Address
56757;0;0;0x0000;02 Illegal Data Address
56758;0;0;0x0000;02 Illegal Data Address
56759;0;0;0x0000;02 Illegal Data Address
56760;0;0;0x0000;02 Illegal Data Address
56761;0;0;0x0000;02 Illegal Data Address
56762;0;0;0x0000;02 Illegal Data Address
56763;0;0;0x0000;02 Illegal Data Address
56764;0;0;0x0000;02 Illegal Data Address
56765;0;0;0x0000;02 Illegal Data Address
56766;0;0;0x0000;02 Illegal Data Address
56767;0;0;0x0000;02 Illegal Data Address
56768;0;0;0x0000;02 Illegal Data Address
56769;0;0;0x0000;02 Illegal Data Address
56770;0;0;0x0000;02 Illegal Data Address
56771;0;0;0x0000;02 Illegal Data Address
56772;0;0;0x0000;02 Illegal Data Address
56773;0;0;0x0000;02 Illegal Data Address
56774;0;0;0x0000;02 Illegal Data Address
56775;0;0;0x0000;02 Illegal Data Address
56776;0;0;0x0000;02 Illegal Data Address
56777;0;0;0x0000;02 Illegal Data Address
56778;0;0;0x0000;02 Illegal Data Address
56779;0;0;0x0000;02 Illegal Data Address
56780;0;0;0x0000;02 Illegal Data Address
56781;0;0;0x0000;02 Illegal Data Address
56782;0;0;0x0000;02 Illegal Data Address
56783;0;0;0x0000;02 Illegal Data Address
56784;0;0;0x0000;02 Illegal Data Address
56785;0;0;0x0000;02 Illegal Data Address
56786;0;0;0x0000;02 Illegal Data Address
56787;0;0;0x0000;02 Illegal Data Address
56788;0;0;0x0000;02 Illegal Data Address
56789;0;0;0x0000;02 Illegal Data Address
56790;0;0;0x0000;02 Illegal Data Address
56791;0;0;0x0000;02 Illegal Data Address
56792;0;0;0x0000;02 Illegal Data Address
56793;0;0;0x0000;02 Illegal Data Address
56794;0;0;0x0000;02 Illegal Data Address
56795;0;0;0x0000;02 Illegal Data Address
56796;0;0;0x0000;02 Illegal Data Address
56797;0;0;0x0000;02 Illegal Data Address
56798;0;0;0x0000;02 Illegal Data Address
56799;0;0;0x0000;02 Illegal Data Address
56800;0;0;0x0000;02 Illegal Data Address
56801;0;0;0x0000;02 Illegal Data Address
56802;0;0;0x0000;02 Illegal Data Address
56803;0;0;0x0000;02 Illegal Data Address
56804;0;0;0x0000;02 Illegal Data Address
56805;0;0;0x0000;02 Illegal Data Address
56806;0;0;0x0000;02 Illegal Data Address
56807;0;0;0x0000;02 Illegal Data Address
56808;0;0;0x0000;02 Illegal Data Address
56809;0;0;0x0000;02 Illegal Data Address
56810;0;0;0x0000;02 Illegal Data Address
56811;0;0;0x0000;02 Illegal Data Address
56812;0;0;0x0000;02 Illegal Data Address
56813;0;0;0x0000;02 Illegal Data Address
56814;0;0;0x0000;02 Illegal Data Address
56815;0;0;0x0000;02 Illegal Data Address
56816;0;0;0x0000;02 Illegal Data Address
56817;0;0;0x0000;02 Illegal Data Address
56818;0;0;0x0000;02 Illegal Data Address
56819;0;0;0x0000;02 Illegal Data Address
56820;0;0;0x0000;02 Illegal Data Address
56821;0;0;0x0000;02 Illegal Data Address
56822;0;0;0x0000;02 Illegal Data Address
56823;0;0;0x0000;02 Illegal Data Address
56824;0;0;0x0000;02 Illegal Data Address
56825;0;0;0x0000;02 Illegal Data Address
56826;0;0;0x0000;02 Illegal Data Address
56827;0;0;0x0000;02 Illegal Data Address
56828;0;0;0x0000;02 Illegal Data Address
56829;0;0;0x0000;02 Illegal Data Address
56830;0;0;0x0000;02 Illegal Data Address
56831;0;0;0x0000;02 Illegal Data Address
56832;0;0;0x0000;02 Illegal Data Address
56833;0;0;0x0000;02 Illegal Data Address
56834;0;0;0x0000;02 Illegal Data Address
56835;0;0;0x0000;02 Illegal Data Address
56836;0;0;0x0000;02 Illegal Data Address
56837;0;0;0x0000;02 Illegal Data Address
56838;0;0;0x0000;02 Illegal Data Address
56839;0;0;0x0000;02 Illegal Data Address
56840;0;0;0x0000;02 Illegal Data Address
56841;0;0;0x0000;02 Illegal Data Address
56842;0;0;0x0000;02 Illegal Data Address
56843;0;0;0x0000;02 Illegal Data Address
56844;0;0;0x0000;02 Illegal Data Address
56845;0;0;0x0000;02 Illegal Data Address
56846;0;0;0x0000;02 Illegal Data Address
56847;0;0;0x0000;02 Illegal Data Address
56848;0;0;0x0000;02 Illegal Data Address
56849;0;0;0x0000;02 Illegal Data Address
56850;0;0;0x0000;02 Illegal Data Address
56851;0;0;0x0000;02 Illegal Data Address
56852;0;0;0x0000;02 Illegal Data Address
56853;0;0;0x0000;02 Illegal Data Address
56854;0;0;0x0000;02 Illegal Data Address
56855;0;0;0x0000;02 Illegal Data Address
56856;0;0;0x0000;02 Illegal Data Address
56857;0;0;0x0000;02 Illegal Data Address
56858;0;0;0x0000;02 Illegal Data Address
56859;0;0;0x0000;02 Illegal Data Address
56860;0;0;0x0000;02 Illegal Data Address
56861;0;0;0x0000;02 Illegal Data Address
56862;0;0;0x0000;02 Illegal Data Address
56863;0;0;0x0000;02 Illegal Data Address
56864;0;0;0x0000;02 Illegal Data Address
56865;0;0;0x0000;02 Illegal Data Address
56866;0;0;0x0000;02 Illegal Data Address
56867;0;0;0x0000;02 Illegal Data Address
56868;0;0;0x0000;02 Illegal Data Address
56869;0;0;0x0000;02 Illegal Data Address
56870;0;0;0x0000;02 Illegal Data Address
56871;0;0;0x0000;02 Illegal Data Address
56872;0;0;0x0000;02 Illegal Data Address
56873;0;0;0x0000;02 Illegal Data Address
56874;0;0;0x0000;02 Illegal Data Address
56875;0;0;0x0000;02 Illegal Data Address
56876;0;0;0x0000;02 Illegal Data Address
56877;0;0;0x0000;02 Illegal Data Address
56878;0;0;0x0000;02 Illegal Data Address
56879;0;0;0x0000;02 Illegal Data Address
56880;0;0;0x0000;02 Illegal Data Address
56881;0;0;0x0000;02 Illegal Data Address
56882;0;0;0x0000;02 Illegal Data Address
56883;0;0;0x0000;02 Illegal Data Address
56884;0;0;0x0000;02 Illegal Data Address
56885;0;0;0x0000;02 Illegal Data Address
56886;0;0;0x0000;02 Illegal Data Address
56887;0;0;0x0000;02 Illegal Data Address
56888;0;0;0x0000;02 Illegal Data Address
56889;0;0;0x0000;02 Illegal Data Address
56890;0;0;0x0000;02 Illegal Data Address
56891;0;0;0x0000;02 Illegal Data Address
56892;0;0;0x0000;02 Illegal Data Address
56893;0;0;0x0000;02 Illegal Data Address
56894;0;0;0x0000;02 Illegal Data Address
56895;0;0;0x0000;02 Illegal Data Address
56896;0;0;0x0000;02 Illegal Data Address
56897;0;0;0x0000;02 Illegal Data Address
56898;0;0;0x0000;02 Illegal Data Address
56899;0;0;0x0000;02 Illegal Data Address
56900;0;0;0x0000;02 Illegal Data Address
56901;0;0;0x0000;02 Illegal Data Address
56902;0;0;0x0000;02 Illegal Data Address
56903;0;0;0x0000;02 Illegal Data Address
56904;0;0;0x0000;02 Illegal Data Address
56905;0;0;0x0000;02 Illegal Data Address
56906;0;0;0x0000;02 Illegal Data Address
56907;0;0;0x0000;02 Illegal Data Address
56908;0;0;0x0000;02 Illegal Data Address
56909;0;0;0x0000;02 Illegal Data Address
56910;0;0;0x0000;02 Illegal Data Address
56911;0;0;0x0000;02 Illegal Data Address
56912;0;0;0x0000;02 Illegal Data Address
56913;0;0;0x0000;02 Illegal Data Address
56914;0;0;0x0000;02 Illegal Data Address
56915;0;0;0x0000;02 Illegal Data Address
56916;0;0;0x0000;02 Illegal Data Address
56917;0;0;0x0000;02 Illegal Data Address
56918;0;0;0x0000;02 Illegal Data Address
56919;0;0;0x0000;02 Illegal Data Address
56920;0;0;0x0000;02 Illegal Data Address
56921;0;0;0x0000;02 Illegal Data Address
56922;0;0;0x0000;02 Illegal Data Address
56923;0;0;0x0000;02 Illegal Data Address
56924;0;0;0x0000;02 Illegal Data Address
56925;0;0;0x0000;02 Illegal Data Address
56926;0;0;0x0000;02 Illegal Data Address
56927;0;0;0x0000;02 Illegal Data Address
56928;0;0;0x0000;02 Illegal Data Address
56929;0;0;0x0000;02 Illegal Data Address
56930;0;0;0x0000;02 Illegal Data Address
56931;0;0;0x0000;02 Illegal Data Address
56932;0;0;0x0000;02 Illegal Data Address
56933;0;0;0x0000;02 Illegal Data Address
56934;0;0;0x0000;02 Illegal Data Address
56935;0;0;0x0000;02 Illegal Data Address
56936;0;0;0x0000;02 Illegal Data Address
56937;0;0;0x0000;02 Illegal Data Address
56938;0;0;0x0000;02 Illegal Data Address
56939;0;0;0x0000;02 Illegal Data Address
56940;0;0;0x0000;02 Illegal Data Address
56941;0;0;0x0000;02 Illegal Data Address
56942;0;0;0x0000;02 Illegal Data Address
56943;0;0;0x0000;02 Illegal Data Address
56944;0;0;0x0000;02 Illegal Data Address
56945;0;0;0x0000;02 Illegal Data Address
56946;0;0;0x0000;02 Illegal Data Address
56947;0;0;0x0000;02 Illegal Data Address
56948;0;0;0x0000;02 Illegal Data Address
56949;0;0;0x0000;02 Illegal Data Address
56950;0;0;0x0000;02 Illegal Data Address
56951;0;0;0x0000;02 Illegal Data Address
56952;0;0;0x0000;02 Illegal Data Address
56953;0;0;0x0000;02 Illegal Data Address
56954;0;0;0x0000;02 Illegal Data Address
56955;0;0;0x0000;02 Illegal Data Address
56956;0;0;0x0000;02 Illegal Data Address
56957;0;0;0x0000;02 Illegal Data Address
56958;0;0;0x0000;02 Illegal Data Address
56959;0;0;0x0000;02 Illegal Data Address
56960;0;0;0x0000;02 Illegal Data Address
56961;0;0;0x0000;02 Illegal Data Address
56962;0;0;0x0000;02 Illegal Data Address
56963;0;0;0x0000;02 Illegal Data Address
56964;0;0;0x0000;02 Illegal Data Address
56965;0;0;0x0000;02 Illegal Data Address
56966;0;0;0x0000;02 Illegal Data Address
56967;0;0;0x0000;02 Illegal Data Address
56968;0;0;0x0000;02 Illegal Data Address
56969;0;0;0x0000;02 Illegal Data Address
56970;0;0;0x0000;02 Illegal Data Address
56971;0;0;0x0000;02 Illegal Data Address
56972;0;0;0x0000;02 Illegal Data Address
56973;0;0;0x0000;02 Illegal Data Address
56974;0;0;0x0000;02 Illegal Data Address
56975;0;0;0x0000;02 Illegal Data Address
56976;0;0;0x0000;02 Illegal Data Address
56977;0;0;0x0000;02 Illegal Data Address
56978;0;0;0x0000;02 Illegal Data Address
56979;0;0;0x0000;02 Illegal Data Address
56980;0;0;0x0000;02 Illegal Data Address
56981;0;0;0x0000;02 Illegal Data Address
56982;0;0;0x0000;02 Illegal Data Address
56983;0;0;0x0000;02 Illegal Data Address
56984;0;0;0x0000;02 Illegal Data Address
56985;0;0;0x0000;02 Illegal Data Address
56986;0;0;0x0000;02 Illegal Data Address
56987;0;0;0x0000;02 Illegal Data Address
56988;0;0;0x0000;02 Illegal Data Address
56989;0;0;0x0000;02 Illegal Data Address
56990;0;0;0x0000;02 Illegal Data Address
56991;0;0;0x0000;02 Illegal Data Address
56992;0;0;0x0000;02 Illegal Data Address
56993;0;0;0x0000;02 Illegal Data Address
56994;0;0;0x0000;02 Illegal Data Address
56995;0;0;0x0000;02 Illegal Data Address
56996;0;0;0x0000;02 Illegal Data Address
56997;0;0;0x0000;02 Illegal Data Address
56998;0;0;0x0000;02 Illegal Data Address
56999;0;0;0x0000;02 Illegal Data Address
57000;0;0;0x0000;02 Illegal Data Address
57001;0;0;0x0000;02 Illegal Data Address
57002;0;0;0x0000;02 Illegal Data Address
57003;0;0;0x0000;02 Illegal Data Address
57004;0;0;0x0000;02 Illegal Data Address
57005;0;0;0x0000;02 Illegal Data Address
57006;0;0;0x0000;02 Illegal Data Address
57007;0;0;0x0000;02 Illegal Data Address
57008;0;0;0x0000;02 Illegal Data Address
57009;0;0;0x0000;02 Illegal Data Address
57010;0;0;0x0000;02 Illegal Data Address
57011;0;0;0x0000;02 Illegal Data Address
57012;0;0;0x0000;02 Illegal Data Address
57013;0;0;0x0000;02 Illegal Data Address
57014;0;0;0x0000;02 Illegal Data Address
57015;0;0;0x0000;02 Illegal Data Address
57016;0;0;0x0000;02 Illegal Data Address
57017;0;0;0x0000;02 Illegal Data Address
57018;0;0;0x0000;02 Illegal Data Address
57019;0;0;0x0000;02 Illegal Data Address
57020;0;0;0x0000;02 Illegal Data Address
57021;0;0;0x0000;02 Illegal Data Address
57022;0;0;0x0000;02 Illegal Data Address
57023;0;0;0x0000;02 Illegal Data Address
57024;0;0;0x0000;02 Illegal Data Address
57025;0;0;0x0000;02 Illegal Data Address
57026;0;0;0x0000;02 Illegal Data Address
57027;0;0;0x0000;02 Illegal Data Address
57028;0;0;0x0000;02 Illegal Data Address
57029;0;0;0x0000;02 Illegal Data Address
57030;0;0;0x0000;02 Illegal Data Address
57031;0;0;0x0000;02 Illegal Data Address
57032;0;0;0x0000;02 Illegal Data Address
57033;0;0;0x0000;02 Illegal Data Address
57034;0;0;0x0000;02 Illegal Data Address
57035;0;0;0x0000;02 Illegal Data Address
57036;0;0;0x0000;02 Illegal Data Address
57037;0;0;0x0000;02 Illegal Data Address
57038;0;0;0x0000;02 Illegal Data Address
57039;0;0;0x0000;02 Illegal Data Address
57040;0;0;0x0000;02 Illegal Data Address
57041;0;0;0x0000;02 Illegal Data Address
57042;0;0;0x0000;02 Illegal Data Address
57043;0;0;0x0000;02 Illegal Data Address
57044;0;0;0x0000;02 Illegal Data Address
57045;0;0;0x0000;02 Illegal Data Address
57046;0;0;0x0000;02 Illegal Data Address
57047;0;0;0x0000;02 Illegal Data Address
57048;0;0;0x0000;02 Illegal Data Address
57049;0;0;0x0000;02 Illegal Data Address
57050;0;0;0x0000;02 Illegal Data Address
57051;0;0;0x0000;02 Illegal Data Address
57052;0;0;0x0000;02 Illegal Data Address
57053;0;0;0x0000;02 Illegal Data Address
57054;0;0;0x0000;02 Illegal Data Address
57055;0;0;0x0000;02 Illegal Data Address
57056;0;0;0x0000;02 Illegal Data Address
57057;0;0;0x0000;02 Illegal Data Address
57058;0;0;0x0000;02 Illegal Data Address
57059;0;0;0x0000;02 Illegal Data Address
57060;0;0;0x0000;02 Illegal Data Address
57061;0;0;0x0000;02 Illegal Data Address
57062;0;0;0x0000;02 Illegal Data Address
57063;0;0;0x0000;02 Illegal Data Address
57064;0;0;0x0000;02 Illegal Data Address
57065;0;0;0x0000;02 Illegal Data Address
57066;0;0;0x0000;02 Illegal Data Address
57067;0;0;0x0000;02 Illegal Data Address
57068;0;0;0x0000;02 Illegal Data Address
57069;0;0;0x0000;02 Illegal Data Address
57070;0;0;0x0000;02 Illegal Data Address
57071;0;0;0x0000;02 Illegal Data Address
57072;0;0;0x0000;02 Illegal Data Address
57073;0;0;0x0000;02 Illegal Data Address
57074;0;0;0x0000;02 Illegal Data Address
57075;0;0;0x0000;02 Illegal Data Address
57076;0;0;0x0000;02 Illegal Data Address
57077;0;0;0x0000;02 Illegal Data Address
57078;0;0;0x0000;02 Illegal Data Address
57079;0;0;0x0000;02 Illegal Data Address
57080;0;0;0x0000;02 Illegal Data Address
57081;0;0;0x0000;02 Illegal Data Address
57082;0;0;0x0000;02 Illegal Data Address
57083;0;0;0x0000;02 Illegal Data Address
57084;0;0;0x0000;02 Illegal Data Address
57085;0;0;0x0000;02 Illegal Data Address
57086;0;0;0x0000;02 Illegal Data Address
57087;0;0;0x0000;02 Illegal Data Address
57088;0;0;0x0000;02 Illegal Data Address
57089;0;0;0x0000;02 Illegal Data Address
57090;0;0;0x0000;02 Illegal Data Address
57091;0;0;0x0000;02 Illegal Data Address
57092;0;0;0x0000;02 Illegal Data Address
57093;0;0;0x0000;02 Illegal Data Address
57094;0;0;0x0000;02 Illegal Data Address
57095;0;0;0x0000;02 Illegal Data Address
57096;0;0;0x0000;02 Illegal Data Address
57097;0;0;0x0000;02 Illegal Data Address
57098;0;0;0x0000;02 Illegal Data Address
57099;0;0;0x0000;02 Illegal Data Address
57100;0;0;0x0000;02 Illegal Data Address
57101;0;0;0x0000;02 Illegal Data Address
57102;0;0;0x0000;02 Illegal Data Address
57103;0;0;0x0000;02 Illegal Data Address
57104;0;0;0x0000;02 Illegal Data Address
57105;0;0;0x0000;02 Illegal Data Address
57106;0;0;0x0000;02 Illegal Data Address
57107;0;0;0x0000;02 Illegal Data Address
57108;0;0;0x0000;02 Illegal Data Address
57109;0;0;0x0000;02 Illegal Data Address
57110;0;0;0x0000;02 Illegal Data Address
57111;0;0;0x0000;02 Illegal Data Address
57112;0;0;0x0000;02 Illegal Data Address
57113;0;0;0x0000;02 Illegal Data Address
57114;0;0;0x0000;02 Illegal Data Address
57115;0;0;0x0000;02 Illegal Data Address
57116;0;0;0x0000;02 Illegal Data Address
57117;0;0;0x0000;02 Illegal Data Address
57118;0;0;0x0000;02 Illegal Data Address
57119;0;0;0x0000;02 Illegal Data Address
57120;0;0;0x0000;02 Illegal Data Address
57121;0;0;0x0000;02 Illegal Data Address
57122;0;0;0x0000;02 Illegal Data Address
57123;0;0;0x0000;02 Illegal Data Address
57124;0;0;0x0000;02 Illegal Data Address
57125;0;0;0x0000;02 Illegal Data Address
57126;0;0;0x0000;02 Illegal Data Address
57127;0;0;0x0000;02 Illegal Data Address
57128;0;0;0x0000;02 Illegal Data Address
57129;0;0;0x0000;02 Illegal Data Address
57130;0;0;0x0000;02 Illegal Data Address
57131;0;0;0x0000;02 Illegal Data Address
57132;0;0;0x0000;02 Illegal Data Address
57133;0;0;0x0000;02 Illegal Data Address
57134;0;0;0x0000;02 Illegal Data Address
57135;0;0;0x0000;02 Illegal Data Address
57136;0;0;0x0000;02 Illegal Data Address
57137;0;0;0x0000;02 Illegal Data Address
57138;0;0;0x0000;02 Illegal Data Address
57139;0;0;0x0000;02 Illegal Data Address
57140;0;0;0x0000;02 Illegal Data Address
57141;0;0;0x0000;02 Illegal Data Address
57142;0;0;0x0000;02 Illegal Data Address
57143;0;0;0x0000;02 Illegal Data Address
57144;0;0;0x0000;02 Illegal Data Address
57145;0;0;0x0000;02 Illegal Data Address
57146;0;0;0x0000;02 Illegal Data Address
57147;0;0;0x0000;02 Illegal Data Address
57148;0;0;0x0000;02 Illegal Data Address
57149;0;0;0x0000;02 Illegal Data Address
57150;0;0;0x0000;02 Illegal Data Address
57151;0;0;0x0000;02 Illegal Data Address
57152;0;0;0x0000;02 Illegal Data Address
57153;0;0;0x0000;02 Illegal Data Address
57154;0;0;0x0000;02 Illegal Data Address
57155;0;0;0x0000;02 Illegal Data Address
57156;0;0;0x0000;02 Illegal Data Address
57157;0;0;0x0000;02 Illegal Data Address
57158;0;0;0x0000;02 Illegal Data Address
57159;0;0;0x0000;02 Illegal Data Address
57160;0;0;0x0000;02 Illegal Data Address
57161;0;0;0x0000;02 Illegal Data Address
57162;0;0;0x0000;02 Illegal Data Address
57163;0;0;0x0000;02 Illegal Data Address
57164;0;0;0x0000;02 Illegal Data Address
57165;0;0;0x0000;02 Illegal Data Address
57166;0;0;0x0000;02 Illegal Data Address
57167;0;0;0x0000;02 Illegal Data Address
57168;0;0;0x0000;02 Illegal Data Address
57169;0;0;0x0000;02 Illegal Data Address
57170;0;0;0x0000;02 Illegal Data Address
57171;0;0;0x0000;02 Illegal Data Address
57172;0;0;0x0000;02 Illegal Data Address
57173;0;0;0x0000;02 Illegal Data Address
57174;0;0;0x0000;02 Illegal Data Address
57175;0;0;0x0000;02 Illegal Data Address
57176;0;0;0x0000;02 Illegal Data Address
57177;0;0;0x0000;02 Illegal Data Address
57178;0;0;0x0000;02 Illegal Data Address
57179;0;0;0x0000;02 Illegal Data Address
57180;0;0;0x0000;02 Illegal Data Address
57181;0;0;0x0000;02 Illegal Data Address
57182;0;0;0x0000;02 Illegal Data Address
57183;0;0;0x0000;02 Illegal Data Address
57184;0;0;0x0000;02 Illegal Data Address
57185;0;0;0x0000;02 Illegal Data Address
57186;0;0;0x0000;02 Illegal Data Address
57187;0;0;0x0000;02 Illegal Data Address
57188;0;0;0x0000;02 Illegal Data Address
57189;0;0;0x0000;02 Illegal Data Address
57190;0;0;0x0000;02 Illegal Data Address
57191;0;0;0x0000;02 Illegal Data Address
57192;0;0;0x0000;02 Illegal Data Address
57193;0;0;0x0000;02 Illegal Data Address
57194;0;0;0x0000;02 Illegal Data Address
57195;0;0;0x0000;02 Illegal Data Address
57196;0;0;0x0000;02 Illegal Data Address
57197;0;0;0x0000;02 Illegal Data Address
57198;0;0;0x0000;02 Illegal Data Address
57199;0;0;0x0000;02 Illegal Data Address
57200;0;0;0x0000;02 Illegal Data Address
57201;0;0;0x0000;02 Illegal Data Address
57202;0;0;0x0000;02 Illegal Data Address
57203;0;0;0x0000;02 Illegal Data Address
57204;0;0;0x0000;02 Illegal Data Address
57205;0;0;0x0000;02 Illegal Data Address
57206;0;0;0x0000;02 Illegal Data Address
57207;0;0;0x0000;02 Illegal Data Address
57208;0;0;0x0000;02 Illegal Data Address
57209;0;0;0x0000;02 Illegal Data Address
57210;0;0;0x0000;02 Illegal Data Address
57211;0;0;0x0000;02 Illegal Data Address
57212;0;0;0x0000;02 Illegal Data Address
57213;0;0;0x0000;02 Illegal Data Address
57214;0;0;0x0000;02 Illegal Data Address
57215;0;0;0x0000;02 Illegal Data Address
57216;0;0;0x0000;02 Illegal Data Address
57217;0;0;0x0000;02 Illegal Data Address
57218;0;0;0x0000;02 Illegal Data Address
57219;0;0;0x0000;02 Illegal Data Address
57220;0;0;0x0000;02 Illegal Data Address
57221;0;0;0x0000;02 Illegal Data Address
57222;0;0;0x0000;02 Illegal Data Address
57223;0;0;0x0000;02 Illegal Data Address
57224;0;0;0x0000;02 Illegal Data Address
57225;0;0;0x0000;02 Illegal Data Address
57226;0;0;0x0000;02 Illegal Data Address
57227;0;0;0x0000;02 Illegal Data Address
57228;0;0;0x0000;02 Illegal Data Address
57229;0;0;0x0000;02 Illegal Data Address
57230;0;0;0x0000;02 Illegal Data Address
57231;0;0;0x0000;02 Illegal Data Address
57232;0;0;0x0000;02 Illegal Data Address
57233;0;0;0x0000;02 Illegal Data Address
57234;0;0;0x0000;02 Illegal Data Address
57235;0;0;0x0000;02 Illegal Data Address
57236;0;0;0x0000;02 Illegal Data Address
57237;0;0;0x0000;02 Illegal Data Address
57238;0;0;0x0000;02 Illegal Data Address
57239;0;0;0x0000;02 Illegal Data Address
57240;0;0;0x0000;02 Illegal Data Address
57241;0;0;0x0000;02 Illegal Data Address
57242;0;0;0x0000;02 Illegal Data Address
57243;0;0;0x0000;02 Illegal Data Address
57244;0;0;0x0000;02 Illegal Data Address
57245;0;0;0x0000;02 Illegal Data Address
57246;0;0;0x0000;02 Illegal Data Address
57247;0;0;0x0000;02 Illegal Data Address
57248;0;0;0x0000;02 Illegal Data Address
57249;0;0;0x0000;02 Illegal Data Address
57250;0;0;0x0000;02 Illegal Data Address
57251;0;0;0x0000;02 Illegal Data Address
57252;0;0;0x0000;02 Illegal Data Address
57253;0;0;0x0000;02 Illegal Data Address
57254;0;0;0x0000;02 Illegal Data Address
57255;0;0;0x0000;02 Illegal Data Address
57256;0;0;0x0000;02 Illegal Data Address
57257;0;0;0x0000;02 Illegal Data Address
57258;0;0;0x0000;02 Illegal Data Address
57259;0;0;0x0000;02 Illegal Data Address
57260;0;0;0x0000;02 Illegal Data Address
57261;0;0;0x0000;02 Illegal Data Address
57262;0;0;0x0000;02 Illegal Data Address
57263;0;0;0x0000;02 Illegal Data Address
57264;0;0;0x0000;02 Illegal Data Address
57265;0;0;0x0000;02 Illegal Data Address
57266;0;0;0x0000;02 Illegal Data Address
57267;0;0;0x0000;02 Illegal Data Address
57268;0;0;0x0000;02 Illegal Data Address
57269;0;0;0x0000;02 Illegal Data Address
57270;0;0;0x0000;02 Illegal Data Address
57271;0;0;0x0000;02 Illegal Data Address
57272;0;0;0x0000;02 Illegal Data Address
57273;0;0;0x0000;02 Illegal Data Address
57274;0;0;0x0000;02 Illegal Data Address
57275;0;0;0x0000;02 Illegal Data Address
57276;0;0;0x0000;02 Illegal Data Address
57277;0;0;0x0000;02 Illegal Data Address
57278;0;0;0x0000;02 Illegal Data Address
57279;0;0;0x0000;02 Illegal Data Address
57280;0;0;0x0000;02 Illegal Data Address
57281;0;0;0x0000;02 Illegal Data Address
57282;0;0;0x0000;02 Illegal Data Address
57283;0;0;0x0000;02 Illegal Data Address
57284;0;0;0x0000;02 Illegal Data Address
57285;0;0;0x0000;02 Illegal Data Address
57286;0;0;0x0000;02 Illegal Data Address
57287;0;0;0x0000;02 Illegal Data Address
57288;0;0;0x0000;02 Illegal Data Address
57289;0;0;0x0000;02 Illegal Data Address
57290;0;0;0x0000;02 Illegal Data Address
57291;0;0;0x0000;02 Illegal Data Address
57292;0;0;0x0000;02 Illegal Data Address
57293;0;0;0x0000;02 Illegal Data Address
57294;0;0;0x0000;02 Illegal Data Address
57295;0;0;0x0000;02 Illegal Data Address
57296;0;0;0x0000;02 Illegal Data Address
57297;0;0;0x0000;02 Illegal Data Address
57298;0;0;0x0000;02 Illegal Data Address
57299;0;0;0x0000;02 Illegal Data Address
57300;0;0;0x0000;02 Illegal Data Address
57301;0;0;0x0000;02 Illegal Data Address
57302;0;0;0x0000;02 Illegal Data Address
57303;0;0;0x0000;02 Illegal Data Address
57304;0;0;0x0000;02 Illegal Data Address
57305;0;0;0x0000;02 Illegal Data Address
57306;0;0;0x0000;02 Illegal Data Address
57307;0;0;0x0000;02 Illegal Data Address
57308;0;0;0x0000;02 Illegal Data Address
57309;0;0;0x0000;02 Illegal Data Address
57310;0;0;0x0000;02 Illegal Data Address
57311;0;0;0x0000;02 Illegal Data Address
57312;0;0;0x0000;02 Illegal Data Address
57313;0;0;0x0000;02 Illegal Data Address
57314;0;0;0x0000;02 Illegal Data Address
57315;0;0;0x0000;02 Illegal Data Address
57316;0;0;0x0000;02 Illegal Data Address
57317;0;0;0x0000;02 Illegal Data Address
57318;0;0;0x0000;02 Illegal Data Address
57319;0;0;0x0000;02 Illegal Data Address
57320;0;0;0x0000;02 Illegal Data Address
57321;0;0;0x0000;02 Illegal Data Address
57322;0;0;0x0000;02 Illegal Data Address
57323;0;0;0x0000;02 Illegal Data Address
57324;0;0;0x0000;02 Illegal Data Address
57325;0;0;0x0000;02 Illegal Data Address
57326;0;0;0x0000;02 Illegal Data Address
57327;0;0;0x0000;02 Illegal Data Address
57328;0;0;0x0000;02 Illegal Data Address
57329;0;0;0x0000;02 Illegal Data Address
57330;0;0;0x0000;02 Illegal Data Address
57331;0;0;0x0000;02 Illegal Data Address
57332;0;0;0x0000;02 Illegal Data Address
57333;0;0;0x0000;02 Illegal Data Address
57334;0;0;0x0000;02 Illegal Data Address
57335;0;0;0x0000;02 Illegal Data Address
57336;0;0;0x0000;02 Illegal Data Address
57337;0;0;0x0000;02 Illegal Data Address
57338;0;0;0x0000;02 Illegal Data Address
57339;0;0;0x0000;02 Illegal Data Address
57340;0;0;0x0000;02 Illegal Data Address
57341;0;0;0x0000;02 Illegal Data Address
57342;0;0;0x0000;02 Illegal Data Address
57343;0;0;0x0000;02 Illegal Data Address
57344;0;0;0x0000;02 Illegal Data Address
57345;0;0;0x0000;02 Illegal Data Address
57346;0;0;0x0000;02 Illegal Data Address
57347;0;0;0x0000;02 Illegal Data Address
57348;0;0;0x0000;02 Illegal Data Address
57349;0;0;0x0000;02 Illegal Data Address
57350;0;0;0x0000;02 Illegal Data Address
57351;0;0;0x0000;02 Illegal Data Address
57352;0;0;0x0000;02 Illegal Data Address
57353;0;0;0x0000;02 Illegal Data Address
57354;0;0;0x0000;02 Illegal Data Address
57355;0;0;0x0000;02 Illegal Data Address
57356;0;0;0x0000;02 Illegal Data Address
57357;0;0;0x0000;02 Illegal Data Address
57358;0;0;0x0000;02 Illegal Data Address
57359;0;0;0x0000;02 Illegal Data Address
57360;0;0;0x0000;02 Illegal Data Address
57361;0;0;0x0000;02 Illegal Data Address
57362;0;0;0x0000;02 Illegal Data Address
57363;0;0;0x0000;02 Illegal Data Address
57364;0;0;0x0000;02 Illegal Data Address
57365;0;0;0x0000;02 Illegal Data Address
57366;0;0;0x0000;02 Illegal Data Address
57367;0;0;0x0000;02 Illegal Data Address
57368;0;0;0x0000;02 Illegal Data Address
57369;0;0;0x0000;02 Illegal Data Address
57370;0;0;0x0000;02 Illegal Data Address
57371;0;0;0x0000;02 Illegal Data Address
57372;0;0;0x0000;02 Illegal Data Address
57373;0;0;0x0000;02 Illegal Data Address
57374;0;0;0x0000;02 Illegal Data Address
57375;0;0;0x0000;02 Illegal Data Address
57376;0;0;0x0000;02 Illegal Data Address
57377;0;0;0x0000;02 Illegal Data Address
57378;0;0;0x0000;02 Illegal Data Address
57379;0;0;0x0000;02 Illegal Data Address
57380;0;0;0x0000;02 Illegal Data Address
57381;0;0;0x0000;02 Illegal Data Address
57382;0;0;0x0000;02 Illegal Data Address
57383;0;0;0x0000;02 Illegal Data Address
57384;0;0;0x0000;02 Illegal Data Address
57385;0;0;0x0000;02 Illegal Data Address
57386;0;0;0x0000;02 Illegal Data Address
57387;0;0;0x0000;02 Illegal Data Address
57388;0;0;0x0000;02 Illegal Data Address
57389;0;0;0x0000;02 Illegal Data Address
57390;0;0;0x0000;02 Illegal Data Address
57391;0;0;0x0000;02 Illegal Data Address
57392;0;0;0x0000;02 Illegal Data Address
57393;0;0;0x0000;02 Illegal Data Address
57394;0;0;0x0000;02 Illegal Data Address
57395;0;0;0x0000;02 Illegal Data Address
57396;0;0;0x0000;02 Illegal Data Address
57397;0;0;0x0000;02 Illegal Data Address
57398;0;0;0x0000;02 Illegal Data Address
57399;0;0;0x0000;02 Illegal Data Address
57400;0;0;0x0000;02 Illegal Data Address
57401;0;0;0x0000;02 Illegal Data Address
57402;0;0;0x0000;02 Illegal Data Address
57403;0;0;0x0000;02 Illegal Data Address
57404;0;0;0x0000;02 Illegal Data Address
57405;0;0;0x0000;02 Illegal Data Address
57406;0;0;0x0000;02 Illegal Data Address
57407;0;0;0x0000;02 Illegal Data Address
57408;0;0;0x0000;02 Illegal Data Address
57409;0;0;0x0000;02 Illegal Data Address
57410;0;0;0x0000;02 Illegal Data Address
57411;0;0;0x0000;02 Illegal Data Address
57412;0;0;0x0000;02 Illegal Data Address
57413;0;0;0x0000;02 Illegal Data Address
57414;0;0;0x0000;02 Illegal Data Address
57415;0;0;0x0000;02 Illegal Data Address
57416;0;0;0x0000;02 Illegal Data Address
57417;0;0;0x0000;02 Illegal Data Address
57418;0;0;0x0000;02 Illegal Data Address
57419;0;0;0x0000;02 Illegal Data Address
57420;0;0;0x0000;02 Illegal Data Address
57421;0;0;0x0000;02 Illegal Data Address
57422;0;0;0x0000;02 Illegal Data Address
57423;0;0;0x0000;02 Illegal Data Address
57424;0;0;0x0000;02 Illegal Data Address
57425;0;0;0x0000;02 Illegal Data Address
57426;0;0;0x0000;02 Illegal Data Address
57427;0;0;0x0000;02 Illegal Data Address
57428;0;0;0x0000;02 Illegal Data Address
57429;0;0;0x0000;02 Illegal Data Address
57430;0;0;0x0000;02 Illegal Data Address
57431;0;0;0x0000;02 Illegal Data Address
57432;0;0;0x0000;02 Illegal Data Address
57433;0;0;0x0000;02 Illegal Data Address
57434;0;0;0x0000;02 Illegal Data Address
57435;0;0;0x0000;02 Illegal Data Address
57436;0;0;0x0000;02 Illegal Data Address
57437;0;0;0x0000;02 Illegal Data Address
57438;0;0;0x0000;02 Illegal Data Address
57439;0;0;0x0000;02 Illegal Data Address
57440;0;0;0x0000;02 Illegal Data Address
57441;0;0;0x0000;02 Illegal Data Address
57442;0;0;0x0000;02 Illegal Data Address
57443;0;0;0x0000;02 Illegal Data Address
57444;0;0;0x0000;02 Illegal Data Address
57445;0;0;0x0000;02 Illegal Data Address
57446;0;0;0x0000;02 Illegal Data Address
57447;0;0;0x0000;02 Illegal Data Address
57448;0;0;0x0000;02 Illegal Data Address
57449;0;0;0x0000;02 Illegal Data Address
57450;0;0;0x0000;02 Illegal Data Address
57451;0;0;0x0000;02 Illegal Data Address
57452;0;0;0x0000;02 Illegal Data Address
57453;0;0;0x0000;02 Illegal Data Address
57454;0;0;0x0000;02 Illegal Data Address
57455;0;0;0x0000;02 Illegal Data Address
57456;0;0;0x0000;02 Illegal Data Address
57457;0;0;0x0000;02 Illegal Data Address
57458;0;0;0x0000;02 Illegal Data Address
57459;0;0;0x0000;02 Illegal Data Address
57460;0;0;0x0000;02 Illegal Data Address
57461;0;0;0x0000;02 Illegal Data Address
57462;0;0;0x0000;02 Illegal Data Address
57463;0;0;0x0000;02 Illegal Data Address
57464;0;0;0x0000;02 Illegal Data Address
57465;0;0;0x0000;02 Illegal Data Address
57466;0;0;0x0000;02 Illegal Data Address
57467;0;0;0x0000;02 Illegal Data Address
57468;0;0;0x0000;02 Illegal Data Address
57469;0;0;0x0000;02 Illegal Data Address
57470;0;0;0x0000;02 Illegal Data Address
57471;0;0;0x0000;02 Illegal Data Address
57472;0;0;0x0000;02 Illegal Data Address
57473;0;0;0x0000;02 Illegal Data Address
57474;0;0;0x0000;02 Illegal Data Address
57475;0;0;0x0000;02 Illegal Data Address
57476;0;0;0x0000;02 Illegal Data Address
57477;0;0;0x0000;02 Illegal Data Address
57478;0;0;0x0000;02 Illegal Data Address
57479;0;0;0x0000;02 Illegal Data Address
57480;0;0;0x0000;02 Illegal Data Address
57481;0;0;0x0000;02 Illegal Data Address
57482;0;0;0x0000;02 Illegal Data Address
57483;0;0;0x0000;02 Illegal Data Address
57484;0;0;0x0000;02 Illegal Data Address
57485;0;0;0x0000;02 Illegal Data Address
57486;0;0;0x0000;02 Illegal Data Address
57487;0;0;0x0000;02 Illegal Data Address
57488;0;0;0x0000;02 Illegal Data Address
57489;0;0;0x0000;02 Illegal Data Address
57490;0;0;0x0000;02 Illegal Data Address
57491;0;0;0x0000;02 Illegal Data Address
57492;0;0;0x0000;02 Illegal Data Address
57493;0;0;0x0000;02 Illegal Data Address
57494;0;0;0x0000;02 Illegal Data Address
57495;0;0;0x0000;02 Illegal Data Address
57496;0;0;0x0000;02 Illegal Data Address
57497;0;0;0x0000;02 Illegal Data Address
57498;0;0;0x0000;02 Illegal Data Address
57499;0;0;0x0000;02 Illegal Data Address
57500;0;0;0x0000;02 Illegal Data Address
57501;0;0;0x0000;02 Illegal Data Address
57502;0;0;0x0000;02 Illegal Data Address
57503;0;0;0x0000;02 Illegal Data Address
57504;0;0;0x0000;02 Illegal Data Address
57505;0;0;0x0000;02 Illegal Data Address
57506;0;0;0x0000;02 Illegal Data Address
57507;0;0;0x0000;02 Illegal Data Address
57508;0;0;0x0000;02 Illegal Data Address
57509;0;0;0x0000;02 Illegal Data Address
57510;0;0;0x0000;02 Illegal Data Address
57511;0;0;0x0000;02 Illegal Data Address
57512;0;0;0x0000;02 Illegal Data Address
57513;0;0;0x0000;02 Illegal Data Address
57514;0;0;0x0000;02 Illegal Data Address
57515;0;0;0x0000;02 Illegal Data Address
57516;0;0;0x0000;02 Illegal Data Address
57517;0;0;0x0000;02 Illegal Data Address
57518;0;0;0x0000;02 Illegal Data Address
57519;0;0;0x0000;02 Illegal Data Address
57520;0;0;0x0000;02 Illegal Data Address
57521;0;0;0x0000;02 Illegal Data Address
57522;0;0;0x0000;02 Illegal Data Address
57523;0;0;0x0000;02 Illegal Data Address
57524;0;0;0x0000;02 Illegal Data Address
57525;0;0;0x0000;02 Illegal Data Address
57526;0;0;0x0000;02 Illegal Data Address
57527;0;0;0x0000;02 Illegal Data Address
57528;0;0;0x0000;02 Illegal Data Address
57529;0;0;0x0000;02 Illegal Data Address
57530;0;0;0x0000;02 Illegal Data Address
57531;0;0;0x0000;02 Illegal Data Address
57532;0;0;0x0000;02 Illegal Data Address
57533;0;0;0x0000;02 Illegal Data Address
57534;0;0;0x0000;02 Illegal Data Address
57535;0;0;0x0000;02 Illegal Data Address
57536;0;0;0x0000;02 Illegal Data Address
57537;0;0;0x0000;02 Illegal Data Address
57538;0;0;0x0000;02 Illegal Data Address
57539;0;0;0x0000;02 Illegal Data Address
57540;0;0;0x0000;02 Illegal Data Address
57541;0;0;0x0000;02 Illegal Data Address
57542;0;0;0x0000;02 Illegal Data Address
57543;0;0;0x0000;02 Illegal Data Address
57544;0;0;0x0000;02 Illegal Data Address
57545;0;0;0x0000;02 Illegal Data Address
57546;0;0;0x0000;02 Illegal Data Address
57547;0;0;0x0000;02 Illegal Data Address
57548;0;0;0x0000;02 Illegal Data Address
57549;0;0;0x0000;02 Illegal Data Address
57550;0;0;0x0000;02 Illegal Data Address
57551;0;0;0x0000;02 Illegal Data Address
57552;0;0;0x0000;02 Illegal Data Address
57553;0;0;0x0000;02 Illegal Data Address
57554;0;0;0x0000;02 Illegal Data Address
57555;0;0;0x0000;02 Illegal Data Address
57556;0;0;0x0000;02 Illegal Data Address
57557;0;0;0x0000;02 Illegal Data Address
57558;0;0;0x0000;02 Illegal Data Address
57559;0;0;0x0000;02 Illegal Data Address
57560;0;0;0x0000;02 Illegal Data Address
57561;0;0;0x0000;02 Illegal Data Address
57562;0;0;0x0000;02 Illegal Data Address
57563;0;0;0x0000;02 Illegal Data Address
57564;0;0;0x0000;02 Illegal Data Address
57565;0;0;0x0000;02 Illegal Data Address
57566;0;0;0x0000;02 Illegal Data Address
57567;0;0;0x0000;02 Illegal Data Address
57568;0;0;0x0000;02 Illegal Data Address
57569;0;0;0x0000;02 Illegal Data Address
57570;0;0;0x0000;02 Illegal Data Address
57571;0;0;0x0000;02 Illegal Data Address
57572;0;0;0x0000;02 Illegal Data Address
57573;0;0;0x0000;02 Illegal Data Address
57574;0;0;0x0000;02 Illegal Data Address
57575;0;0;0x0000;02 Illegal Data Address
57576;0;0;0x0000;02 Illegal Data Address
57577;0;0;0x0000;02 Illegal Data Address
57578;0;0;0x0000;02 Illegal Data Address
57579;0;0;0x0000;02 Illegal Data Address
57580;0;0;0x0000;02 Illegal Data Address
57581;0;0;0x0000;02 Illegal Data Address
57582;0;0;0x0000;02 Illegal Data Address
57583;0;0;0x0000;02 Illegal Data Address
57584;0;0;0x0000;02 Illegal Data Address
57585;0;0;0x0000;02 Illegal Data Address
57586;0;0;0x0000;02 Illegal Data Address
57587;0;0;0x0000;02 Illegal Data Address
57588;0;0;0x0000;02 Illegal Data Address
57589;0;0;0x0000;02 Illegal Data Address
57590;0;0;0x0000;02 Illegal Data Address
57591;0;0;0x0000;02 Illegal Data Address
57592;0;0;0x0000;02 Illegal Data Address
57593;0;0;0x0000;02 Illegal Data Address
57594;0;0;0x0000;02 Illegal Data Address
57595;0;0;0x0000;02 Illegal Data Address
57596;0;0;0x0000;02 Illegal Data Address
57597;0;0;0x0000;02 Illegal Data Address
57598;0;0;0x0000;02 Illegal Data Address
57599;0;0;0x0000;02 Illegal Data Address
57600;0;0;0x0000;02 Illegal Data Address
57601;0;0;0x0000;02 Illegal Data Address
57602;0;0;0x0000;02 Illegal Data Address
57603;0;0;0x0000;02 Illegal Data Address
57604;0;0;0x0000;02 Illegal Data Address
57605;0;0;0x0000;02 Illegal Data Address
57606;0;0;0x0000;02 Illegal Data Address
57607;0;0;0x0000;02 Illegal Data Address
57608;0;0;0x0000;02 Illegal Data Address
57609;0;0;0x0000;02 Illegal Data Address
57610;0;0;0x0000;02 Illegal Data Address
57611;0;0;0x0000;02 Illegal Data Address
57612;0;0;0x0000;02 Illegal Data Address
57613;0;0;0x0000;02 Illegal Data Address
57614;0;0;0x0000;02 Illegal Data Address
57615;0;0;0x0000;02 Illegal Data Address
57616;0;0;0x0000;02 Illegal Data Address
57617;0;0;0x0000;02 Illegal Data Address
57618;0;0;0x0000;02 Illegal Data Address
57619;0;0;0x0000;02 Illegal Data Address
57620;0;0;0x0000;02 Illegal Data Address
57621;0;0;0x0000;02 Illegal Data Address
57622;0;0;0x0000;02 Illegal Data Address
57623;0;0;0x0000;02 Illegal Data Address
57624;0;0;0x0000;02 Illegal Data Address
57625;0;0;0x0000;02 Illegal Data Address
57626;0;0;0x0000;02 Illegal Data Address
57627;0;0;0x0000;02 Illegal Data Address
57628;0;0;0x0000;02 Illegal Data Address
57629;0;0;0x0000;02 Illegal Data Address
57630;0;0;0x0000;02 Illegal Data Address
57631;0;0;0x0000;02 Illegal Data Address
57632;0;0;0x0000;02 Illegal Data Address
57633;0;0;0x0000;02 Illegal Data Address
57634;0;0;0x0000;02 Illegal Data Address
57635;0;0;0x0000;02 Illegal Data Address
57636;0;0;0x0000;02 Illegal Data Address
57637;0;0;0x0000;02 Illegal Data Address
57638;0;0;0x0000;02 Illegal Data Address
57639;0;0;0x0000;02 Illegal Data Address
57640;0;0;0x0000;02 Illegal Data Address
57641;0;0;0x0000;02 Illegal Data Address
57642;0;0;0x0000;02 Illegal Data Address
57643;0;0;0x0000;02 Illegal Data Address
57644;0;0;0x0000;02 Illegal Data Address
57645;0;0;0x0000;02 Illegal Data Address
57646;0;0;0x0000;02 Illegal Data Address
57647;0;0;0x0000;02 Illegal Data Address
57648;0;0;0x0000;02 Illegal Data Address
57649;0;0;0x0000;02 Illegal Data Address
57650;0;0;0x0000;02 Illegal Data Address
57651;0;0;0x0000;02 Illegal Data Address
57652;0;0;0x0000;02 Illegal Data Address
57653;0;0;0x0000;02 Illegal Data Address
57654;0;0;0x0000;02 Illegal Data Address
57655;0;0;0x0000;02 Illegal Data Address
57656;0;0;0x0000;02 Illegal Data Address
57657;0;0;0x0000;02 Illegal Data Address
57658;0;0;0x0000;02 Illegal Data Address
57659;0;0;0x0000;02 Illegal Data Address
57660;0;0;0x0000;02 Illegal Data Address
57661;0;0;0x0000;02 Illegal Data Address
57662;0;0;0x0000;02 Illegal Data Address
57663;0;0;0x0000;02 Illegal Data Address
57664;0;0;0x0000;02 Illegal Data Address
57665;0;0;0x0000;02 Illegal Data Address
57666;0;0;0x0000;02 Illegal Data Address
57667;0;0;0x0000;02 Illegal Data Address
57668;0;0;0x0000;02 Illegal Data Address
57669;0;0;0x0000;02 Illegal Data Address
57670;0;0;0x0000;02 Illegal Data Address
57671;0;0;0x0000;02 Illegal Data Address
57672;0;0;0x0000;02 Illegal Data Address
57673;0;0;0x0000;02 Illegal Data Address
57674;0;0;0x0000;02 Illegal Data Address
57675;0;0;0x0000;02 Illegal Data Address
57676;0;0;0x0000;02 Illegal Data Address
57677;0;0;0x0000;02 Illegal Data Address
57678;0;0;0x0000;02 Illegal Data Address
57679;0;0;0x0000;02 Illegal Data Address
57680;0;0;0x0000;02 Illegal Data Address
57681;0;0;0x0000;02 Illegal Data Address
57682;0;0;0x0000;02 Illegal Data Address
57683;0;0;0x0000;02 Illegal Data Address
57684;0;0;0x0000;02 Illegal Data Address
57685;0;0;0x0000;02 Illegal Data Address
57686;0;0;0x0000;02 Illegal Data Address
57687;0;0;0x0000;02 Illegal Data Address
57688;0;0;0x0000;02 Illegal Data Address
57689;0;0;0x0000;02 Illegal Data Address
57690;0;0;0x0000;02 Illegal Data Address
57691;0;0;0x0000;02 Illegal Data Address
57692;0;0;0x0000;02 Illegal Data Address
57693;0;0;0x0000;02 Illegal Data Address
57694;0;0;0x0000;02 Illegal Data Address
57695;0;0;0x0000;02 Illegal Data Address
57696;0;0;0x0000;02 Illegal Data Address
57697;0;0;0x0000;02 Illegal Data Address
57698;0;0;0x0000;02 Illegal Data Address
57699;0;0;0x0000;02 Illegal Data Address
57700;0;0;0x0000;02 Illegal Data Address
57701;0;0;0x0000;02 Illegal Data Address
57702;0;0;0x0000;02 Illegal Data Address
57703;0;0;0x0000;02 Illegal Data Address
57704;0;0;0x0000;02 Illegal Data Address
57705;0;0;0x0000;02 Illegal Data Address
57706;0;0;0x0000;02 Illegal Data Address
57707;0;0;0x0000;02 Illegal Data Address
57708;0;0;0x0000;02 Illegal Data Address
57709;0;0;0x0000;02 Illegal Data Address
57710;0;0;0x0000;02 Illegal Data Address
57711;0;0;0x0000;02 Illegal Data Address
57712;0;0;0x0000;02 Illegal Data Address
57713;0;0;0x0000;02 Illegal Data Address
57714;0;0;0x0000;02 Illegal Data Address
57715;0;0;0x0000;02 Illegal Data Address
57716;0;0;0x0000;02 Illegal Data Address
57717;0;0;0x0000;02 Illegal Data Address
57718;0;0;0x0000;02 Illegal Data Address
57719;0;0;0x0000;02 Illegal Data Address
57720;0;0;0x0000;02 Illegal Data Address
57721;0;0;0x0000;02 Illegal Data Address
57722;0;0;0x0000;02 Illegal Data Address
57723;0;0;0x0000;02 Illegal Data Address
57724;0;0;0x0000;02 Illegal Data Address
57725;0;0;0x0000;02 Illegal Data Address
57726;0;0;0x0000;02 Illegal Data Address
57727;0;0;0x0000;02 Illegal Data Address
57728;0;0;0x0000;02 Illegal Data Address
57729;0;0;0x0000;02 Illegal Data Address
57730;0;0;0x0000;02 Illegal Data Address
57731;0;0;0x0000;02 Illegal Data Address
57732;0;0;0x0000;02 Illegal Data Address
57733;0;0;0x0000;02 Illegal Data Address
57734;0;0;0x0000;02 Illegal Data Address
57735;0;0;0x0000;02 Illegal Data Address
57736;0;0;0x0000;02 Illegal Data Address
57737;0;0;0x0000;02 Illegal Data Address
57738;0;0;0x0000;02 Illegal Data Address
57739;0;0;0x0000;02 Illegal Data Address
57740;0;0;0x0000;02 Illegal Data Address
57741;0;0;0x0000;02 Illegal Data Address
57742;0;0;0x0000;02 Illegal Data Address
57743;0;0;0x0000;02 Illegal Data Address
57744;0;0;0x0000;02 Illegal Data Address
57745;0;0;0x0000;02 Illegal Data Address
57746;0;0;0x0000;02 Illegal Data Address
57747;0;0;0x0000;02 Illegal Data Address
57748;0;0;0x0000;02 Illegal Data Address
57749;0;0;0x0000;02 Illegal Data Address
57750;0;0;0x0000;02 Illegal Data Address
57751;0;0;0x0000;02 Illegal Data Address
57752;0;0;0x0000;02 Illegal Data Address
57753;0;0;0x0000;02 Illegal Data Address
57754;0;0;0x0000;02 Illegal Data Address
57755;0;0;0x0000;02 Illegal Data Address
57756;0;0;0x0000;02 Illegal Data Address
57757;0;0;0x0000;02 Illegal Data Address
57758;0;0;0x0000;02 Illegal Data Address
57759;0;0;0x0000;02 Illegal Data Address
57760;0;0;0x0000;02 Illegal Data Address
57761;0;0;0x0000;02 Illegal Data Address
57762;0;0;0x0000;02 Illegal Data Address
57763;0;0;0x0000;02 Illegal Data Address
57764;0;0;0x0000;02 Illegal Data Address
57765;0;0;0x0000;02 Illegal Data Address
57766;0;0;0x0000;02 Illegal Data Address
57767;0;0;0x0000;02 Illegal Data Address
57768;0;0;0x0000;02 Illegal Data Address
57769;0;0;0x0000;02 Illegal Data Address
57770;0;0;0x0000;02 Illegal Data Address
57771;0;0;0x0000;02 Illegal Data Address
57772;0;0;0x0000;02 Illegal Data Address
57773;0;0;0x0000;02 Illegal Data Address
57774;0;0;0x0000;02 Illegal Data Address
57775;0;0;0x0000;02 Illegal Data Address
57776;0;0;0x0000;02 Illegal Data Address
57777;0;0;0x0000;02 Illegal Data Address
57778;0;0;0x0000;02 Illegal Data Address
57779;0;0;0x0000;02 Illegal Data Address
57780;0;0;0x0000;02 Illegal Data Address
57781;0;0;0x0000;02 Illegal Data Address
57782;0;0;0x0000;02 Illegal Data Address
57783;0;0;0x0000;02 Illegal Data Address
57784;0;0;0x0000;02 Illegal Data Address
57785;0;0;0x0000;02 Illegal Data Address
57786;0;0;0x0000;02 Illegal Data Address
57787;0;0;0x0000;02 Illegal Data Address
57788;0;0;0x0000;02 Illegal Data Address
57789;0;0;0x0000;02 Illegal Data Address
57790;0;0;0x0000;02 Illegal Data Address
57791;0;0;0x0000;02 Illegal Data Address
57792;0;0;0x0000;02 Illegal Data Address
57793;0;0;0x0000;02 Illegal Data Address
57794;0;0;0x0000;02 Illegal Data Address
57795;0;0;0x0000;02 Illegal Data Address
57796;0;0;0x0000;02 Illegal Data Address
57797;0;0;0x0000;02 Illegal Data Address
57798;0;0;0x0000;02 Illegal Data Address
57799;0;0;0x0000;02 Illegal Data Address
57800;0;0;0x0000;02 Illegal Data Address
57801;0;0;0x0000;02 Illegal Data Address
57802;0;0;0x0000;02 Illegal Data Address
57803;0;0;0x0000;02 Illegal Data Address
57804;0;0;0x0000;02 Illegal Data Address
57805;0;0;0x0000;02 Illegal Data Address
57806;0;0;0x0000;02 Illegal Data Address
57807;0;0;0x0000;02 Illegal Data Address
57808;0;0;0x0000;02 Illegal Data Address
57809;0;0;0x0000;02 Illegal Data Address
57810;0;0;0x0000;02 Illegal Data Address
57811;0;0;0x0000;02 Illegal Data Address
57812;0;0;0x0000;02 Illegal Data Address
57813;0;0;0x0000;02 Illegal Data Address
57814;0;0;0x0000;02 Illegal Data Address
57815;0;0;0x0000;02 Illegal Data Address
57816;0;0;0x0000;02 Illegal Data Address
57817;0;0;0x0000;02 Illegal Data Address
57818;0;0;0x0000;02 Illegal Data Address
57819;0;0;0x0000;02 Illegal Data Address
57820;0;0;0x0000;02 Illegal Data Address
57821;0;0;0x0000;02 Illegal Data Address
57822;0;0;0x0000;02 Illegal Data Address
57823;0;0;0x0000;02 Illegal Data Address
57824;0;0;0x0000;02 Illegal Data Address
57825;0;0;0x0000;02 Illegal Data Address
57826;0;0;0x0000;02 Illegal Data Address
57827;0;0;0x0000;02 Illegal Data Address
57828;0;0;0x0000;02 Illegal Data Address
57829;0;0;0x0000;02 Illegal Data Address
57830;0;0;0x0000;02 Illegal Data Address
57831;0;0;0x0000;02 Illegal Data Address
57832;0;0;0x0000;02 Illegal Data Address
57833;0;0;0x0000;02 Illegal Data Address
57834;0;0;0x0000;02 Illegal Data Address
57835;0;0;0x0000;02 Illegal Data Address
57836;0;0;0x0000;02 Illegal Data Address
57837;0;0;0x0000;02 Illegal Data Address
57838;0;0;0x0000;02 Illegal Data Address
57839;0;0;0x0000;02 Illegal Data Address
57840;0;0;0x0000;02 Illegal Data Address
57841;0;0;0x0000;02 Illegal Data Address
57842;0;0;0x0000;02 Illegal Data Address
57843;0;0;0x0000;02 Illegal Data Address
57844;0;0;0x0000;02 Illegal Data Address
57845;0;0;0x0000;02 Illegal Data Address
57846;0;0;0x0000;02 Illegal Data Address
57847;0;0;0x0000;02 Illegal Data Address
57848;0;0;0x0000;02 Illegal Data Address
57849;0;0;0x0000;02 Illegal Data Address
57850;0;0;0x0000;02 Illegal Data Address
57851;0;0;0x0000;02 Illegal Data Address
57852;0;0;0x0000;02 Illegal Data Address
57853;0;0;0x0000;02 Illegal Data Address
57854;0;0;0x0000;02 Illegal Data Address
57855;0;0;0x0000;02 Illegal Data Address
57856;0;0;0x0000;02 Illegal Data Address
57857;0;0;0x0000;02 Illegal Data Address
57858;0;0;0x0000;02 Illegal Data Address
57859;0;0;0x0000;02 Illegal Data Address
57860;0;0;0x0000;02 Illegal Data Address
57861;0;0;0x0000;02 Illegal Data Address
57862;0;0;0x0000;02 Illegal Data Address
57863;0;0;0x0000;02 Illegal Data Address
57864;0;0;0x0000;02 Illegal Data Address
57865;0;0;0x0000;02 Illegal Data Address
57866;0;0;0x0000;02 Illegal Data Address
57867;0;0;0x0000;02 Illegal Data Address
57868;0;0;0x0000;02 Illegal Data Address
57869;0;0;0x0000;02 Illegal Data Address
57870;0;0;0x0000;02 Illegal Data Address
57871;0;0;0x0000;02 Illegal Data Address
57872;0;0;0x0000;02 Illegal Data Address
57873;0;0;0x0000;02 Illegal Data Address
57874;0;0;0x0000;02 Illegal Data Address
57875;0;0;0x0000;02 Illegal Data Address
57876;0;0;0x0000;02 Illegal Data Address
57877;0;0;0x0000;02 Illegal Data Address
57878;0;0;0x0000;02 Illegal Data Address
57879;0;0;0x0000;02 Illegal Data Address
57880;0;0;0x0000;02 Illegal Data Address
57881;0;0;0x0000;02 Illegal Data Address
57882;0;0;0x0000;02 Illegal Data Address
57883;0;0;0x0000;02 Illegal Data Address
57884;0;0;0x0000;02 Illegal Data Address
57885;0;0;0x0000;02 Illegal Data Address
57886;0;0;0x0000;02 Illegal Data Address
57887;0;0;0x0000;02 Illegal Data Address
57888;0;0;0x0000;02 Illegal Data Address
57889;0;0;0x0000;02 Illegal Data Address
57890;0;0;0x0000;02 Illegal Data Address
57891;0;0;0x0000;02 Illegal Data Address
57892;0;0;0x0000;02 Illegal Data Address
57893;0;0;0x0000;02 Illegal Data Address
57894;0;0;0x0000;02 Illegal Data Address
57895;0;0;0x0000;02 Illegal Data Address
57896;0;0;0x0000;02 Illegal Data Address
57897;0;0;0x0000;02 Illegal Data Address
57898;0;0;0x0000;02 Illegal Data Address
57899;0;0;0x0000;02 Illegal Data Address
57900;0;0;0x0000;02 Illegal Data Address
57901;0;0;0x0000;02 Illegal Data Address
57902;0;0;0x0000;02 Illegal Data Address
57903;0;0;0x0000;02 Illegal Data Address
57904;0;0;0x0000;02 Illegal Data Address
57905;0;0;0x0000;02 Illegal Data Address
57906;0;0;0x0000;02 Illegal Data Address
57907;0;0;0x0000;02 Illegal Data Address
57908;0;0;0x0000;02 Illegal Data Address
57909;0;0;0x0000;02 Illegal Data Address
57910;0;0;0x0000;02 Illegal Data Address
57911;0;0;0x0000;02 Illegal Data Address
57912;0;0;0x0000;02 Illegal Data Address
57913;0;0;0x0000;02 Illegal Data Address
57914;0;0;0x0000;02 Illegal Data Address
57915;0;0;0x0000;02 Illegal Data Address
57916;0;0;0x0000;02 Illegal Data Address
57917;0;0;0x0000;02 Illegal Data Address
57918;0;0;0x0000;02 Illegal Data Address
57919;0;0;0x0000;02 Illegal Data Address
57920;0;0;0x0000;02 Illegal Data Address
57921;0;0;0x0000;02 Illegal Data Address
57922;0;0;0x0000;02 Illegal Data Address
57923;0;0;0x0000;02 Illegal Data Address
57924;0;0;0x0000;02 Illegal Data Address
57925;0;0;0x0000;02 Illegal Data Address
57926;0;0;0x0000;02 Illegal Data Address
57927;0;0;0x0000;02 Illegal Data Address
57928;0;0;0x0000;02 Illegal Data Address
57929;0;0;0x0000;02 Illegal Data Address
57930;0;0;0x0000;02 Illegal Data Address
57931;0;0;0x0000;02 Illegal Data Address
57932;0;0;0x0000;02 Illegal Data Address
57933;0;0;0x0000;02 Illegal Data Address
57934;0;0;0x0000;02 Illegal Data Address
57935;0;0;0x0000;02 Illegal Data Address
57936;0;0;0x0000;02 Illegal Data Address
57937;0;0;0x0000;02 Illegal Data Address
57938;0;0;0x0000;02 Illegal Data Address
57939;0;0;0x0000;02 Illegal Data Address
57940;0;0;0x0000;02 Illegal Data Address
57941;0;0;0x0000;02 Illegal Data Address
57942;0;0;0x0000;02 Illegal Data Address
57943;0;0;0x0000;02 Illegal Data Address
57944;0;0;0x0000;02 Illegal Data Address
57945;0;0;0x0000;02 Illegal Data Address
57946;0;0;0x0000;02 Illegal Data Address
57947;0;0;0x0000;02 Illegal Data Address
57948;0;0;0x0000;02 Illegal Data Address
57949;0;0;0x0000;02 Illegal Data Address
57950;0;0;0x0000;02 Illegal Data Address
57951;0;0;0x0000;02 Illegal Data Address
57952;0;0;0x0000;02 Illegal Data Address
57953;0;0;0x0000;02 Illegal Data Address
57954;0;0;0x0000;02 Illegal Data Address
57955;0;0;0x0000;02 Illegal Data Address
57956;0;0;0x0000;02 Illegal Data Address
57957;0;0;0x0000;02 Illegal Data Address
57958;0;0;0x0000;02 Illegal Data Address
57959;0;0;0x0000;02 Illegal Data Address
57960;0;0;0x0000;02 Illegal Data Address
57961;0;0;0x0000;02 Illegal Data Address
57962;0;0;0x0000;02 Illegal Data Address
57963;0;0;0x0000;02 Illegal Data Address
57964;0;0;0x0000;02 Illegal Data Address
57965;0;0;0x0000;02 Illegal Data Address
57966;0;0;0x0000;02 Illegal Data Address
57967;0;0;0x0000;02 Illegal Data Address
57968;0;0;0x0000;02 Illegal Data Address
57969;0;0;0x0000;02 Illegal Data Address
57970;0;0;0x0000;02 Illegal Data Address
57971;0;0;0x0000;02 Illegal Data Address
57972;0;0;0x0000;02 Illegal Data Address
57973;0;0;0x0000;02 Illegal Data Address
57974;0;0;0x0000;02 Illegal Data Address
57975;0;0;0x0000;02 Illegal Data Address
57976;0;0;0x0000;02 Illegal Data Address
57977;0;0;0x0000;02 Illegal Data Address
57978;0;0;0x0000;02 Illegal Data Address
57979;0;0;0x0000;02 Illegal Data Address
57980;0;0;0x0000;02 Illegal Data Address
57981;0;0;0x0000;02 Illegal Data Address
57982;0;0;0x0000;02 Illegal Data Address
57983;0;0;0x0000;02 Illegal Data Address
57984;0;0;0x0000;02 Illegal Data Address
57985;0;0;0x0000;02 Illegal Data Address
57986;0;0;0x0000;02 Illegal Data Address
57987;0;0;0x0000;02 Illegal Data Address
57988;0;0;0x0000;02 Illegal Data Address
57989;0;0;0x0000;02 Illegal Data Address
57990;0;0;0x0000;02 Illegal Data Address
57991;0;0;0x0000;02 Illegal Data Address
57992;0;0;0x0000;02 Illegal Data Address
57993;0;0;0x0000;02 Illegal Data Address
57994;0;0;0x0000;02 Illegal Data Address
57995;0;0;0x0000;02 Illegal Data Address
57996;0;0;0x0000;02 Illegal Data Address
57997;0;0;0x0000;02 Illegal Data Address
57998;0;0;0x0000;02 Illegal Data Address
57999;0;0;0x0000;02 Illegal Data Address
58000;0;0;0x0000;02 Illegal Data Address
58001;0;0;0x0000;02 Illegal Data Address
58002;0;0;0x0000;02 Illegal Data Address
58003;0;0;0x0000;02 Illegal Data Address
58004;0;0;0x0000;02 Illegal Data Address
58005;0;0;0x0000;02 Illegal Data Address
58006;0;0;0x0000;02 Illegal Data Address
58007;0;0;0x0000;02 Illegal Data Address
58008;0;0;0x0000;02 Illegal Data Address
58009;0;0;0x0000;02 Illegal Data Address
58010;0;0;0x0000;02 Illegal Data Address
58011;0;0;0x0000;02 Illegal Data Address
58012;0;0;0x0000;02 Illegal Data Address
58013;0;0;0x0000;02 Illegal Data Address
58014;0;0;0x0000;02 Illegal Data Address
58015;0;0;0x0000;02 Illegal Data Address
58016;0;0;0x0000;02 Illegal Data Address
58017;0;0;0x0000;02 Illegal Data Address
58018;0;0;0x0000;02 Illegal Data Address
58019;0;0;0x0000;02 Illegal Data Address
58020;0;0;0x0000;02 Illegal Data Address
58021;0;0;0x0000;02 Illegal Data Address
58022;0;0;0x0000;02 Illegal Data Address
58023;0;0;0x0000;02 Illegal Data Address
58024;0;0;0x0000;02 Illegal Data Address
58025;0;0;0x0000;02 Illegal Data Address
58026;0;0;0x0000;02 Illegal Data Address
58027;0;0;0x0000;02 Illegal Data Address
58028;0;0;0x0000;02 Illegal Data Address
58029;0;0;0x0000;02 Illegal Data Address
58030;0;0;0x0000;02 Illegal Data Address
58031;0;0;0x0000;02 Illegal Data Address
58032;0;0;0x0000;02 Illegal Data Address
58033;0;0;0x0000;02 Illegal Data Address
58034;0;0;0x0000;02 Illegal Data Address
58035;0;0;0x0000;02 Illegal Data Address
58036;0;0;0x0000;02 Illegal Data Address
58037;0;0;0x0000;02 Illegal Data Address
58038;0;0;0x0000;02 Illegal Data Address
58039;0;0;0x0000;02 Illegal Data Address
58040;0;0;0x0000;02 Illegal Data Address
58041;0;0;0x0000;02 Illegal Data Address
58042;0;0;0x0000;02 Illegal Data Address
58043;0;0;0x0000;02 Illegal Data Address
58044;0;0;0x0000;02 Illegal Data Address
58045;0;0;0x0000;02 Illegal Data Address
58046;0;0;0x0000;02 Illegal Data Address
58047;0;0;0x0000;02 Illegal Data Address
58048;0;0;0x0000;02 Illegal Data Address
58049;0;0;0x0000;02 Illegal Data Address
58050;0;0;0x0000;02 Illegal Data Address
58051;0;0;0x0000;02 Illegal Data Address
58052;0;0;0x0000;02 Illegal Data Address
58053;0;0;0x0000;02 Illegal Data Address
58054;0;0;0x0000;02 Illegal Data Address
58055;0;0;0x0000;02 Illegal Data Address
58056;0;0;0x0000;02 Illegal Data Address
58057;0;0;0x0000;02 Illegal Data Address
58058;0;0;0x0000;02 Illegal Data Address
58059;0;0;0x0000;02 Illegal Data Address
58060;0;0;0x0000;02 Illegal Data Address
58061;0;0;0x0000;02 Illegal Data Address
58062;0;0;0x0000;02 Illegal Data Address
58063;0;0;0x0000;02 Illegal Data Address
58064;0;0;0x0000;02 Illegal Data Address
58065;0;0;0x0000;02 Illegal Data Address
58066;0;0;0x0000;02 Illegal Data Address
58067;0;0;0x0000;02 Illegal Data Address
58068;0;0;0x0000;02 Illegal Data Address
58069;0;0;0x0000;02 Illegal Data Address
58070;0;0;0x0000;02 Illegal Data Address
58071;0;0;0x0000;02 Illegal Data Address
58072;0;0;0x0000;02 Illegal Data Address
58073;0;0;0x0000;02 Illegal Data Address
58074;0;0;0x0000;02 Illegal Data Address
58075;0;0;0x0000;02 Illegal Data Address
58076;0;0;0x0000;02 Illegal Data Address
58077;0;0;0x0000;02 Illegal Data Address
58078;0;0;0x0000;02 Illegal Data Address
58079;0;0;0x0000;02 Illegal Data Address
58080;0;0;0x0000;02 Illegal Data Address
58081;0;0;0x0000;02 Illegal Data Address
58082;0;0;0x0000;02 Illegal Data Address
58083;0;0;0x0000;02 Illegal Data Address
58084;0;0;0x0000;02 Illegal Data Address
58085;0;0;0x0000;02 Illegal Data Address
58086;0;0;0x0000;02 Illegal Data Address
58087;0;0;0x0000;02 Illegal Data Address
58088;0;0;0x0000;02 Illegal Data Address
58089;0;0;0x0000;02 Illegal Data Address
58090;0;0;0x0000;02 Illegal Data Address
58091;0;0;0x0000;02 Illegal Data Address
58092;0;0;0x0000;02 Illegal Data Address
58093;0;0;0x0000;02 Illegal Data Address
58094;0;0;0x0000;02 Illegal Data Address
58095;0;0;0x0000;02 Illegal Data Address
58096;0;0;0x0000;02 Illegal Data Address
58097;0;0;0x0000;02 Illegal Data Address
58098;0;0;0x0000;02 Illegal Data Address
58099;0;0;0x0000;02 Illegal Data Address
58100;0;0;0x0000;02 Illegal Data Address
58101;0;0;0x0000;02 Illegal Data Address
58102;0;0;0x0000;02 Illegal Data Address
58103;0;0;0x0000;02 Illegal Data Address
58104;0;0;0x0000;02 Illegal Data Address
58105;0;0;0x0000;02 Illegal Data Address
58106;0;0;0x0000;02 Illegal Data Address
58107;0;0;0x0000;02 Illegal Data Address
58108;0;0;0x0000;02 Illegal Data Address
58109;0;0;0x0000;02 Illegal Data Address
58110;0;0;0x0000;02 Illegal Data Address
58111;0;0;0x0000;02 Illegal Data Address
58112;0;0;0x0000;02 Illegal Data Address
58113;0;0;0x0000;02 Illegal Data Address
58114;0;0;0x0000;02 Illegal Data Address
58115;0;0;0x0000;02 Illegal Data Address
58116;0;0;0x0000;02 Illegal Data Address
58117;0;0;0x0000;02 Illegal Data Address
58118;0;0;0x0000;02 Illegal Data Address
58119;0;0;0x0000;02 Illegal Data Address
58120;0;0;0x0000;02 Illegal Data Address
58121;0;0;0x0000;02 Illegal Data Address
58122;0;0;0x0000;02 Illegal Data Address
58123;0;0;0x0000;02 Illegal Data Address
58124;0;0;0x0000;02 Illegal Data Address
58125;0;0;0x0000;02 Illegal Data Address
58126;0;0;0x0000;02 Illegal Data Address
58127;0;0;0x0000;02 Illegal Data Address
58128;0;0;0x0000;02 Illegal Data Address
58129;0;0;0x0000;02 Illegal Data Address
58130;0;0;0x0000;02 Illegal Data Address
58131;0;0;0x0000;02 Illegal Data Address
58132;0;0;0x0000;02 Illegal Data Address
58133;0;0;0x0000;02 Illegal Data Address
58134;0;0;0x0000;02 Illegal Data Address
58135;0;0;0x0000;02 Illegal Data Address
58136;0;0;0x0000;02 Illegal Data Address
58137;0;0;0x0000;02 Illegal Data Address
58138;0;0;0x0000;02 Illegal Data Address
58139;0;0;0x0000;02 Illegal Data Address
58140;0;0;0x0000;02 Illegal Data Address
58141;0;0;0x0000;02 Illegal Data Address
58142;0;0;0x0000;02 Illegal Data Address
58143;0;0;0x0000;02 Illegal Data Address
58144;0;0;0x0000;02 Illegal Data Address
58145;0;0;0x0000;02 Illegal Data Address
58146;0;0;0x0000;02 Illegal Data Address
58147;0;0;0x0000;02 Illegal Data Address
58148;0;0;0x0000;02 Illegal Data Address
58149;0;0;0x0000;02 Illegal Data Address
58150;0;0;0x0000;02 Illegal Data Address
58151;0;0;0x0000;02 Illegal Data Address
58152;0;0;0x0000;02 Illegal Data Address
58153;0;0;0x0000;02 Illegal Data Address
58154;0;0;0x0000;02 Illegal Data Address
58155;0;0;0x0000;02 Illegal Data Address
58156;0;0;0x0000;02 Illegal Data Address
58157;0;0;0x0000;02 Illegal Data Address
58158;0;0;0x0000;02 Illegal Data Address
58159;0;0;0x0000;02 Illegal Data Address
58160;0;0;0x0000;02 Illegal Data Address
58161;0;0;0x0000;02 Illegal Data Address
58162;0;0;0x0000;02 Illegal Data Address
58163;0;0;0x0000;02 Illegal Data Address
58164;0;0;0x0000;02 Illegal Data Address
58165;0;0;0x0000;02 Illegal Data Address
58166;0;0;0x0000;02 Illegal Data Address
58167;0;0;0x0000;02 Illegal Data Address
58168;0;0;0x0000;02 Illegal Data Address
58169;0;0;0x0000;02 Illegal Data Address
58170;0;0;0x0000;02 Illegal Data Address
58171;0;0;0x0000;02 Illegal Data Address
58172;0;0;0x0000;02 Illegal Data Address
58173;0;0;0x0000;02 Illegal Data Address
58174;0;0;0x0000;02 Illegal Data Address
58175;0;0;0x0000;02 Illegal Data Address
58176;0;0;0x0000;02 Illegal Data Address
58177;0;0;0x0000;02 Illegal Data Address
58178;0;0;0x0000;02 Illegal Data Address
58179;0;0;0x0000;02 Illegal Data Address
58180;0;0;0x0000;02 Illegal Data Address
58181;0;0;0x0000;02 Illegal Data Address
58182;0;0;0x0000;02 Illegal Data Address
58183;0;0;0x0000;02 Illegal Data Address
58184;0;0;0x0000;02 Illegal Data Address
58185;0;0;0x0000;02 Illegal Data Address
58186;0;0;0x0000;02 Illegal Data Address
58187;0;0;0x0000;02 Illegal Data Address
58188;0;0;0x0000;02 Illegal Data Address
58189;0;0;0x0000;02 Illegal Data Address
58190;0;0;0x0000;02 Illegal Data Address
58191;0;0;0x0000;02 Illegal Data Address
58192;0;0;0x0000;02 Illegal Data Address
58193;0;0;0x0000;02 Illegal Data Address
58194;0;0;0x0000;02 Illegal Data Address
58195;0;0;0x0000;02 Illegal Data Address
58196;0;0;0x0000;02 Illegal Data Address
58197;0;0;0x0000;02 Illegal Data Address
58198;0;0;0x0000;02 Illegal Data Address
58199;0;0;0x0000;02 Illegal Data Address
58200;0;0;0x0000;02 Illegal Data Address
58201;0;0;0x0000;02 Illegal Data Address
58202;0;0;0x0000;02 Illegal Data Address
58203;0;0;0x0000;02 Illegal Data Address
58204;0;0;0x0000;02 Illegal Data Address
58205;0;0;0x0000;02 Illegal Data Address
58206;0;0;0x0000;02 Illegal Data Address
58207;0;0;0x0000;02 Illegal Data Address
58208;0;0;0x0000;02 Illegal Data Address
58209;0;0;0x0000;02 Illegal Data Address
58210;0;0;0x0000;02 Illegal Data Address
58211;0;0;0x0000;02 Illegal Data Address
58212;0;0;0x0000;02 Illegal Data Address
58213;0;0;0x0000;02 Illegal Data Address
58214;0;0;0x0000;02 Illegal Data Address
58215;0;0;0x0000;02 Illegal Data Address
58216;0;0;0x0000;02 Illegal Data Address
58217;0;0;0x0000;02 Illegal Data Address
58218;0;0;0x0000;02 Illegal Data Address
58219;0;0;0x0000;02 Illegal Data Address
58220;0;0;0x0000;02 Illegal Data Address
58221;0;0;0x0000;02 Illegal Data Address
58222;0;0;0x0000;02 Illegal Data Address
58223;0;0;0x0000;02 Illegal Data Address
58224;0;0;0x0000;02 Illegal Data Address
58225;0;0;0x0000;02 Illegal Data Address
58226;0;0;0x0000;02 Illegal Data Address
58227;0;0;0x0000;02 Illegal Data Address
58228;0;0;0x0000;02 Illegal Data Address
58229;0;0;0x0000;02 Illegal Data Address
58230;0;0;0x0000;02 Illegal Data Address
58231;0;0;0x0000;02 Illegal Data Address
58232;0;0;0x0000;02 Illegal Data Address
58233;0;0;0x0000;02 Illegal Data Address
58234;0;0;0x0000;02 Illegal Data Address
58235;0;0;0x0000;02 Illegal Data Address
58236;0;0;0x0000;02 Illegal Data Address
58237;0;0;0x0000;02 Illegal Data Address
58238;0;0;0x0000;02 Illegal Data Address
58239;0;0;0x0000;02 Illegal Data Address
58240;0;0;0x0000;02 Illegal Data Address
58241;0;0;0x0000;02 Illegal Data Address
58242;0;0;0x0000;02 Illegal Data Address
58243;0;0;0x0000;02 Illegal Data Address
58244;0;0;0x0000;02 Illegal Data Address
58245;0;0;0x0000;02 Illegal Data Address
58246;0;0;0x0000;02 Illegal Data Address
58247;0;0;0x0000;02 Illegal Data Address
58248;0;0;0x0000;02 Illegal Data Address
58249;0;0;0x0000;02 Illegal Data Address
58250;0;0;0x0000;02 Illegal Data Address
58251;0;0;0x0000;02 Illegal Data Address
58252;0;0;0x0000;02 Illegal Data Address
58253;0;0;0x0000;02 Illegal Data Address
58254;0;0;0x0000;02 Illegal Data Address
58255;0;0;0x0000;02 Illegal Data Address
58256;0;0;0x0000;02 Illegal Data Address
58257;0;0;0x0000;02 Illegal Data Address
58258;0;0;0x0000;02 Illegal Data Address
58259;0;0;0x0000;02 Illegal Data Address
58260;0;0;0x0000;02 Illegal Data Address
58261;0;0;0x0000;02 Illegal Data Address
58262;0;0;0x0000;02 Illegal Data Address
58263;0;0;0x0000;02 Illegal Data Address
58264;0;0;0x0000;02 Illegal Data Address
58265;0;0;0x0000;02 Illegal Data Address
58266;0;0;0x0000;02 Illegal Data Address
58267;0;0;0x0000;02 Illegal Data Address
58268;0;0;0x0000;02 Illegal Data Address
58269;0;0;0x0000;02 Illegal Data Address
58270;0;0;0x0000;02 Illegal Data Address
58271;0;0;0x0000;02 Illegal Data Address
58272;0;0;0x0000;02 Illegal Data Address
58273;0;0;0x0000;02 Illegal Data Address
58274;0;0;0x0000;02 Illegal Data Address
58275;0;0;0x0000;02 Illegal Data Address
58276;0;0;0x0000;02 Illegal Data Address
58277;0;0;0x0000;02 Illegal Data Address
58278;0;0;0x0000;02 Illegal Data Address
58279;0;0;0x0000;02 Illegal Data Address
58280;0;0;0x0000;02 Illegal Data Address
58281;0;0;0x0000;02 Illegal Data Address
58282;0;0;0x0000;02 Illegal Data Address
58283;0;0;0x0000;02 Illegal Data Address
58284;0;0;0x0000;02 Illegal Data Address
58285;0;0;0x0000;02 Illegal Data Address
58286;0;0;0x0000;02 Illegal Data Address
58287;0;0;0x0000;02 Illegal Data Address
58288;0;0;0x0000;02 Illegal Data Address
58289;0;0;0x0000;02 Illegal Data Address
58290;0;0;0x0000;02 Illegal Data Address
58291;0;0;0x0000;02 Illegal Data Address
58292;0;0;0x0000;02 Illegal Data Address
58293;0;0;0x0000;02 Illegal Data Address
58294;0;0;0x0000;02 Illegal Data Address
58295;0;0;0x0000;02 Illegal Data Address
58296;0;0;0x0000;02 Illegal Data Address
58297;0;0;0x0000;02 Illegal Data Address
58298;0;0;0x0000;02 Illegal Data Address
58299;0;0;0x0000;02 Illegal Data Address
58300;0;0;0x0000;02 Illegal Data Address
58301;0;0;0x0000;02 Illegal Data Address
58302;0;0;0x0000;02 Illegal Data Address
58303;0;0;0x0000;02 Illegal Data Address
58304;0;0;0x0000;02 Illegal Data Address
58305;0;0;0x0000;02 Illegal Data Address
58306;0;0;0x0000;02 Illegal Data Address
58307;0;0;0x0000;02 Illegal Data Address
58308;0;0;0x0000;02 Illegal Data Address
58309;0;0;0x0000;02 Illegal Data Address
58310;0;0;0x0000;02 Illegal Data Address
58311;0;0;0x0000;02 Illegal Data Address
58312;0;0;0x0000;02 Illegal Data Address
58313;0;0;0x0000;02 Illegal Data Address
58314;0;0;0x0000;02 Illegal Data Address
58315;0;0;0x0000;02 Illegal Data Address
58316;0;0;0x0000;02 Illegal Data Address
58317;0;0;0x0000;02 Illegal Data Address
58318;0;0;0x0000;02 Illegal Data Address
58319;0;0;0x0000;02 Illegal Data Address
58320;0;0;0x0000;02 Illegal Data Address
58321;0;0;0x0000;02 Illegal Data Address
58322;0;0;0x0000;02 Illegal Data Address
58323;0;0;0x0000;02 Illegal Data Address
58324;0;0;0x0000;02 Illegal Data Address
58325;0;0;0x0000;02 Illegal Data Address
58326;0;0;0x0000;02 Illegal Data Address
58327;0;0;0x0000;02 Illegal Data Address
58328;0;0;0x0000;02 Illegal Data Address
58329;0;0;0x0000;02 Illegal Data Address
58330;0;0;0x0000;02 Illegal Data Address
58331;0;0;0x0000;02 Illegal Data Address
58332;0;0;0x0000;02 Illegal Data Address
58333;0;0;0x0000;02 Illegal Data Address
58334;0;0;0x0000;02 Illegal Data Address
58335;0;0;0x0000;02 Illegal Data Address
58336;0;0;0x0000;02 Illegal Data Address
58337;0;0;0x0000;02 Illegal Data Address
58338;0;0;0x0000;02 Illegal Data Address
58339;0;0;0x0000;02 Illegal Data Address
58340;0;0;0x0000;02 Illegal Data Address
58341;0;0;0x0000;02 Illegal Data Address
58342;0;0;0x0000;02 Illegal Data Address
58343;0;0;0x0000;02 Illegal Data Address
58344;0;0;0x0000;02 Illegal Data Address
58345;0;0;0x0000;02 Illegal Data Address
58346;0;0;0x0000;02 Illegal Data Address
58347;0;0;0x0000;02 Illegal Data Address
58348;0;0;0x0000;02 Illegal Data Address
58349;0;0;0x0000;02 Illegal Data Address
58350;0;0;0x0000;02 Illegal Data Address
58351;0;0;0x0000;02 Illegal Data Address
58352;0;0;0x0000;02 Illegal Data Address
58353;0;0;0x0000;02 Illegal Data Address
58354;0;0;0x0000;02 Illegal Data Address
58355;0;0;0x0000;02 Illegal Data Address
58356;0;0;0x0000;02 Illegal Data Address
58357;0;0;0x0000;02 Illegal Data Address
58358;0;0;0x0000;02 Illegal Data Address
58359;0;0;0x0000;02 Illegal Data Address
58360;0;0;0x0000;02 Illegal Data Address
58361;0;0;0x0000;02 Illegal Data Address
58362;0;0;0x0000;02 Illegal Data Address
58363;0;0;0x0000;02 Illegal Data Address
58364;0;0;0x0000;02 Illegal Data Address
58365;0;0;0x0000;02 Illegal Data Address
58366;0;0;0x0000;02 Illegal Data Address
58367;0;0;0x0000;02 Illegal Data Address
58368;0;0;0x0000;02 Illegal Data Address
58369;0;0;0x0000;02 Illegal Data Address
58370;0;0;0x0000;02 Illegal Data Address
58371;0;0;0x0000;02 Illegal Data Address
58372;0;0;0x0000;02 Illegal Data Address
58373;0;0;0x0000;02 Illegal Data Address
58374;0;0;0x0000;02 Illegal Data Address
58375;0;0;0x0000;02 Illegal Data Address
58376;0;0;0x0000;02 Illegal Data Address
58377;0;0;0x0000;02 Illegal Data Address
58378;0;0;0x0000;02 Illegal Data Address
58379;0;0;0x0000;02 Illegal Data Address
58380;0;0;0x0000;02 Illegal Data Address
58381;0;0;0x0000;02 Illegal Data Address
58382;0;0;0x0000;02 Illegal Data Address
58383;0;0;0x0000;02 Illegal Data Address
58384;0;0;0x0000;02 Illegal Data Address
58385;0;0;0x0000;02 Illegal Data Address
58386;0;0;0x0000;02 Illegal Data Address
58387;0;0;0x0000;02 Illegal Data Address
58388;0;0;0x0000;02 Illegal Data Address
58389;0;0;0x0000;02 Illegal Data Address
58390;0;0;0x0000;02 Illegal Data Address
58391;0;0;0x0000;02 Illegal Data Address
58392;0;0;0x0000;02 Illegal Data Address
58393;0;0;0x0000;02 Illegal Data Address
58394;0;0;0x0000;02 Illegal Data Address
58395;0;0;0x0000;02 Illegal Data Address
58396;0;0;0x0000;02 Illegal Data Address
58397;0;0;0x0000;02 Illegal Data Address
58398;0;0;0x0000;02 Illegal Data Address
58399;0;0;0x0000;02 Illegal Data Address
58400;0;0;0x0000;02 Illegal Data Address
58401;0;0;0x0000;02 Illegal Data Address
58402;0;0;0x0000;02 Illegal Data Address
58403;0;0;0x0000;02 Illegal Data Address
58404;0;0;0x0000;02 Illegal Data Address
58405;0;0;0x0000;02 Illegal Data Address
58406;0;0;0x0000;02 Illegal Data Address
58407;0;0;0x0000;02 Illegal Data Address
58408;0;0;0x0000;02 Illegal Data Address
58409;0;0;0x0000;02 Illegal Data Address
58410;0;0;0x0000;02 Illegal Data Address
58411;0;0;0x0000;02 Illegal Data Address
58412;0;0;0x0000;02 Illegal Data Address
58413;0;0;0x0000;02 Illegal Data Address
58414;0;0;0x0000;02 Illegal Data Address
58415;0;0;0x0000;02 Illegal Data Address
58416;0;0;0x0000;02 Illegal Data Address
58417;0;0;0x0000;02 Illegal Data Address
58418;0;0;0x0000;02 Illegal Data Address
58419;0;0;0x0000;02 Illegal Data Address
58420;0;0;0x0000;02 Illegal Data Address
58421;0;0;0x0000;02 Illegal Data Address
58422;0;0;0x0000;02 Illegal Data Address
58423;0;0;0x0000;02 Illegal Data Address
58424;0;0;0x0000;02 Illegal Data Address
58425;0;0;0x0000;02 Illegal Data Address
58426;0;0;0x0000;02 Illegal Data Address
58427;0;0;0x0000;02 Illegal Data Address
58428;0;0;0x0000;02 Illegal Data Address
58429;0;0;0x0000;02 Illegal Data Address
58430;0;0;0x0000;02 Illegal Data Address
58431;0;0;0x0000;02 Illegal Data Address
58432;0;0;0x0000;02 Illegal Data Address
58433;0;0;0x0000;02 Illegal Data Address
58434;0;0;0x0000;02 Illegal Data Address
58435;0;0;0x0000;02 Illegal Data Address
58436;0;0;0x0000;02 Illegal Data Address
58437;0;0;0x0000;02 Illegal Data Address
58438;0;0;0x0000;02 Illegal Data Address
58439;0;0;0x0000;02 Illegal Data Address
58440;0;0;0x0000;02 Illegal Data Address
58441;0;0;0x0000;02 Illegal Data Address
58442;0;0;0x0000;02 Illegal Data Address
58443;0;0;0x0000;02 Illegal Data Address
58444;0;0;0x0000;02 Illegal Data Address
58445;0;0;0x0000;02 Illegal Data Address
58446;0;0;0x0000;02 Illegal Data Address
58447;0;0;0x0000;02 Illegal Data Address
58448;0;0;0x0000;02 Illegal Data Address
58449;0;0;0x0000;02 Illegal Data Address
58450;0;0;0x0000;02 Illegal Data Address
58451;0;0;0x0000;02 Illegal Data Address
58452;0;0;0x0000;02 Illegal Data Address
58453;0;0;0x0000;02 Illegal Data Address
58454;0;0;0x0000;02 Illegal Data Address
58455;0;0;0x0000;02 Illegal Data Address
58456;0;0;0x0000;02 Illegal Data Address
58457;0;0;0x0000;02 Illegal Data Address
58458;0;0;0x0000;02 Illegal Data Address
58459;0;0;0x0000;02 Illegal Data Address
58460;0;0;0x0000;02 Illegal Data Address
58461;0;0;0x0000;02 Illegal Data Address
58462;0;0;0x0000;02 Illegal Data Address
58463;0;0;0x0000;02 Illegal Data Address
58464;0;0;0x0000;02 Illegal Data Address
58465;0;0;0x0000;02 Illegal Data Address
58466;0;0;0x0000;02 Illegal Data Address
58467;0;0;0x0000;02 Illegal Data Address
58468;0;0;0x0000;02 Illegal Data Address
58469;0;0;0x0000;02 Illegal Data Address
58470;0;0;0x0000;02 Illegal Data Address
58471;0;0;0x0000;02 Illegal Data Address
58472;0;0;0x0000;02 Illegal Data Address
58473;0;0;0x0000;02 Illegal Data Address
58474;0;0;0x0000;02 Illegal Data Address
58475;0;0;0x0000;02 Illegal Data Address
58476;0;0;0x0000;02 Illegal Data Address
58477;0;0;0x0000;02 Illegal Data Address
58478;0;0;0x0000;02 Illegal Data Address
58479;0;0;0x0000;02 Illegal Data Address
58480;0;0;0x0000;02 Illegal Data Address
58481;0;0;0x0000;02 Illegal Data Address
58482;0;0;0x0000;02 Illegal Data Address
58483;0;0;0x0000;02 Illegal Data Address
58484;0;0;0x0000;02 Illegal Data Address
58485;0;0;0x0000;02 Illegal Data Address
58486;0;0;0x0000;02 Illegal Data Address
58487;0;0;0x0000;02 Illegal Data Address
58488;0;0;0x0000;02 Illegal Data Address
58489;0;0;0x0000;02 Illegal Data Address
58490;0;0;0x0000;02 Illegal Data Address
58491;0;0;0x0000;02 Illegal Data Address
58492;0;0;0x0000;02 Illegal Data Address
58493;0;0;0x0000;02 Illegal Data Address
58494;0;0;0x0000;02 Illegal Data Address
58495;0;0;0x0000;02 Illegal Data Address
58496;0;0;0x0000;02 Illegal Data Address
58497;0;0;0x0000;02 Illegal Data Address
58498;0;0;0x0000;02 Illegal Data Address
58499;0;0;0x0000;02 Illegal Data Address
58500;0;0;0x0000;02 Illegal Data Address
58501;0;0;0x0000;02 Illegal Data Address
58502;0;0;0x0000;02 Illegal Data Address
58503;0;0;0x0000;02 Illegal Data Address
58504;0;0;0x0000;02 Illegal Data Address
58505;0;0;0x0000;02 Illegal Data Address
58506;0;0;0x0000;02 Illegal Data Address
58507;0;0;0x0000;02 Illegal Data Address
58508;0;0;0x0000;02 Illegal Data Address
58509;0;0;0x0000;02 Illegal Data Address
58510;0;0;0x0000;02 Illegal Data Address
58511;0;0;0x0000;02 Illegal Data Address
58512;0;0;0x0000;02 Illegal Data Address
58513;0;0;0x0000;02 Illegal Data Address
58514;0;0;0x0000;02 Illegal Data Address
58515;0;0;0x0000;02 Illegal Data Address
58516;0;0;0x0000;02 Illegal Data Address
58517;0;0;0x0000;02 Illegal Data Address
58518;0;0;0x0000;02 Illegal Data Address
58519;0;0;0x0000;02 Illegal Data Address
58520;0;0;0x0000;02 Illegal Data Address
58521;0;0;0x0000;02 Illegal Data Address
58522;0;0;0x0000;02 Illegal Data Address
58523;0;0;0x0000;02 Illegal Data Address
58524;0;0;0x0000;02 Illegal Data Address
58525;0;0;0x0000;02 Illegal Data Address
58526;0;0;0x0000;02 Illegal Data Address
58527;0;0;0x0000;02 Illegal Data Address
58528;0;0;0x0000;02 Illegal Data Address
58529;0;0;0x0000;02 Illegal Data Address
58530;0;0;0x0000;02 Illegal Data Address
58531;0;0;0x0000;02 Illegal Data Address
58532;0;0;0x0000;02 Illegal Data Address
58533;0;0;0x0000;02 Illegal Data Address
58534;0;0;0x0000;02 Illegal Data Address
58535;0;0;0x0000;02 Illegal Data Address
58536;0;0;0x0000;02 Illegal Data Address
58537;0;0;0x0000;02 Illegal Data Address
58538;0;0;0x0000;02 Illegal Data Address
58539;0;0;0x0000;02 Illegal Data Address
58540;0;0;0x0000;02 Illegal Data Address
58541;0;0;0x0000;02 Illegal Data Address
58542;0;0;0x0000;02 Illegal Data Address
58543;0;0;0x0000;02 Illegal Data Address
58544;0;0;0x0000;02 Illegal Data Address
58545;0;0;0x0000;02 Illegal Data Address
58546;0;0;0x0000;02 Illegal Data Address
58547;0;0;0x0000;02 Illegal Data Address
58548;0;0;0x0000;02 Illegal Data Address
58549;0;0;0x0000;02 Illegal Data Address
58550;0;0;0x0000;02 Illegal Data Address
58551;0;0;0x0000;02 Illegal Data Address
58552;0;0;0x0000;02 Illegal Data Address
58553;0;0;0x0000;02 Illegal Data Address
58554;0;0;0x0000;02 Illegal Data Address
58555;0;0;0x0000;02 Illegal Data Address
58556;0;0;0x0000;02 Illegal Data Address
58557;0;0;0x0000;02 Illegal Data Address
58558;0;0;0x0000;02 Illegal Data Address
58559;0;0;0x0000;02 Illegal Data Address
58560;0;0;0x0000;02 Illegal Data Address
58561;0;0;0x0000;02 Illegal Data Address
58562;0;0;0x0000;02 Illegal Data Address
58563;0;0;0x0000;02 Illegal Data Address
58564;0;0;0x0000;02 Illegal Data Address
58565;0;0;0x0000;02 Illegal Data Address
58566;0;0;0x0000;02 Illegal Data Address
58567;0;0;0x0000;02 Illegal Data Address
58568;0;0;0x0000;02 Illegal Data Address
58569;0;0;0x0000;02 Illegal Data Address
58570;0;0;0x0000;02 Illegal Data Address
58571;0;0;0x0000;02 Illegal Data Address
58572;0;0;0x0000;02 Illegal Data Address
58573;0;0;0x0000;02 Illegal Data Address
58574;0;0;0x0000;02 Illegal Data Address
58575;0;0;0x0000;02 Illegal Data Address
58576;0;0;0x0000;02 Illegal Data Address
58577;0;0;0x0000;02 Illegal Data Address
58578;0;0;0x0000;02 Illegal Data Address
58579;0;0;0x0000;02 Illegal Data Address
58580;0;0;0x0000;02 Illegal Data Address
58581;0;0;0x0000;02 Illegal Data Address
58582;0;0;0x0000;02 Illegal Data Address
58583;0;0;0x0000;02 Illegal Data Address
58584;0;0;0x0000;02 Illegal Data Address
58585;0;0;0x0000;02 Illegal Data Address
58586;0;0;0x0000;02 Illegal Data Address
58587;0;0;0x0000;02 Illegal Data Address
58588;0;0;0x0000;02 Illegal Data Address
58589;0;0;0x0000;02 Illegal Data Address
58590;0;0;0x0000;02 Illegal Data Address
58591;0;0;0x0000;02 Illegal Data Address
58592;0;0;0x0000;02 Illegal Data Address
58593;0;0;0x0000;02 Illegal Data Address
58594;0;0;0x0000;02 Illegal Data Address
58595;0;0;0x0000;02 Illegal Data Address
58596;0;0;0x0000;02 Illegal Data Address
58597;0;0;0x0000;02 Illegal Data Address
58598;0;0;0x0000;02 Illegal Data Address
58599;0;0;0x0000;02 Illegal Data Address
58600;0;0;0x0000;02 Illegal Data Address
58601;0;0;0x0000;02 Illegal Data Address
58602;0;0;0x0000;02 Illegal Data Address
58603;0;0;0x0000;02 Illegal Data Address
58604;0;0;0x0000;02 Illegal Data Address
58605;0;0;0x0000;02 Illegal Data Address
58606;0;0;0x0000;02 Illegal Data Address
58607;0;0;0x0000;02 Illegal Data Address
58608;0;0;0x0000;02 Illegal Data Address
58609;0;0;0x0000;02 Illegal Data Address
58610;0;0;0x0000;02 Illegal Data Address
58611;0;0;0x0000;02 Illegal Data Address
58612;0;0;0x0000;02 Illegal Data Address
58613;0;0;0x0000;02 Illegal Data Address
58614;0;0;0x0000;02 Illegal Data Address
58615;0;0;0x0000;02 Illegal Data Address
58616;0;0;0x0000;02 Illegal Data Address
58617;0;0;0x0000;02 Illegal Data Address
58618;0;0;0x0000;02 Illegal Data Address
58619;0;0;0x0000;02 Illegal Data Address
58620;0;0;0x0000;02 Illegal Data Address
58621;0;0;0x0000;02 Illegal Data Address
58622;0;0;0x0000;02 Illegal Data Address
58623;0;0;0x0000;02 Illegal Data Address
58624;0;0;0x0000;02 Illegal Data Address
58625;0;0;0x0000;02 Illegal Data Address
58626;0;0;0x0000;02 Illegal Data Address
58627;0;0;0x0000;02 Illegal Data Address
58628;0;0;0x0000;02 Illegal Data Address
58629;0;0;0x0000;02 Illegal Data Address
58630;0;0;0x0000;02 Illegal Data Address
58631;0;0;0x0000;02 Illegal Data Address
58632;0;0;0x0000;02 Illegal Data Address
58633;0;0;0x0000;02 Illegal Data Address
58634;0;0;0x0000;02 Illegal Data Address
58635;0;0;0x0000;02 Illegal Data Address
58636;0;0;0x0000;02 Illegal Data Address
58637;0;0;0x0000;02 Illegal Data Address
58638;0;0;0x0000;02 Illegal Data Address
58639;0;0;0x0000;02 Illegal Data Address
58640;0;0;0x0000;02 Illegal Data Address
58641;0;0;0x0000;02 Illegal Data Address
58642;0;0;0x0000;02 Illegal Data Address
58643;0;0;0x0000;02 Illegal Data Address
58644;0;0;0x0000;02 Illegal Data Address
58645;0;0;0x0000;02 Illegal Data Address
58646;0;0;0x0000;02 Illegal Data Address
58647;0;0;0x0000;02 Illegal Data Address
58648;0;0;0x0000;02 Illegal Data Address
58649;0;0;0x0000;02 Illegal Data Address
58650;0;0;0x0000;02 Illegal Data Address
58651;0;0;0x0000;02 Illegal Data Address
58652;0;0;0x0000;02 Illegal Data Address
58653;0;0;0x0000;02 Illegal Data Address
58654;0;0;0x0000;02 Illegal Data Address
58655;0;0;0x0000;02 Illegal Data Address
58656;0;0;0x0000;02 Illegal Data Address
58657;0;0;0x0000;02 Illegal Data Address
58658;0;0;0x0000;02 Illegal Data Address
58659;0;0;0x0000;02 Illegal Data Address
58660;0;0;0x0000;02 Illegal Data Address
58661;0;0;0x0000;02 Illegal Data Address
58662;0;0;0x0000;02 Illegal Data Address
58663;0;0;0x0000;02 Illegal Data Address
58664;0;0;0x0000;02 Illegal Data Address
58665;0;0;0x0000;02 Illegal Data Address
58666;0;0;0x0000;02 Illegal Data Address
58667;0;0;0x0000;02 Illegal Data Address
58668;0;0;0x0000;02 Illegal Data Address
58669;0;0;0x0000;02 Illegal Data Address
58670;0;0;0x0000;02 Illegal Data Address
58671;0;0;0x0000;02 Illegal Data Address
58672;0;0;0x0000;02 Illegal Data Address
58673;0;0;0x0000;02 Illegal Data Address
58674;0;0;0x0000;02 Illegal Data Address
58675;0;0;0x0000;02 Illegal Data Address
58676;0;0;0x0000;02 Illegal Data Address
58677;0;0;0x0000;02 Illegal Data Address
58678;0;0;0x0000;02 Illegal Data Address
58679;0;0;0x0000;02 Illegal Data Address
58680;0;0;0x0000;02 Illegal Data Address
58681;0;0;0x0000;02 Illegal Data Address
58682;0;0;0x0000;02 Illegal Data Address
58683;0;0;0x0000;02 Illegal Data Address
58684;0;0;0x0000;02 Illegal Data Address
58685;0;0;0x0000;02 Illegal Data Address
58686;0;0;0x0000;02 Illegal Data Address
58687;0;0;0x0000;02 Illegal Data Address
58688;0;0;0x0000;02 Illegal Data Address
58689;0;0;0x0000;02 Illegal Data Address
58690;0;0;0x0000;02 Illegal Data Address
58691;0;0;0x0000;02 Illegal Data Address
58692;0;0;0x0000;02 Illegal Data Address
58693;0;0;0x0000;02 Illegal Data Address
58694;0;0;0x0000;02 Illegal Data Address
58695;0;0;0x0000;02 Illegal Data Address
58696;0;0;0x0000;02 Illegal Data Address
58697;0;0;0x0000;02 Illegal Data Address
58698;0;0;0x0000;02 Illegal Data Address
58699;0;0;0x0000;02 Illegal Data Address
58700;0;0;0x0000;02 Illegal Data Address
58701;0;0;0x0000;02 Illegal Data Address
58702;0;0;0x0000;02 Illegal Data Address
58703;0;0;0x0000;02 Illegal Data Address
58704;0;0;0x0000;02 Illegal Data Address
58705;0;0;0x0000;02 Illegal Data Address
58706;0;0;0x0000;02 Illegal Data Address
58707;0;0;0x0000;02 Illegal Data Address
58708;0;0;0x0000;02 Illegal Data Address
58709;0;0;0x0000;02 Illegal Data Address
58710;0;0;0x0000;02 Illegal Data Address
58711;0;0;0x0000;02 Illegal Data Address
58712;0;0;0x0000;02 Illegal Data Address
58713;0;0;0x0000;02 Illegal Data Address
58714;0;0;0x0000;02 Illegal Data Address
58715;0;0;0x0000;02 Illegal Data Address
58716;0;0;0x0000;02 Illegal Data Address
58717;0;0;0x0000;02 Illegal Data Address
58718;0;0;0x0000;02 Illegal Data Address
58719;0;0;0x0000;02 Illegal Data Address
58720;0;0;0x0000;02 Illegal Data Address
58721;0;0;0x0000;02 Illegal Data Address
58722;0;0;0x0000;02 Illegal Data Address
58723;0;0;0x0000;02 Illegal Data Address
58724;0;0;0x0000;02 Illegal Data Address
58725;0;0;0x0000;02 Illegal Data Address
58726;0;0;0x0000;02 Illegal Data Address
58727;0;0;0x0000;02 Illegal Data Address
58728;0;0;0x0000;02 Illegal Data Address
58729;0;0;0x0000;02 Illegal Data Address
58730;0;0;0x0000;02 Illegal Data Address
58731;0;0;0x0000;02 Illegal Data Address
58732;0;0;0x0000;02 Illegal Data Address
58733;0;0;0x0000;02 Illegal Data Address
58734;0;0;0x0000;02 Illegal Data Address
58735;0;0;0x0000;02 Illegal Data Address
58736;0;0;0x0000;02 Illegal Data Address
58737;0;0;0x0000;02 Illegal Data Address
58738;0;0;0x0000;02 Illegal Data Address
58739;0;0;0x0000;02 Illegal Data Address
58740;0;0;0x0000;02 Illegal Data Address
58741;0;0;0x0000;02 Illegal Data Address
58742;0;0;0x0000;02 Illegal Data Address
58743;0;0;0x0000;02 Illegal Data Address
58744;0;0;0x0000;02 Illegal Data Address
58745;0;0;0x0000;02 Illegal Data Address
58746;0;0;0x0000;02 Illegal Data Address
58747;0;0;0x0000;02 Illegal Data Address
58748;0;0;0x0000;02 Illegal Data Address
58749;0;0;0x0000;02 Illegal Data Address
58750;0;0;0x0000;02 Illegal Data Address
58751;0;0;0x0000;02 Illegal Data Address
58752;0;0;0x0000;02 Illegal Data Address
58753;0;0;0x0000;02 Illegal Data Address
58754;0;0;0x0000;02 Illegal Data Address
58755;0;0;0x0000;02 Illegal Data Address
58756;0;0;0x0000;02 Illegal Data Address
58757;0;0;0x0000;02 Illegal Data Address
58758;0;0;0x0000;02 Illegal Data Address
58759;0;0;0x0000;02 Illegal Data Address
58760;0;0;0x0000;02 Illegal Data Address
58761;0;0;0x0000;02 Illegal Data Address
58762;0;0;0x0000;02 Illegal Data Address
58763;0;0;0x0000;02 Illegal Data Address
58764;0;0;0x0000;02 Illegal Data Address
58765;0;0;0x0000;02 Illegal Data Address
58766;0;0;0x0000;02 Illegal Data Address
58767;0;0;0x0000;02 Illegal Data Address
58768;0;0;0x0000;02 Illegal Data Address
58769;0;0;0x0000;02 Illegal Data Address
58770;0;0;0x0000;02 Illegal Data Address
58771;0;0;0x0000;02 Illegal Data Address
58772;0;0;0x0000;02 Illegal Data Address
58773;0;0;0x0000;02 Illegal Data Address
58774;0;0;0x0000;02 Illegal Data Address
58775;0;0;0x0000;02 Illegal Data Address
58776;0;0;0x0000;02 Illegal Data Address
58777;0;0;0x0000;02 Illegal Data Address
58778;0;0;0x0000;02 Illegal Data Address
58779;0;0;0x0000;02 Illegal Data Address
58780;0;0;0x0000;02 Illegal Data Address
58781;0;0;0x0000;02 Illegal Data Address
58782;0;0;0x0000;02 Illegal Data Address
58783;0;0;0x0000;02 Illegal Data Address
58784;0;0;0x0000;02 Illegal Data Address
58785;0;0;0x0000;02 Illegal Data Address
58786;0;0;0x0000;02 Illegal Data Address
58787;0;0;0x0000;02 Illegal Data Address
58788;0;0;0x0000;02 Illegal Data Address
58789;0;0;0x0000;02 Illegal Data Address
58790;0;0;0x0000;02 Illegal Data Address
58791;0;0;0x0000;02 Illegal Data Address
58792;0;0;0x0000;02 Illegal Data Address
58793;0;0;0x0000;02 Illegal Data Address
58794;0;0;0x0000;02 Illegal Data Address
58795;0;0;0x0000;02 Illegal Data Address
58796;0;0;0x0000;02 Illegal Data Address
58797;0;0;0x0000;02 Illegal Data Address
58798;0;0;0x0000;02 Illegal Data Address
58799;0;0;0x0000;02 Illegal Data Address
58800;0;0;0x0000;02 Illegal Data Address
58801;0;0;0x0000;02 Illegal Data Address
58802;0;0;0x0000;02 Illegal Data Address
58803;0;0;0x0000;02 Illegal Data Address
58804;0;0;0x0000;02 Illegal Data Address
58805;0;0;0x0000;02 Illegal Data Address
58806;0;0;0x0000;02 Illegal Data Address
58807;0;0;0x0000;02 Illegal Data Address
58808;0;0;0x0000;02 Illegal Data Address
58809;0;0;0x0000;02 Illegal Data Address
58810;0;0;0x0000;02 Illegal Data Address
58811;0;0;0x0000;02 Illegal Data Address
58812;0;0;0x0000;02 Illegal Data Address
58813;0;0;0x0000;02 Illegal Data Address
58814;0;0;0x0000;02 Illegal Data Address
58815;0;0;0x0000;02 Illegal Data Address
58816;0;0;0x0000;02 Illegal Data Address
58817;0;0;0x0000;02 Illegal Data Address
58818;0;0;0x0000;02 Illegal Data Address
58819;0;0;0x0000;02 Illegal Data Address
58820;0;0;0x0000;02 Illegal Data Address
58821;0;0;0x0000;02 Illegal Data Address
58822;0;0;0x0000;02 Illegal Data Address
58823;0;0;0x0000;02 Illegal Data Address
58824;0;0;0x0000;02 Illegal Data Address
58825;0;0;0x0000;02 Illegal Data Address
58826;0;0;0x0000;02 Illegal Data Address
58827;0;0;0x0000;02 Illegal Data Address
58828;0;0;0x0000;02 Illegal Data Address
58829;0;0;0x0000;02 Illegal Data Address
58830;0;0;0x0000;02 Illegal Data Address
58831;0;0;0x0000;02 Illegal Data Address
58832;0;0;0x0000;02 Illegal Data Address
58833;0;0;0x0000;02 Illegal Data Address
58834;0;0;0x0000;02 Illegal Data Address
58835;0;0;0x0000;02 Illegal Data Address
58836;0;0;0x0000;02 Illegal Data Address
58837;0;0;0x0000;02 Illegal Data Address
58838;0;0;0x0000;02 Illegal Data Address
58839;0;0;0x0000;02 Illegal Data Address
58840;0;0;0x0000;02 Illegal Data Address
58841;0;0;0x0000;02 Illegal Data Address
58842;0;0;0x0000;02 Illegal Data Address
58843;0;0;0x0000;02 Illegal Data Address
58844;0;0;0x0000;02 Illegal Data Address
58845;0;0;0x0000;02 Illegal Data Address
58846;0;0;0x0000;02 Illegal Data Address
58847;0;0;0x0000;02 Illegal Data Address
58848;0;0;0x0000;02 Illegal Data Address
58849;0;0;0x0000;02 Illegal Data Address
58850;0;0;0x0000;02 Illegal Data Address
58851;0;0;0x0000;02 Illegal Data Address
58852;0;0;0x0000;02 Illegal Data Address
58853;0;0;0x0000;02 Illegal Data Address
58854;0;0;0x0000;02 Illegal Data Address
58855;0;0;0x0000;02 Illegal Data Address
58856;0;0;0x0000;02 Illegal Data Address
58857;0;0;0x0000;02 Illegal Data Address
58858;0;0;0x0000;02 Illegal Data Address
58859;0;0;0x0000;02 Illegal Data Address
58860;0;0;0x0000;02 Illegal Data Address
58861;0;0;0x0000;02 Illegal Data Address
58862;0;0;0x0000;02 Illegal Data Address
58863;0;0;0x0000;02 Illegal Data Address
58864;0;0;0x0000;02 Illegal Data Address
58865;0;0;0x0000;02 Illegal Data Address
58866;0;0;0x0000;02 Illegal Data Address
58867;0;0;0x0000;02 Illegal Data Address
58868;0;0;0x0000;02 Illegal Data Address
58869;0;0;0x0000;02 Illegal Data Address
58870;0;0;0x0000;02 Illegal Data Address
58871;0;0;0x0000;02 Illegal Data Address
58872;0;0;0x0000;02 Illegal Data Address
58873;0;0;0x0000;02 Illegal Data Address
58874;0;0;0x0000;02 Illegal Data Address
58875;0;0;0x0000;02 Illegal Data Address
58876;0;0;0x0000;02 Illegal Data Address
58877;0;0;0x0000;02 Illegal Data Address
58878;0;0;0x0000;02 Illegal Data Address
58879;0;0;0x0000;02 Illegal Data Address
58880;0;0;0x0000;02 Illegal Data Address
58881;0;0;0x0000;02 Illegal Data Address
58882;0;0;0x0000;02 Illegal Data Address
58883;0;0;0x0000;02 Illegal Data Address
58884;0;0;0x0000;02 Illegal Data Address
58885;0;0;0x0000;02 Illegal Data Address
58886;0;0;0x0000;02 Illegal Data Address
58887;0;0;0x0000;02 Illegal Data Address
58888;0;0;0x0000;02 Illegal Data Address
58889;0;0;0x0000;02 Illegal Data Address
58890;0;0;0x0000;02 Illegal Data Address
58891;0;0;0x0000;02 Illegal Data Address
58892;0;0;0x0000;02 Illegal Data Address
58893;0;0;0x0000;02 Illegal Data Address
58894;0;0;0x0000;02 Illegal Data Address
58895;0;0;0x0000;02 Illegal Data Address
58896;0;0;0x0000;02 Illegal Data Address
58897;0;0;0x0000;02 Illegal Data Address
58898;0;0;0x0000;02 Illegal Data Address
58899;0;0;0x0000;02 Illegal Data Address
58900;0;0;0x0000;02 Illegal Data Address
58901;0;0;0x0000;02 Illegal Data Address
58902;0;0;0x0000;02 Illegal Data Address
58903;0;0;0x0000;02 Illegal Data Address
58904;0;0;0x0000;02 Illegal Data Address
58905;0;0;0x0000;02 Illegal Data Address
58906;0;0;0x0000;02 Illegal Data Address
58907;0;0;0x0000;02 Illegal Data Address
58908;0;0;0x0000;02 Illegal Data Address
58909;0;0;0x0000;02 Illegal Data Address
58910;0;0;0x0000;02 Illegal Data Address
58911;0;0;0x0000;02 Illegal Data Address
58912;0;0;0x0000;02 Illegal Data Address
58913;0;0;0x0000;02 Illegal Data Address
58914;0;0;0x0000;02 Illegal Data Address
58915;0;0;0x0000;02 Illegal Data Address
58916;0;0;0x0000;02 Illegal Data Address
58917;0;0;0x0000;02 Illegal Data Address
58918;0;0;0x0000;02 Illegal Data Address
58919;0;0;0x0000;02 Illegal Data Address
58920;0;0;0x0000;02 Illegal Data Address
58921;0;0;0x0000;02 Illegal Data Address
58922;0;0;0x0000;02 Illegal Data Address
58923;0;0;0x0000;02 Illegal Data Address
58924;0;0;0x0000;02 Illegal Data Address
58925;0;0;0x0000;02 Illegal Data Address
58926;0;0;0x0000;02 Illegal Data Address
58927;0;0;0x0000;02 Illegal Data Address
58928;0;0;0x0000;02 Illegal Data Address
58929;0;0;0x0000;02 Illegal Data Address
58930;0;0;0x0000;02 Illegal Data Address
58931;0;0;0x0000;02 Illegal Data Address
58932;0;0;0x0000;02 Illegal Data Address
58933;0;0;0x0000;02 Illegal Data Address
58934;0;0;0x0000;02 Illegal Data Address
58935;0;0;0x0000;02 Illegal Data Address
58936;0;0;0x0000;02 Illegal Data Address
58937;0;0;0x0000;02 Illegal Data Address
58938;0;0;0x0000;02 Illegal Data Address
58939;0;0;0x0000;02 Illegal Data Address
58940;0;0;0x0000;02 Illegal Data Address
58941;0;0;0x0000;02 Illegal Data Address
58942;0;0;0x0000;02 Illegal Data Address
58943;0;0;0x0000;02 Illegal Data Address
58944;0;0;0x0000;02 Illegal Data Address
58945;0;0;0x0000;02 Illegal Data Address
58946;0;0;0x0000;02 Illegal Data Address
58947;0;0;0x0000;02 Illegal Data Address
58948;0;0;0x0000;02 Illegal Data Address
58949;0;0;0x0000;02 Illegal Data Address
58950;0;0;0x0000;02 Illegal Data Address
58951;0;0;0x0000;02 Illegal Data Address
58952;0;0;0x0000;02 Illegal Data Address
58953;0;0;0x0000;02 Illegal Data Address
58954;0;0;0x0000;02 Illegal Data Address
58955;0;0;0x0000;02 Illegal Data Address
58956;0;0;0x0000;02 Illegal Data Address
58957;0;0;0x0000;02 Illegal Data Address
58958;0;0;0x0000;02 Illegal Data Address
58959;0;0;0x0000;02 Illegal Data Address
58960;0;0;0x0000;02 Illegal Data Address
58961;0;0;0x0000;02 Illegal Data Address
58962;0;0;0x0000;02 Illegal Data Address
58963;0;0;0x0000;02 Illegal Data Address
58964;0;0;0x0000;02 Illegal Data Address
58965;0;0;0x0000;02 Illegal Data Address
58966;0;0;0x0000;02 Illegal Data Address
58967;0;0;0x0000;02 Illegal Data Address
58968;0;0;0x0000;02 Illegal Data Address
58969;0;0;0x0000;02 Illegal Data Address
58970;0;0;0x0000;02 Illegal Data Address
58971;0;0;0x0000;02 Illegal Data Address
58972;0;0;0x0000;02 Illegal Data Address
58973;0;0;0x0000;02 Illegal Data Address
58974;0;0;0x0000;02 Illegal Data Address
58975;0;0;0x0000;02 Illegal Data Address
58976;0;0;0x0000;02 Illegal Data Address
58977;0;0;0x0000;02 Illegal Data Address
58978;0;0;0x0000;02 Illegal Data Address
58979;0;0;0x0000;02 Illegal Data Address
58980;0;0;0x0000;02 Illegal Data Address
58981;0;0;0x0000;02 Illegal Data Address
58982;0;0;0x0000;02 Illegal Data Address
58983;0;0;0x0000;02 Illegal Data Address
58984;0;0;0x0000;02 Illegal Data Address
58985;0;0;0x0000;02 Illegal Data Address
58986;0;0;0x0000;02 Illegal Data Address
58987;0;0;0x0000;02 Illegal Data Address
58988;0;0;0x0000;02 Illegal Data Address
58989;0;0;0x0000;02 Illegal Data Address
58990;0;0;0x0000;02 Illegal Data Address
58991;0;0;0x0000;02 Illegal Data Address
58992;0;0;0x0000;02 Illegal Data Address
58993;0;0;0x0000;02 Illegal Data Address
58994;0;0;0x0000;02 Illegal Data Address
58995;0;0;0x0000;02 Illegal Data Address
58996;0;0;0x0000;02 Illegal Data Address
58997;0;0;0x0000;02 Illegal Data Address
58998;0;0;0x0000;02 Illegal Data Address
58999;0;0;0x0000;02 Illegal Data Address
59000;0;0;0x0000;02 Illegal Data Address
59001;0;0;0x0000;02 Illegal Data Address
59002;0;0;0x0000;02 Illegal Data Address
59003;0;0;0x0000;02 Illegal Data Address
59004;0;0;0x0000;02 Illegal Data Address
59005;0;0;0x0000;02 Illegal Data Address
59006;0;0;0x0000;02 Illegal Data Address
59007;0;0;0x0000;02 Illegal Data Address
59008;0;0;0x0000;02 Illegal Data Address
59009;0;0;0x0000;02 Illegal Data Address
59010;0;0;0x0000;02 Illegal Data Address
59011;0;0;0x0000;02 Illegal Data Address
59012;0;0;0x0000;02 Illegal Data Address
59013;0;0;0x0000;02 Illegal Data Address
59014;0;0;0x0000;02 Illegal Data Address
59015;0;0;0x0000;02 Illegal Data Address
59016;0;0;0x0000;02 Illegal Data Address
59017;0;0;0x0000;02 Illegal Data Address
59018;0;0;0x0000;02 Illegal Data Address
59019;0;0;0x0000;02 Illegal Data Address
59020;0;0;0x0000;02 Illegal Data Address
59021;0;0;0x0000;02 Illegal Data Address
59022;0;0;0x0000;02 Illegal Data Address
59023;0;0;0x0000;02 Illegal Data Address
59024;0;0;0x0000;02 Illegal Data Address
59025;0;0;0x0000;02 Illegal Data Address
59026;0;0;0x0000;02 Illegal Data Address
59027;0;0;0x0000;02 Illegal Data Address
59028;0;0;0x0000;02 Illegal Data Address
59029;0;0;0x0000;02 Illegal Data Address
59030;0;0;0x0000;02 Illegal Data Address
59031;0;0;0x0000;02 Illegal Data Address
59032;0;0;0x0000;02 Illegal Data Address
59033;0;0;0x0000;02 Illegal Data Address
59034;0;0;0x0000;02 Illegal Data Address
59035;0;0;0x0000;02 Illegal Data Address
59036;0;0;0x0000;02 Illegal Data Address
59037;0;0;0x0000;02 Illegal Data Address
59038;0;0;0x0000;02 Illegal Data Address
59039;0;0;0x0000;02 Illegal Data Address
59040;0;0;0x0000;02 Illegal Data Address
59041;0;0;0x0000;02 Illegal Data Address
59042;0;0;0x0000;02 Illegal Data Address
59043;0;0;0x0000;02 Illegal Data Address
59044;0;0;0x0000;02 Illegal Data Address
59045;0;0;0x0000;02 Illegal Data Address
59046;0;0;0x0000;02 Illegal Data Address
59047;0;0;0x0000;02 Illegal Data Address
59048;0;0;0x0000;02 Illegal Data Address
59049;0;0;0x0000;02 Illegal Data Address
59050;0;0;0x0000;02 Illegal Data Address
59051;0;0;0x0000;02 Illegal Data Address
59052;0;0;0x0000;02 Illegal Data Address
59053;0;0;0x0000;02 Illegal Data Address
59054;0;0;0x0000;02 Illegal Data Address
59055;0;0;0x0000;02 Illegal Data Address
59056;0;0;0x0000;02 Illegal Data Address
59057;0;0;0x0000;02 Illegal Data Address
59058;0;0;0x0000;02 Illegal Data Address
59059;0;0;0x0000;02 Illegal Data Address
59060;0;0;0x0000;02 Illegal Data Address
59061;0;0;0x0000;02 Illegal Data Address
59062;0;0;0x0000;02 Illegal Data Address
59063;0;0;0x0000;02 Illegal Data Address
59064;0;0;0x0000;02 Illegal Data Address
59065;0;0;0x0000;02 Illegal Data Address
59066;0;0;0x0000;02 Illegal Data Address
59067;0;0;0x0000;02 Illegal Data Address
59068;0;0;0x0000;02 Illegal Data Address
59069;0;0;0x0000;02 Illegal Data Address
59070;0;0;0x0000;02 Illegal Data Address
59071;0;0;0x0000;02 Illegal Data Address
59072;0;0;0x0000;02 Illegal Data Address
59073;0;0;0x0000;02 Illegal Data Address
59074;0;0;0x0000;02 Illegal Data Address
59075;0;0;0x0000;02 Illegal Data Address
59076;0;0;0x0000;02 Illegal Data Address
59077;0;0;0x0000;02 Illegal Data Address
59078;0;0;0x0000;02 Illegal Data Address
59079;0;0;0x0000;02 Illegal Data Address
59080;0;0;0x0000;02 Illegal Data Address
59081;0;0;0x0000;02 Illegal Data Address
59082;0;0;0x0000;02 Illegal Data Address
59083;0;0;0x0000;02 Illegal Data Address
59084;0;0;0x0000;02 Illegal Data Address
59085;0;0;0x0000;02 Illegal Data Address
59086;0;0;0x0000;02 Illegal Data Address
59087;0;0;0x0000;02 Illegal Data Address
59088;0;0;0x0000;02 Illegal Data Address
59089;0;0;0x0000;02 Illegal Data Address
59090;0;0;0x0000;02 Illegal Data Address
59091;0;0;0x0000;02 Illegal Data Address
59092;0;0;0x0000;02 Illegal Data Address
59093;0;0;0x0000;02 Illegal Data Address
59094;0;0;0x0000;02 Illegal Data Address
59095;0;0;0x0000;02 Illegal Data Address
59096;0;0;0x0000;02 Illegal Data Address
59097;0;0;0x0000;02 Illegal Data Address
59098;0;0;0x0000;02 Illegal Data Address
59099;0;0;0x0000;02 Illegal Data Address
59100;0;0;0x0000;02 Illegal Data Address
59101;0;0;0x0000;02 Illegal Data Address
59102;0;0;0x0000;02 Illegal Data Address
59103;0;0;0x0000;02 Illegal Data Address
59104;0;0;0x0000;02 Illegal Data Address
59105;0;0;0x0000;02 Illegal Data Address
59106;0;0;0x0000;02 Illegal Data Address
59107;0;0;0x0000;02 Illegal Data Address
59108;0;0;0x0000;02 Illegal Data Address
59109;0;0;0x0000;02 Illegal Data Address
59110;0;0;0x0000;02 Illegal Data Address
59111;0;0;0x0000;02 Illegal Data Address
59112;0;0;0x0000;02 Illegal Data Address
59113;0;0;0x0000;02 Illegal Data Address
59114;0;0;0x0000;02 Illegal Data Address
59115;0;0;0x0000;02 Illegal Data Address
59116;0;0;0x0000;02 Illegal Data Address
59117;0;0;0x0000;02 Illegal Data Address
59118;0;0;0x0000;02 Illegal Data Address
59119;0;0;0x0000;02 Illegal Data Address
59120;0;0;0x0000;02 Illegal Data Address
59121;0;0;0x0000;02 Illegal Data Address
59122;0;0;0x0000;02 Illegal Data Address
59123;0;0;0x0000;02 Illegal Data Address
59124;0;0;0x0000;02 Illegal Data Address
59125;0;0;0x0000;02 Illegal Data Address
59126;0;0;0x0000;02 Illegal Data Address
59127;0;0;0x0000;02 Illegal Data Address
59128;0;0;0x0000;02 Illegal Data Address
59129;0;0;0x0000;02 Illegal Data Address
59130;0;0;0x0000;02 Illegal Data Address
59131;0;0;0x0000;02 Illegal Data Address
59132;0;0;0x0000;02 Illegal Data Address
59133;0;0;0x0000;02 Illegal Data Address
59134;0;0;0x0000;02 Illegal Data Address
59135;0;0;0x0000;02 Illegal Data Address
59136;0;0;0x0000;02 Illegal Data Address
59137;0;0;0x0000;02 Illegal Data Address
59138;0;0;0x0000;02 Illegal Data Address
59139;0;0;0x0000;02 Illegal Data Address
59140;0;0;0x0000;02 Illegal Data Address
59141;0;0;0x0000;02 Illegal Data Address
59142;0;0;0x0000;02 Illegal Data Address
59143;0;0;0x0000;02 Illegal Data Address
59144;0;0;0x0000;02 Illegal Data Address
59145;0;0;0x0000;02 Illegal Data Address
59146;0;0;0x0000;02 Illegal Data Address
59147;0;0;0x0000;02 Illegal Data Address
59148;0;0;0x0000;02 Illegal Data Address
59149;0;0;0x0000;02 Illegal Data Address
59150;0;0;0x0000;02 Illegal Data Address
59151;0;0;0x0000;02 Illegal Data Address
59152;0;0;0x0000;02 Illegal Data Address
59153;0;0;0x0000;02 Illegal Data Address
59154;0;0;0x0000;02 Illegal Data Address
59155;0;0;0x0000;02 Illegal Data Address
59156;0;0;0x0000;02 Illegal Data Address
59157;0;0;0x0000;02 Illegal Data Address
59158;0;0;0x0000;02 Illegal Data Address
59159;0;0;0x0000;02 Illegal Data Address
59160;0;0;0x0000;02 Illegal Data Address
59161;0;0;0x0000;02 Illegal Data Address
59162;0;0;0x0000;02 Illegal Data Address
59163;0;0;0x0000;02 Illegal Data Address
59164;0;0;0x0000;02 Illegal Data Address
59165;0;0;0x0000;02 Illegal Data Address
59166;0;0;0x0000;02 Illegal Data Address
59167;0;0;0x0000;02 Illegal Data Address
59168;0;0;0x0000;02 Illegal Data Address
59169;0;0;0x0000;02 Illegal Data Address
59170;0;0;0x0000;02 Illegal Data Address
59171;0;0;0x0000;02 Illegal Data Address
59172;0;0;0x0000;02 Illegal Data Address
59173;0;0;0x0000;02 Illegal Data Address
59174;0;0;0x0000;02 Illegal Data Address
59175;0;0;0x0000;02 Illegal Data Address
59176;0;0;0x0000;02 Illegal Data Address
59177;0;0;0x0000;02 Illegal Data Address
59178;0;0;0x0000;02 Illegal Data Address
59179;0;0;0x0000;02 Illegal Data Address
59180;0;0;0x0000;02 Illegal Data Address
59181;0;0;0x0000;02 Illegal Data Address
59182;0;0;0x0000;02 Illegal Data Address
59183;0;0;0x0000;02 Illegal Data Address
59184;0;0;0x0000;02 Illegal Data Address
59185;0;0;0x0000;02 Illegal Data Address
59186;0;0;0x0000;02 Illegal Data Address
59187;0;0;0x0000;02 Illegal Data Address
59188;0;0;0x0000;02 Illegal Data Address
59189;0;0;0x0000;02 Illegal Data Address
59190;0;0;0x0000;02 Illegal Data Address
59191;0;0;0x0000;02 Illegal Data Address
59192;0;0;0x0000;02 Illegal Data Address
59193;0;0;0x0000;02 Illegal Data Address
59194;0;0;0x0000;02 Illegal Data Address
59195;0;0;0x0000;02 Illegal Data Address
59196;0;0;0x0000;02 Illegal Data Address
59197;0;0;0x0000;02 Illegal Data Address
59198;0;0;0x0000;02 Illegal Data Address
59199;0;0;0x0000;02 Illegal Data Address
59200;0;0;0x0000;02 Illegal Data Address
59201;0;0;0x0000;02 Illegal Data Address
59202;0;0;0x0000;02 Illegal Data Address
59203;0;0;0x0000;02 Illegal Data Address
59204;0;0;0x0000;02 Illegal Data Address
59205;0;0;0x0000;02 Illegal Data Address
59206;0;0;0x0000;02 Illegal Data Address
59207;0;0;0x0000;02 Illegal Data Address
59208;0;0;0x0000;02 Illegal Data Address
59209;0;0;0x0000;02 Illegal Data Address
59210;0;0;0x0000;02 Illegal Data Address
59211;0;0;0x0000;02 Illegal Data Address
59212;0;0;0x0000;02 Illegal Data Address
59213;0;0;0x0000;02 Illegal Data Address
59214;0;0;0x0000;02 Illegal Data Address
59215;0;0;0x0000;02 Illegal Data Address
59216;0;0;0x0000;02 Illegal Data Address
59217;0;0;0x0000;02 Illegal Data Address
59218;0;0;0x0000;02 Illegal Data Address
59219;0;0;0x0000;02 Illegal Data Address
59220;0;0;0x0000;02 Illegal Data Address
59221;0;0;0x0000;02 Illegal Data Address
59222;0;0;0x0000;02 Illegal Data Address
59223;0;0;0x0000;02 Illegal Data Address
59224;0;0;0x0000;02 Illegal Data Address
59225;0;0;0x0000;02 Illegal Data Address
59226;0;0;0x0000;02 Illegal Data Address
59227;0;0;0x0000;02 Illegal Data Address
59228;0;0;0x0000;02 Illegal Data Address
59229;0;0;0x0000;02 Illegal Data Address
59230;0;0;0x0000;02 Illegal Data Address
59231;0;0;0x0000;02 Illegal Data Address
59232;0;0;0x0000;02 Illegal Data Address
59233;0;0;0x0000;02 Illegal Data Address
59234;0;0;0x0000;02 Illegal Data Address
59235;0;0;0x0000;02 Illegal Data Address
59236;0;0;0x0000;02 Illegal Data Address
59237;0;0;0x0000;02 Illegal Data Address
59238;0;0;0x0000;02 Illegal Data Address
59239;0;0;0x0000;02 Illegal Data Address
59240;0;0;0x0000;02 Illegal Data Address
59241;0;0;0x0000;02 Illegal Data Address
59242;0;0;0x0000;02 Illegal Data Address
59243;0;0;0x0000;02 Illegal Data Address
59244;0;0;0x0000;02 Illegal Data Address
59245;0;0;0x0000;02 Illegal Data Address
59246;0;0;0x0000;02 Illegal Data Address
59247;0;0;0x0000;02 Illegal Data Address
59248;0;0;0x0000;02 Illegal Data Address
59249;0;0;0x0000;02 Illegal Data Address
59250;0;0;0x0000;02 Illegal Data Address
59251;0;0;0x0000;02 Illegal Data Address
59252;0;0;0x0000;02 Illegal Data Address
59253;0;0;0x0000;02 Illegal Data Address
59254;0;0;0x0000;02 Illegal Data Address
59255;0;0;0x0000;02 Illegal Data Address
59256;0;0;0x0000;02 Illegal Data Address
59257;0;0;0x0000;02 Illegal Data Address
59258;0;0;0x0000;02 Illegal Data Address
59259;0;0;0x0000;02 Illegal Data Address
59260;0;0;0x0000;02 Illegal Data Address
59261;0;0;0x0000;02 Illegal Data Address
59262;0;0;0x0000;02 Illegal Data Address
59263;0;0;0x0000;02 Illegal Data Address
59264;0;0;0x0000;02 Illegal Data Address
59265;0;0;0x0000;02 Illegal Data Address
59266;0;0;0x0000;02 Illegal Data Address
59267;0;0;0x0000;02 Illegal Data Address
59268;0;0;0x0000;02 Illegal Data Address
59269;0;0;0x0000;02 Illegal Data Address
59270;0;0;0x0000;02 Illegal Data Address
59271;0;0;0x0000;02 Illegal Data Address
59272;0;0;0x0000;02 Illegal Data Address
59273;0;0;0x0000;02 Illegal Data Address
59274;0;0;0x0000;02 Illegal Data Address
59275;0;0;0x0000;02 Illegal Data Address
59276;0;0;0x0000;02 Illegal Data Address
59277;0;0;0x0000;02 Illegal Data Address
59278;0;0;0x0000;02 Illegal Data Address
59279;0;0;0x0000;02 Illegal Data Address
59280;0;0;0x0000;02 Illegal Data Address
59281;0;0;0x0000;02 Illegal Data Address
59282;0;0;0x0000;02 Illegal Data Address
59283;0;0;0x0000;02 Illegal Data Address
59284;0;0;0x0000;02 Illegal Data Address
59285;0;0;0x0000;02 Illegal Data Address
59286;0;0;0x0000;02 Illegal Data Address
59287;0;0;0x0000;02 Illegal Data Address
59288;0;0;0x0000;02 Illegal Data Address
59289;0;0;0x0000;02 Illegal Data Address
59290;0;0;0x0000;02 Illegal Data Address
59291;0;0;0x0000;02 Illegal Data Address
59292;0;0;0x0000;02 Illegal Data Address
59293;0;0;0x0000;02 Illegal Data Address
59294;0;0;0x0000;02 Illegal Data Address
59295;0;0;0x0000;02 Illegal Data Address
59296;0;0;0x0000;02 Illegal Data Address
59297;0;0;0x0000;02 Illegal Data Address
59298;0;0;0x0000;02 Illegal Data Address
59299;0;0;0x0000;02 Illegal Data Address
59300;0;0;0x0000;02 Illegal Data Address
59301;0;0;0x0000;02 Illegal Data Address
59302;0;0;0x0000;02 Illegal Data Address
59303;0;0;0x0000;02 Illegal Data Address
59304;0;0;0x0000;02 Illegal Data Address
59305;0;0;0x0000;02 Illegal Data Address
59306;0;0;0x0000;02 Illegal Data Address
59307;0;0;0x0000;02 Illegal Data Address
59308;0;0;0x0000;02 Illegal Data Address
59309;0;0;0x0000;02 Illegal Data Address
59310;0;0;0x0000;02 Illegal Data Address
59311;0;0;0x0000;02 Illegal Data Address
59312;0;0;0x0000;02 Illegal Data Address
59313;0;0;0x0000;02 Illegal Data Address
59314;0;0;0x0000;02 Illegal Data Address
59315;0;0;0x0000;02 Illegal Data Address
59316;0;0;0x0000;02 Illegal Data Address
59317;0;0;0x0000;02 Illegal Data Address
59318;0;0;0x0000;02 Illegal Data Address
59319;0;0;0x0000;02 Illegal Data Address
59320;0;0;0x0000;02 Illegal Data Address
59321;0;0;0x0000;02 Illegal Data Address
59322;0;0;0x0000;02 Illegal Data Address
59323;0;0;0x0000;02 Illegal Data Address
59324;0;0;0x0000;02 Illegal Data Address
59325;0;0;0x0000;02 Illegal Data Address
59326;0;0;0x0000;02 Illegal Data Address
59327;0;0;0x0000;02 Illegal Data Address
59328;0;0;0x0000;02 Illegal Data Address
59329;0;0;0x0000;02 Illegal Data Address
59330;0;0;0x0000;02 Illegal Data Address
59331;0;0;0x0000;02 Illegal Data Address
59332;0;0;0x0000;02 Illegal Data Address
59333;0;0;0x0000;02 Illegal Data Address
59334;0;0;0x0000;02 Illegal Data Address
59335;0;0;0x0000;02 Illegal Data Address
59336;0;0;0x0000;02 Illegal Data Address
59337;0;0;0x0000;02 Illegal Data Address
59338;0;0;0x0000;02 Illegal Data Address
59339;0;0;0x0000;02 Illegal Data Address
59340;0;0;0x0000;02 Illegal Data Address
59341;0;0;0x0000;02 Illegal Data Address
59342;0;0;0x0000;02 Illegal Data Address
59343;0;0;0x0000;02 Illegal Data Address
59344;0;0;0x0000;02 Illegal Data Address
59345;0;0;0x0000;02 Illegal Data Address
59346;0;0;0x0000;02 Illegal Data Address
59347;0;0;0x0000;02 Illegal Data Address
59348;0;0;0x0000;02 Illegal Data Address
59349;0;0;0x0000;02 Illegal Data Address
59350;0;0;0x0000;02 Illegal Data Address
59351;0;0;0x0000;02 Illegal Data Address
59352;0;0;0x0000;02 Illegal Data Address
59353;0;0;0x0000;02 Illegal Data Address
59354;0;0;0x0000;02 Illegal Data Address
59355;0;0;0x0000;02 Illegal Data Address
59356;0;0;0x0000;02 Illegal Data Address
59357;0;0;0x0000;02 Illegal Data Address
59358;0;0;0x0000;02 Illegal Data Address
59359;0;0;0x0000;02 Illegal Data Address
59360;0;0;0x0000;02 Illegal Data Address
59361;0;0;0x0000;02 Illegal Data Address
59362;0;0;0x0000;02 Illegal Data Address
59363;0;0;0x0000;02 Illegal Data Address
59364;0;0;0x0000;02 Illegal Data Address
59365;0;0;0x0000;02 Illegal Data Address
59366;0;0;0x0000;02 Illegal Data Address
59367;0;0;0x0000;02 Illegal Data Address
59368;0;0;0x0000;02 Illegal Data Address
59369;0;0;0x0000;02 Illegal Data Address
59370;0;0;0x0000;02 Illegal Data Address
59371;0;0;0x0000;02 Illegal Data Address
59372;0;0;0x0000;02 Illegal Data Address
59373;0;0;0x0000;02 Illegal Data Address
59374;0;0;0x0000;02 Illegal Data Address
59375;0;0;0x0000;02 Illegal Data Address
59376;0;0;0x0000;02 Illegal Data Address
59377;0;0;0x0000;02 Illegal Data Address
59378;0;0;0x0000;02 Illegal Data Address
59379;0;0;0x0000;02 Illegal Data Address
59380;0;0;0x0000;02 Illegal Data Address
59381;0;0;0x0000;02 Illegal Data Address
59382;0;0;0x0000;02 Illegal Data Address
59383;0;0;0x0000;02 Illegal Data Address
59384;0;0;0x0000;02 Illegal Data Address
59385;0;0;0x0000;02 Illegal Data Address
59386;0;0;0x0000;02 Illegal Data Address
59387;0;0;0x0000;02 Illegal Data Address
59388;0;0;0x0000;02 Illegal Data Address
59389;0;0;0x0000;02 Illegal Data Address
59390;0;0;0x0000;02 Illegal Data Address
59391;0;0;0x0000;02 Illegal Data Address
59392;0;0;0x0000;02 Illegal Data Address
59393;0;0;0x0000;02 Illegal Data Address
59394;0;0;0x0000;02 Illegal Data Address
59395;0;0;0x0000;02 Illegal Data Address
59396;0;0;0x0000;02 Illegal Data Address
59397;0;0;0x0000;02 Illegal Data Address
59398;0;0;0x0000;02 Illegal Data Address
59399;0;0;0x0000;02 Illegal Data Address
59400;0;0;0x0000;02 Illegal Data Address
59401;0;0;0x0000;02 Illegal Data Address
59402;0;0;0x0000;02 Illegal Data Address
59403;0;0;0x0000;02 Illegal Data Address
59404;0;0;0x0000;02 Illegal Data Address
59405;0;0;0x0000;02 Illegal Data Address
59406;0;0;0x0000;02 Illegal Data Address
59407;0;0;0x0000;02 Illegal Data Address
59408;0;0;0x0000;02 Illegal Data Address
59409;0;0;0x0000;02 Illegal Data Address
59410;0;0;0x0000;02 Illegal Data Address
59411;0;0;0x0000;02 Illegal Data Address
59412;0;0;0x0000;02 Illegal Data Address
59413;0;0;0x0000;02 Illegal Data Address
59414;0;0;0x0000;02 Illegal Data Address
59415;0;0;0x0000;02 Illegal Data Address
59416;0;0;0x0000;02 Illegal Data Address
59417;0;0;0x0000;02 Illegal Data Address
59418;0;0;0x0000;02 Illegal Data Address
59419;0;0;0x0000;02 Illegal Data Address
59420;0;0;0x0000;02 Illegal Data Address
59421;0;0;0x0000;02 Illegal Data Address
59422;0;0;0x0000;02 Illegal Data Address
59423;0;0;0x0000;02 Illegal Data Address
59424;0;0;0x0000;02 Illegal Data Address
59425;0;0;0x0000;02 Illegal Data Address
59426;0;0;0x0000;02 Illegal Data Address
59427;0;0;0x0000;02 Illegal Data Address
59428;0;0;0x0000;02 Illegal Data Address
59429;0;0;0x0000;02 Illegal Data Address
59430;0;0;0x0000;02 Illegal Data Address
59431;0;0;0x0000;02 Illegal Data Address
59432;0;0;0x0000;02 Illegal Data Address
59433;0;0;0x0000;02 Illegal Data Address
59434;0;0;0x0000;02 Illegal Data Address
59435;0;0;0x0000;02 Illegal Data Address
59436;0;0;0x0000;02 Illegal Data Address
59437;0;0;0x0000;02 Illegal Data Address
59438;0;0;0x0000;02 Illegal Data Address
59439;0;0;0x0000;02 Illegal Data Address
59440;0;0;0x0000;02 Illegal Data Address
59441;0;0;0x0000;02 Illegal Data Address
59442;0;0;0x0000;02 Illegal Data Address
59443;0;0;0x0000;02 Illegal Data Address
59444;0;0;0x0000;02 Illegal Data Address
59445;0;0;0x0000;02 Illegal Data Address
59446;0;0;0x0000;02 Illegal Data Address
59447;0;0;0x0000;02 Illegal Data Address
59448;0;0;0x0000;02 Illegal Data Address
59449;0;0;0x0000;02 Illegal Data Address
59450;0;0;0x0000;02 Illegal Data Address
59451;0;0;0x0000;02 Illegal Data Address
59452;0;0;0x0000;02 Illegal Data Address
59453;0;0;0x0000;02 Illegal Data Address
59454;0;0;0x0000;02 Illegal Data Address
59455;0;0;0x0000;02 Illegal Data Address
59456;0;0;0x0000;02 Illegal Data Address
59457;0;0;0x0000;02 Illegal Data Address
59458;0;0;0x0000;02 Illegal Data Address
59459;0;0;0x0000;02 Illegal Data Address
59460;0;0;0x0000;02 Illegal Data Address
59461;0;0;0x0000;02 Illegal Data Address
59462;0;0;0x0000;02 Illegal Data Address
59463;0;0;0x0000;02 Illegal Data Address
59464;0;0;0x0000;02 Illegal Data Address
59465;0;0;0x0000;02 Illegal Data Address
59466;0;0;0x0000;02 Illegal Data Address
59467;0;0;0x0000;02 Illegal Data Address
59468;0;0;0x0000;02 Illegal Data Address
59469;0;0;0x0000;02 Illegal Data Address
59470;0;0;0x0000;02 Illegal Data Address
59471;0;0;0x0000;02 Illegal Data Address
59472;0;0;0x0000;02 Illegal Data Address
59473;0;0;0x0000;02 Illegal Data Address
59474;0;0;0x0000;02 Illegal Data Address
59475;0;0;0x0000;02 Illegal Data Address
59476;0;0;0x0000;02 Illegal Data Address
59477;0;0;0x0000;02 Illegal Data Address
59478;0;0;0x0000;02 Illegal Data Address
59479;0;0;0x0000;02 Illegal Data Address
59480;0;0;0x0000;02 Illegal Data Address
59481;0;0;0x0000;02 Illegal Data Address
59482;0;0;0x0000;02 Illegal Data Address
59483;0;0;0x0000;02 Illegal Data Address
59484;0;0;0x0000;02 Illegal Data Address
59485;0;0;0x0000;02 Illegal Data Address
59486;0;0;0x0000;02 Illegal Data Address
59487;0;0;0x0000;02 Illegal Data Address
59488;0;0;0x0000;02 Illegal Data Address
59489;0;0;0x0000;02 Illegal Data Address
59490;0;0;0x0000;02 Illegal Data Address
59491;0;0;0x0000;02 Illegal Data Address
59492;0;0;0x0000;02 Illegal Data Address
59493;0;0;0x0000;02 Illegal Data Address
59494;0;0;0x0000;02 Illegal Data Address
59495;0;0;0x0000;02 Illegal Data Address
59496;0;0;0x0000;02 Illegal Data Address
59497;0;0;0x0000;02 Illegal Data Address
59498;0;0;0x0000;02 Illegal Data Address
59499;0;0;0x0000;02 Illegal Data Address
59500;0;0;0x0000;02 Illegal Data Address
59501;0;0;0x0000;02 Illegal Data Address
59502;0;0;0x0000;02 Illegal Data Address
59503;0;0;0x0000;02 Illegal Data Address
59504;0;0;0x0000;02 Illegal Data Address
59505;0;0;0x0000;02 Illegal Data Address
59506;0;0;0x0000;02 Illegal Data Address
59507;0;0;0x0000;02 Illegal Data Address
59508;0;0;0x0000;02 Illegal Data Address
59509;0;0;0x0000;02 Illegal Data Address
59510;0;0;0x0000;02 Illegal Data Address
59511;0;0;0x0000;02 Illegal Data Address
59512;0;0;0x0000;02 Illegal Data Address
59513;0;0;0x0000;02 Illegal Data Address
59514;0;0;0x0000;02 Illegal Data Address
59515;0;0;0x0000;02 Illegal Data Address
59516;0;0;0x0000;02 Illegal Data Address
59517;0;0;0x0000;02 Illegal Data Address
59518;0;0;0x0000;02 Illegal Data Address
59519;0;0;0x0000;02 Illegal Data Address
59520;0;0;0x0000;02 Illegal Data Address
59521;0;0;0x0000;02 Illegal Data Address
59522;0;0;0x0000;02 Illegal Data Address
59523;0;0;0x0000;02 Illegal Data Address
59524;0;0;0x0000;02 Illegal Data Address
59525;0;0;0x0000;02 Illegal Data Address
59526;0;0;0x0000;02 Illegal Data Address
59527;0;0;0x0000;02 Illegal Data Address
59528;0;0;0x0000;02 Illegal Data Address
59529;0;0;0x0000;02 Illegal Data Address
59530;0;0;0x0000;02 Illegal Data Address
59531;0;0;0x0000;02 Illegal Data Address
59532;0;0;0x0000;02 Illegal Data Address
59533;0;0;0x0000;02 Illegal Data Address
59534;0;0;0x0000;02 Illegal Data Address
59535;0;0;0x0000;02 Illegal Data Address
59536;0;0;0x0000;02 Illegal Data Address
59537;0;0;0x0000;02 Illegal Data Address
59538;0;0;0x0000;02 Illegal Data Address
59539;0;0;0x0000;02 Illegal Data Address
59540;0;0;0x0000;02 Illegal Data Address
59541;0;0;0x0000;02 Illegal Data Address
59542;0;0;0x0000;02 Illegal Data Address
59543;0;0;0x0000;02 Illegal Data Address
59544;0;0;0x0000;02 Illegal Data Address
59545;0;0;0x0000;02 Illegal Data Address
59546;0;0;0x0000;02 Illegal Data Address
59547;0;0;0x0000;02 Illegal Data Address
59548;0;0;0x0000;02 Illegal Data Address
59549;0;0;0x0000;02 Illegal Data Address
59550;0;0;0x0000;02 Illegal Data Address
59551;0;0;0x0000;02 Illegal Data Address
59552;0;0;0x0000;02 Illegal Data Address
59553;0;0;0x0000;02 Illegal Data Address
59554;0;0;0x0000;02 Illegal Data Address
59555;0;0;0x0000;02 Illegal Data Address
59556;0;0;0x0000;02 Illegal Data Address
59557;0;0;0x0000;02 Illegal Data Address
59558;0;0;0x0000;02 Illegal Data Address
59559;0;0;0x0000;02 Illegal Data Address
59560;0;0;0x0000;02 Illegal Data Address
59561;0;0;0x0000;02 Illegal Data Address
59562;0;0;0x0000;02 Illegal Data Address
59563;0;0;0x0000;02 Illegal Data Address
59564;0;0;0x0000;02 Illegal Data Address
59565;0;0;0x0000;02 Illegal Data Address
59566;0;0;0x0000;02 Illegal Data Address
59567;0;0;0x0000;02 Illegal Data Address
59568;0;0;0x0000;02 Illegal Data Address
59569;0;0;0x0000;02 Illegal Data Address
59570;0;0;0x0000;02 Illegal Data Address
59571;0;0;0x0000;02 Illegal Data Address
59572;0;0;0x0000;02 Illegal Data Address
59573;0;0;0x0000;02 Illegal Data Address
59574;0;0;0x0000;02 Illegal Data Address
59575;0;0;0x0000;02 Illegal Data Address
59576;0;0;0x0000;02 Illegal Data Address
59577;0;0;0x0000;02 Illegal Data Address
59578;0;0;0x0000;02 Illegal Data Address
59579;0;0;0x0000;02 Illegal Data Address
59580;0;0;0x0000;02 Illegal Data Address
59581;0;0;0x0000;02 Illegal Data Address
59582;0;0;0x0000;02 Illegal Data Address
59583;0;0;0x0000;02 Illegal Data Address
59584;0;0;0x0000;02 Illegal Data Address
59585;0;0;0x0000;02 Illegal Data Address
59586;0;0;0x0000;02 Illegal Data Address
59587;0;0;0x0000;02 Illegal Data Address
59588;0;0;0x0000;02 Illegal Data Address
59589;0;0;0x0000;02 Illegal Data Address
59590;0;0;0x0000;02 Illegal Data Address
59591;0;0;0x0000;02 Illegal Data Address
59592;0;0;0x0000;02 Illegal Data Address
59593;0;0;0x0000;02 Illegal Data Address
59594;0;0;0x0000;02 Illegal Data Address
59595;0;0;0x0000;02 Illegal Data Address
59596;0;0;0x0000;02 Illegal Data Address
59597;0;0;0x0000;02 Illegal Data Address
59598;0;0;0x0000;02 Illegal Data Address
59599;0;0;0x0000;02 Illegal Data Address
59600;0;0;0x0000;02 Illegal Data Address
59601;0;0;0x0000;02 Illegal Data Address
59602;0;0;0x0000;02 Illegal Data Address
59603;0;0;0x0000;02 Illegal Data Address
59604;0;0;0x0000;02 Illegal Data Address
59605;0;0;0x0000;02 Illegal Data Address
59606;0;0;0x0000;02 Illegal Data Address
59607;0;0;0x0000;02 Illegal Data Address
59608;0;0;0x0000;02 Illegal Data Address
59609;0;0;0x0000;02 Illegal Data Address
59610;0;0;0x0000;02 Illegal Data Address
59611;0;0;0x0000;02 Illegal Data Address
59612;0;0;0x0000;02 Illegal Data Address
59613;0;0;0x0000;02 Illegal Data Address
59614;0;0;0x0000;02 Illegal Data Address
59615;0;0;0x0000;02 Illegal Data Address
59616;0;0;0x0000;02 Illegal Data Address
59617;0;0;0x0000;02 Illegal Data Address
59618;0;0;0x0000;02 Illegal Data Address
59619;0;0;0x0000;02 Illegal Data Address
59620;0;0;0x0000;02 Illegal Data Address
59621;0;0;0x0000;02 Illegal Data Address
59622;0;0;0x0000;02 Illegal Data Address
59623;0;0;0x0000;02 Illegal Data Address
59624;0;0;0x0000;02 Illegal Data Address
59625;0;0;0x0000;02 Illegal Data Address
59626;0;0;0x0000;02 Illegal Data Address
59627;0;0;0x0000;02 Illegal Data Address
59628;0;0;0x0000;02 Illegal Data Address
59629;0;0;0x0000;02 Illegal Data Address
59630;0;0;0x0000;02 Illegal Data Address
59631;0;0;0x0000;02 Illegal Data Address
59632;0;0;0x0000;02 Illegal Data Address
59633;0;0;0x0000;02 Illegal Data Address
59634;0;0;0x0000;02 Illegal Data Address
59635;0;0;0x0000;02 Illegal Data Address
59636;0;0;0x0000;02 Illegal Data Address
59637;0;0;0x0000;02 Illegal Data Address
59638;0;0;0x0000;02 Illegal Data Address
59639;0;0;0x0000;02 Illegal Data Address
59640;0;0;0x0000;02 Illegal Data Address
59641;0;0;0x0000;02 Illegal Data Address
59642;0;0;0x0000;02 Illegal Data Address
59643;0;0;0x0000;02 Illegal Data Address
59644;0;0;0x0000;02 Illegal Data Address
59645;0;0;0x0000;02 Illegal Data Address
59646;0;0;0x0000;02 Illegal Data Address
59647;0;0;0x0000;02 Illegal Data Address
59648;0;0;0x0000;02 Illegal Data Address
59649;0;0;0x0000;02 Illegal Data Address
59650;0;0;0x0000;02 Illegal Data Address
59651;0;0;0x0000;02 Illegal Data Address
59652;0;0;0x0000;02 Illegal Data Address
59653;0;0;0x0000;02 Illegal Data Address
59654;0;0;0x0000;02 Illegal Data Address
59655;0;0;0x0000;02 Illegal Data Address
59656;0;0;0x0000;02 Illegal Data Address
59657;0;0;0x0000;02 Illegal Data Address
59658;0;0;0x0000;02 Illegal Data Address
59659;0;0;0x0000;02 Illegal Data Address
59660;0;0;0x0000;02 Illegal Data Address
59661;0;0;0x0000;02 Illegal Data Address
59662;0;0;0x0000;02 Illegal Data Address
59663;0;0;0x0000;02 Illegal Data Address
59664;0;0;0x0000;02 Illegal Data Address
59665;0;0;0x0000;02 Illegal Data Address
59666;0;0;0x0000;02 Illegal Data Address
59667;0;0;0x0000;02 Illegal Data Address
59668;0;0;0x0000;02 Illegal Data Address
59669;0;0;0x0000;02 Illegal Data Address
59670;0;0;0x0000;02 Illegal Data Address
59671;0;0;0x0000;02 Illegal Data Address
59672;0;0;0x0000;02 Illegal Data Address
59673;0;0;0x0000;02 Illegal Data Address
59674;0;0;0x0000;02 Illegal Data Address
59675;0;0;0x0000;02 Illegal Data Address
59676;0;0;0x0000;02 Illegal Data Address
59677;0;0;0x0000;02 Illegal Data Address
59678;0;0;0x0000;02 Illegal Data Address
59679;0;0;0x0000;02 Illegal Data Address
59680;0;0;0x0000;02 Illegal Data Address
59681;0;0;0x0000;02 Illegal Data Address
59682;0;0;0x0000;02 Illegal Data Address
59683;0;0;0x0000;02 Illegal Data Address
59684;0;0;0x0000;02 Illegal Data Address
59685;0;0;0x0000;02 Illegal Data Address
59686;0;0;0x0000;02 Illegal Data Address
59687;0;0;0x0000;02 Illegal Data Address
59688;0;0;0x0000;02 Illegal Data Address
59689;0;0;0x0000;02 Illegal Data Address
59690;0;0;0x0000;02 Illegal Data Address
59691;0;0;0x0000;02 Illegal Data Address
59692;0;0;0x0000;02 Illegal Data Address
59693;0;0;0x0000;02 Illegal Data Address
59694;0;0;0x0000;02 Illegal Data Address
59695;0;0;0x0000;02 Illegal Data Address
59696;0;0;0x0000;02 Illegal Data Address
59697;0;0;0x0000;02 Illegal Data Address
59698;0;0;0x0000;02 Illegal Data Address
59699;0;0;0x0000;02 Illegal Data Address
59700;0;0;0x0000;02 Illegal Data Address
59701;0;0;0x0000;02 Illegal Data Address
59702;0;0;0x0000;02 Illegal Data Address
59703;0;0;0x0000;02 Illegal Data Address
59704;0;0;0x0000;02 Illegal Data Address
59705;0;0;0x0000;02 Illegal Data Address
59706;0;0;0x0000;02 Illegal Data Address
59707;0;0;0x0000;02 Illegal Data Address
59708;0;0;0x0000;02 Illegal Data Address
59709;0;0;0x0000;02 Illegal Data Address
59710;0;0;0x0000;02 Illegal Data Address
59711;0;0;0x0000;02 Illegal Data Address
59712;0;0;0x0000;02 Illegal Data Address
59713;0;0;0x0000;02 Illegal Data Address
59714;0;0;0x0000;02 Illegal Data Address
59715;0;0;0x0000;02 Illegal Data Address
59716;0;0;0x0000;02 Illegal Data Address
59717;0;0;0x0000;02 Illegal Data Address
59718;0;0;0x0000;02 Illegal Data Address
59719;0;0;0x0000;02 Illegal Data Address
59720;0;0;0x0000;02 Illegal Data Address
59721;0;0;0x0000;02 Illegal Data Address
59722;0;0;0x0000;02 Illegal Data Address
59723;0;0;0x0000;02 Illegal Data Address
59724;0;0;0x0000;02 Illegal Data Address
59725;0;0;0x0000;02 Illegal Data Address
59726;0;0;0x0000;02 Illegal Data Address
59727;0;0;0x0000;02 Illegal Data Address
59728;0;0;0x0000;02 Illegal Data Address
59729;0;0;0x0000;02 Illegal Data Address
59730;0;0;0x0000;02 Illegal Data Address
59731;0;0;0x0000;02 Illegal Data Address
59732;0;0;0x0000;02 Illegal Data Address
59733;0;0;0x0000;02 Illegal Data Address
59734;0;0;0x0000;02 Illegal Data Address
59735;0;0;0x0000;02 Illegal Data Address
59736;0;0;0x0000;02 Illegal Data Address
59737;0;0;0x0000;02 Illegal Data Address
59738;0;0;0x0000;02 Illegal Data Address
59739;0;0;0x0000;02 Illegal Data Address
59740;0;0;0x0000;02 Illegal Data Address
59741;0;0;0x0000;02 Illegal Data Address
59742;0;0;0x0000;02 Illegal Data Address
59743;0;0;0x0000;02 Illegal Data Address
59744;0;0;0x0000;02 Illegal Data Address
59745;0;0;0x0000;02 Illegal Data Address
59746;0;0;0x0000;02 Illegal Data Address
59747;0;0;0x0000;02 Illegal Data Address
59748;0;0;0x0000;02 Illegal Data Address
59749;0;0;0x0000;02 Illegal Data Address
59750;0;0;0x0000;02 Illegal Data Address
59751;0;0;0x0000;02 Illegal Data Address
59752;0;0;0x0000;02 Illegal Data Address
59753;0;0;0x0000;02 Illegal Data Address
59754;0;0;0x0000;02 Illegal Data Address
59755;0;0;0x0000;02 Illegal Data Address
59756;0;0;0x0000;02 Illegal Data Address
59757;0;0;0x0000;02 Illegal Data Address
59758;0;0;0x0000;02 Illegal Data Address
59759;0;0;0x0000;02 Illegal Data Address
59760;0;0;0x0000;02 Illegal Data Address
59761;0;0;0x0000;02 Illegal Data Address
59762;0;0;0x0000;02 Illegal Data Address
59763;0;0;0x0000;02 Illegal Data Address
59764;0;0;0x0000;02 Illegal Data Address
59765;0;0;0x0000;02 Illegal Data Address
59766;0;0;0x0000;02 Illegal Data Address
59767;0;0;0x0000;02 Illegal Data Address
59768;0;0;0x0000;02 Illegal Data Address
59769;0;0;0x0000;02 Illegal Data Address
59770;0;0;0x0000;02 Illegal Data Address
59771;0;0;0x0000;02 Illegal Data Address
59772;0;0;0x0000;02 Illegal Data Address
59773;0;0;0x0000;02 Illegal Data Address
59774;0;0;0x0000;02 Illegal Data Address
59775;0;0;0x0000;02 Illegal Data Address
59776;0;0;0x0000;02 Illegal Data Address
59777;0;0;0x0000;02 Illegal Data Address
59778;0;0;0x0000;02 Illegal Data Address
59779;0;0;0x0000;02 Illegal Data Address
59780;0;0;0x0000;02 Illegal Data Address
59781;0;0;0x0000;02 Illegal Data Address
59782;0;0;0x0000;02 Illegal Data Address
59783;0;0;0x0000;02 Illegal Data Address
59784;0;0;0x0000;02 Illegal Data Address
59785;0;0;0x0000;02 Illegal Data Address
59786;0;0;0x0000;02 Illegal Data Address
59787;0;0;0x0000;02 Illegal Data Address
59788;0;0;0x0000;02 Illegal Data Address
59789;0;0;0x0000;02 Illegal Data Address
59790;0;0;0x0000;02 Illegal Data Address
59791;0;0;0x0000;02 Illegal Data Address
59792;0;0;0x0000;02 Illegal Data Address
59793;0;0;0x0000;02 Illegal Data Address
59794;0;0;0x0000;02 Illegal Data Address
59795;0;0;0x0000;02 Illegal Data Address
59796;0;0;0x0000;02 Illegal Data Address
59797;0;0;0x0000;02 Illegal Data Address
59798;0;0;0x0000;02 Illegal Data Address
59799;0;0;0x0000;02 Illegal Data Address
59800;0;0;0x0000;02 Illegal Data Address
59801;0;0;0x0000;02 Illegal Data Address
59802;0;0;0x0000;02 Illegal Data Address
59803;0;0;0x0000;02 Illegal Data Address
59804;0;0;0x0000;02 Illegal Data Address
59805;0;0;0x0000;02 Illegal Data Address
59806;0;0;0x0000;02 Illegal Data Address
59807;0;0;0x0000;02 Illegal Data Address
59808;0;0;0x0000;02 Illegal Data Address
59809;0;0;0x0000;02 Illegal Data Address
59810;0;0;0x0000;02 Illegal Data Address
59811;0;0;0x0000;02 Illegal Data Address
59812;0;0;0x0000;02 Illegal Data Address
59813;0;0;0x0000;02 Illegal Data Address
59814;0;0;0x0000;02 Illegal Data Address
59815;0;0;0x0000;02 Illegal Data Address
59816;0;0;0x0000;02 Illegal Data Address
59817;0;0;0x0000;02 Illegal Data Address
59818;0;0;0x0000;02 Illegal Data Address
59819;0;0;0x0000;02 Illegal Data Address
59820;0;0;0x0000;02 Illegal Data Address
59821;0;0;0x0000;02 Illegal Data Address
59822;0;0;0x0000;02 Illegal Data Address
59823;0;0;0x0000;02 Illegal Data Address
59824;0;0;0x0000;02 Illegal Data Address
59825;0;0;0x0000;02 Illegal Data Address
59826;0;0;0x0000;02 Illegal Data Address
59827;0;0;0x0000;02 Illegal Data Address
59828;0;0;0x0000;02 Illegal Data Address
59829;0;0;0x0000;02 Illegal Data Address
59830;0;0;0x0000;02 Illegal Data Address
59831;0;0;0x0000;02 Illegal Data Address
59832;0;0;0x0000;02 Illegal Data Address
59833;0;0;0x0000;02 Illegal Data Address
59834;0;0;0x0000;02 Illegal Data Address
59835;0;0;0x0000;02 Illegal Data Address
59836;0;0;0x0000;02 Illegal Data Address
59837;0;0;0x0000;02 Illegal Data Address
59838;0;0;0x0000;02 Illegal Data Address
59839;0;0;0x0000;02 Illegal Data Address
59840;0;0;0x0000;02 Illegal Data Address
59841;0;0;0x0000;02 Illegal Data Address
59842;0;0;0x0000;02 Illegal Data Address
59843;0;0;0x0000;02 Illegal Data Address
59844;0;0;0x0000;02 Illegal Data Address
59845;0;0;0x0000;02 Illegal Data Address
59846;0;0;0x0000;02 Illegal Data Address
59847;0;0;0x0000;02 Illegal Data Address
59848;0;0;0x0000;02 Illegal Data Address
59849;0;0;0x0000;02 Illegal Data Address
59850;0;0;0x0000;02 Illegal Data Address
59851;0;0;0x0000;02 Illegal Data Address
59852;0;0;0x0000;02 Illegal Data Address
59853;0;0;0x0000;02 Illegal Data Address
59854;0;0;0x0000;02 Illegal Data Address
59855;0;0;0x0000;02 Illegal Data Address
59856;0;0;0x0000;02 Illegal Data Address
59857;0;0;0x0000;02 Illegal Data Address
59858;0;0;0x0000;02 Illegal Data Address
59859;0;0;0x0000;02 Illegal Data Address
59860;0;0;0x0000;02 Illegal Data Address
59861;0;0;0x0000;02 Illegal Data Address
59862;0;0;0x0000;02 Illegal Data Address
59863;0;0;0x0000;02 Illegal Data Address
59864;0;0;0x0000;02 Illegal Data Address
59865;0;0;0x0000;02 Illegal Data Address
59866;0;0;0x0000;02 Illegal Data Address
59867;0;0;0x0000;02 Illegal Data Address
59868;0;0;0x0000;02 Illegal Data Address
59869;0;0;0x0000;02 Illegal Data Address
59870;0;0;0x0000;02 Illegal Data Address
59871;0;0;0x0000;02 Illegal Data Address
59872;0;0;0x0000;02 Illegal Data Address
59873;0;0;0x0000;02 Illegal Data Address
59874;0;0;0x0000;02 Illegal Data Address
59875;0;0;0x0000;02 Illegal Data Address
59876;0;0;0x0000;02 Illegal Data Address
59877;0;0;0x0000;02 Illegal Data Address
59878;0;0;0x0000;02 Illegal Data Address
59879;0;0;0x0000;02 Illegal Data Address
59880;0;0;0x0000;02 Illegal Data Address
59881;0;0;0x0000;02 Illegal Data Address
59882;0;0;0x0000;02 Illegal Data Address
59883;0;0;0x0000;02 Illegal Data Address
59884;0;0;0x0000;02 Illegal Data Address
59885;0;0;0x0000;02 Illegal Data Address
59886;0;0;0x0000;02 Illegal Data Address
59887;0;0;0x0000;02 Illegal Data Address
59888;0;0;0x0000;02 Illegal Data Address
59889;0;0;0x0000;02 Illegal Data Address
59890;0;0;0x0000;02 Illegal Data Address
59891;0;0;0x0000;02 Illegal Data Address
59892;0;0;0x0000;02 Illegal Data Address
59893;0;0;0x0000;02 Illegal Data Address
59894;0;0;0x0000;02 Illegal Data Address
59895;0;0;0x0000;02 Illegal Data Address
59896;0;0;0x0000;02 Illegal Data Address
59897;0;0;0x0000;02 Illegal Data Address
59898;0;0;0x0000;02 Illegal Data Address
59899;0;0;0x0000;02 Illegal Data Address
59900;0;0;0x0000;02 Illegal Data Address
59901;0;0;0x0000;02 Illegal Data Address
59902;0;0;0x0000;02 Illegal Data Address
59903;0;0;0x0000;02 Illegal Data Address
59904;0;0;0x0000;02 Illegal Data Address
59905;0;0;0x0000;02 Illegal Data Address
59906;0;0;0x0000;02 Illegal Data Address
59907;0;0;0x0000;02 Illegal Data Address
59908;0;0;0x0000;02 Illegal Data Address
59909;0;0;0x0000;02 Illegal Data Address
59910;0;0;0x0000;02 Illegal Data Address
59911;0;0;0x0000;02 Illegal Data Address
59912;0;0;0x0000;02 Illegal Data Address
59913;0;0;0x0000;02 Illegal Data Address
59914;0;0;0x0000;02 Illegal Data Address
59915;0;0;0x0000;02 Illegal Data Address
59916;0;0;0x0000;02 Illegal Data Address
59917;0;0;0x0000;02 Illegal Data Address
59918;0;0;0x0000;02 Illegal Data Address
59919;0;0;0x0000;02 Illegal Data Address
59920;0;0;0x0000;02 Illegal Data Address
59921;0;0;0x0000;02 Illegal Data Address
59922;0;0;0x0000;02 Illegal Data Address
59923;0;0;0x0000;02 Illegal Data Address
59924;0;0;0x0000;02 Illegal Data Address
59925;0;0;0x0000;02 Illegal Data Address
59926;0;0;0x0000;02 Illegal Data Address
59927;0;0;0x0000;02 Illegal Data Address
59928;0;0;0x0000;02 Illegal Data Address
59929;0;0;0x0000;02 Illegal Data Address
59930;0;0;0x0000;02 Illegal Data Address
59931;0;0;0x0000;02 Illegal Data Address
59932;0;0;0x0000;02 Illegal Data Address
59933;0;0;0x0000;02 Illegal Data Address
59934;0;0;0x0000;02 Illegal Data Address
59935;0;0;0x0000;02 Illegal Data Address
59936;0;0;0x0000;02 Illegal Data Address
59937;0;0;0x0000;02 Illegal Data Address
59938;0;0;0x0000;02 Illegal Data Address
59939;0;0;0x0000;02 Illegal Data Address
59940;0;0;0x0000;02 Illegal Data Address
59941;0;0;0x0000;02 Illegal Data Address
59942;0;0;0x0000;02 Illegal Data Address
59943;0;0;0x0000;02 Illegal Data Address
59944;0;0;0x0000;02 Illegal Data Address
59945;0;0;0x0000;02 Illegal Data Address
59946;0;0;0x0000;02 Illegal Data Address
59947;0;0;0x0000;02 Illegal Data Address
59948;0;0;0x0000;02 Illegal Data Address
59949;0;0;0x0000;02 Illegal Data Address
59950;0;0;0x0000;02 Illegal Data Address
59951;0;0;0x0000;02 Illegal Data Address
59952;0;0;0x0000;02 Illegal Data Address
59953;0;0;0x0000;02 Illegal Data Address
59954;0;0;0x0000;02 Illegal Data Address
59955;0;0;0x0000;02 Illegal Data Address
59956;0;0;0x0000;02 Illegal Data Address
59957;0;0;0x0000;02 Illegal Data Address
59958;0;0;0x0000;02 Illegal Data Address
59959;0;0;0x0000;02 Illegal Data Address
59960;0;0;0x0000;02 Illegal Data Address
59961;0;0;0x0000;02 Illegal Data Address
59962;0;0;0x0000;02 Illegal Data Address
59963;0;0;0x0000;02 Illegal Data Address
59964;0;0;0x0000;02 Illegal Data Address
59965;0;0;0x0000;02 Illegal Data Address
59966;0;0;0x0000;02 Illegal Data Address
59967;0;0;0x0000;02 Illegal Data Address
59968;0;0;0x0000;02 Illegal Data Address
59969;0;0;0x0000;02 Illegal Data Address
59970;0;0;0x0000;02 Illegal Data Address
59971;0;0;0x0000;02 Illegal Data Address
59972;0;0;0x0000;02 Illegal Data Address
59973;0;0;0x0000;02 Illegal Data Address
59974;0;0;0x0000;02 Illegal Data Address
59975;0;0;0x0000;02 Illegal Data Address
59976;0;0;0x0000;02 Illegal Data Address
59977;0;0;0x0000;02 Illegal Data Address
59978;0;0;0x0000;02 Illegal Data Address
59979;0;0;0x0000;02 Illegal Data Address
59980;0;0;0x0000;02 Illegal Data Address
59981;0;0;0x0000;02 Illegal Data Address
59982;0;0;0x0000;02 Illegal Data Address
59983;0;0;0x0000;02 Illegal Data Address
59984;0;0;0x0000;02 Illegal Data Address
59985;0;0;0x0000;02 Illegal Data Address
59986;0;0;0x0000;02 Illegal Data Address
59987;0;0;0x0000;02 Illegal Data Address
59988;0;0;0x0000;02 Illegal Data Address
59989;0;0;0x0000;02 Illegal Data Address
59990;0;0;0x0000;02 Illegal Data Address
59991;0;0;0x0000;02 Illegal Data Address
59992;0;0;0x0000;02 Illegal Data Address
59993;0;0;0x0000;02 Illegal Data Address
59994;0;0;0x0000;02 Illegal Data Address
59995;0;0;0x0000;02 Illegal Data Address
59996;0;0;0x0000;02 Illegal Data Address
59997;0;0;0x0000;02 Illegal Data Address
59998;0;0;0x0000;02 Illegal Data Address
59999;0;0;0x0000;02 Illegal Data Address
60000;0;0;0x0000;02 Illegal Data Address
