0;-7204;58332;0xE3DC;Response ok
1;1;1;0x0001;Response ok
2;0;0;0x0000;Response ok
3;18497;18497;0x4841;Response ok
4;18245;18245;0x4745;Response ok
5;20992;20992;0x5200;Response ok
6;0;0;0x0000;Response ok
7;0;0;0x0000;Response ok
8;0;0;0x0000;Response ok
9;0;0;0x0000;Response ok
10;0;0;0x0000;Response ok
11;0;0;0x0000;Response ok
12;0;0;0x0000;Response ok
13;0;0;0x0000;Response ok
14;0;0;0x0000;Response ok
15;0;0;0x0000;Response ok
16;0;0;0x0000;Response ok
17;0;0;0x0000;Response ok
18;0;0;0x0000;Response ok
19;22597;22597;0x5845;Response ok
20;22086;22086;0x5646;Response ok
21;20992;20992;0x5200;Response ok
22;0;0;0x0000;Response ok
23;0;0;0x0000;Response ok
24;0;0;0x0000;Response ok
25;0;0;0x0000;Response ok
26;0;0;0x0000;Response ok
27;0;0;0x0000;Response ok
28;0;0;0x0000;Response ok
29;0;0;0x0000;Response ok
30;0;0;0x0000;Response ok
31;0;0;0x0000;Response ok
32;0;0;0x0000;Response ok
33;0;0;0x0000;Response ok
34;0;0;0x0000;Response ok
35;13109;13109;0x3335;Response ok
36;19049;19049;0x4A69;Response ok
37;17474;17474;0x4442;Response ok
38;19782;19782;0x4D46;Response ok
39;25680;25680;0x6450;Response ok
40;31064;31064;0x7958;Response ok
41;27493;27493;0x6B65;Response ok
42;21359;21359;0x536F;Response ok
43;31046;31046;0x7946;Response ok
44;18039;18039;0x4677;Response ok
45;27186;27186;0x6A32;Response ok
46;0;0;0x0000;Response ok
47;0;0;0x0000;Response ok
48;0;0;0x0000;Response ok
49;0;0;0x0000;Response ok
50;0;0;0x0000;Response ok
51;14126;14126;0x372E;Response ok
52;12334;12334;0x302E;Response ok
53;13614;13614;0x352E;Response ok
54;12335;12335;0x302F;Response ok
55;12590;12590;0x312E;Response ok
56;12334;12334;0x302E;Response ok
57;12846;12846;0x322E;Response ok
58;12288;12288;0x3000;Response ok
59;0;0;0x0000;Response ok
60;0;0;0x0000;Response ok
61;0;0;0x0000;Response ok
62;0;0;0x0000;Response ok
63;0;0;0x0000;Response ok
64;0;0;0x0000;Response ok
65;0;0;0x0000;Response ok
66;0;0;0x0000;Response ok
67;32;32;0x0020;Response ok
68;20;20;0x0014;Response ok
69;17202;17202;0x4332;Response ok
70;16;16;0x0010;Response ok
71;0;0;0x0000;Response ok
72;0;0;0x0000;Response ok
73;0;0;0x0000;Response ok
74;-1;65535;0xFFFF;Response ok
75;-1;65535;0xFFFF;Response ok
76;-1;65535;0xFFFF;Response ok
77;-1;65535;0xFFFF;Response ok
78;-1;65535;0xFFFF;Response ok
79;-1;65535;0xFFFF;Response ok
80;13;13;0x000D;Response ok
81;13;13;0x000D;Response ok
82;0;0;0x0000;Response ok
83;0;0;0x0000;Response ok
84;0;0;0x0000;Response ok
85;0;0;0x0000;Response ok
86;0;0;0x0000;Response ok
87;0;0;0x0000;Response ok
88;0;0;0x0000;Response ok
89;0;0;0x0000;Response ok
90;0;0;0x0000;Response ok
91;0;0;0x0000;Response ok
92;0;0;0x0000;Response ok
93;0;0;0x0000;Response ok
94;0;0;0x0000;Response ok
95;0;0;0x0000;Response ok
96;0;0;0x0000;Response ok
97;0;0;0x0000;Response ok
98;0;0;0x0000;Response ok
99;0;0;0x0000;Response ok
100;0;0;0x0000;Response ok
101;3;3;0x0003;Response ok
102;0;0;0x0000;02 Illegal Data Address
103;0;0;0x0000;02 Illegal Data Address
104;0;0;0x0000;02 Illegal Data Address
105;0;0;0x0000;02 Illegal Data Address
106;0;0;0x0000;02 Illegal Data Address
107;0;0;0x0000;02 Illegal Data Address
108;0;0;0x0000;02 Illegal Data Address
109;0;0;0x0000;02 Illegal Data Address
110;0;0;0x0000;02 Illegal Data Address
111;0;0;0x0000;02 Illegal Data Address
112;0;0;0x0000;02 Illegal Data Address
113;0;0;0x0000;02 Illegal Data Address
114;0;0;0x0000;02 Illegal Data Address
115;0;0;0x0000;02 Illegal Data Address
116;0;0;0x0000;02 Illegal Data Address
117;0;0;0x0000;02 Illegal Data Address
118;0;0;0x0000;02 Illegal Data Address
119;0;0;0x0000;02 Illegal Data Address
120;0;0;0x0000;02 Illegal Data Address
121;0;0;0x0000;02 Illegal Data Address
122;0;0;0x0000;02 Illegal Data Address
123;0;0;0x0000;02 Illegal Data Address
124;0;0;0x0000;02 Illegal Data Address
125;0;0;0x0000;02 Illegal Data Address
126;0;0;0x0000;02 Illegal Data Address
127;0;0;0x0000;02 Illegal Data Address
128;0;0;0x0000;02 Illegal Data Address
129;0;0;0x0000;02 Illegal Data Address
130;0;0;0x0000;02 Illegal Data Address
131;0;0;0x0000;02 Illegal Data Address
132;0;0;0x0000;02 Illegal Data Address
133;0;0;0x0000;02 Illegal Data Address
134;0;0;0x0000;02 Illegal Data Address
135;0;0;0x0000;02 Illegal Data Address
136;0;0;0x0000;02 Illegal Data Address
137;0;0;0x0000;02 Illegal Data Address
138;0;0;0x0000;02 Illegal Data Address
139;0;0;0x0000;02 Illegal Data Address
140;0;0;0x0000;02 Illegal Data Address
141;0;0;0x0000;02 Illegal Data Address
142;0;0;0x0000;02 Illegal Data Address
143;0;0;0x0000;02 Illegal Data Address
144;0;0;0x0000;02 Illegal Data Address
145;0;0;0x0000;02 Illegal Data Address
146;0;0;0x0000;02 Illegal Data Address
147;0;0;0x0000;02 Illegal Data Address
148;0;0;0x0000;02 Illegal Data Address
149;0;0;0x0000;02 Illegal Data Address
150;0;0;0x0000;02 Illegal Data Address
151;0;0;0x0000;02 Illegal Data Address
152;0;0;0x0000;02 Illegal Data Address
153;0;0;0x0000;02 Illegal Data Address
154;0;0;0x0000;02 Illegal Data Address
155;0;0;0x0000;02 Illegal Data Address
156;0;0;0x0000;02 Illegal Data Address
157;0;0;0x0000;02 Illegal Data Address
158;0;0;0x0000;02 Illegal Data Address
159;0;0;0x0000;02 Illegal Data Address
160;0;0;0x0000;02 Illegal Data Address
161;0;0;0x0000;02 Illegal Data Address
162;0;0;0x0000;02 Illegal Data Address
163;0;0;0x0000;02 Illegal Data Address
164;0;0;0x0000;02 Illegal Data Address
165;0;0;0x0000;02 Illegal Data Address
166;0;0;0x0000;02 Illegal Data Address
167;0;0;0x0000;02 Illegal Data Address
168;0;0;0x0000;02 Illegal Data Address
169;0;0;0x0000;02 Illegal Data Address
170;0;0;0x0000;02 Illegal Data Address
171;0;0;0x0000;02 Illegal Data Address
172;0;0;0x0000;02 Illegal Data Address
173;0;0;0x0000;02 Illegal Data Address
174;0;0;0x0000;02 Illegal Data Address
175;0;0;0x0000;02 Illegal Data Address
176;0;0;0x0000;02 Illegal Data Address
177;0;0;0x0000;02 Illegal Data Address
178;0;0;0x0000;02 Illegal Data Address
179;0;0;0x0000;02 Illegal Data Address
180;0;0;0x0000;02 Illegal Data Address
181;0;0;0x0000;02 Illegal Data Address
182;0;0;0x0000;02 Illegal Data Address
183;0;0;0x0000;02 Illegal Data Address
184;0;0;0x0000;02 Illegal Data Address
185;0;0;0x0000;02 Illegal Data Address
186;0;0;0x0000;02 Illegal Data Address
187;0;0;0x0000;02 Illegal Data Address
188;0;0;0x0000;02 Illegal Data Address
189;0;0;0x0000;02 Illegal Data Address
190;0;0;0x0000;02 Illegal Data Address
191;0;0;0x0000;02 Illegal Data Address
192;0;0;0x0000;02 Illegal Data Address
193;0;0;0x0000;02 Illegal Data Address
194;0;0;0x0000;02 Illegal Data Address
195;0;0;0x0000;02 Illegal Data Address
196;0;0;0x0000;02 Illegal Data Address
197;0;0;0x0000;02 Illegal Data Address
198;0;0;0x0000;02 Illegal Data Address
199;0;0;0x0000;02 Illegal Data Address
200;0;0;0x0000;02 Illegal Data Address
201;0;0;0x0000;02 Illegal Data Address
202;0;0;0x0000;02 Illegal Data Address
203;0;0;0x0000;02 Illegal Data Address
204;0;0;0x0000;02 Illegal Data Address
205;0;0;0x0000;02 Illegal Data Address
206;0;0;0x0000;02 Illegal Data Address
207;0;0;0x0000;02 Illegal Data Address
208;0;0;0x0000;02 Illegal Data Address
209;0;0;0x0000;02 Illegal Data Address
210;0;0;0x0000;02 Illegal Data Address
211;0;0;0x0000;02 Illegal Data Address
212;0;0;0x0000;02 Illegal Data Address
213;0;0;0x0000;02 Illegal Data Address
214;0;0;0x0000;02 Illegal Data Address
215;0;0;0x0000;02 Illegal Data Address
216;0;0;0x0000;02 Illegal Data Address
217;0;0;0x0000;02 Illegal Data Address
218;0;0;0x0000;02 Illegal Data Address
219;0;0;0x0000;02 Illegal Data Address
220;0;0;0x0000;02 Illegal Data Address
221;0;0;0x0000;02 Illegal Data Address
222;0;0;0x0000;02 Illegal Data Address
223;0;0;0x0000;02 Illegal Data Address
224;0;0;0x0000;02 Illegal Data Address
225;0;0;0x0000;02 Illegal Data Address
226;0;0;0x0000;02 Illegal Data Address
227;0;0;0x0000;02 Illegal Data Address
228;0;0;0x0000;02 Illegal Data Address
229;0;0;0x0000;02 Illegal Data Address
230;0;0;0x0000;02 Illegal Data Address
231;0;0;0x0000;02 Illegal Data Address
232;0;0;0x0000;02 Illegal Data Address
233;0;0;0x0000;02 Illegal Data Address
234;0;0;0x0000;02 Illegal Data Address
235;0;0;0x0000;02 Illegal Data Address
236;0;0;0x0000;02 Illegal Data Address
237;0;0;0x0000;02 Illegal Data Address
238;0;0;0x0000;02 Illegal Data Address
239;0;0;0x0000;02 Illegal Data Address
240;0;0;0x0000;02 Illegal Data Address
241;0;0;0x0000;02 Illegal Data Address
242;0;0;0x0000;02 Illegal Data Address
243;0;0;0x0000;02 Illegal Data Address
244;0;0;0x0000;02 Illegal Data Address
245;0;0;0x0000;02 Illegal Data Address
246;0;0;0x0000;02 Illegal Data Address
247;0;0;0x0000;02 Illegal Data Address
248;0;0;0x0000;02 Illegal Data Address
249;0;0;0x0000;02 Illegal Data Address
250;0;0;0x0000;02 Illegal Data Address
251;0;0;0x0000;02 Illegal Data Address
252;0;0;0x0000;02 Illegal Data Address
253;0;0;0x0000;02 Illegal Data Address
254;0;0;0x0000;02 Illegal Data Address
255;0;0;0x0000;02 Illegal Data Address
256;0;0;0x0000;02 Illegal Data Address
257;0;0;0x0000;02 Illegal Data Address
258;0;0;0x0000;02 Illegal Data Address
259;0;0;0x0000;02 Illegal Data Address
260;0;0;0x0000;02 Illegal Data Address
261;0;0;0x0000;02 Illegal Data Address
262;0;0;0x0000;02 Illegal Data Address
263;0;0;0x0000;02 Illegal Data Address
264;0;0;0x0000;02 Illegal Data Address
265;0;0;0x0000;02 Illegal Data Address
266;0;0;0x0000;02 Illegal Data Address
267;0;0;0x0000;02 Illegal Data Address
268;0;0;0x0000;02 Illegal Data Address
269;0;0;0x0000;02 Illegal Data Address
270;0;0;0x0000;02 Illegal Data Address
271;0;0;0x0000;02 Illegal Data Address
272;0;0;0x0000;02 Illegal Data Address
273;0;0;0x0000;02 Illegal Data Address
274;0;0;0x0000;02 Illegal Data Address
275;0;0;0x0000;02 Illegal Data Address
276;0;0;0x0000;02 Illegal Data Address
277;0;0;0x0000;02 Illegal Data Address
278;0;0;0x0000;02 Illegal Data Address
279;0;0;0x0000;02 Illegal Data Address
280;0;0;0x0000;02 Illegal Data Address
281;0;0;0x0000;02 Illegal Data Address
282;0;0;0x0000;02 Illegal Data Address
283;0;0;0x0000;02 Illegal Data Address
284;0;0;0x0000;02 Illegal Data Address
285;0;0;0x0000;02 Illegal Data Address
286;0;0;0x0000;02 Illegal Data Address
287;0;0;0x0000;02 Illegal Data Address
288;0;0;0x0000;02 Illegal Data Address
289;0;0;0x0000;02 Illegal Data Address
290;0;0;0x0000;02 Illegal Data Address
291;0;0;0x0000;02 Illegal Data Address
292;0;0;0x0000;02 Illegal Data Address
293;0;0;0x0000;02 Illegal Data Address
294;0;0;0x0000;02 Illegal Data Address
295;0;0;0x0000;02 Illegal Data Address
296;0;0;0x0000;02 Illegal Data Address
297;0;0;0x0000;02 Illegal Data Address
298;0;0;0x0000;02 Illegal Data Address
299;0;0;0x0000;02 Illegal Data Address
300;0;0;0x0000;02 Illegal Data Address
301;0;0;0x0000;02 Illegal Data Address
302;0;0;0x0000;02 Illegal Data Address
303;0;0;0x0000;02 Illegal Data Address
304;0;0;0x0000;02 Illegal Data Address
305;0;0;0x0000;02 Illegal Data Address
306;0;0;0x0000;02 Illegal Data Address
307;0;0;0x0000;02 Illegal Data Address
308;0;0;0x0000;02 Illegal Data Address
309;0;0;0x0000;02 Illegal Data Address
310;0;0;0x0000;02 Illegal Data Address
311;0;0;0x0000;02 Illegal Data Address
312;0;0;0x0000;02 Illegal Data Address
313;0;0;0x0000;02 Illegal Data Address
314;0;0;0x0000;02 Illegal Data Address
315;0;0;0x0000;02 Illegal Data Address
316;0;0;0x0000;02 Illegal Data Address
317;0;0;0x0000;02 Illegal Data Address
318;0;0;0x0000;02 Illegal Data Address
319;0;0;0x0000;02 Illegal Data Address
320;0;0;0x0000;02 Illegal Data Address
321;0;0;0x0000;02 Illegal Data Address
322;0;0;0x0000;02 Illegal Data Address
323;0;0;0x0000;02 Illegal Data Address
324;0;0;0x0000;02 Illegal Data Address
325;0;0;0x0000;02 Illegal Data Address
326;0;0;0x0000;02 Illegal Data Address
327;0;0;0x0000;02 Illegal Data Address
328;0;0;0x0000;02 Illegal Data Address
329;0;0;0x0000;02 Illegal Data Address
330;0;0;0x0000;02 Illegal Data Address
331;0;0;0x0000;02 Illegal Data Address
332;0;0;0x0000;02 Illegal Data Address
333;0;0;0x0000;02 Illegal Data Address
334;0;0;0x0000;02 Illegal Data Address
335;0;0;0x0000;02 Illegal Data Address
336;0;0;0x0000;02 Illegal Data Address
337;0;0;0x0000;02 Illegal Data Address
338;0;0;0x0000;02 Illegal Data Address
339;0;0;0x0000;02 Illegal Data Address
340;0;0;0x0000;02 Illegal Data Address
341;0;0;0x0000;02 Illegal Data Address
342;0;0;0x0000;02 Illegal Data Address
343;0;0;0x0000;02 Illegal Data Address
344;0;0;0x0000;02 Illegal Data Address
345;0;0;0x0000;02 Illegal Data Address
346;0;0;0x0000;02 Illegal Data Address
347;0;0;0x0000;02 Illegal Data Address
348;0;0;0x0000;02 Illegal Data Address
349;0;0;0x0000;02 Illegal Data Address
350;0;0;0x0000;02 Illegal Data Address
351;0;0;0x0000;02 Illegal Data Address
352;0;0;0x0000;02 Illegal Data Address
353;0;0;0x0000;02 Illegal Data Address
354;0;0;0x0000;02 Illegal Data Address
355;0;0;0x0000;02 Illegal Data Address
356;0;0;0x0000;02 Illegal Data Address
357;0;0;0x0000;02 Illegal Data Address
358;0;0;0x0000;02 Illegal Data Address
359;0;0;0x0000;02 Illegal Data Address
360;0;0;0x0000;02 Illegal Data Address
361;0;0;0x0000;02 Illegal Data Address
362;0;0;0x0000;02 Illegal Data Address
363;0;0;0x0000;02 Illegal Data Address
364;0;0;0x0000;02 Illegal Data Address
365;0;0;0x0000;02 Illegal Data Address
366;0;0;0x0000;02 Illegal Data Address
367;0;0;0x0000;02 Illegal Data Address
368;0;0;0x0000;02 Illegal Data Address
369;0;0;0x0000;02 Illegal Data Address
370;0;0;0x0000;02 Illegal Data Address
371;0;0;0x0000;02 Illegal Data Address
372;0;0;0x0000;02 Illegal Data Address
373;0;0;0x0000;02 Illegal Data Address
374;0;0;0x0000;02 Illegal Data Address
375;0;0;0x0000;02 Illegal Data Address
376;0;0;0x0000;02 Illegal Data Address
377;0;0;0x0000;02 Illegal Data Address
378;0;0;0x0000;02 Illegal Data Address
379;0;0;0x0000;02 Illegal Data Address
380;0;0;0x0000;02 Illegal Data Address
381;0;0;0x0000;02 Illegal Data Address
382;0;0;0x0000;02 Illegal Data Address
383;0;0;0x0000;02 Illegal Data Address
384;0;0;0x0000;02 Illegal Data Address
385;0;0;0x0000;02 Illegal Data Address
386;0;0;0x0000;02 Illegal Data Address
387;0;0;0x0000;02 Illegal Data Address
388;0;0;0x0000;02 Illegal Data Address
389;0;0;0x0000;02 Illegal Data Address
390;0;0;0x0000;02 Illegal Data Address
391;0;0;0x0000;02 Illegal Data Address
392;0;0;0x0000;02 Illegal Data Address
393;0;0;0x0000;02 Illegal Data Address
394;0;0;0x0000;02 Illegal Data Address
395;0;0;0x0000;02 Illegal Data Address
396;0;0;0x0000;02 Illegal Data Address
397;0;0;0x0000;02 Illegal Data Address
398;0;0;0x0000;02 Illegal Data Address
399;0;0;0x0000;02 Illegal Data Address
400;0;0;0x0000;02 Illegal Data Address
401;0;0;0x0000;02 Illegal Data Address
402;0;0;0x0000;02 Illegal Data Address
403;0;0;0x0000;02 Illegal Data Address
404;0;0;0x0000;02 Illegal Data Address
405;0;0;0x0000;02 Illegal Data Address
406;0;0;0x0000;02 Illegal Data Address
407;0;0;0x0000;02 Illegal Data Address
408;0;0;0x0000;02 Illegal Data Address
409;0;0;0x0000;02 Illegal Data Address
410;0;0;0x0000;02 Illegal Data Address
411;0;0;0x0000;02 Illegal Data Address
412;0;0;0x0000;02 Illegal Data Address
413;0;0;0x0000;02 Illegal Data Address
414;0;0;0x0000;02 Illegal Data Address
415;0;0;0x0000;02 Illegal Data Address
416;0;0;0x0000;02 Illegal Data Address
417;0;0;0x0000;02 Illegal Data Address
418;0;0;0x0000;02 Illegal Data Address
419;0;0;0x0000;02 Illegal Data Address
420;0;0;0x0000;02 Illegal Data Address
421;0;0;0x0000;02 Illegal Data Address
422;0;0;0x0000;02 Illegal Data Address
423;0;0;0x0000;02 Illegal Data Address
424;0;0;0x0000;02 Illegal Data Address
425;0;0;0x0000;02 Illegal Data Address
426;0;0;0x0000;02 Illegal Data Address
427;0;0;0x0000;02 Illegal Data Address
428;0;0;0x0000;02 Illegal Data Address
429;0;0;0x0000;02 Illegal Data Address
430;0;0;0x0000;02 Illegal Data Address
431;0;0;0x0000;02 Illegal Data Address
432;0;0;0x0000;02 Illegal Data Address
433;0;0;0x0000;02 Illegal Data Address
434;0;0;0x0000;02 Illegal Data Address
435;0;0;0x0000;02 Illegal Data Address
436;0;0;0x0000;02 Illegal Data Address
437;0;0;0x0000;02 Illegal Data Address
438;0;0;0x0000;02 Illegal Data Address
439;0;0;0x0000;02 Illegal Data Address
440;0;0;0x0000;02 Illegal Data Address
441;0;0;0x0000;02 Illegal Data Address
442;0;0;0x0000;02 Illegal Data Address
443;0;0;0x0000;02 Illegal Data Address
444;0;0;0x0000;02 Illegal Data Address
445;0;0;0x0000;02 Illegal Data Address
446;0;0;0x0000;02 Illegal Data Address
447;0;0;0x0000;02 Illegal Data Address
448;0;0;0x0000;02 Illegal Data Address
449;0;0;0x0000;02 Illegal Data Address
450;0;0;0x0000;02 Illegal Data Address
451;0;0;0x0000;02 Illegal Data Address
452;0;0;0x0000;02 Illegal Data Address
453;0;0;0x0000;02 Illegal Data Address
454;0;0;0x0000;02 Illegal Data Address
455;0;0;0x0000;02 Illegal Data Address
456;0;0;0x0000;02 Illegal Data Address
457;0;0;0x0000;02 Illegal Data Address
458;0;0;0x0000;02 Illegal Data Address
459;0;0;0x0000;02 Illegal Data Address
460;0;0;0x0000;02 Illegal Data Address
461;0;0;0x0000;02 Illegal Data Address
462;0;0;0x0000;02 Illegal Data Address
463;0;0;0x0000;02 Illegal Data Address
464;0;0;0x0000;02 Illegal Data Address
465;0;0;0x0000;02 Illegal Data Address
466;0;0;0x0000;02 Illegal Data Address
467;0;0;0x0000;02 Illegal Data Address
468;0;0;0x0000;02 Illegal Data Address
469;0;0;0x0000;02 Illegal Data Address
470;0;0;0x0000;02 Illegal Data Address
471;0;0;0x0000;02 Illegal Data Address
472;0;0;0x0000;02 Illegal Data Address
473;0;0;0x0000;02 Illegal Data Address
474;0;0;0x0000;02 Illegal Data Address
475;0;0;0x0000;02 Illegal Data Address
476;0;0;0x0000;02 Illegal Data Address
477;0;0;0x0000;02 Illegal Data Address
478;0;0;0x0000;02 Illegal Data Address
479;0;0;0x0000;02 Illegal Data Address
480;0;0;0x0000;02 Illegal Data Address
481;0;0;0x0000;02 Illegal Data Address
482;0;0;0x0000;02 Illegal Data Address
483;0;0;0x0000;02 Illegal Data Address
484;0;0;0x0000;02 Illegal Data Address
485;0;0;0x0000;02 Illegal Data Address
486;0;0;0x0000;02 Illegal Data Address
487;0;0;0x0000;02 Illegal Data Address
488;0;0;0x0000;02 Illegal Data Address
489;0;0;0x0000;02 Illegal Data Address
490;0;0;0x0000;02 Illegal Data Address
491;0;0;0x0000;02 Illegal Data Address
492;0;0;0x0000;02 Illegal Data Address
493;0;0;0x0000;02 Illegal Data Address
494;0;0;0x0000;02 Illegal Data Address
495;0;0;0x0000;02 Illegal Data Address
496;0;0;0x0000;02 Illegal Data Address
497;0;0;0x0000;02 Illegal Data Address
498;0;0;0x0000;02 Illegal Data Address
499;0;0;0x0000;02 Illegal Data Address
500;0;0;0x0000;02 Illegal Data Address
501;0;0;0x0000;02 Illegal Data Address
502;0;0;0x0000;02 Illegal Data Address
503;0;0;0x0000;02 Illegal Data Address
504;0;0;0x0000;02 Illegal Data Address
505;0;0;0x0000;02 Illegal Data Address
506;0;0;0x0000;02 Illegal Data Address
507;0;0;0x0000;02 Illegal Data Address
508;0;0;0x0000;02 Illegal Data Address
509;0;0;0x0000;02 Illegal Data Address
510;0;0;0x0000;02 Illegal Data Address
511;0;0;0x0000;02 Illegal Data Address
512;0;0;0x0000;02 Illegal Data Address
513;0;0;0x0000;02 Illegal Data Address
514;0;0;0x0000;02 Illegal Data Address
515;0;0;0x0000;02 Illegal Data Address
516;0;0;0x0000;02 Illegal Data Address
517;0;0;0x0000;02 Illegal Data Address
518;0;0;0x0000;02 Illegal Data Address
519;0;0;0x0000;02 Illegal Data Address
520;0;0;0x0000;02 Illegal Data Address
521;0;0;0x0000;02 Illegal Data Address
522;0;0;0x0000;02 Illegal Data Address
523;0;0;0x0000;02 Illegal Data Address
524;0;0;0x0000;02 Illegal Data Address
525;0;0;0x0000;02 Illegal Data Address
526;0;0;0x0000;02 Illegal Data Address
527;0;0;0x0000;02 Illegal Data Address
528;0;0;0x0000;02 Illegal Data Address
529;0;0;0x0000;02 Illegal Data Address
530;0;0;0x0000;02 Illegal Data Address
531;0;0;0x0000;02 Illegal Data Address
532;0;0;0x0000;02 Illegal Data Address
533;0;0;0x0000;02 Illegal Data Address
534;0;0;0x0000;02 Illegal Data Address
535;0;0;0x0000;02 Illegal Data Address
536;0;0;0x0000;02 Illegal Data Address
537;0;0;0x0000;02 Illegal Data Address
538;0;0;0x0000;02 Illegal Data Address
539;0;0;0x0000;02 Illegal Data Address
540;0;0;0x0000;02 Illegal Data Address
541;0;0;0x0000;02 Illegal Data Address
542;0;0;0x0000;02 Illegal Data Address
543;0;0;0x0000;02 Illegal Data Address
544;0;0;0x0000;02 Illegal Data Address
545;0;0;0x0000;02 Illegal Data Address
546;0;0;0x0000;02 Illegal Data Address
547;0;0;0x0000;02 Illegal Data Address
548;0;0;0x0000;02 Illegal Data Address
549;0;0;0x0000;02 Illegal Data Address
550;0;0;0x0000;02 Illegal Data Address
551;0;0;0x0000;02 Illegal Data Address
552;0;0;0x0000;02 Illegal Data Address
553;0;0;0x0000;02 Illegal Data Address
554;0;0;0x0000;02 Illegal Data Address
555;0;0;0x0000;02 Illegal Data Address
556;0;0;0x0000;02 Illegal Data Address
557;0;0;0x0000;02 Illegal Data Address
558;0;0;0x0000;02 Illegal Data Address
559;0;0;0x0000;02 Illegal Data Address
560;0;0;0x0000;02 Illegal Data Address
561;0;0;0x0000;02 Illegal Data Address
562;0;0;0x0000;02 Illegal Data Address
563;0;0;0x0000;02 Illegal Data Address
564;0;0;0x0000;02 Illegal Data Address
565;0;0;0x0000;02 Illegal Data Address
566;0;0;0x0000;02 Illegal Data Address
567;0;0;0x0000;02 Illegal Data Address
568;0;0;0x0000;02 Illegal Data Address
569;0;0;0x0000;02 Illegal Data Address
570;0;0;0x0000;02 Illegal Data Address
571;0;0;0x0000;02 Illegal Data Address
572;0;0;0x0000;02 Illegal Data Address
573;0;0;0x0000;02 Illegal Data Address
574;0;0;0x0000;02 Illegal Data Address
575;0;0;0x0000;02 Illegal Data Address
576;0;0;0x0000;02 Illegal Data Address
577;0;0;0x0000;02 Illegal Data Address
578;0;0;0x0000;02 Illegal Data Address
579;0;0;0x0000;02 Illegal Data Address
580;0;0;0x0000;02 Illegal Data Address
581;0;0;0x0000;02 Illegal Data Address
582;0;0;0x0000;02 Illegal Data Address
583;0;0;0x0000;02 Illegal Data Address
584;0;0;0x0000;02 Illegal Data Address
585;0;0;0x0000;02 Illegal Data Address
586;0;0;0x0000;02 Illegal Data Address
587;0;0;0x0000;02 Illegal Data Address
588;0;0;0x0000;02 Illegal Data Address
589;0;0;0x0000;02 Illegal Data Address
590;0;0;0x0000;02 Illegal Data Address
591;0;0;0x0000;02 Illegal Data Address
592;0;0;0x0000;02 Illegal Data Address
593;0;0;0x0000;02 Illegal Data Address
594;0;0;0x0000;02 Illegal Data Address
595;0;0;0x0000;02 Illegal Data Address
596;0;0;0x0000;02 Illegal Data Address
597;0;0;0x0000;02 Illegal Data Address
598;0;0;0x0000;02 Illegal Data Address
599;0;0;0x0000;02 Illegal Data Address
600;0;0;0x0000;02 Illegal Data Address
601;0;0;0x0000;02 Illegal Data Address
602;0;0;0x0000;02 Illegal Data Address
603;0;0;0x0000;02 Illegal Data Address
604;0;0;0x0000;02 Illegal Data Address
605;0;0;0x0000;02 Illegal Data Address
606;0;0;0x0000;02 Illegal Data Address
607;0;0;0x0000;02 Illegal Data Address
608;0;0;0x0000;02 Illegal Data Address
609;0;0;0x0000;02 Illegal Data Address
610;0;0;0x0000;02 Illegal Data Address
611;0;0;0x0000;02 Illegal Data Address
612;0;0;0x0000;02 Illegal Data Address
613;0;0;0x0000;02 Illegal Data Address
614;0;0;0x0000;02 Illegal Data Address
615;0;0;0x0000;02 Illegal Data Address
616;0;0;0x0000;02 Illegal Data Address
617;0;0;0x0000;02 Illegal Data Address
618;0;0;0x0000;02 Illegal Data Address
619;0;0;0x0000;02 Illegal Data Address
620;0;0;0x0000;02 Illegal Data Address
621;0;0;0x0000;02 Illegal Data Address
622;0;0;0x0000;02 Illegal Data Address
623;0;0;0x0000;02 Illegal Data Address
624;0;0;0x0000;02 Illegal Data Address
625;0;0;0x0000;02 Illegal Data Address
626;0;0;0x0000;02 Illegal Data Address
627;0;0;0x0000;02 Illegal Data Address
628;0;0;0x0000;02 Illegal Data Address
629;0;0;0x0000;02 Illegal Data Address
630;0;0;0x0000;02 Illegal Data Address
631;0;0;0x0000;02 Illegal Data Address
632;0;0;0x0000;02 Illegal Data Address
633;0;0;0x0000;02 Illegal Data Address
634;0;0;0x0000;02 Illegal Data Address
635;0;0;0x0000;02 Illegal Data Address
636;0;0;0x0000;02 Illegal Data Address
637;0;0;0x0000;02 Illegal Data Address
638;0;0;0x0000;02 Illegal Data Address
639;0;0;0x0000;02 Illegal Data Address
640;0;0;0x0000;02 Illegal Data Address
641;0;0;0x0000;02 Illegal Data Address
642;0;0;0x0000;02 Illegal Data Address
643;0;0;0x0000;02 Illegal Data Address
644;0;0;0x0000;02 Illegal Data Address
645;0;0;0x0000;02 Illegal Data Address
646;0;0;0x0000;02 Illegal Data Address
647;0;0;0x0000;02 Illegal Data Address
648;0;0;0x0000;02 Illegal Data Address
649;0;0;0x0000;02 Illegal Data Address
650;0;0;0x0000;02 Illegal Data Address
651;0;0;0x0000;02 Illegal Data Address
652;0;0;0x0000;02 Illegal Data Address
653;0;0;0x0000;02 Illegal Data Address
654;0;0;0x0000;02 Illegal Data Address
655;0;0;0x0000;02 Illegal Data Address
656;0;0;0x0000;02 Illegal Data Address
657;0;0;0x0000;02 Illegal Data Address
658;0;0;0x0000;02 Illegal Data Address
659;0;0;0x0000;02 Illegal Data Address
660;0;0;0x0000;02 Illegal Data Address
661;0;0;0x0000;02 Illegal Data Address
662;0;0;0x0000;02 Illegal Data Address
663;0;0;0x0000;02 Illegal Data Address
664;0;0;0x0000;02 Illegal Data Address
665;0;0;0x0000;02 Illegal Data Address
666;0;0;0x0000;02 Illegal Data Address
667;0;0;0x0000;02 Illegal Data Address
668;0;0;0x0000;02 Illegal Data Address
669;0;0;0x0000;02 Illegal Data Address
670;0;0;0x0000;02 Illegal Data Address
671;0;0;0x0000;02 Illegal Data Address
672;0;0;0x0000;02 Illegal Data Address
673;0;0;0x0000;02 Illegal Data Address
674;0;0;0x0000;02 Illegal Data Address
675;0;0;0x0000;02 Illegal Data Address
676;0;0;0x0000;02 Illegal Data Address
677;0;0;0x0000;02 Illegal Data Address
678;0;0;0x0000;02 Illegal Data Address
679;0;0;0x0000;02 Illegal Data Address
680;0;0;0x0000;02 Illegal Data Address
681;0;0;0x0000;02 Illegal Data Address
682;0;0;0x0000;02 Illegal Data Address
683;0;0;0x0000;02 Illegal Data Address
684;0;0;0x0000;02 Illegal Data Address
685;0;0;0x0000;02 Illegal Data Address
686;0;0;0x0000;02 Illegal Data Address
687;0;0;0x0000;02 Illegal Data Address
688;0;0;0x0000;02 Illegal Data Address
689;0;0;0x0000;02 Illegal Data Address
690;0;0;0x0000;02 Illegal Data Address
691;0;0;0x0000;02 Illegal Data Address
692;0;0;0x0000;02 Illegal Data Address
693;0;0;0x0000;02 Illegal Data Address
694;0;0;0x0000;02 Illegal Data Address
695;0;0;0x0000;02 Illegal Data Address
696;0;0;0x0000;02 Illegal Data Address
697;0;0;0x0000;02 Illegal Data Address
698;0;0;0x0000;02 Illegal Data Address
699;0;0;0x0000;02 Illegal Data Address
700;0;0;0x0000;02 Illegal Data Address
701;0;0;0x0000;02 Illegal Data Address
702;0;0;0x0000;02 Illegal Data Address
703;0;0;0x0000;02 Illegal Data Address
704;0;0;0x0000;02 Illegal Data Address
705;0;0;0x0000;02 Illegal Data Address
706;0;0;0x0000;02 Illegal Data Address
707;0;0;0x0000;02 Illegal Data Address
708;0;0;0x0000;02 Illegal Data Address
709;0;0;0x0000;02 Illegal Data Address
710;0;0;0x0000;02 Illegal Data Address
711;0;0;0x0000;02 Illegal Data Address
712;0;0;0x0000;02 Illegal Data Address
713;0;0;0x0000;02 Illegal Data Address
714;0;0;0x0000;02 Illegal Data Address
715;0;0;0x0000;02 Illegal Data Address
716;0;0;0x0000;02 Illegal Data Address
717;0;0;0x0000;02 Illegal Data Address
718;0;0;0x0000;02 Illegal Data Address
719;0;0;0x0000;02 Illegal Data Address
720;0;0;0x0000;02 Illegal Data Address
721;0;0;0x0000;02 Illegal Data Address
722;0;0;0x0000;02 Illegal Data Address
723;0;0;0x0000;02 Illegal Data Address
724;0;0;0x0000;02 Illegal Data Address
725;0;0;0x0000;02 Illegal Data Address
726;0;0;0x0000;02 Illegal Data Address
727;0;0;0x0000;02 Illegal Data Address
728;0;0;0x0000;02 Illegal Data Address
729;0;0;0x0000;02 Illegal Data Address
730;0;0;0x0000;02 Illegal Data Address
731;0;0;0x0000;02 Illegal Data Address
732;0;0;0x0000;02 Illegal Data Address
733;0;0;0x0000;02 Illegal Data Address
734;0;0;0x0000;02 Illegal Data Address
735;0;0;0x0000;02 Illegal Data Address
736;0;0;0x0000;02 Illegal Data Address
737;0;0;0x0000;02 Illegal Data Address
738;0;0;0x0000;02 Illegal Data Address
739;0;0;0x0000;02 Illegal Data Address
740;0;0;0x0000;02 Illegal Data Address
741;0;0;0x0000;02 Illegal Data Address
742;0;0;0x0000;02 Illegal Data Address
743;0;0;0x0000;02 Illegal Data Address
744;0;0;0x0000;02 Illegal Data Address
745;0;0;0x0000;02 Illegal Data Address
746;0;0;0x0000;02 Illegal Data Address
747;0;0;0x0000;02 Illegal Data Address
748;0;0;0x0000;02 Illegal Data Address
749;0;0;0x0000;02 Illegal Data Address
750;0;0;0x0000;02 Illegal Data Address
751;0;0;0x0000;02 Illegal Data Address
752;0;0;0x0000;02 Illegal Data Address
753;0;0;0x0000;02 Illegal Data Address
754;0;0;0x0000;02 Illegal Data Address
755;0;0;0x0000;02 Illegal Data Address
756;0;0;0x0000;02 Illegal Data Address
757;0;0;0x0000;02 Illegal Data Address
758;0;0;0x0000;02 Illegal Data Address
759;0;0;0x0000;02 Illegal Data Address
760;0;0;0x0000;02 Illegal Data Address
761;0;0;0x0000;02 Illegal Data Address
762;0;0;0x0000;02 Illegal Data Address
763;0;0;0x0000;02 Illegal Data Address
764;0;0;0x0000;02 Illegal Data Address
765;0;0;0x0000;02 Illegal Data Address
766;0;0;0x0000;02 Illegal Data Address
767;0;0;0x0000;02 Illegal Data Address
768;0;0;0x0000;02 Illegal Data Address
769;0;0;0x0000;02 Illegal Data Address
770;0;0;0x0000;02 Illegal Data Address
771;0;0;0x0000;02 Illegal Data Address
772;0;0;0x0000;02 Illegal Data Address
773;0;0;0x0000;02 Illegal Data Address
774;0;0;0x0000;02 Illegal Data Address
775;0;0;0x0000;02 Illegal Data Address
776;0;0;0x0000;02 Illegal Data Address
777;0;0;0x0000;02 Illegal Data Address
778;0;0;0x0000;02 Illegal Data Address
779;0;0;0x0000;02 Illegal Data Address
780;0;0;0x0000;02 Illegal Data Address
781;0;0;0x0000;02 Illegal Data Address
782;0;0;0x0000;02 Illegal Data Address
783;0;0;0x0000;02 Illegal Data Address
784;0;0;0x0000;02 Illegal Data Address
785;0;0;0x0000;02 Illegal Data Address
786;0;0;0x0000;02 Illegal Data Address
787;0;0;0x0000;02 Illegal Data Address
788;0;0;0x0000;02 Illegal Data Address
789;0;0;0x0000;02 Illegal Data Address
790;0;0;0x0000;02 Illegal Data Address
791;0;0;0x0000;02 Illegal Data Address
792;0;0;0x0000;02 Illegal Data Address
793;0;0;0x0000;02 Illegal Data Address
794;0;0;0x0000;02 Illegal Data Address
795;0;0;0x0000;02 Illegal Data Address
796;0;0;0x0000;02 Illegal Data Address
797;0;0;0x0000;02 Illegal Data Address
798;0;0;0x0000;02 Illegal Data Address
799;0;0;0x0000;02 Illegal Data Address
800;0;0;0x0000;02 Illegal Data Address
801;0;0;0x0000;02 Illegal Data Address
802;0;0;0x0000;02 Illegal Data Address
803;0;0;0x0000;02 Illegal Data Address
804;0;0;0x0000;02 Illegal Data Address
805;0;0;0x0000;02 Illegal Data Address
806;0;0;0x0000;02 Illegal Data Address
807;0;0;0x0000;02 Illegal Data Address
808;0;0;0x0000;02 Illegal Data Address
809;0;0;0x0000;02 Illegal Data Address
810;0;0;0x0000;02 Illegal Data Address
811;0;0;0x0000;02 Illegal Data Address
812;0;0;0x0000;02 Illegal Data Address
813;0;0;0x0000;02 Illegal Data Address
814;0;0;0x0000;02 Illegal Data Address
815;0;0;0x0000;02 Illegal Data Address
816;0;0;0x0000;02 Illegal Data Address
817;0;0;0x0000;02 Illegal Data Address
818;0;0;0x0000;02 Illegal Data Address
819;0;0;0x0000;02 Illegal Data Address
820;0;0;0x0000;02 Illegal Data Address
821;0;0;0x0000;02 Illegal Data Address
822;0;0;0x0000;02 Illegal Data Address
823;0;0;0x0000;02 Illegal Data Address
824;0;0;0x0000;02 Illegal Data Address
825;0;0;0x0000;02 Illegal Data Address
826;0;0;0x0000;02 Illegal Data Address
827;0;0;0x0000;02 Illegal Data Address
828;0;0;0x0000;02 Illegal Data Address
829;0;0;0x0000;02 Illegal Data Address
830;0;0;0x0000;02 Illegal Data Address
831;0;0;0x0000;02 Illegal Data Address
832;0;0;0x0000;02 Illegal Data Address
833;0;0;0x0000;02 Illegal Data Address
834;0;0;0x0000;02 Illegal Data Address
835;0;0;0x0000;02 Illegal Data Address
836;0;0;0x0000;02 Illegal Data Address
837;0;0;0x0000;02 Illegal Data Address
838;0;0;0x0000;02 Illegal Data Address
839;0;0;0x0000;02 Illegal Data Address
840;0;0;0x0000;02 Illegal Data Address
841;0;0;0x0000;02 Illegal Data Address
842;0;0;0x0000;02 Illegal Data Address
843;0;0;0x0000;02 Illegal Data Address
844;0;0;0x0000;02 Illegal Data Address
845;0;0;0x0000;02 Illegal Data Address
846;0;0;0x0000;02 Illegal Data Address
847;0;0;0x0000;02 Illegal Data Address
848;0;0;0x0000;02 Illegal Data Address
849;0;0;0x0000;02 Illegal Data Address
850;0;0;0x0000;02 Illegal Data Address
851;0;0;0x0000;02 Illegal Data Address
852;0;0;0x0000;02 Illegal Data Address
853;0;0;0x0000;02 Illegal Data Address
854;0;0;0x0000;02 Illegal Data Address
855;0;0;0x0000;02 Illegal Data Address
856;0;0;0x0000;02 Illegal Data Address
857;0;0;0x0000;02 Illegal Data Address
858;0;0;0x0000;02 Illegal Data Address
859;0;0;0x0000;02 Illegal Data Address
860;0;0;0x0000;02 Illegal Data Address
861;0;0;0x0000;02 Illegal Data Address
862;0;0;0x0000;02 Illegal Data Address
863;0;0;0x0000;02 Illegal Data Address
864;0;0;0x0000;02 Illegal Data Address
865;0;0;0x0000;02 Illegal Data Address
866;0;0;0x0000;02 Illegal Data Address
867;0;0;0x0000;02 Illegal Data Address
868;0;0;0x0000;02 Illegal Data Address
869;0;0;0x0000;02 Illegal Data Address
870;0;0;0x0000;02 Illegal Data Address
871;0;0;0x0000;02 Illegal Data Address
872;0;0;0x0000;02 Illegal Data Address
873;0;0;0x0000;02 Illegal Data Address
874;0;0;0x0000;02 Illegal Data Address
875;0;0;0x0000;02 Illegal Data Address
876;0;0;0x0000;02 Illegal Data Address
877;0;0;0x0000;02 Illegal Data Address
878;0;0;0x0000;02 Illegal Data Address
879;0;0;0x0000;02 Illegal Data Address
880;0;0;0x0000;02 Illegal Data Address
881;0;0;0x0000;02 Illegal Data Address
882;0;0;0x0000;02 Illegal Data Address
883;0;0;0x0000;02 Illegal Data Address
884;0;0;0x0000;02 Illegal Data Address
885;0;0;0x0000;02 Illegal Data Address
886;0;0;0x0000;02 Illegal Data Address
887;0;0;0x0000;02 Illegal Data Address
888;0;0;0x0000;02 Illegal Data Address
889;0;0;0x0000;02 Illegal Data Address
890;0;0;0x0000;02 Illegal Data Address
891;0;0;0x0000;02 Illegal Data Address
892;0;0;0x0000;02 Illegal Data Address
893;0;0;0x0000;02 Illegal Data Address
894;0;0;0x0000;02 Illegal Data Address
895;0;0;0x0000;02 Illegal Data Address
896;0;0;0x0000;02 Illegal Data Address
897;0;0;0x0000;02 Illegal Data Address
898;0;0;0x0000;02 Illegal Data Address
899;0;0;0x0000;02 Illegal Data Address
900;0;0;0x0000;02 Illegal Data Address
901;0;0;0x0000;02 Illegal Data Address
902;0;0;0x0000;02 Illegal Data Address
903;0;0;0x0000;02 Illegal Data Address
904;0;0;0x0000;02 Illegal Data Address
905;0;0;0x0000;02 Illegal Data Address
906;0;0;0x0000;02 Illegal Data Address
907;0;0;0x0000;02 Illegal Data Address
908;0;0;0x0000;02 Illegal Data Address
909;0;0;0x0000;02 Illegal Data Address
910;0;0;0x0000;02 Illegal Data Address
911;0;0;0x0000;02 Illegal Data Address
912;0;0;0x0000;02 Illegal Data Address
913;0;0;0x0000;02 Illegal Data Address
914;0;0;0x0000;02 Illegal Data Address
915;0;0;0x0000;02 Illegal Data Address
916;0;0;0x0000;02 Illegal Data Address
917;0;0;0x0000;02 Illegal Data Address
918;0;0;0x0000;02 Illegal Data Address
919;0;0;0x0000;02 Illegal Data Address
920;0;0;0x0000;02 Illegal Data Address
921;0;0;0x0000;02 Illegal Data Address
922;0;0;0x0000;02 Illegal Data Address
923;0;0;0x0000;02 Illegal Data Address
924;0;0;0x0000;02 Illegal Data Address
925;0;0;0x0000;02 Illegal Data Address
926;0;0;0x0000;02 Illegal Data Address
927;0;0;0x0000;02 Illegal Data Address
928;0;0;0x0000;02 Illegal Data Address
929;0;0;0x0000;02 Illegal Data Address
930;0;0;0x0000;02 Illegal Data Address
931;0;0;0x0000;02 Illegal Data Address
932;0;0;0x0000;02 Illegal Data Address
933;0;0;0x0000;02 Illegal Data Address
934;0;0;0x0000;02 Illegal Data Address
935;0;0;0x0000;02 Illegal Data Address
936;0;0;0x0000;02 Illegal Data Address
937;0;0;0x0000;02 Illegal Data Address
938;0;0;0x0000;02 Illegal Data Address
939;0;0;0x0000;02 Illegal Data Address
940;0;0;0x0000;02 Illegal Data Address
941;0;0;0x0000;02 Illegal Data Address
942;0;0;0x0000;02 Illegal Data Address
943;0;0;0x0000;02 Illegal Data Address
944;0;0;0x0000;02 Illegal Data Address
945;0;0;0x0000;02 Illegal Data Address
946;0;0;0x0000;02 Illegal Data Address
947;0;0;0x0000;02 Illegal Data Address
948;0;0;0x0000;02 Illegal Data Address
949;0;0;0x0000;02 Illegal Data Address
950;0;0;0x0000;02 Illegal Data Address
951;0;0;0x0000;02 Illegal Data Address
952;0;0;0x0000;02 Illegal Data Address
953;0;0;0x0000;02 Illegal Data Address
954;0;0;0x0000;02 Illegal Data Address
955;0;0;0x0000;02 Illegal Data Address
956;0;0;0x0000;02 Illegal Data Address
957;0;0;0x0000;02 Illegal Data Address
958;0;0;0x0000;02 Illegal Data Address
959;0;0;0x0000;02 Illegal Data Address
960;0;0;0x0000;02 Illegal Data Address
961;0;0;0x0000;02 Illegal Data Address
962;0;0;0x0000;02 Illegal Data Address
963;0;0;0x0000;02 Illegal Data Address
964;0;0;0x0000;02 Illegal Data Address
965;0;0;0x0000;02 Illegal Data Address
966;0;0;0x0000;02 Illegal Data Address
967;0;0;0x0000;02 Illegal Data Address
968;0;0;0x0000;02 Illegal Data Address
969;0;0;0x0000;02 Illegal Data Address
970;0;0;0x0000;02 Illegal Data Address
971;0;0;0x0000;02 Illegal Data Address
972;0;0;0x0000;02 Illegal Data Address
973;0;0;0x0000;02 Illegal Data Address
974;0;0;0x0000;02 Illegal Data Address
975;0;0;0x0000;02 Illegal Data Address
976;0;0;0x0000;02 Illegal Data Address
977;0;0;0x0000;02 Illegal Data Address
978;0;0;0x0000;02 Illegal Data Address
979;0;0;0x0000;02 Illegal Data Address
980;0;0;0x0000;02 Illegal Data Address
981;0;0;0x0000;02 Illegal Data Address
982;0;0;0x0000;02 Illegal Data Address
983;0;0;0x0000;02 Illegal Data Address
984;0;0;0x0000;02 Illegal Data Address
985;0;0;0x0000;02 Illegal Data Address
986;0;0;0x0000;02 Illegal Data Address
987;0;0;0x0000;02 Illegal Data Address
988;0;0;0x0000;02 Illegal Data Address
989;0;0;0x0000;02 Illegal Data Address
990;0;0;0x0000;02 Illegal Data Address
991;0;0;0x0000;02 Illegal Data Address
992;0;0;0x0000;02 Illegal Data Address
993;0;0;0x0000;02 Illegal Data Address
994;0;0;0x0000;02 Illegal Data Address
995;0;0;0x0000;02 Illegal Data Address
996;0;0;0x0000;02 Illegal Data Address
997;0;0;0x0000;02 Illegal Data Address
998;0;0;0x0000;02 Illegal Data Address
999;0;0;0x0000;02 Illegal Data Address
1000;0;0;0x0000;02 Illegal Data Address
1001;0;0;0x0000;02 Illegal Data Address
1002;0;0;0x0000;02 Illegal Data Address
1003;0;0;0x0000;02 Illegal Data Address
1004;0;0;0x0000;02 Illegal Data Address
1005;0;0;0x0000;02 Illegal Data Address
1006;0;0;0x0000;02 Illegal Data Address
1007;0;0;0x0000;02 Illegal Data Address
1008;0;0;0x0000;02 Illegal Data Address
1009;0;0;0x0000;02 Illegal Data Address
1010;0;0;0x0000;02 Illegal Data Address
1011;0;0;0x0000;02 Illegal Data Address
1012;0;0;0x0000;02 Illegal Data Address
1013;0;0;0x0000;02 Illegal Data Address
1014;0;0;0x0000;02 Illegal Data Address
1015;0;0;0x0000;02 Illegal Data Address
1016;0;0;0x0000;02 Illegal Data Address
1017;0;0;0x0000;02 Illegal Data Address
1018;0;0;0x0000;02 Illegal Data Address
1019;0;0;0x0000;02 Illegal Data Address
1020;0;0;0x0000;02 Illegal Data Address
1021;0;0;0x0000;02 Illegal Data Address
1022;0;0;0x0000;02 Illegal Data Address
1023;0;0;0x0000;02 Illegal Data Address
1024;0;0;0x0000;02 Illegal Data Address
1025;0;0;0x0000;02 Illegal Data Address
1026;0;0;0x0000;02 Illegal Data Address
1027;0;0;0x0000;02 Illegal Data Address
1028;0;0;0x0000;02 Illegal Data Address
1029;0;0;0x0000;02 Illegal Data Address
1030;0;0;0x0000;02 Illegal Data Address
1031;0;0;0x0000;02 Illegal Data Address
1032;0;0;0x0000;02 Illegal Data Address
1033;0;0;0x0000;02 Illegal Data Address
1034;0;0;0x0000;02 Illegal Data Address
1035;0;0;0x0000;02 Illegal Data Address
1036;0;0;0x0000;02 Illegal Data Address
1037;0;0;0x0000;02 Illegal Data Address
1038;0;0;0x0000;02 Illegal Data Address
1039;0;0;0x0000;02 Illegal Data Address
1040;0;0;0x0000;02 Illegal Data Address
1041;0;0;0x0000;02 Illegal Data Address
1042;0;0;0x0000;02 Illegal Data Address
1043;0;0;0x0000;02 Illegal Data Address
1044;0;0;0x0000;02 Illegal Data Address
1045;0;0;0x0000;02 Illegal Data Address
1046;0;0;0x0000;02 Illegal Data Address
1047;0;0;0x0000;02 Illegal Data Address
1048;0;0;0x0000;02 Illegal Data Address
1049;0;0;0x0000;02 Illegal Data Address
1050;0;0;0x0000;02 Illegal Data Address
1051;0;0;0x0000;02 Illegal Data Address
1052;0;0;0x0000;02 Illegal Data Address
1053;0;0;0x0000;02 Illegal Data Address
1054;0;0;0x0000;02 Illegal Data Address
1055;0;0;0x0000;02 Illegal Data Address
1056;0;0;0x0000;02 Illegal Data Address
1057;0;0;0x0000;02 Illegal Data Address
1058;0;0;0x0000;02 Illegal Data Address
1059;0;0;0x0000;02 Illegal Data Address
1060;0;0;0x0000;02 Illegal Data Address
1061;0;0;0x0000;02 Illegal Data Address
1062;0;0;0x0000;02 Illegal Data Address
1063;0;0;0x0000;02 Illegal Data Address
1064;0;0;0x0000;02 Illegal Data Address
1065;0;0;0x0000;02 Illegal Data Address
1066;0;0;0x0000;02 Illegal Data Address
1067;0;0;0x0000;02 Illegal Data Address
1068;0;0;0x0000;02 Illegal Data Address
1069;0;0;0x0000;02 Illegal Data Address
1070;0;0;0x0000;02 Illegal Data Address
1071;0;0;0x0000;02 Illegal Data Address
1072;0;0;0x0000;02 Illegal Data Address
1073;0;0;0x0000;02 Illegal Data Address
1074;0;0;0x0000;02 Illegal Data Address
1075;0;0;0x0000;02 Illegal Data Address
1076;0;0;0x0000;02 Illegal Data Address
1077;0;0;0x0000;02 Illegal Data Address
1078;0;0;0x0000;02 Illegal Data Address
1079;0;0;0x0000;02 Illegal Data Address
1080;0;0;0x0000;02 Illegal Data Address
1081;0;0;0x0000;02 Illegal Data Address
1082;0;0;0x0000;02 Illegal Data Address
1083;0;0;0x0000;02 Illegal Data Address
1084;0;0;0x0000;02 Illegal Data Address
1085;0;0;0x0000;02 Illegal Data Address
1086;0;0;0x0000;02 Illegal Data Address
1087;0;0;0x0000;02 Illegal Data Address
1088;0;0;0x0000;02 Illegal Data Address
1089;0;0;0x0000;02 Illegal Data Address
1090;0;0;0x0000;02 Illegal Data Address
1091;0;0;0x0000;02 Illegal Data Address
1092;0;0;0x0000;02 Illegal Data Address
1093;0;0;0x0000;02 Illegal Data Address
1094;0;0;0x0000;02 Illegal Data Address
1095;0;0;0x0000;02 Illegal Data Address
1096;0;0;0x0000;02 Illegal Data Address
1097;0;0;0x0000;02 Illegal Data Address
1098;0;0;0x0000;02 Illegal Data Address
1099;0;0;0x0000;02 Illegal Data Address
1100;0;0;0x0000;02 Illegal Data Address
1101;0;0;0x0000;02 Illegal Data Address
1102;0;0;0x0000;02 Illegal Data Address
1103;0;0;0x0000;02 Illegal Data Address
1104;0;0;0x0000;02 Illegal Data Address
1105;0;0;0x0000;02 Illegal Data Address
1106;0;0;0x0000;02 Illegal Data Address
1107;0;0;0x0000;02 Illegal Data Address
1108;0;0;0x0000;02 Illegal Data Address
1109;0;0;0x0000;02 Illegal Data Address
1110;0;0;0x0000;02 Illegal Data Address
1111;0;0;0x0000;02 Illegal Data Address
1112;0;0;0x0000;02 Illegal Data Address
1113;0;0;0x0000;02 Illegal Data Address
1114;0;0;0x0000;02 Illegal Data Address
1115;0;0;0x0000;02 Illegal Data Address
1116;0;0;0x0000;02 Illegal Data Address
1117;0;0;0x0000;02 Illegal Data Address
1118;0;0;0x0000;02 Illegal Data Address
1119;0;0;0x0000;02 Illegal Data Address
1120;0;0;0x0000;02 Illegal Data Address
1121;0;0;0x0000;02 Illegal Data Address
1122;0;0;0x0000;02 Illegal Data Address
1123;0;0;0x0000;02 Illegal Data Address
1124;0;0;0x0000;02 Illegal Data Address
1125;0;0;0x0000;02 Illegal Data Address
1126;0;0;0x0000;02 Illegal Data Address
1127;0;0;0x0000;02 Illegal Data Address
1128;0;0;0x0000;02 Illegal Data Address
1129;0;0;0x0000;02 Illegal Data Address
1130;0;0;0x0000;02 Illegal Data Address
1131;0;0;0x0000;02 Illegal Data Address
1132;0;0;0x0000;02 Illegal Data Address
1133;0;0;0x0000;02 Illegal Data Address
1134;0;0;0x0000;02 Illegal Data Address
1135;0;0;0x0000;02 Illegal Data Address
1136;0;0;0x0000;02 Illegal Data Address
1137;0;0;0x0000;02 Illegal Data Address
1138;0;0;0x0000;02 Illegal Data Address
1139;0;0;0x0000;02 Illegal Data Address
1140;0;0;0x0000;02 Illegal Data Address
1141;0;0;0x0000;02 Illegal Data Address
1142;0;0;0x0000;02 Illegal Data Address
1143;0;0;0x0000;02 Illegal Data Address
1144;0;0;0x0000;02 Illegal Data Address
1145;0;0;0x0000;02 Illegal Data Address
1146;0;0;0x0000;02 Illegal Data Address
1147;0;0;0x0000;02 Illegal Data Address
1148;0;0;0x0000;02 Illegal Data Address
1149;0;0;0x0000;02 Illegal Data Address
1150;0;0;0x0000;02 Illegal Data Address
1151;0;0;0x0000;02 Illegal Data Address
1152;0;0;0x0000;02 Illegal Data Address
1153;0;0;0x0000;02 Illegal Data Address
1154;0;0;0x0000;02 Illegal Data Address
1155;0;0;0x0000;02 Illegal Data Address
1156;0;0;0x0000;02 Illegal Data Address
1157;0;0;0x0000;02 Illegal Data Address
1158;0;0;0x0000;02 Illegal Data Address
1159;0;0;0x0000;02 Illegal Data Address
1160;0;0;0x0000;02 Illegal Data Address
1161;0;0;0x0000;02 Illegal Data Address
1162;0;0;0x0000;02 Illegal Data Address
1163;0;0;0x0000;02 Illegal Data Address
1164;0;0;0x0000;02 Illegal Data Address
1165;0;0;0x0000;02 Illegal Data Address
1166;0;0;0x0000;02 Illegal Data Address
1167;0;0;0x0000;02 Illegal Data Address
1168;0;0;0x0000;02 Illegal Data Address
1169;0;0;0x0000;02 Illegal Data Address
1170;0;0;0x0000;02 Illegal Data Address
1171;0;0;0x0000;02 Illegal Data Address
1172;0;0;0x0000;02 Illegal Data Address
1173;0;0;0x0000;02 Illegal Data Address
1174;0;0;0x0000;02 Illegal Data Address
1175;0;0;0x0000;02 Illegal Data Address
1176;0;0;0x0000;02 Illegal Data Address
1177;0;0;0x0000;02 Illegal Data Address
1178;0;0;0x0000;02 Illegal Data Address
1179;0;0;0x0000;02 Illegal Data Address
1180;0;0;0x0000;02 Illegal Data Address
1181;0;0;0x0000;02 Illegal Data Address
1182;0;0;0x0000;02 Illegal Data Address
1183;0;0;0x0000;02 Illegal Data Address
1184;0;0;0x0000;02 Illegal Data Address
1185;0;0;0x0000;02 Illegal Data Address
1186;0;0;0x0000;02 Illegal Data Address
1187;0;0;0x0000;02 Illegal Data Address
1188;0;0;0x0000;02 Illegal Data Address
1189;0;0;0x0000;02 Illegal Data Address
1190;0;0;0x0000;02 Illegal Data Address
1191;0;0;0x0000;02 Illegal Data Address
1192;0;0;0x0000;02 Illegal Data Address
1193;0;0;0x0000;02 Illegal Data Address
1194;0;0;0x0000;02 Illegal Data Address
1195;0;0;0x0000;02 Illegal Data Address
1196;0;0;0x0000;02 Illegal Data Address
1197;0;0;0x0000;02 Illegal Data Address
1198;0;0;0x0000;02 Illegal Data Address
1199;0;0;0x0000;02 Illegal Data Address
1200;0;0;0x0000;02 Illegal Data Address
1201;0;0;0x0000;02 Illegal Data Address
1202;0;0;0x0000;02 Illegal Data Address
1203;0;0;0x0000;02 Illegal Data Address
1204;0;0;0x0000;02 Illegal Data Address
1205;0;0;0x0000;02 Illegal Data Address
1206;0;0;0x0000;02 Illegal Data Address
1207;0;0;0x0000;02 Illegal Data Address
1208;0;0;0x0000;02 Illegal Data Address
1209;0;0;0x0000;02 Illegal Data Address
1210;0;0;0x0000;02 Illegal Data Address
1211;0;0;0x0000;02 Illegal Data Address
1212;0;0;0x0000;02 Illegal Data Address
1213;0;0;0x0000;02 Illegal Data Address
1214;0;0;0x0000;02 Illegal Data Address
1215;0;0;0x0000;02 Illegal Data Address
1216;0;0;0x0000;02 Illegal Data Address
1217;0;0;0x0000;02 Illegal Data Address
1218;0;0;0x0000;02 Illegal Data Address
1219;0;0;0x0000;02 Illegal Data Address
1220;0;0;0x0000;02 Illegal Data Address
1221;0;0;0x0000;02 Illegal Data Address
1222;0;0;0x0000;02 Illegal Data Address
1223;0;0;0x0000;02 Illegal Data Address
1224;0;0;0x0000;02 Illegal Data Address
1225;0;0;0x0000;02 Illegal Data Address
1226;0;0;0x0000;02 Illegal Data Address
1227;0;0;0x0000;02 Illegal Data Address
1228;0;0;0x0000;02 Illegal Data Address
1229;0;0;0x0000;02 Illegal Data Address
1230;0;0;0x0000;02 Illegal Data Address
1231;0;0;0x0000;02 Illegal Data Address
1232;0;0;0x0000;02 Illegal Data Address
1233;0;0;0x0000;02 Illegal Data Address
1234;0;0;0x0000;02 Illegal Data Address
1235;0;0;0x0000;02 Illegal Data Address
1236;0;0;0x0000;02 Illegal Data Address
1237;0;0;0x0000;02 Illegal Data Address
1238;0;0;0x0000;02 Illegal Data Address
1239;0;0;0x0000;02 Illegal Data Address
1240;0;0;0x0000;02 Illegal Data Address
1241;0;0;0x0000;02 Illegal Data Address
1242;0;0;0x0000;02 Illegal Data Address
1243;0;0;0x0000;02 Illegal Data Address
1244;0;0;0x0000;02 Illegal Data Address
1245;0;0;0x0000;02 Illegal Data Address
1246;0;0;0x0000;02 Illegal Data Address
1247;0;0;0x0000;02 Illegal Data Address
1248;0;0;0x0000;02 Illegal Data Address
1249;0;0;0x0000;02 Illegal Data Address
1250;0;0;0x0000;02 Illegal Data Address
1251;0;0;0x0000;02 Illegal Data Address
1252;0;0;0x0000;02 Illegal Data Address
1253;0;0;0x0000;02 Illegal Data Address
1254;0;0;0x0000;02 Illegal Data Address
1255;0;0;0x0000;02 Illegal Data Address
1256;0;0;0x0000;02 Illegal Data Address
1257;0;0;0x0000;02 Illegal Data Address
1258;0;0;0x0000;02 Illegal Data Address
1259;0;0;0x0000;02 Illegal Data Address
1260;0;0;0x0000;02 Illegal Data Address
1261;0;0;0x0000;02 Illegal Data Address
1262;0;0;0x0000;02 Illegal Data Address
1263;0;0;0x0000;02 Illegal Data Address
1264;0;0;0x0000;02 Illegal Data Address
1265;0;0;0x0000;02 Illegal Data Address
1266;0;0;0x0000;02 Illegal Data Address
1267;0;0;0x0000;02 Illegal Data Address
1268;0;0;0x0000;02 Illegal Data Address
1269;0;0;0x0000;02 Illegal Data Address
1270;0;0;0x0000;02 Illegal Data Address
1271;0;0;0x0000;02 Illegal Data Address
1272;0;0;0x0000;02 Illegal Data Address
1273;0;0;0x0000;02 Illegal Data Address
1274;0;0;0x0000;02 Illegal Data Address
1275;0;0;0x0000;02 Illegal Data Address
1276;0;0;0x0000;02 Illegal Data Address
1277;0;0;0x0000;02 Illegal Data Address
1278;0;0;0x0000;02 Illegal Data Address
1279;0;0;0x0000;02 Illegal Data Address
1280;0;0;0x0000;02 Illegal Data Address
1281;0;0;0x0000;02 Illegal Data Address
1282;0;0;0x0000;02 Illegal Data Address
1283;0;0;0x0000;02 Illegal Data Address
1284;0;0;0x0000;02 Illegal Data Address
1285;0;0;0x0000;02 Illegal Data Address
1286;0;0;0x0000;02 Illegal Data Address
1287;0;0;0x0000;02 Illegal Data Address
1288;0;0;0x0000;02 Illegal Data Address
1289;0;0;0x0000;02 Illegal Data Address
1290;0;0;0x0000;02 Illegal Data Address
1291;0;0;0x0000;02 Illegal Data Address
1292;0;0;0x0000;02 Illegal Data Address
1293;0;0;0x0000;02 Illegal Data Address
1294;0;0;0x0000;02 Illegal Data Address
1295;0;0;0x0000;02 Illegal Data Address
1296;0;0;0x0000;02 Illegal Data Address
1297;0;0;0x0000;02 Illegal Data Address
1298;0;0;0x0000;02 Illegal Data Address
1299;0;0;0x0000;02 Illegal Data Address
1300;0;0;0x0000;02 Illegal Data Address
1301;0;0;0x0000;02 Illegal Data Address
1302;0;0;0x0000;02 Illegal Data Address
1303;0;0;0x0000;02 Illegal Data Address
1304;0;0;0x0000;02 Illegal Data Address
1305;0;0;0x0000;02 Illegal Data Address
1306;0;0;0x0000;02 Illegal Data Address
1307;0;0;0x0000;02 Illegal Data Address
1308;0;0;0x0000;02 Illegal Data Address
1309;0;0;0x0000;02 Illegal Data Address
1310;0;0;0x0000;02 Illegal Data Address
1311;0;0;0x0000;02 Illegal Data Address
1312;0;0;0x0000;02 Illegal Data Address
1313;0;0;0x0000;02 Illegal Data Address
1314;0;0;0x0000;02 Illegal Data Address
1315;0;0;0x0000;02 Illegal Data Address
1316;0;0;0x0000;02 Illegal Data Address
1317;0;0;0x0000;02 Illegal Data Address
1318;0;0;0x0000;02 Illegal Data Address
1319;0;0;0x0000;02 Illegal Data Address
1320;0;0;0x0000;02 Illegal Data Address
1321;0;0;0x0000;02 Illegal Data Address
1322;0;0;0x0000;02 Illegal Data Address
1323;0;0;0x0000;02 Illegal Data Address
1324;0;0;0x0000;02 Illegal Data Address
1325;0;0;0x0000;02 Illegal Data Address
1326;0;0;0x0000;02 Illegal Data Address
1327;0;0;0x0000;02 Illegal Data Address
1328;0;0;0x0000;02 Illegal Data Address
1329;0;0;0x0000;02 Illegal Data Address
1330;0;0;0x0000;02 Illegal Data Address
1331;0;0;0x0000;02 Illegal Data Address
1332;0;0;0x0000;02 Illegal Data Address
1333;0;0;0x0000;02 Illegal Data Address
1334;0;0;0x0000;02 Illegal Data Address
1335;0;0;0x0000;02 Illegal Data Address
1336;0;0;0x0000;02 Illegal Data Address
1337;0;0;0x0000;02 Illegal Data Address
1338;0;0;0x0000;02 Illegal Data Address
1339;0;0;0x0000;02 Illegal Data Address
1340;0;0;0x0000;02 Illegal Data Address
1341;0;0;0x0000;02 Illegal Data Address
1342;0;0;0x0000;02 Illegal Data Address
1343;0;0;0x0000;02 Illegal Data Address
1344;0;0;0x0000;02 Illegal Data Address
1345;0;0;0x0000;02 Illegal Data Address
1346;0;0;0x0000;02 Illegal Data Address
1347;0;0;0x0000;02 Illegal Data Address
1348;0;0;0x0000;02 Illegal Data Address
1349;0;0;0x0000;02 Illegal Data Address
1350;0;0;0x0000;02 Illegal Data Address
1351;0;0;0x0000;02 Illegal Data Address
1352;0;0;0x0000;02 Illegal Data Address
1353;0;0;0x0000;02 Illegal Data Address
1354;0;0;0x0000;02 Illegal Data Address
1355;0;0;0x0000;02 Illegal Data Address
1356;0;0;0x0000;02 Illegal Data Address
1357;0;0;0x0000;02 Illegal Data Address
1358;0;0;0x0000;02 Illegal Data Address
1359;0;0;0x0000;02 Illegal Data Address
1360;0;0;0x0000;02 Illegal Data Address
1361;0;0;0x0000;02 Illegal Data Address
1362;0;0;0x0000;02 Illegal Data Address
1363;0;0;0x0000;02 Illegal Data Address
1364;0;0;0x0000;02 Illegal Data Address
1365;0;0;0x0000;02 Illegal Data Address
1366;0;0;0x0000;02 Illegal Data Address
1367;0;0;0x0000;02 Illegal Data Address
1368;0;0;0x0000;02 Illegal Data Address
1369;0;0;0x0000;02 Illegal Data Address
1370;0;0;0x0000;02 Illegal Data Address
1371;0;0;0x0000;02 Illegal Data Address
1372;0;0;0x0000;02 Illegal Data Address
1373;0;0;0x0000;02 Illegal Data Address
1374;0;0;0x0000;02 Illegal Data Address
1375;0;0;0x0000;02 Illegal Data Address
1376;0;0;0x0000;02 Illegal Data Address
1377;0;0;0x0000;02 Illegal Data Address
1378;0;0;0x0000;02 Illegal Data Address
1379;0;0;0x0000;02 Illegal Data Address
1380;0;0;0x0000;02 Illegal Data Address
1381;0;0;0x0000;02 Illegal Data Address
1382;0;0;0x0000;02 Illegal Data Address
1383;0;0;0x0000;02 Illegal Data Address
1384;0;0;0x0000;02 Illegal Data Address
1385;0;0;0x0000;02 Illegal Data Address
1386;0;0;0x0000;02 Illegal Data Address
1387;0;0;0x0000;02 Illegal Data Address
1388;0;0;0x0000;02 Illegal Data Address
1389;0;0;0x0000;02 Illegal Data Address
1390;0;0;0x0000;02 Illegal Data Address
1391;0;0;0x0000;02 Illegal Data Address
1392;0;0;0x0000;02 Illegal Data Address
1393;0;0;0x0000;02 Illegal Data Address
1394;0;0;0x0000;02 Illegal Data Address
1395;0;0;0x0000;02 Illegal Data Address
1396;0;0;0x0000;02 Illegal Data Address
1397;0;0;0x0000;02 Illegal Data Address
1398;0;0;0x0000;02 Illegal Data Address
1399;0;0;0x0000;02 Illegal Data Address
1400;0;0;0x0000;02 Illegal Data Address
1401;0;0;0x0000;02 Illegal Data Address
1402;0;0;0x0000;02 Illegal Data Address
1403;0;0;0x0000;02 Illegal Data Address
1404;0;0;0x0000;02 Illegal Data Address
1405;0;0;0x0000;02 Illegal Data Address
1406;0;0;0x0000;02 Illegal Data Address
1407;0;0;0x0000;02 Illegal Data Address
1408;0;0;0x0000;02 Illegal Data Address
1409;0;0;0x0000;02 Illegal Data Address
1410;0;0;0x0000;02 Illegal Data Address
1411;0;0;0x0000;02 Illegal Data Address
1412;0;0;0x0000;02 Illegal Data Address
1413;0;0;0x0000;02 Illegal Data Address
1414;0;0;0x0000;02 Illegal Data Address
1415;0;0;0x0000;02 Illegal Data Address
1416;0;0;0x0000;02 Illegal Data Address
1417;0;0;0x0000;02 Illegal Data Address
1418;0;0;0x0000;02 Illegal Data Address
1419;0;0;0x0000;02 Illegal Data Address
1420;0;0;0x0000;02 Illegal Data Address
1421;0;0;0x0000;02 Illegal Data Address
1422;0;0;0x0000;02 Illegal Data Address
1423;0;0;0x0000;02 Illegal Data Address
1424;0;0;0x0000;02 Illegal Data Address
1425;0;0;0x0000;02 Illegal Data Address
1426;0;0;0x0000;02 Illegal Data Address
1427;0;0;0x0000;02 Illegal Data Address
1428;0;0;0x0000;02 Illegal Data Address
1429;0;0;0x0000;02 Illegal Data Address
1430;0;0;0x0000;02 Illegal Data Address
1431;0;0;0x0000;02 Illegal Data Address
1432;0;0;0x0000;02 Illegal Data Address
1433;0;0;0x0000;02 Illegal Data Address
1434;0;0;0x0000;02 Illegal Data Address
1435;0;0;0x0000;02 Illegal Data Address
1436;0;0;0x0000;02 Illegal Data Address
1437;0;0;0x0000;02 Illegal Data Address
1438;0;0;0x0000;02 Illegal Data Address
1439;0;0;0x0000;02 Illegal Data Address
1440;0;0;0x0000;02 Illegal Data Address
1441;0;0;0x0000;02 Illegal Data Address
1442;0;0;0x0000;02 Illegal Data Address
1443;0;0;0x0000;02 Illegal Data Address
1444;0;0;0x0000;02 Illegal Data Address
1445;0;0;0x0000;02 Illegal Data Address
1446;0;0;0x0000;02 Illegal Data Address
1447;0;0;0x0000;02 Illegal Data Address
1448;0;0;0x0000;02 Illegal Data Address
1449;0;0;0x0000;02 Illegal Data Address
1450;0;0;0x0000;02 Illegal Data Address
1451;0;0;0x0000;02 Illegal Data Address
1452;0;0;0x0000;02 Illegal Data Address
1453;0;0;0x0000;02 Illegal Data Address
1454;0;0;0x0000;02 Illegal Data Address
1455;0;0;0x0000;02 Illegal Data Address
1456;0;0;0x0000;02 Illegal Data Address
1457;0;0;0x0000;02 Illegal Data Address
1458;0;0;0x0000;02 Illegal Data Address
1459;0;0;0x0000;02 Illegal Data Address
1460;0;0;0x0000;02 Illegal Data Address
1461;0;0;0x0000;02 Illegal Data Address
1462;0;0;0x0000;02 Illegal Data Address
1463;0;0;0x0000;02 Illegal Data Address
1464;0;0;0x0000;02 Illegal Data Address
1465;0;0;0x0000;02 Illegal Data Address
1466;0;0;0x0000;02 Illegal Data Address
1467;0;0;0x0000;02 Illegal Data Address
1468;0;0;0x0000;02 Illegal Data Address
1469;0;0;0x0000;02 Illegal Data Address
1470;0;0;0x0000;02 Illegal Data Address
1471;0;0;0x0000;02 Illegal Data Address
1472;0;0;0x0000;02 Illegal Data Address
1473;0;0;0x0000;02 Illegal Data Address
1474;0;0;0x0000;02 Illegal Data Address
1475;0;0;0x0000;02 Illegal Data Address
1476;0;0;0x0000;02 Illegal Data Address
1477;0;0;0x0000;02 Illegal Data Address
1478;0;0;0x0000;02 Illegal Data Address
1479;0;0;0x0000;02 Illegal Data Address
1480;0;0;0x0000;02 Illegal Data Address
1481;0;0;0x0000;02 Illegal Data Address
1482;0;0;0x0000;02 Illegal Data Address
1483;0;0;0x0000;02 Illegal Data Address
1484;0;0;0x0000;02 Illegal Data Address
1485;0;0;0x0000;02 Illegal Data Address
1486;0;0;0x0000;02 Illegal Data Address
1487;0;0;0x0000;02 Illegal Data Address
1488;0;0;0x0000;02 Illegal Data Address
1489;0;0;0x0000;02 Illegal Data Address
1490;0;0;0x0000;02 Illegal Data Address
1491;0;0;0x0000;02 Illegal Data Address
1492;0;0;0x0000;02 Illegal Data Address
1493;0;0;0x0000;02 Illegal Data Address
1494;0;0;0x0000;02 Illegal Data Address
1495;0;0;0x0000;02 Illegal Data Address
1496;0;0;0x0000;02 Illegal Data Address
1497;0;0;0x0000;02 Illegal Data Address
1498;0;0;0x0000;02 Illegal Data Address
1499;0;0;0x0000;02 Illegal Data Address
1500;0;0;0x0000;02 Illegal Data Address
1501;0;0;0x0000;02 Illegal Data Address
1502;0;0;0x0000;02 Illegal Data Address
1503;0;0;0x0000;02 Illegal Data Address
1504;0;0;0x0000;02 Illegal Data Address
1505;0;0;0x0000;02 Illegal Data Address
1506;0;0;0x0000;02 Illegal Data Address
1507;0;0;0x0000;02 Illegal Data Address
1508;0;0;0x0000;02 Illegal Data Address
1509;0;0;0x0000;02 Illegal Data Address
1510;0;0;0x0000;02 Illegal Data Address
1511;0;0;0x0000;02 Illegal Data Address
1512;0;0;0x0000;02 Illegal Data Address
1513;0;0;0x0000;02 Illegal Data Address
1514;0;0;0x0000;02 Illegal Data Address
1515;0;0;0x0000;02 Illegal Data Address
1516;0;0;0x0000;02 Illegal Data Address
1517;0;0;0x0000;02 Illegal Data Address
1518;0;0;0x0000;02 Illegal Data Address
1519;0;0;0x0000;02 Illegal Data Address
1520;0;0;0x0000;02 Illegal Data Address
1521;0;0;0x0000;02 Illegal Data Address
1522;0;0;0x0000;02 Illegal Data Address
1523;0;0;0x0000;02 Illegal Data Address
1524;0;0;0x0000;02 Illegal Data Address
1525;0;0;0x0000;02 Illegal Data Address
1526;0;0;0x0000;02 Illegal Data Address
1527;0;0;0x0000;02 Illegal Data Address
1528;0;0;0x0000;02 Illegal Data Address
1529;0;0;0x0000;02 Illegal Data Address
1530;0;0;0x0000;02 Illegal Data Address
1531;0;0;0x0000;02 Illegal Data Address
1532;0;0;0x0000;02 Illegal Data Address
1533;0;0;0x0000;02 Illegal Data Address
1534;0;0;0x0000;02 Illegal Data Address
1535;0;0;0x0000;02 Illegal Data Address
1536;0;0;0x0000;02 Illegal Data Address
1537;0;0;0x0000;02 Illegal Data Address
1538;0;0;0x0000;02 Illegal Data Address
1539;0;0;0x0000;02 Illegal Data Address
1540;0;0;0x0000;02 Illegal Data Address
1541;0;0;0x0000;02 Illegal Data Address
1542;0;0;0x0000;02 Illegal Data Address
1543;0;0;0x0000;02 Illegal Data Address
1544;0;0;0x0000;02 Illegal Data Address
1545;0;0;0x0000;02 Illegal Data Address
1546;0;0;0x0000;02 Illegal Data Address
1547;0;0;0x0000;02 Illegal Data Address
1548;0;0;0x0000;02 Illegal Data Address
1549;0;0;0x0000;02 Illegal Data Address
1550;0;0;0x0000;02 Illegal Data Address
1551;0;0;0x0000;02 Illegal Data Address
1552;0;0;0x0000;02 Illegal Data Address
1553;0;0;0x0000;02 Illegal Data Address
1554;0;0;0x0000;02 Illegal Data Address
1555;0;0;0x0000;02 Illegal Data Address
1556;0;0;0x0000;02 Illegal Data Address
1557;0;0;0x0000;02 Illegal Data Address
1558;0;0;0x0000;02 Illegal Data Address
1559;0;0;0x0000;02 Illegal Data Address
1560;0;0;0x0000;02 Illegal Data Address
1561;0;0;0x0000;02 Illegal Data Address
1562;0;0;0x0000;02 Illegal Data Address
1563;0;0;0x0000;02 Illegal Data Address
1564;0;0;0x0000;02 Illegal Data Address
1565;0;0;0x0000;02 Illegal Data Address
1566;0;0;0x0000;02 Illegal Data Address
1567;0;0;0x0000;02 Illegal Data Address
1568;0;0;0x0000;02 Illegal Data Address
1569;0;0;0x0000;02 Illegal Data Address
1570;0;0;0x0000;02 Illegal Data Address
1571;0;0;0x0000;02 Illegal Data Address
1572;0;0;0x0000;02 Illegal Data Address
1573;0;0;0x0000;02 Illegal Data Address
1574;0;0;0x0000;02 Illegal Data Address
1575;0;0;0x0000;02 Illegal Data Address
1576;0;0;0x0000;02 Illegal Data Address
1577;0;0;0x0000;02 Illegal Data Address
1578;0;0;0x0000;02 Illegal Data Address
1579;0;0;0x0000;02 Illegal Data Address
1580;0;0;0x0000;02 Illegal Data Address
1581;0;0;0x0000;02 Illegal Data Address
1582;0;0;0x0000;02 Illegal Data Address
1583;0;0;0x0000;02 Illegal Data Address
1584;0;0;0x0000;02 Illegal Data Address
1585;0;0;0x0000;02 Illegal Data Address
1586;0;0;0x0000;02 Illegal Data Address
1587;0;0;0x0000;02 Illegal Data Address
1588;0;0;0x0000;02 Illegal Data Address
1589;0;0;0x0000;02 Illegal Data Address
1590;0;0;0x0000;02 Illegal Data Address
1591;0;0;0x0000;02 Illegal Data Address
1592;0;0;0x0000;02 Illegal Data Address
1593;0;0;0x0000;02 Illegal Data Address
1594;0;0;0x0000;02 Illegal Data Address
1595;0;0;0x0000;02 Illegal Data Address
1596;0;0;0x0000;02 Illegal Data Address
1597;0;0;0x0000;02 Illegal Data Address
1598;0;0;0x0000;02 Illegal Data Address
1599;0;0;0x0000;02 Illegal Data Address
1600;0;0;0x0000;02 Illegal Data Address
1601;0;0;0x0000;02 Illegal Data Address
1602;0;0;0x0000;02 Illegal Data Address
1603;0;0;0x0000;02 Illegal Data Address
1604;0;0;0x0000;02 Illegal Data Address
1605;0;0;0x0000;02 Illegal Data Address
1606;0;0;0x0000;02 Illegal Data Address
1607;0;0;0x0000;02 Illegal Data Address
1608;0;0;0x0000;02 Illegal Data Address
1609;0;0;0x0000;02 Illegal Data Address
1610;0;0;0x0000;02 Illegal Data Address
1611;0;0;0x0000;02 Illegal Data Address
1612;0;0;0x0000;02 Illegal Data Address
1613;0;0;0x0000;02 Illegal Data Address
1614;0;0;0x0000;02 Illegal Data Address
1615;0;0;0x0000;02 Illegal Data Address
1616;0;0;0x0000;02 Illegal Data Address
1617;0;0;0x0000;02 Illegal Data Address
1618;0;0;0x0000;02 Illegal Data Address
1619;0;0;0x0000;02 Illegal Data Address
1620;0;0;0x0000;02 Illegal Data Address
1621;0;0;0x0000;02 Illegal Data Address
1622;0;0;0x0000;02 Illegal Data Address
1623;0;0;0x0000;02 Illegal Data Address
1624;0;0;0x0000;02 Illegal Data Address
1625;0;0;0x0000;02 Illegal Data Address
1626;0;0;0x0000;02 Illegal Data Address
1627;0;0;0x0000;02 Illegal Data Address
1628;0;0;0x0000;02 Illegal Data Address
1629;0;0;0x0000;02 Illegal Data Address
1630;0;0;0x0000;02 Illegal Data Address
1631;0;0;0x0000;02 Illegal Data Address
1632;0;0;0x0000;02 Illegal Data Address
1633;0;0;0x0000;02 Illegal Data Address
1634;0;0;0x0000;02 Illegal Data Address
1635;0;0;0x0000;02 Illegal Data Address
1636;0;0;0x0000;02 Illegal Data Address
1637;0;0;0x0000;02 Illegal Data Address
1638;0;0;0x0000;02 Illegal Data Address
1639;0;0;0x0000;02 Illegal Data Address
1640;0;0;0x0000;02 Illegal Data Address
1641;0;0;0x0000;02 Illegal Data Address
1642;0;0;0x0000;02 Illegal Data Address
1643;0;0;0x0000;02 Illegal Data Address
1644;0;0;0x0000;02 Illegal Data Address
1645;0;0;0x0000;02 Illegal Data Address
1646;0;0;0x0000;02 Illegal Data Address
1647;0;0;0x0000;02 Illegal Data Address
1648;0;0;0x0000;02 Illegal Data Address
1649;0;0;0x0000;02 Illegal Data Address
1650;0;0;0x0000;02 Illegal Data Address
1651;0;0;0x0000;02 Illegal Data Address
1652;0;0;0x0000;02 Illegal Data Address
1653;0;0;0x0000;02 Illegal Data Address
1654;0;0;0x0000;02 Illegal Data Address
1655;0;0;0x0000;02 Illegal Data Address
1656;0;0;0x0000;02 Illegal Data Address
1657;0;0;0x0000;02 Illegal Data Address
1658;0;0;0x0000;02 Illegal Data Address
1659;0;0;0x0000;02 Illegal Data Address
1660;0;0;0x0000;02 Illegal Data Address
1661;0;0;0x0000;02 Illegal Data Address
1662;0;0;0x0000;02 Illegal Data Address
1663;0;0;0x0000;02 Illegal Data Address
1664;0;0;0x0000;02 Illegal Data Address
1665;0;0;0x0000;02 Illegal Data Address
1666;0;0;0x0000;02 Illegal Data Address
1667;0;0;0x0000;02 Illegal Data Address
1668;0;0;0x0000;02 Illegal Data Address
1669;0;0;0x0000;02 Illegal Data Address
1670;0;0;0x0000;02 Illegal Data Address
1671;0;0;0x0000;02 Illegal Data Address
1672;0;0;0x0000;02 Illegal Data Address
1673;0;0;0x0000;02 Illegal Data Address
1674;0;0;0x0000;02 Illegal Data Address
1675;0;0;0x0000;02 Illegal Data Address
1676;0;0;0x0000;02 Illegal Data Address
1677;0;0;0x0000;02 Illegal Data Address
1678;0;0;0x0000;02 Illegal Data Address
1679;0;0;0x0000;02 Illegal Data Address
1680;0;0;0x0000;02 Illegal Data Address
1681;0;0;0x0000;02 Illegal Data Address
1682;0;0;0x0000;02 Illegal Data Address
1683;0;0;0x0000;02 Illegal Data Address
1684;0;0;0x0000;02 Illegal Data Address
1685;0;0;0x0000;02 Illegal Data Address
1686;0;0;0x0000;02 Illegal Data Address
1687;0;0;0x0000;02 Illegal Data Address
1688;0;0;0x0000;02 Illegal Data Address
1689;0;0;0x0000;02 Illegal Data Address
1690;0;0;0x0000;02 Illegal Data Address
1691;0;0;0x0000;02 Illegal Data Address
1692;0;0;0x0000;02 Illegal Data Address
1693;0;0;0x0000;02 Illegal Data Address
1694;0;0;0x0000;02 Illegal Data Address
1695;0;0;0x0000;02 Illegal Data Address
1696;0;0;0x0000;02 Illegal Data Address
1697;0;0;0x0000;02 Illegal Data Address
1698;0;0;0x0000;02 Illegal Data Address
1699;0;0;0x0000;02 Illegal Data Address
1700;0;0;0x0000;02 Illegal Data Address
1701;0;0;0x0000;02 Illegal Data Address
1702;0;0;0x0000;02 Illegal Data Address
1703;0;0;0x0000;02 Illegal Data Address
1704;0;0;0x0000;02 Illegal Data Address
1705;0;0;0x0000;02 Illegal Data Address
1706;0;0;0x0000;02 Illegal Data Address
1707;0;0;0x0000;02 Illegal Data Address
1708;0;0;0x0000;02 Illegal Data Address
1709;0;0;0x0000;02 Illegal Data Address
1710;0;0;0x0000;02 Illegal Data Address
1711;0;0;0x0000;02 Illegal Data Address
1712;0;0;0x0000;02 Illegal Data Address
1713;0;0;0x0000;02 Illegal Data Address
1714;0;0;0x0000;02 Illegal Data Address
1715;0;0;0x0000;02 Illegal Data Address
1716;0;0;0x0000;02 Illegal Data Address
1717;0;0;0x0000;02 Illegal Data Address
1718;0;0;0x0000;02 Illegal Data Address
1719;0;0;0x0000;02 Illegal Data Address
1720;0;0;0x0000;02 Illegal Data Address
1721;0;0;0x0000;02 Illegal Data Address
1722;0;0;0x0000;02 Illegal Data Address
1723;0;0;0x0000;02 Illegal Data Address
1724;0;0;0x0000;02 Illegal Data Address
1725;0;0;0x0000;02 Illegal Data Address
1726;0;0;0x0000;02 Illegal Data Address
1727;0;0;0x0000;02 Illegal Data Address
1728;0;0;0x0000;02 Illegal Data Address
1729;0;0;0x0000;02 Illegal Data Address
1730;0;0;0x0000;02 Illegal Data Address
1731;0;0;0x0000;02 Illegal Data Address
1732;0;0;0x0000;02 Illegal Data Address
1733;0;0;0x0000;02 Illegal Data Address
1734;0;0;0x0000;02 Illegal Data Address
1735;0;0;0x0000;02 Illegal Data Address
1736;0;0;0x0000;02 Illegal Data Address
1737;0;0;0x0000;02 Illegal Data Address
1738;0;0;0x0000;02 Illegal Data Address
1739;0;0;0x0000;02 Illegal Data Address
1740;0;0;0x0000;02 Illegal Data Address
1741;0;0;0x0000;02 Illegal Data Address
1742;0;0;0x0000;02 Illegal Data Address
1743;0;0;0x0000;02 Illegal Data Address
1744;0;0;0x0000;02 Illegal Data Address
1745;0;0;0x0000;02 Illegal Data Address
1746;0;0;0x0000;02 Illegal Data Address
1747;0;0;0x0000;02 Illegal Data Address
1748;0;0;0x0000;02 Illegal Data Address
1749;0;0;0x0000;02 Illegal Data Address
1750;0;0;0x0000;02 Illegal Data Address
1751;0;0;0x0000;02 Illegal Data Address
1752;0;0;0x0000;02 Illegal Data Address
1753;0;0;0x0000;02 Illegal Data Address
1754;0;0;0x0000;02 Illegal Data Address
1755;0;0;0x0000;02 Illegal Data Address
1756;0;0;0x0000;02 Illegal Data Address
1757;0;0;0x0000;02 Illegal Data Address
1758;0;0;0x0000;02 Illegal Data Address
1759;0;0;0x0000;02 Illegal Data Address
1760;0;0;0x0000;02 Illegal Data Address
1761;0;0;0x0000;02 Illegal Data Address
1762;0;0;0x0000;02 Illegal Data Address
1763;0;0;0x0000;02 Illegal Data Address
1764;0;0;0x0000;02 Illegal Data Address
1765;0;0;0x0000;02 Illegal Data Address
1766;0;0;0x0000;02 Illegal Data Address
1767;0;0;0x0000;02 Illegal Data Address
1768;0;0;0x0000;02 Illegal Data Address
1769;0;0;0x0000;02 Illegal Data Address
1770;0;0;0x0000;02 Illegal Data Address
1771;0;0;0x0000;02 Illegal Data Address
1772;0;0;0x0000;02 Illegal Data Address
1773;0;0;0x0000;02 Illegal Data Address
1774;0;0;0x0000;02 Illegal Data Address
1775;0;0;0x0000;02 Illegal Data Address
1776;0;0;0x0000;02 Illegal Data Address
1777;0;0;0x0000;02 Illegal Data Address
1778;0;0;0x0000;02 Illegal Data Address
1779;0;0;0x0000;02 Illegal Data Address
1780;0;0;0x0000;02 Illegal Data Address
1781;0;0;0x0000;02 Illegal Data Address
1782;0;0;0x0000;02 Illegal Data Address
1783;0;0;0x0000;02 Illegal Data Address
1784;0;0;0x0000;02 Illegal Data Address
1785;0;0;0x0000;02 Illegal Data Address
1786;0;0;0x0000;02 Illegal Data Address
1787;0;0;0x0000;02 Illegal Data Address
1788;0;0;0x0000;02 Illegal Data Address
1789;0;0;0x0000;02 Illegal Data Address
1790;0;0;0x0000;02 Illegal Data Address
1791;0;0;0x0000;02 Illegal Data Address
1792;0;0;0x0000;02 Illegal Data Address
1793;0;0;0x0000;02 Illegal Data Address
1794;0;0;0x0000;02 Illegal Data Address
1795;0;0;0x0000;02 Illegal Data Address
1796;0;0;0x0000;02 Illegal Data Address
1797;0;0;0x0000;02 Illegal Data Address
1798;0;0;0x0000;02 Illegal Data Address
1799;0;0;0x0000;02 Illegal Data Address
1800;0;0;0x0000;02 Illegal Data Address
1801;0;0;0x0000;02 Illegal Data Address
1802;0;0;0x0000;02 Illegal Data Address
1803;0;0;0x0000;02 Illegal Data Address
1804;0;0;0x0000;02 Illegal Data Address
1805;0;0;0x0000;02 Illegal Data Address
1806;0;0;0x0000;02 Illegal Data Address
1807;0;0;0x0000;02 Illegal Data Address
1808;0;0;0x0000;02 Illegal Data Address
1809;0;0;0x0000;02 Illegal Data Address
1810;0;0;0x0000;02 Illegal Data Address
1811;0;0;0x0000;02 Illegal Data Address
1812;0;0;0x0000;02 Illegal Data Address
1813;0;0;0x0000;02 Illegal Data Address
1814;0;0;0x0000;02 Illegal Data Address
1815;0;0;0x0000;02 Illegal Data Address
1816;0;0;0x0000;02 Illegal Data Address
1817;0;0;0x0000;02 Illegal Data Address
1818;0;0;0x0000;02 Illegal Data Address
1819;0;0;0x0000;02 Illegal Data Address
1820;0;0;0x0000;02 Illegal Data Address
1821;0;0;0x0000;02 Illegal Data Address
1822;0;0;0x0000;02 Illegal Data Address
1823;0;0;0x0000;02 Illegal Data Address
1824;0;0;0x0000;02 Illegal Data Address
1825;0;0;0x0000;02 Illegal Data Address
1826;0;0;0x0000;02 Illegal Data Address
1827;0;0;0x0000;02 Illegal Data Address
1828;0;0;0x0000;02 Illegal Data Address
1829;0;0;0x0000;02 Illegal Data Address
1830;0;0;0x0000;02 Illegal Data Address
1831;0;0;0x0000;02 Illegal Data Address
1832;0;0;0x0000;02 Illegal Data Address
1833;0;0;0x0000;02 Illegal Data Address
1834;0;0;0x0000;02 Illegal Data Address
1835;0;0;0x0000;02 Illegal Data Address
1836;0;0;0x0000;02 Illegal Data Address
1837;0;0;0x0000;02 Illegal Data Address
1838;0;0;0x0000;02 Illegal Data Address
1839;0;0;0x0000;02 Illegal Data Address
1840;0;0;0x0000;02 Illegal Data Address
1841;0;0;0x0000;02 Illegal Data Address
1842;0;0;0x0000;02 Illegal Data Address
1843;0;0;0x0000;02 Illegal Data Address
1844;0;0;0x0000;02 Illegal Data Address
1845;0;0;0x0000;02 Illegal Data Address
1846;0;0;0x0000;02 Illegal Data Address
1847;0;0;0x0000;02 Illegal Data Address
1848;0;0;0x0000;02 Illegal Data Address
1849;0;0;0x0000;02 Illegal Data Address
1850;0;0;0x0000;02 Illegal Data Address
1851;0;0;0x0000;02 Illegal Data Address
1852;0;0;0x0000;02 Illegal Data Address
1853;0;0;0x0000;02 Illegal Data Address
1854;0;0;0x0000;02 Illegal Data Address
1855;0;0;0x0000;02 Illegal Data Address
1856;0;0;0x0000;02 Illegal Data Address
1857;0;0;0x0000;02 Illegal Data Address
1858;0;0;0x0000;02 Illegal Data Address
1859;0;0;0x0000;02 Illegal Data Address
1860;0;0;0x0000;02 Illegal Data Address
1861;0;0;0x0000;02 Illegal Data Address
1862;0;0;0x0000;02 Illegal Data Address
1863;0;0;0x0000;02 Illegal Data Address
1864;0;0;0x0000;02 Illegal Data Address
1865;0;0;0x0000;02 Illegal Data Address
1866;0;0;0x0000;02 Illegal Data Address
1867;0;0;0x0000;02 Illegal Data Address
1868;0;0;0x0000;02 Illegal Data Address
1869;0;0;0x0000;02 Illegal Data Address
1870;0;0;0x0000;02 Illegal Data Address
1871;0;0;0x0000;02 Illegal Data Address
1872;0;0;0x0000;02 Illegal Data Address
1873;0;0;0x0000;02 Illegal Data Address
1874;0;0;0x0000;02 Illegal Data Address
1875;0;0;0x0000;02 Illegal Data Address
1876;0;0;0x0000;02 Illegal Data Address
1877;0;0;0x0000;02 Illegal Data Address
1878;0;0;0x0000;02 Illegal Data Address
1879;0;0;0x0000;02 Illegal Data Address
1880;0;0;0x0000;02 Illegal Data Address
1881;0;0;0x0000;02 Illegal Data Address
1882;0;0;0x0000;02 Illegal Data Address
1883;0;0;0x0000;02 Illegal Data Address
1884;0;0;0x0000;02 Illegal Data Address
1885;0;0;0x0000;02 Illegal Data Address
1886;0;0;0x0000;02 Illegal Data Address
1887;0;0;0x0000;02 Illegal Data Address
1888;0;0;0x0000;02 Illegal Data Address
1889;0;0;0x0000;02 Illegal Data Address
1890;0;0;0x0000;02 Illegal Data Address
1891;0;0;0x0000;02 Illegal Data Address
1892;0;0;0x0000;02 Illegal Data Address
1893;0;0;0x0000;02 Illegal Data Address
1894;0;0;0x0000;02 Illegal Data Address
1895;0;0;0x0000;02 Illegal Data Address
1896;0;0;0x0000;02 Illegal Data Address
1897;0;0;0x0000;02 Illegal Data Address
1898;0;0;0x0000;02 Illegal Data Address
1899;0;0;0x0000;02 Illegal Data Address
1900;0;0;0x0000;02 Illegal Data Address
1901;0;0;0x0000;02 Illegal Data Address
1902;0;0;0x0000;02 Illegal Data Address
1903;0;0;0x0000;02 Illegal Data Address
1904;0;0;0x0000;02 Illegal Data Address
1905;0;0;0x0000;02 Illegal Data Address
1906;0;0;0x0000;02 Illegal Data Address
1907;0;0;0x0000;02 Illegal Data Address
1908;0;0;0x0000;02 Illegal Data Address
1909;0;0;0x0000;02 Illegal Data Address
1910;0;0;0x0000;02 Illegal Data Address
1911;0;0;0x0000;02 Illegal Data Address
1912;0;0;0x0000;02 Illegal Data Address
1913;0;0;0x0000;02 Illegal Data Address
1914;0;0;0x0000;02 Illegal Data Address
1915;0;0;0x0000;02 Illegal Data Address
1916;0;0;0x0000;02 Illegal Data Address
1917;0;0;0x0000;02 Illegal Data Address
1918;0;0;0x0000;02 Illegal Data Address
1919;0;0;0x0000;02 Illegal Data Address
1920;0;0;0x0000;02 Illegal Data Address
1921;0;0;0x0000;02 Illegal Data Address
1922;0;0;0x0000;02 Illegal Data Address
1923;0;0;0x0000;02 Illegal Data Address
1924;0;0;0x0000;02 Illegal Data Address
1925;0;0;0x0000;02 Illegal Data Address
1926;0;0;0x0000;02 Illegal Data Address
1927;0;0;0x0000;02 Illegal Data Address
1928;0;0;0x0000;02 Illegal Data Address
1929;0;0;0x0000;02 Illegal Data Address
1930;0;0;0x0000;02 Illegal Data Address
1931;0;0;0x0000;02 Illegal Data Address
1932;0;0;0x0000;02 Illegal Data Address
1933;0;0;0x0000;02 Illegal Data Address
1934;0;0;0x0000;02 Illegal Data Address
1935;0;0;0x0000;02 Illegal Data Address
1936;0;0;0x0000;02 Illegal Data Address
1937;0;0;0x0000;02 Illegal Data Address
1938;0;0;0x0000;02 Illegal Data Address
1939;0;0;0x0000;02 Illegal Data Address
1940;0;0;0x0000;02 Illegal Data Address
1941;0;0;0x0000;02 Illegal Data Address
1942;0;0;0x0000;02 Illegal Data Address
1943;0;0;0x0000;02 Illegal Data Address
1944;0;0;0x0000;02 Illegal Data Address
1945;0;0;0x0000;02 Illegal Data Address
1946;0;0;0x0000;02 Illegal Data Address
1947;0;0;0x0000;02 Illegal Data Address
1948;0;0;0x0000;02 Illegal Data Address
1949;0;0;0x0000;02 Illegal Data Address
1950;0;0;0x0000;02 Illegal Data Address
1951;0;0;0x0000;02 Illegal Data Address
1952;0;0;0x0000;02 Illegal Data Address
1953;0;0;0x0000;02 Illegal Data Address
1954;0;0;0x0000;02 Illegal Data Address
1955;0;0;0x0000;02 Illegal Data Address
1956;0;0;0x0000;02 Illegal Data Address
1957;0;0;0x0000;02 Illegal Data Address
1958;0;0;0x0000;02 Illegal Data Address
1959;0;0;0x0000;02 Illegal Data Address
1960;0;0;0x0000;02 Illegal Data Address
1961;0;0;0x0000;02 Illegal Data Address
1962;0;0;0x0000;02 Illegal Data Address
1963;0;0;0x0000;02 Illegal Data Address
1964;0;0;0x0000;02 Illegal Data Address
1965;0;0;0x0000;02 Illegal Data Address
1966;0;0;0x0000;02 Illegal Data Address
1967;0;0;0x0000;02 Illegal Data Address
1968;0;0;0x0000;02 Illegal Data Address
1969;0;0;0x0000;02 Illegal Data Address
1970;0;0;0x0000;02 Illegal Data Address
1971;0;0;0x0000;02 Illegal Data Address
1972;0;0;0x0000;02 Illegal Data Address
1973;0;0;0x0000;02 Illegal Data Address
1974;0;0;0x0000;02 Illegal Data Address
1975;0;0;0x0000;02 Illegal Data Address
1976;0;0;0x0000;02 Illegal Data Address
1977;0;0;0x0000;02 Illegal Data Address
1978;0;0;0x0000;02 Illegal Data Address
1979;0;0;0x0000;02 Illegal Data Address
1980;0;0;0x0000;02 Illegal Data Address
1981;0;0;0x0000;02 Illegal Data Address
1982;0;0;0x0000;02 Illegal Data Address
1983;0;0;0x0000;02 Illegal Data Address
1984;0;0;0x0000;02 Illegal Data Address
1985;0;0;0x0000;02 Illegal Data Address
1986;0;0;0x0000;02 Illegal Data Address
1987;0;0;0x0000;02 Illegal Data Address
1988;0;0;0x0000;02 Illegal Data Address
1989;0;0;0x0000;02 Illegal Data Address
1990;0;0;0x0000;02 Illegal Data Address
1991;0;0;0x0000;02 Illegal Data Address
1992;0;0;0x0000;02 Illegal Data Address
1993;0;0;0x0000;02 Illegal Data Address
1994;0;0;0x0000;02 Illegal Data Address
1995;0;0;0x0000;02 Illegal Data Address
1996;0;0;0x0000;02 Illegal Data Address
1997;0;0;0x0000;02 Illegal Data Address
1998;0;0;0x0000;02 Illegal Data Address
1999;0;0;0x0000;02 Illegal Data Address
2000;0;0;0x0000;02 Illegal Data Address
2001;0;0;0x0000;02 Illegal Data Address
2002;0;0;0x0000;02 Illegal Data Address
2003;0;0;0x0000;02 Illegal Data Address
2004;0;0;0x0000;02 Illegal Data Address
2005;0;0;0x0000;02 Illegal Data Address
2006;0;0;0x0000;02 Illegal Data Address
2007;0;0;0x0000;02 Illegal Data Address
2008;0;0;0x0000;02 Illegal Data Address
2009;0;0;0x0000;02 Illegal Data Address
2010;0;0;0x0000;02 Illegal Data Address
2011;0;0;0x0000;02 Illegal Data Address
2012;0;0;0x0000;02 Illegal Data Address
2013;0;0;0x0000;02 Illegal Data Address
2014;0;0;0x0000;02 Illegal Data Address
2015;0;0;0x0000;02 Illegal Data Address
2016;0;0;0x0000;02 Illegal Data Address
2017;0;0;0x0000;02 Illegal Data Address
2018;0;0;0x0000;02 Illegal Data Address
2019;0;0;0x0000;02 Illegal Data Address
2020;0;0;0x0000;02 Illegal Data Address
2021;0;0;0x0000;02 Illegal Data Address
2022;0;0;0x0000;02 Illegal Data Address
2023;0;0;0x0000;02 Illegal Data Address
2024;0;0;0x0000;02 Illegal Data Address
2025;0;0;0x0000;02 Illegal Data Address
2026;0;0;0x0000;02 Illegal Data Address
2027;0;0;0x0000;02 Illegal Data Address
2028;0;0;0x0000;02 Illegal Data Address
2029;0;0;0x0000;02 Illegal Data Address
2030;0;0;0x0000;02 Illegal Data Address
2031;0;0;0x0000;02 Illegal Data Address
2032;0;0;0x0000;02 Illegal Data Address
2033;0;0;0x0000;02 Illegal Data Address
2034;0;0;0x0000;02 Illegal Data Address
2035;0;0;0x0000;02 Illegal Data Address
2036;0;0;0x0000;02 Illegal Data Address
2037;0;0;0x0000;02 Illegal Data Address
2038;0;0;0x0000;02 Illegal Data Address
2039;0;0;0x0000;02 Illegal Data Address
2040;0;0;0x0000;02 Illegal Data Address
2041;0;0;0x0000;02 Illegal Data Address
2042;0;0;0x0000;02 Illegal Data Address
2043;0;0;0x0000;02 Illegal Data Address
2044;0;0;0x0000;02 Illegal Data Address
2045;0;0;0x0000;02 Illegal Data Address
2046;0;0;0x0000;02 Illegal Data Address
2047;0;0;0x0000;02 Illegal Data Address
2048;0;0;0x0000;02 Illegal Data Address
2049;0;0;0x0000;02 Illegal Data Address
2050;0;0;0x0000;02 Illegal Data Address
2051;0;0;0x0000;02 Illegal Data Address
2052;0;0;0x0000;02 Illegal Data Address
2053;0;0;0x0000;02 Illegal Data Address
2054;0;0;0x0000;02 Illegal Data Address
2055;0;0;0x0000;02 Illegal Data Address
2056;0;0;0x0000;02 Illegal Data Address
2057;0;0;0x0000;02 Illegal Data Address
2058;0;0;0x0000;02 Illegal Data Address
2059;0;0;0x0000;02 Illegal Data Address
2060;0;0;0x0000;02 Illegal Data Address
2061;0;0;0x0000;02 Illegal Data Address
2062;0;0;0x0000;02 Illegal Data Address
2063;0;0;0x0000;02 Illegal Data Address
2064;0;0;0x0000;02 Illegal Data Address
2065;0;0;0x0000;02 Illegal Data Address
2066;0;0;0x0000;02 Illegal Data Address
2067;0;0;0x0000;02 Illegal Data Address
2068;0;0;0x0000;02 Illegal Data Address
2069;0;0;0x0000;02 Illegal Data Address
2070;0;0;0x0000;02 Illegal Data Address
2071;0;0;0x0000;02 Illegal Data Address
2072;0;0;0x0000;02 Illegal Data Address
2073;0;0;0x0000;02 Illegal Data Address
2074;0;0;0x0000;02 Illegal Data Address
2075;0;0;0x0000;02 Illegal Data Address
2076;0;0;0x0000;02 Illegal Data Address
2077;0;0;0x0000;02 Illegal Data Address
2078;0;0;0x0000;02 Illegal Data Address
2079;0;0;0x0000;02 Illegal Data Address
2080;0;0;0x0000;02 Illegal Data Address
2081;0;0;0x0000;02 Illegal Data Address
2082;0;0;0x0000;02 Illegal Data Address
2083;0;0;0x0000;02 Illegal Data Address
2084;0;0;0x0000;02 Illegal Data Address
2085;0;0;0x0000;02 Illegal Data Address
2086;0;0;0x0000;02 Illegal Data Address
2087;0;0;0x0000;02 Illegal Data Address
2088;0;0;0x0000;02 Illegal Data Address
2089;0;0;0x0000;02 Illegal Data Address
2090;0;0;0x0000;02 Illegal Data Address
2091;0;0;0x0000;02 Illegal Data Address
2092;0;0;0x0000;02 Illegal Data Address
2093;0;0;0x0000;02 Illegal Data Address
2094;0;0;0x0000;02 Illegal Data Address
2095;0;0;0x0000;02 Illegal Data Address
2096;0;0;0x0000;02 Illegal Data Address
2097;0;0;0x0000;02 Illegal Data Address
2098;0;0;0x0000;02 Illegal Data Address
2099;0;0;0x0000;02 Illegal Data Address
2100;0;0;0x0000;02 Illegal Data Address
2101;0;0;0x0000;02 Illegal Data Address
2102;0;0;0x0000;02 Illegal Data Address
2103;0;0;0x0000;02 Illegal Data Address
2104;0;0;0x0000;02 Illegal Data Address
2105;0;0;0x0000;02 Illegal Data Address
2106;0;0;0x0000;02 Illegal Data Address
2107;0;0;0x0000;02 Illegal Data Address
2108;0;0;0x0000;02 Illegal Data Address
2109;0;0;0x0000;02 Illegal Data Address
2110;0;0;0x0000;02 Illegal Data Address
2111;0;0;0x0000;02 Illegal Data Address
2112;0;0;0x0000;02 Illegal Data Address
2113;0;0;0x0000;02 Illegal Data Address
2114;0;0;0x0000;02 Illegal Data Address
2115;0;0;0x0000;02 Illegal Data Address
2116;0;0;0x0000;02 Illegal Data Address
2117;0;0;0x0000;02 Illegal Data Address
2118;0;0;0x0000;02 Illegal Data Address
2119;0;0;0x0000;02 Illegal Data Address
2120;0;0;0x0000;02 Illegal Data Address
2121;0;0;0x0000;02 Illegal Data Address
2122;0;0;0x0000;02 Illegal Data Address
2123;0;0;0x0000;02 Illegal Data Address
2124;0;0;0x0000;02 Illegal Data Address
2125;0;0;0x0000;02 Illegal Data Address
2126;0;0;0x0000;02 Illegal Data Address
2127;0;0;0x0000;02 Illegal Data Address
2128;0;0;0x0000;02 Illegal Data Address
2129;0;0;0x0000;02 Illegal Data Address
2130;0;0;0x0000;02 Illegal Data Address
2131;0;0;0x0000;02 Illegal Data Address
2132;0;0;0x0000;02 Illegal Data Address
2133;0;0;0x0000;02 Illegal Data Address
2134;0;0;0x0000;02 Illegal Data Address
2135;0;0;0x0000;02 Illegal Data Address
2136;0;0;0x0000;02 Illegal Data Address
2137;0;0;0x0000;02 Illegal Data Address
2138;0;0;0x0000;02 Illegal Data Address
2139;0;0;0x0000;02 Illegal Data Address
2140;0;0;0x0000;02 Illegal Data Address
2141;0;0;0x0000;02 Illegal Data Address
2142;0;0;0x0000;02 Illegal Data Address
2143;0;0;0x0000;02 Illegal Data Address
2144;0;0;0x0000;02 Illegal Data Address
2145;0;0;0x0000;02 Illegal Data Address
2146;0;0;0x0000;02 Illegal Data Address
2147;0;0;0x0000;02 Illegal Data Address
2148;0;0;0x0000;02 Illegal Data Address
2149;0;0;0x0000;02 Illegal Data Address
2150;0;0;0x0000;02 Illegal Data Address
2151;0;0;0x0000;02 Illegal Data Address
2152;0;0;0x0000;02 Illegal Data Address
2153;0;0;0x0000;02 Illegal Data Address
2154;0;0;0x0000;02 Illegal Data Address
2155;0;0;0x0000;02 Illegal Data Address
2156;0;0;0x0000;02 Illegal Data Address
2157;0;0;0x0000;02 Illegal Data Address
2158;0;0;0x0000;02 Illegal Data Address
2159;0;0;0x0000;02 Illegal Data Address
2160;0;0;0x0000;02 Illegal Data Address
2161;0;0;0x0000;02 Illegal Data Address
2162;0;0;0x0000;02 Illegal Data Address
2163;0;0;0x0000;02 Illegal Data Address
2164;0;0;0x0000;02 Illegal Data Address
2165;0;0;0x0000;02 Illegal Data Address
2166;0;0;0x0000;02 Illegal Data Address
2167;0;0;0x0000;02 Illegal Data Address
2168;0;0;0x0000;02 Illegal Data Address
2169;0;0;0x0000;02 Illegal Data Address
2170;0;0;0x0000;02 Illegal Data Address
2171;0;0;0x0000;02 Illegal Data Address
2172;0;0;0x0000;02 Illegal Data Address
2173;0;0;0x0000;02 Illegal Data Address
2174;0;0;0x0000;02 Illegal Data Address
2175;0;0;0x0000;02 Illegal Data Address
2176;0;0;0x0000;02 Illegal Data Address
2177;0;0;0x0000;02 Illegal Data Address
2178;0;0;0x0000;02 Illegal Data Address
2179;0;0;0x0000;02 Illegal Data Address
2180;0;0;0x0000;02 Illegal Data Address
2181;0;0;0x0000;02 Illegal Data Address
2182;0;0;0x0000;02 Illegal Data Address
2183;0;0;0x0000;02 Illegal Data Address
2184;0;0;0x0000;02 Illegal Data Address
2185;0;0;0x0000;02 Illegal Data Address
2186;0;0;0x0000;02 Illegal Data Address
2187;0;0;0x0000;02 Illegal Data Address
2188;0;0;0x0000;02 Illegal Data Address
2189;0;0;0x0000;02 Illegal Data Address
2190;0;0;0x0000;02 Illegal Data Address
2191;0;0;0x0000;02 Illegal Data Address
2192;0;0;0x0000;02 Illegal Data Address
2193;0;0;0x0000;02 Illegal Data Address
2194;0;0;0x0000;02 Illegal Data Address
2195;0;0;0x0000;02 Illegal Data Address
2196;0;0;0x0000;02 Illegal Data Address
2197;0;0;0x0000;02 Illegal Data Address
2198;0;0;0x0000;02 Illegal Data Address
2199;0;0;0x0000;02 Illegal Data Address
2200;0;0;0x0000;02 Illegal Data Address
2201;0;0;0x0000;02 Illegal Data Address
2202;0;0;0x0000;02 Illegal Data Address
2203;0;0;0x0000;02 Illegal Data Address
2204;0;0;0x0000;02 Illegal Data Address
2205;0;0;0x0000;02 Illegal Data Address
2206;0;0;0x0000;02 Illegal Data Address
2207;0;0;0x0000;02 Illegal Data Address
2208;0;0;0x0000;02 Illegal Data Address
2209;0;0;0x0000;02 Illegal Data Address
2210;0;0;0x0000;02 Illegal Data Address
2211;0;0;0x0000;02 Illegal Data Address
2212;0;0;0x0000;02 Illegal Data Address
2213;0;0;0x0000;02 Illegal Data Address
2214;0;0;0x0000;02 Illegal Data Address
2215;0;0;0x0000;02 Illegal Data Address
2216;0;0;0x0000;02 Illegal Data Address
2217;0;0;0x0000;02 Illegal Data Address
2218;0;0;0x0000;02 Illegal Data Address
2219;0;0;0x0000;02 Illegal Data Address
2220;0;0;0x0000;02 Illegal Data Address
2221;0;0;0x0000;02 Illegal Data Address
2222;0;0;0x0000;02 Illegal Data Address
2223;0;0;0x0000;02 Illegal Data Address
2224;0;0;0x0000;02 Illegal Data Address
2225;0;0;0x0000;02 Illegal Data Address
2226;0;0;0x0000;02 Illegal Data Address
2227;0;0;0x0000;02 Illegal Data Address
2228;0;0;0x0000;02 Illegal Data Address
2229;0;0;0x0000;02 Illegal Data Address
2230;0;0;0x0000;02 Illegal Data Address
2231;0;0;0x0000;02 Illegal Data Address
2232;0;0;0x0000;02 Illegal Data Address
2233;0;0;0x0000;02 Illegal Data Address
2234;0;0;0x0000;02 Illegal Data Address
2235;0;0;0x0000;02 Illegal Data Address
2236;0;0;0x0000;02 Illegal Data Address
2237;0;0;0x0000;02 Illegal Data Address
2238;0;0;0x0000;02 Illegal Data Address
2239;0;0;0x0000;02 Illegal Data Address
2240;0;0;0x0000;02 Illegal Data Address
2241;0;0;0x0000;02 Illegal Data Address
2242;0;0;0x0000;02 Illegal Data Address
2243;0;0;0x0000;02 Illegal Data Address
2244;0;0;0x0000;02 Illegal Data Address
2245;0;0;0x0000;02 Illegal Data Address
2246;0;0;0x0000;02 Illegal Data Address
2247;0;0;0x0000;02 Illegal Data Address
2248;0;0;0x0000;02 Illegal Data Address
2249;0;0;0x0000;02 Illegal Data Address
2250;0;0;0x0000;02 Illegal Data Address
2251;0;0;0x0000;02 Illegal Data Address
2252;0;0;0x0000;02 Illegal Data Address
2253;0;0;0x0000;02 Illegal Data Address
2254;0;0;0x0000;02 Illegal Data Address
2255;0;0;0x0000;02 Illegal Data Address
2256;0;0;0x0000;02 Illegal Data Address
2257;0;0;0x0000;02 Illegal Data Address
2258;0;0;0x0000;02 Illegal Data Address
2259;0;0;0x0000;02 Illegal Data Address
2260;0;0;0x0000;02 Illegal Data Address
2261;0;0;0x0000;02 Illegal Data Address
2262;0;0;0x0000;02 Illegal Data Address
2263;0;0;0x0000;02 Illegal Data Address
2264;0;0;0x0000;02 Illegal Data Address
2265;0;0;0x0000;02 Illegal Data Address
2266;0;0;0x0000;02 Illegal Data Address
2267;0;0;0x0000;02 Illegal Data Address
2268;0;0;0x0000;02 Illegal Data Address
2269;0;0;0x0000;02 Illegal Data Address
2270;0;0;0x0000;02 Illegal Data Address
2271;0;0;0x0000;02 Illegal Data Address
2272;0;0;0x0000;02 Illegal Data Address
2273;0;0;0x0000;02 Illegal Data Address
2274;0;0;0x0000;02 Illegal Data Address
2275;0;0;0x0000;02 Illegal Data Address
2276;0;0;0x0000;02 Illegal Data Address
2277;0;0;0x0000;02 Illegal Data Address
2278;0;0;0x0000;02 Illegal Data Address
2279;0;0;0x0000;02 Illegal Data Address
2280;0;0;0x0000;02 Illegal Data Address
2281;0;0;0x0000;02 Illegal Data Address
2282;0;0;0x0000;02 Illegal Data Address
2283;0;0;0x0000;02 Illegal Data Address
2284;0;0;0x0000;02 Illegal Data Address
2285;0;0;0x0000;02 Illegal Data Address
2286;0;0;0x0000;02 Illegal Data Address
2287;0;0;0x0000;02 Illegal Data Address
2288;0;0;0x0000;02 Illegal Data Address
2289;0;0;0x0000;02 Illegal Data Address
2290;0;0;0x0000;02 Illegal Data Address
2291;0;0;0x0000;02 Illegal Data Address
2292;0;0;0x0000;02 Illegal Data Address
2293;0;0;0x0000;02 Illegal Data Address
2294;0;0;0x0000;02 Illegal Data Address
2295;0;0;0x0000;02 Illegal Data Address
2296;0;0;0x0000;02 Illegal Data Address
2297;0;0;0x0000;02 Illegal Data Address
2298;0;0;0x0000;02 Illegal Data Address
2299;0;0;0x0000;02 Illegal Data Address
2300;0;0;0x0000;02 Illegal Data Address
2301;0;0;0x0000;02 Illegal Data Address
2302;0;0;0x0000;02 Illegal Data Address
2303;0;0;0x0000;02 Illegal Data Address
2304;0;0;0x0000;02 Illegal Data Address
2305;0;0;0x0000;02 Illegal Data Address
2306;0;0;0x0000;02 Illegal Data Address
2307;0;0;0x0000;02 Illegal Data Address
2308;0;0;0x0000;02 Illegal Data Address
2309;0;0;0x0000;02 Illegal Data Address
2310;0;0;0x0000;02 Illegal Data Address
2311;0;0;0x0000;02 Illegal Data Address
2312;0;0;0x0000;02 Illegal Data Address
2313;0;0;0x0000;02 Illegal Data Address
2314;0;0;0x0000;02 Illegal Data Address
2315;0;0;0x0000;02 Illegal Data Address
2316;0;0;0x0000;02 Illegal Data Address
2317;0;0;0x0000;02 Illegal Data Address
2318;0;0;0x0000;02 Illegal Data Address
2319;0;0;0x0000;02 Illegal Data Address
2320;0;0;0x0000;02 Illegal Data Address
2321;0;0;0x0000;02 Illegal Data Address
2322;0;0;0x0000;02 Illegal Data Address
2323;0;0;0x0000;02 Illegal Data Address
2324;0;0;0x0000;02 Illegal Data Address
2325;0;0;0x0000;02 Illegal Data Address
2326;0;0;0x0000;02 Illegal Data Address
2327;0;0;0x0000;02 Illegal Data Address
2328;0;0;0x0000;02 Illegal Data Address
2329;0;0;0x0000;02 Illegal Data Address
2330;0;0;0x0000;02 Illegal Data Address
2331;0;0;0x0000;02 Illegal Data Address
2332;0;0;0x0000;02 Illegal Data Address
2333;0;0;0x0000;02 Illegal Data Address
2334;0;0;0x0000;02 Illegal Data Address
2335;0;0;0x0000;02 Illegal Data Address
2336;0;0;0x0000;02 Illegal Data Address
2337;0;0;0x0000;02 Illegal Data Address
2338;0;0;0x0000;02 Illegal Data Address
2339;0;0;0x0000;02 Illegal Data Address
2340;0;0;0x0000;02 Illegal Data Address
2341;0;0;0x0000;02 Illegal Data Address
2342;0;0;0x0000;02 Illegal Data Address
2343;0;0;0x0000;02 Illegal Data Address
2344;0;0;0x0000;02 Illegal Data Address
2345;0;0;0x0000;02 Illegal Data Address
2346;0;0;0x0000;02 Illegal Data Address
2347;0;0;0x0000;02 Illegal Data Address
2348;0;0;0x0000;02 Illegal Data Address
2349;0;0;0x0000;02 Illegal Data Address
2350;0;0;0x0000;02 Illegal Data Address
2351;0;0;0x0000;02 Illegal Data Address
2352;0;0;0x0000;02 Illegal Data Address
2353;0;0;0x0000;02 Illegal Data Address
2354;0;0;0x0000;02 Illegal Data Address
2355;0;0;0x0000;02 Illegal Data Address
2356;0;0;0x0000;02 Illegal Data Address
2357;0;0;0x0000;02 Illegal Data Address
2358;0;0;0x0000;02 Illegal Data Address
2359;0;0;0x0000;02 Illegal Data Address
2360;0;0;0x0000;02 Illegal Data Address
2361;0;0;0x0000;02 Illegal Data Address
2362;0;0;0x0000;02 Illegal Data Address
2363;0;0;0x0000;02 Illegal Data Address
2364;0;0;0x0000;02 Illegal Data Address
2365;0;0;0x0000;02 Illegal Data Address
2366;0;0;0x0000;02 Illegal Data Address
2367;0;0;0x0000;02 Illegal Data Address
2368;0;0;0x0000;02 Illegal Data Address
2369;0;0;0x0000;02 Illegal Data Address
2370;0;0;0x0000;02 Illegal Data Address
2371;0;0;0x0000;02 Illegal Data Address
2372;0;0;0x0000;02 Illegal Data Address
2373;0;0;0x0000;02 Illegal Data Address
2374;0;0;0x0000;02 Illegal Data Address
2375;0;0;0x0000;02 Illegal Data Address
2376;0;0;0x0000;02 Illegal Data Address
2377;0;0;0x0000;02 Illegal Data Address
2378;0;0;0x0000;02 Illegal Data Address
2379;0;0;0x0000;02 Illegal Data Address
2380;0;0;0x0000;02 Illegal Data Address
2381;0;0;0x0000;02 Illegal Data Address
2382;0;0;0x0000;02 Illegal Data Address
2383;0;0;0x0000;02 Illegal Data Address
2384;0;0;0x0000;02 Illegal Data Address
2385;0;0;0x0000;02 Illegal Data Address
2386;0;0;0x0000;02 Illegal Data Address
2387;0;0;0x0000;02 Illegal Data Address
2388;0;0;0x0000;02 Illegal Data Address
2389;0;0;0x0000;02 Illegal Data Address
2390;0;0;0x0000;02 Illegal Data Address
2391;0;0;0x0000;02 Illegal Data Address
2392;0;0;0x0000;02 Illegal Data Address
2393;0;0;0x0000;02 Illegal Data Address
2394;0;0;0x0000;02 Illegal Data Address
2395;0;0;0x0000;02 Illegal Data Address
2396;0;0;0x0000;02 Illegal Data Address
2397;0;0;0x0000;02 Illegal Data Address
2398;0;0;0x0000;02 Illegal Data Address
2399;0;0;0x0000;02 Illegal Data Address
2400;0;0;0x0000;02 Illegal Data Address
2401;0;0;0x0000;02 Illegal Data Address
2402;0;0;0x0000;02 Illegal Data Address
2403;0;0;0x0000;02 Illegal Data Address
2404;0;0;0x0000;02 Illegal Data Address
2405;0;0;0x0000;02 Illegal Data Address
2406;0;0;0x0000;02 Illegal Data Address
2407;0;0;0x0000;02 Illegal Data Address
2408;0;0;0x0000;02 Illegal Data Address
2409;0;0;0x0000;02 Illegal Data Address
2410;0;0;0x0000;02 Illegal Data Address
2411;0;0;0x0000;02 Illegal Data Address
2412;0;0;0x0000;02 Illegal Data Address
2413;0;0;0x0000;02 Illegal Data Address
2414;0;0;0x0000;02 Illegal Data Address
2415;0;0;0x0000;02 Illegal Data Address
2416;0;0;0x0000;02 Illegal Data Address
2417;0;0;0x0000;02 Illegal Data Address
2418;0;0;0x0000;02 Illegal Data Address
2419;0;0;0x0000;02 Illegal Data Address
2420;0;0;0x0000;02 Illegal Data Address
2421;0;0;0x0000;02 Illegal Data Address
2422;0;0;0x0000;02 Illegal Data Address
2423;0;0;0x0000;02 Illegal Data Address
2424;0;0;0x0000;02 Illegal Data Address
2425;0;0;0x0000;02 Illegal Data Address
2426;0;0;0x0000;02 Illegal Data Address
2427;0;0;0x0000;02 Illegal Data Address
2428;0;0;0x0000;02 Illegal Data Address
2429;0;0;0x0000;02 Illegal Data Address
2430;0;0;0x0000;02 Illegal Data Address
2431;0;0;0x0000;02 Illegal Data Address
2432;0;0;0x0000;02 Illegal Data Address
2433;0;0;0x0000;02 Illegal Data Address
2434;0;0;0x0000;02 Illegal Data Address
2435;0;0;0x0000;02 Illegal Data Address
2436;0;0;0x0000;02 Illegal Data Address
2437;0;0;0x0000;02 Illegal Data Address
2438;0;0;0x0000;02 Illegal Data Address
2439;0;0;0x0000;02 Illegal Data Address
2440;0;0;0x0000;02 Illegal Data Address
2441;0;0;0x0000;02 Illegal Data Address
2442;0;0;0x0000;02 Illegal Data Address
2443;0;0;0x0000;02 Illegal Data Address
2444;0;0;0x0000;02 Illegal Data Address
2445;0;0;0x0000;02 Illegal Data Address
2446;0;0;0x0000;02 Illegal Data Address
2447;0;0;0x0000;02 Illegal Data Address
2448;0;0;0x0000;02 Illegal Data Address
2449;0;0;0x0000;02 Illegal Data Address
2450;0;0;0x0000;02 Illegal Data Address
2451;0;0;0x0000;02 Illegal Data Address
2452;0;0;0x0000;02 Illegal Data Address
2453;0;0;0x0000;02 Illegal Data Address
2454;0;0;0x0000;02 Illegal Data Address
2455;0;0;0x0000;02 Illegal Data Address
2456;0;0;0x0000;02 Illegal Data Address
2457;0;0;0x0000;02 Illegal Data Address
2458;0;0;0x0000;02 Illegal Data Address
2459;0;0;0x0000;02 Illegal Data Address
2460;0;0;0x0000;02 Illegal Data Address
2461;0;0;0x0000;02 Illegal Data Address
2462;0;0;0x0000;02 Illegal Data Address
2463;0;0;0x0000;02 Illegal Data Address
2464;0;0;0x0000;02 Illegal Data Address
2465;0;0;0x0000;02 Illegal Data Address
2466;0;0;0x0000;02 Illegal Data Address
2467;0;0;0x0000;02 Illegal Data Address
2468;0;0;0x0000;02 Illegal Data Address
2469;0;0;0x0000;02 Illegal Data Address
2470;0;0;0x0000;02 Illegal Data Address
2471;0;0;0x0000;02 Illegal Data Address
2472;0;0;0x0000;02 Illegal Data Address
2473;0;0;0x0000;02 Illegal Data Address
2474;0;0;0x0000;02 Illegal Data Address
2475;0;0;0x0000;02 Illegal Data Address
2476;0;0;0x0000;02 Illegal Data Address
2477;0;0;0x0000;02 Illegal Data Address
2478;0;0;0x0000;02 Illegal Data Address
2479;0;0;0x0000;02 Illegal Data Address
2480;0;0;0x0000;02 Illegal Data Address
2481;0;0;0x0000;02 Illegal Data Address
2482;0;0;0x0000;02 Illegal Data Address
2483;0;0;0x0000;02 Illegal Data Address
2484;0;0;0x0000;02 Illegal Data Address
2485;0;0;0x0000;02 Illegal Data Address
2486;0;0;0x0000;02 Illegal Data Address
2487;0;0;0x0000;02 Illegal Data Address
2488;0;0;0x0000;02 Illegal Data Address
2489;0;0;0x0000;02 Illegal Data Address
2490;0;0;0x0000;02 Illegal Data Address
2491;0;0;0x0000;02 Illegal Data Address
2492;0;0;0x0000;02 Illegal Data Address
2493;0;0;0x0000;02 Illegal Data Address
2494;0;0;0x0000;02 Illegal Data Address
2495;0;0;0x0000;02 Illegal Data Address
2496;0;0;0x0000;02 Illegal Data Address
2497;0;0;0x0000;02 Illegal Data Address
2498;0;0;0x0000;02 Illegal Data Address
2499;0;0;0x0000;02 Illegal Data Address
2500;0;0;0x0000;02 Illegal Data Address
2501;0;0;0x0000;02 Illegal Data Address
2502;0;0;0x0000;02 Illegal Data Address
2503;0;0;0x0000;02 Illegal Data Address
2504;0;0;0x0000;02 Illegal Data Address
2505;0;0;0x0000;02 Illegal Data Address
2506;0;0;0x0000;02 Illegal Data Address
2507;0;0;0x0000;02 Illegal Data Address
2508;0;0;0x0000;02 Illegal Data Address
2509;0;0;0x0000;02 Illegal Data Address
2510;0;0;0x0000;02 Illegal Data Address
2511;0;0;0x0000;02 Illegal Data Address
2512;0;0;0x0000;02 Illegal Data Address
2513;0;0;0x0000;02 Illegal Data Address
2514;0;0;0x0000;02 Illegal Data Address
2515;0;0;0x0000;02 Illegal Data Address
2516;0;0;0x0000;02 Illegal Data Address
2517;0;0;0x0000;02 Illegal Data Address
2518;0;0;0x0000;02 Illegal Data Address
2519;0;0;0x0000;02 Illegal Data Address
2520;0;0;0x0000;02 Illegal Data Address
2521;0;0;0x0000;02 Illegal Data Address
2522;0;0;0x0000;02 Illegal Data Address
2523;0;0;0x0000;02 Illegal Data Address
2524;0;0;0x0000;02 Illegal Data Address
2525;0;0;0x0000;02 Illegal Data Address
2526;0;0;0x0000;02 Illegal Data Address
2527;0;0;0x0000;02 Illegal Data Address
2528;0;0;0x0000;02 Illegal Data Address
2529;0;0;0x0000;02 Illegal Data Address
2530;0;0;0x0000;02 Illegal Data Address
2531;0;0;0x0000;02 Illegal Data Address
2532;0;0;0x0000;02 Illegal Data Address
2533;0;0;0x0000;02 Illegal Data Address
2534;0;0;0x0000;02 Illegal Data Address
2535;0;0;0x0000;02 Illegal Data Address
2536;0;0;0x0000;02 Illegal Data Address
2537;0;0;0x0000;02 Illegal Data Address
2538;0;0;0x0000;02 Illegal Data Address
2539;0;0;0x0000;02 Illegal Data Address
2540;0;0;0x0000;02 Illegal Data Address
2541;0;0;0x0000;02 Illegal Data Address
2542;0;0;0x0000;02 Illegal Data Address
2543;0;0;0x0000;02 Illegal Data Address
2544;0;0;0x0000;02 Illegal Data Address
2545;0;0;0x0000;02 Illegal Data Address
2546;0;0;0x0000;02 Illegal Data Address
2547;0;0;0x0000;02 Illegal Data Address
2548;0;0;0x0000;02 Illegal Data Address
2549;0;0;0x0000;02 Illegal Data Address
2550;0;0;0x0000;02 Illegal Data Address
2551;0;0;0x0000;02 Illegal Data Address
2552;0;0;0x0000;02 Illegal Data Address
2553;0;0;0x0000;02 Illegal Data Address
2554;0;0;0x0000;02 Illegal Data Address
2555;0;0;0x0000;02 Illegal Data Address
2556;0;0;0x0000;02 Illegal Data Address
2557;0;0;0x0000;02 Illegal Data Address
2558;0;0;0x0000;02 Illegal Data Address
2559;0;0;0x0000;02 Illegal Data Address
2560;0;0;0x0000;02 Illegal Data Address
2561;0;0;0x0000;02 Illegal Data Address
2562;0;0;0x0000;02 Illegal Data Address
2563;0;0;0x0000;02 Illegal Data Address
2564;0;0;0x0000;02 Illegal Data Address
2565;0;0;0x0000;02 Illegal Data Address
2566;0;0;0x0000;02 Illegal Data Address
2567;0;0;0x0000;02 Illegal Data Address
2568;0;0;0x0000;02 Illegal Data Address
2569;0;0;0x0000;02 Illegal Data Address
2570;0;0;0x0000;02 Illegal Data Address
2571;0;0;0x0000;02 Illegal Data Address
2572;0;0;0x0000;02 Illegal Data Address
2573;0;0;0x0000;02 Illegal Data Address
2574;0;0;0x0000;02 Illegal Data Address
2575;0;0;0x0000;02 Illegal Data Address
2576;0;0;0x0000;02 Illegal Data Address
2577;0;0;0x0000;02 Illegal Data Address
2578;0;0;0x0000;02 Illegal Data Address
2579;0;0;0x0000;02 Illegal Data Address
2580;0;0;0x0000;02 Illegal Data Address
2581;0;0;0x0000;02 Illegal Data Address
2582;0;0;0x0000;02 Illegal Data Address
2583;0;0;0x0000;02 Illegal Data Address
2584;0;0;0x0000;02 Illegal Data Address
2585;0;0;0x0000;02 Illegal Data Address
2586;0;0;0x0000;02 Illegal Data Address
2587;0;0;0x0000;02 Illegal Data Address
2588;0;0;0x0000;02 Illegal Data Address
2589;0;0;0x0000;02 Illegal Data Address
2590;0;0;0x0000;02 Illegal Data Address
2591;0;0;0x0000;02 Illegal Data Address
2592;0;0;0x0000;02 Illegal Data Address
2593;0;0;0x0000;02 Illegal Data Address
2594;0;0;0x0000;02 Illegal Data Address
2595;0;0;0x0000;02 Illegal Data Address
2596;0;0;0x0000;02 Illegal Data Address
2597;0;0;0x0000;02 Illegal Data Address
2598;0;0;0x0000;02 Illegal Data Address
2599;0;0;0x0000;02 Illegal Data Address
2600;0;0;0x0000;02 Illegal Data Address
2601;0;0;0x0000;02 Illegal Data Address
2602;0;0;0x0000;02 Illegal Data Address
2603;0;0;0x0000;02 Illegal Data Address
2604;0;0;0x0000;02 Illegal Data Address
2605;0;0;0x0000;02 Illegal Data Address
2606;0;0;0x0000;02 Illegal Data Address
2607;0;0;0x0000;02 Illegal Data Address
2608;0;0;0x0000;02 Illegal Data Address
2609;0;0;0x0000;02 Illegal Data Address
2610;0;0;0x0000;02 Illegal Data Address
2611;0;0;0x0000;02 Illegal Data Address
2612;0;0;0x0000;02 Illegal Data Address
2613;0;0;0x0000;02 Illegal Data Address
2614;0;0;0x0000;02 Illegal Data Address
2615;0;0;0x0000;02 Illegal Data Address
2616;0;0;0x0000;02 Illegal Data Address
2617;0;0;0x0000;02 Illegal Data Address
2618;0;0;0x0000;02 Illegal Data Address
2619;0;0;0x0000;02 Illegal Data Address
2620;0;0;0x0000;02 Illegal Data Address
2621;0;0;0x0000;02 Illegal Data Address
2622;0;0;0x0000;02 Illegal Data Address
2623;0;0;0x0000;02 Illegal Data Address
2624;0;0;0x0000;02 Illegal Data Address
2625;0;0;0x0000;02 Illegal Data Address
2626;0;0;0x0000;02 Illegal Data Address
2627;0;0;0x0000;02 Illegal Data Address
2628;0;0;0x0000;02 Illegal Data Address
2629;0;0;0x0000;02 Illegal Data Address
2630;0;0;0x0000;02 Illegal Data Address
2631;0;0;0x0000;02 Illegal Data Address
2632;0;0;0x0000;02 Illegal Data Address
2633;0;0;0x0000;02 Illegal Data Address
2634;0;0;0x0000;02 Illegal Data Address
2635;0;0;0x0000;02 Illegal Data Address
2636;0;0;0x0000;02 Illegal Data Address
2637;0;0;0x0000;02 Illegal Data Address
2638;0;0;0x0000;02 Illegal Data Address
2639;0;0;0x0000;02 Illegal Data Address
2640;0;0;0x0000;02 Illegal Data Address
2641;0;0;0x0000;02 Illegal Data Address
2642;0;0;0x0000;02 Illegal Data Address
2643;0;0;0x0000;02 Illegal Data Address
2644;0;0;0x0000;02 Illegal Data Address
2645;0;0;0x0000;02 Illegal Data Address
2646;0;0;0x0000;02 Illegal Data Address
2647;0;0;0x0000;02 Illegal Data Address
2648;0;0;0x0000;02 Illegal Data Address
2649;0;0;0x0000;02 Illegal Data Address
2650;0;0;0x0000;02 Illegal Data Address
2651;0;0;0x0000;02 Illegal Data Address
2652;0;0;0x0000;02 Illegal Data Address
2653;0;0;0x0000;02 Illegal Data Address
2654;0;0;0x0000;02 Illegal Data Address
2655;0;0;0x0000;02 Illegal Data Address
2656;0;0;0x0000;02 Illegal Data Address
2657;0;0;0x0000;02 Illegal Data Address
2658;0;0;0x0000;02 Illegal Data Address
2659;0;0;0x0000;02 Illegal Data Address
2660;0;0;0x0000;02 Illegal Data Address
2661;0;0;0x0000;02 Illegal Data Address
2662;0;0;0x0000;02 Illegal Data Address
2663;0;0;0x0000;02 Illegal Data Address
2664;0;0;0x0000;02 Illegal Data Address
2665;0;0;0x0000;02 Illegal Data Address
2666;0;0;0x0000;02 Illegal Data Address
2667;0;0;0x0000;02 Illegal Data Address
2668;0;0;0x0000;02 Illegal Data Address
2669;0;0;0x0000;02 Illegal Data Address
2670;0;0;0x0000;02 Illegal Data Address
2671;0;0;0x0000;02 Illegal Data Address
2672;0;0;0x0000;02 Illegal Data Address
2673;0;0;0x0000;02 Illegal Data Address
2674;0;0;0x0000;02 Illegal Data Address
2675;0;0;0x0000;02 Illegal Data Address
2676;0;0;0x0000;02 Illegal Data Address
2677;0;0;0x0000;02 Illegal Data Address
2678;0;0;0x0000;02 Illegal Data Address
2679;0;0;0x0000;02 Illegal Data Address
2680;0;0;0x0000;02 Illegal Data Address
2681;0;0;0x0000;02 Illegal Data Address
2682;0;0;0x0000;02 Illegal Data Address
2683;0;0;0x0000;02 Illegal Data Address
2684;0;0;0x0000;02 Illegal Data Address
2685;0;0;0x0000;02 Illegal Data Address
2686;0;0;0x0000;02 Illegal Data Address
2687;0;0;0x0000;02 Illegal Data Address
2688;0;0;0x0000;02 Illegal Data Address
2689;0;0;0x0000;02 Illegal Data Address
2690;0;0;0x0000;02 Illegal Data Address
2691;0;0;0x0000;02 Illegal Data Address
2692;0;0;0x0000;02 Illegal Data Address
2693;0;0;0x0000;02 Illegal Data Address
2694;0;0;0x0000;02 Illegal Data Address
2695;0;0;0x0000;02 Illegal Data Address
2696;0;0;0x0000;02 Illegal Data Address
2697;0;0;0x0000;02 Illegal Data Address
2698;0;0;0x0000;02 Illegal Data Address
2699;0;0;0x0000;02 Illegal Data Address
2700;0;0;0x0000;02 Illegal Data Address
2701;0;0;0x0000;02 Illegal Data Address
2702;0;0;0x0000;02 Illegal Data Address
2703;0;0;0x0000;02 Illegal Data Address
2704;0;0;0x0000;02 Illegal Data Address
2705;0;0;0x0000;02 Illegal Data Address
2706;0;0;0x0000;02 Illegal Data Address
2707;0;0;0x0000;02 Illegal Data Address
2708;0;0;0x0000;02 Illegal Data Address
2709;0;0;0x0000;02 Illegal Data Address
2710;0;0;0x0000;02 Illegal Data Address
2711;0;0;0x0000;02 Illegal Data Address
2712;0;0;0x0000;02 Illegal Data Address
2713;0;0;0x0000;02 Illegal Data Address
2714;0;0;0x0000;02 Illegal Data Address
2715;0;0;0x0000;02 Illegal Data Address
2716;0;0;0x0000;02 Illegal Data Address
2717;0;0;0x0000;02 Illegal Data Address
2718;0;0;0x0000;02 Illegal Data Address
2719;0;0;0x0000;02 Illegal Data Address
2720;0;0;0x0000;02 Illegal Data Address
2721;0;0;0x0000;02 Illegal Data Address
2722;0;0;0x0000;02 Illegal Data Address
2723;0;0;0x0000;02 Illegal Data Address
2724;0;0;0x0000;02 Illegal Data Address
2725;0;0;0x0000;02 Illegal Data Address
2726;0;0;0x0000;02 Illegal Data Address
2727;0;0;0x0000;02 Illegal Data Address
2728;0;0;0x0000;02 Illegal Data Address
2729;0;0;0x0000;02 Illegal Data Address
2730;0;0;0x0000;02 Illegal Data Address
2731;0;0;0x0000;02 Illegal Data Address
2732;0;0;0x0000;02 Illegal Data Address
2733;0;0;0x0000;02 Illegal Data Address
2734;0;0;0x0000;02 Illegal Data Address
2735;0;0;0x0000;02 Illegal Data Address
2736;0;0;0x0000;02 Illegal Data Address
2737;0;0;0x0000;02 Illegal Data Address
2738;0;0;0x0000;02 Illegal Data Address
2739;0;0;0x0000;02 Illegal Data Address
2740;0;0;0x0000;02 Illegal Data Address
2741;0;0;0x0000;02 Illegal Data Address
2742;0;0;0x0000;02 Illegal Data Address
2743;0;0;0x0000;02 Illegal Data Address
2744;0;0;0x0000;02 Illegal Data Address
2745;0;0;0x0000;02 Illegal Data Address
2746;0;0;0x0000;02 Illegal Data Address
2747;0;0;0x0000;02 Illegal Data Address
2748;0;0;0x0000;02 Illegal Data Address
2749;0;0;0x0000;02 Illegal Data Address
2750;0;0;0x0000;02 Illegal Data Address
2751;0;0;0x0000;02 Illegal Data Address
2752;0;0;0x0000;02 Illegal Data Address
2753;0;0;0x0000;02 Illegal Data Address
2754;0;0;0x0000;02 Illegal Data Address
2755;0;0;0x0000;02 Illegal Data Address
2756;0;0;0x0000;02 Illegal Data Address
2757;0;0;0x0000;02 Illegal Data Address
2758;0;0;0x0000;02 Illegal Data Address
2759;0;0;0x0000;02 Illegal Data Address
2760;0;0;0x0000;02 Illegal Data Address
2761;0;0;0x0000;02 Illegal Data Address
2762;0;0;0x0000;02 Illegal Data Address
2763;0;0;0x0000;02 Illegal Data Address
2764;0;0;0x0000;02 Illegal Data Address
2765;0;0;0x0000;02 Illegal Data Address
2766;0;0;0x0000;02 Illegal Data Address
2767;0;0;0x0000;02 Illegal Data Address
2768;0;0;0x0000;02 Illegal Data Address
2769;0;0;0x0000;02 Illegal Data Address
2770;0;0;0x0000;02 Illegal Data Address
2771;0;0;0x0000;02 Illegal Data Address
2772;0;0;0x0000;02 Illegal Data Address
2773;0;0;0x0000;02 Illegal Data Address
2774;0;0;0x0000;02 Illegal Data Address
2775;0;0;0x0000;02 Illegal Data Address
2776;0;0;0x0000;02 Illegal Data Address
2777;0;0;0x0000;02 Illegal Data Address
2778;0;0;0x0000;02 Illegal Data Address
2779;0;0;0x0000;02 Illegal Data Address
2780;0;0;0x0000;02 Illegal Data Address
2781;0;0;0x0000;02 Illegal Data Address
2782;0;0;0x0000;02 Illegal Data Address
2783;0;0;0x0000;02 Illegal Data Address
2784;0;0;0x0000;02 Illegal Data Address
2785;0;0;0x0000;02 Illegal Data Address
2786;0;0;0x0000;02 Illegal Data Address
2787;0;0;0x0000;02 Illegal Data Address
2788;0;0;0x0000;02 Illegal Data Address
2789;0;0;0x0000;02 Illegal Data Address
2790;0;0;0x0000;02 Illegal Data Address
2791;0;0;0x0000;02 Illegal Data Address
2792;0;0;0x0000;02 Illegal Data Address
2793;0;0;0x0000;02 Illegal Data Address
2794;0;0;0x0000;02 Illegal Data Address
2795;0;0;0x0000;02 Illegal Data Address
2796;0;0;0x0000;02 Illegal Data Address
2797;0;0;0x0000;02 Illegal Data Address
2798;0;0;0x0000;02 Illegal Data Address
2799;0;0;0x0000;02 Illegal Data Address
2800;0;0;0x0000;02 Illegal Data Address
2801;0;0;0x0000;02 Illegal Data Address
2802;0;0;0x0000;02 Illegal Data Address
2803;0;0;0x0000;02 Illegal Data Address
2804;0;0;0x0000;02 Illegal Data Address
2805;0;0;0x0000;02 Illegal Data Address
2806;0;0;0x0000;02 Illegal Data Address
2807;0;0;0x0000;02 Illegal Data Address
2808;0;0;0x0000;02 Illegal Data Address
2809;0;0;0x0000;02 Illegal Data Address
2810;0;0;0x0000;02 Illegal Data Address
2811;0;0;0x0000;02 Illegal Data Address
2812;0;0;0x0000;02 Illegal Data Address
2813;0;0;0x0000;02 Illegal Data Address
2814;0;0;0x0000;02 Illegal Data Address
2815;0;0;0x0000;02 Illegal Data Address
2816;0;0;0x0000;02 Illegal Data Address
2817;0;0;0x0000;02 Illegal Data Address
2818;0;0;0x0000;02 Illegal Data Address
2819;0;0;0x0000;02 Illegal Data Address
2820;0;0;0x0000;02 Illegal Data Address
2821;0;0;0x0000;02 Illegal Data Address
2822;0;0;0x0000;02 Illegal Data Address
2823;0;0;0x0000;02 Illegal Data Address
2824;0;0;0x0000;02 Illegal Data Address
2825;0;0;0x0000;02 Illegal Data Address
2826;0;0;0x0000;02 Illegal Data Address
2827;0;0;0x0000;02 Illegal Data Address
2828;0;0;0x0000;02 Illegal Data Address
2829;0;0;0x0000;02 Illegal Data Address
2830;0;0;0x0000;02 Illegal Data Address
2831;0;0;0x0000;02 Illegal Data Address
2832;0;0;0x0000;02 Illegal Data Address
2833;0;0;0x0000;02 Illegal Data Address
2834;0;0;0x0000;02 Illegal Data Address
2835;0;0;0x0000;02 Illegal Data Address
2836;0;0;0x0000;02 Illegal Data Address
2837;0;0;0x0000;02 Illegal Data Address
2838;0;0;0x0000;02 Illegal Data Address
2839;0;0;0x0000;02 Illegal Data Address
2840;0;0;0x0000;02 Illegal Data Address
2841;0;0;0x0000;02 Illegal Data Address
2842;0;0;0x0000;02 Illegal Data Address
2843;0;0;0x0000;02 Illegal Data Address
2844;0;0;0x0000;02 Illegal Data Address
2845;0;0;0x0000;02 Illegal Data Address
2846;0;0;0x0000;02 Illegal Data Address
2847;0;0;0x0000;02 Illegal Data Address
2848;0;0;0x0000;02 Illegal Data Address
2849;0;0;0x0000;02 Illegal Data Address
2850;0;0;0x0000;02 Illegal Data Address
2851;0;0;0x0000;02 Illegal Data Address
2852;0;0;0x0000;02 Illegal Data Address
2853;0;0;0x0000;02 Illegal Data Address
2854;0;0;0x0000;02 Illegal Data Address
2855;0;0;0x0000;02 Illegal Data Address
2856;0;0;0x0000;02 Illegal Data Address
2857;0;0;0x0000;02 Illegal Data Address
2858;0;0;0x0000;02 Illegal Data Address
2859;0;0;0x0000;02 Illegal Data Address
2860;0;0;0x0000;02 Illegal Data Address
2861;0;0;0x0000;02 Illegal Data Address
2862;0;0;0x0000;02 Illegal Data Address
2863;0;0;0x0000;02 Illegal Data Address
2864;0;0;0x0000;02 Illegal Data Address
2865;0;0;0x0000;02 Illegal Data Address
2866;0;0;0x0000;02 Illegal Data Address
2867;0;0;0x0000;02 Illegal Data Address
2868;0;0;0x0000;02 Illegal Data Address
2869;0;0;0x0000;02 Illegal Data Address
2870;0;0;0x0000;02 Illegal Data Address
2871;0;0;0x0000;02 Illegal Data Address
2872;0;0;0x0000;02 Illegal Data Address
2873;0;0;0x0000;02 Illegal Data Address
2874;0;0;0x0000;02 Illegal Data Address
2875;0;0;0x0000;02 Illegal Data Address
2876;0;0;0x0000;02 Illegal Data Address
2877;0;0;0x0000;02 Illegal Data Address
2878;0;0;0x0000;02 Illegal Data Address
2879;0;0;0x0000;02 Illegal Data Address
2880;0;0;0x0000;02 Illegal Data Address
2881;0;0;0x0000;02 Illegal Data Address
2882;0;0;0x0000;02 Illegal Data Address
2883;0;0;0x0000;02 Illegal Data Address
2884;0;0;0x0000;02 Illegal Data Address
2885;0;0;0x0000;02 Illegal Data Address
2886;0;0;0x0000;02 Illegal Data Address
2887;0;0;0x0000;02 Illegal Data Address
2888;0;0;0x0000;02 Illegal Data Address
2889;0;0;0x0000;02 Illegal Data Address
2890;0;0;0x0000;02 Illegal Data Address
2891;0;0;0x0000;02 Illegal Data Address
2892;0;0;0x0000;02 Illegal Data Address
2893;0;0;0x0000;02 Illegal Data Address
2894;0;0;0x0000;02 Illegal Data Address
2895;0;0;0x0000;02 Illegal Data Address
2896;0;0;0x0000;02 Illegal Data Address
2897;0;0;0x0000;02 Illegal Data Address
2898;0;0;0x0000;02 Illegal Data Address
2899;0;0;0x0000;02 Illegal Data Address
2900;0;0;0x0000;02 Illegal Data Address
2901;0;0;0x0000;02 Illegal Data Address
2902;0;0;0x0000;02 Illegal Data Address
2903;0;0;0x0000;02 Illegal Data Address
2904;0;0;0x0000;02 Illegal Data Address
2905;0;0;0x0000;02 Illegal Data Address
2906;0;0;0x0000;02 Illegal Data Address
2907;0;0;0x0000;02 Illegal Data Address
2908;0;0;0x0000;02 Illegal Data Address
2909;0;0;0x0000;02 Illegal Data Address
2910;0;0;0x0000;02 Illegal Data Address
2911;0;0;0x0000;02 Illegal Data Address
2912;0;0;0x0000;02 Illegal Data Address
2913;0;0;0x0000;02 Illegal Data Address
2914;0;0;0x0000;02 Illegal Data Address
2915;0;0;0x0000;02 Illegal Data Address
2916;0;0;0x0000;02 Illegal Data Address
2917;0;0;0x0000;02 Illegal Data Address
2918;0;0;0x0000;02 Illegal Data Address
2919;0;0;0x0000;02 Illegal Data Address
2920;0;0;0x0000;02 Illegal Data Address
2921;0;0;0x0000;02 Illegal Data Address
2922;0;0;0x0000;02 Illegal Data Address
2923;0;0;0x0000;02 Illegal Data Address
2924;0;0;0x0000;02 Illegal Data Address
2925;0;0;0x0000;02 Illegal Data Address
2926;0;0;0x0000;02 Illegal Data Address
2927;0;0;0x0000;02 Illegal Data Address
2928;0;0;0x0000;02 Illegal Data Address
2929;0;0;0x0000;02 Illegal Data Address
2930;0;0;0x0000;02 Illegal Data Address
2931;0;0;0x0000;02 Illegal Data Address
2932;0;0;0x0000;02 Illegal Data Address
2933;0;0;0x0000;02 Illegal Data Address
2934;0;0;0x0000;02 Illegal Data Address
2935;0;0;0x0000;02 Illegal Data Address
2936;0;0;0x0000;02 Illegal Data Address
2937;0;0;0x0000;02 Illegal Data Address
2938;0;0;0x0000;02 Illegal Data Address
2939;0;0;0x0000;02 Illegal Data Address
2940;0;0;0x0000;02 Illegal Data Address
2941;0;0;0x0000;02 Illegal Data Address
2942;0;0;0x0000;02 Illegal Data Address
2943;0;0;0x0000;02 Illegal Data Address
2944;0;0;0x0000;02 Illegal Data Address
2945;0;0;0x0000;02 Illegal Data Address
2946;0;0;0x0000;02 Illegal Data Address
2947;0;0;0x0000;02 Illegal Data Address
2948;0;0;0x0000;02 Illegal Data Address
2949;0;0;0x0000;02 Illegal Data Address
2950;0;0;0x0000;02 Illegal Data Address
2951;0;0;0x0000;02 Illegal Data Address
2952;0;0;0x0000;02 Illegal Data Address
2953;0;0;0x0000;02 Illegal Data Address
2954;0;0;0x0000;02 Illegal Data Address
2955;0;0;0x0000;02 Illegal Data Address
2956;0;0;0x0000;02 Illegal Data Address
2957;0;0;0x0000;02 Illegal Data Address
2958;0;0;0x0000;02 Illegal Data Address
2959;0;0;0x0000;02 Illegal Data Address
2960;0;0;0x0000;02 Illegal Data Address
2961;0;0;0x0000;02 Illegal Data Address
2962;0;0;0x0000;02 Illegal Data Address
2963;0;0;0x0000;02 Illegal Data Address
2964;0;0;0x0000;02 Illegal Data Address
2965;0;0;0x0000;02 Illegal Data Address
2966;0;0;0x0000;02 Illegal Data Address
2967;0;0;0x0000;02 Illegal Data Address
2968;0;0;0x0000;02 Illegal Data Address
2969;0;0;0x0000;02 Illegal Data Address
2970;0;0;0x0000;02 Illegal Data Address
2971;0;0;0x0000;02 Illegal Data Address
2972;0;0;0x0000;02 Illegal Data Address
2973;0;0;0x0000;02 Illegal Data Address
2974;0;0;0x0000;02 Illegal Data Address
2975;0;0;0x0000;02 Illegal Data Address
2976;0;0;0x0000;02 Illegal Data Address
2977;0;0;0x0000;02 Illegal Data Address
2978;0;0;0x0000;02 Illegal Data Address
2979;0;0;0x0000;02 Illegal Data Address
2980;0;0;0x0000;02 Illegal Data Address
2981;0;0;0x0000;02 Illegal Data Address
2982;0;0;0x0000;02 Illegal Data Address
2983;0;0;0x0000;02 Illegal Data Address
2984;0;0;0x0000;02 Illegal Data Address
2985;0;0;0x0000;02 Illegal Data Address
2986;0;0;0x0000;02 Illegal Data Address
2987;0;0;0x0000;02 Illegal Data Address
2988;0;0;0x0000;02 Illegal Data Address
2989;0;0;0x0000;02 Illegal Data Address
2990;0;0;0x0000;02 Illegal Data Address
2991;0;0;0x0000;02 Illegal Data Address
2992;0;0;0x0000;02 Illegal Data Address
2993;0;0;0x0000;02 Illegal Data Address
2994;0;0;0x0000;02 Illegal Data Address
2995;0;0;0x0000;02 Illegal Data Address
2996;0;0;0x0000;02 Illegal Data Address
2997;0;0;0x0000;02 Illegal Data Address
2998;0;0;0x0000;02 Illegal Data Address
2999;0;0;0x0000;02 Illegal Data Address
3000;0;0;0x0000;02 Illegal Data Address
3001;0;0;0x0000;02 Illegal Data Address
3002;0;0;0x0000;02 Illegal Data Address
3003;0;0;0x0000;02 Illegal Data Address
3004;0;0;0x0000;02 Illegal Data Address
3005;0;0;0x0000;02 Illegal Data Address
3006;0;0;0x0000;02 Illegal Data Address
3007;0;0;0x0000;02 Illegal Data Address
3008;0;0;0x0000;02 Illegal Data Address
3009;0;0;0x0000;02 Illegal Data Address
3010;0;0;0x0000;02 Illegal Data Address
3011;0;0;0x0000;02 Illegal Data Address
3012;0;0;0x0000;02 Illegal Data Address
3013;0;0;0x0000;02 Illegal Data Address
3014;0;0;0x0000;02 Illegal Data Address
3015;0;0;0x0000;02 Illegal Data Address
3016;0;0;0x0000;02 Illegal Data Address
3017;0;0;0x0000;02 Illegal Data Address
3018;0;0;0x0000;02 Illegal Data Address
3019;0;0;0x0000;02 Illegal Data Address
3020;0;0;0x0000;02 Illegal Data Address
3021;0;0;0x0000;02 Illegal Data Address
3022;0;0;0x0000;02 Illegal Data Address
3023;0;0;0x0000;02 Illegal Data Address
3024;0;0;0x0000;02 Illegal Data Address
3025;0;0;0x0000;02 Illegal Data Address
3026;0;0;0x0000;02 Illegal Data Address
3027;0;0;0x0000;02 Illegal Data Address
3028;0;0;0x0000;02 Illegal Data Address
3029;0;0;0x0000;02 Illegal Data Address
3030;0;0;0x0000;02 Illegal Data Address
3031;0;0;0x0000;02 Illegal Data Address
3032;0;0;0x0000;02 Illegal Data Address
3033;0;0;0x0000;02 Illegal Data Address
3034;0;0;0x0000;02 Illegal Data Address
3035;0;0;0x0000;02 Illegal Data Address
3036;0;0;0x0000;02 Illegal Data Address
3037;0;0;0x0000;02 Illegal Data Address
3038;0;0;0x0000;02 Illegal Data Address
3039;0;0;0x0000;02 Illegal Data Address
3040;0;0;0x0000;02 Illegal Data Address
3041;0;0;0x0000;02 Illegal Data Address
3042;0;0;0x0000;02 Illegal Data Address
3043;0;0;0x0000;02 Illegal Data Address
3044;0;0;0x0000;02 Illegal Data Address
3045;0;0;0x0000;02 Illegal Data Address
3046;0;0;0x0000;02 Illegal Data Address
3047;0;0;0x0000;02 Illegal Data Address
3048;0;0;0x0000;02 Illegal Data Address
3049;0;0;0x0000;02 Illegal Data Address
3050;0;0;0x0000;02 Illegal Data Address
3051;0;0;0x0000;02 Illegal Data Address
3052;0;0;0x0000;02 Illegal Data Address
3053;0;0;0x0000;02 Illegal Data Address
3054;0;0;0x0000;02 Illegal Data Address
3055;0;0;0x0000;02 Illegal Data Address
3056;0;0;0x0000;02 Illegal Data Address
3057;0;0;0x0000;02 Illegal Data Address
3058;0;0;0x0000;02 Illegal Data Address
3059;0;0;0x0000;02 Illegal Data Address
3060;0;0;0x0000;02 Illegal Data Address
3061;0;0;0x0000;02 Illegal Data Address
3062;0;0;0x0000;02 Illegal Data Address
3063;0;0;0x0000;02 Illegal Data Address
3064;0;0;0x0000;02 Illegal Data Address
3065;0;0;0x0000;02 Illegal Data Address
3066;0;0;0x0000;02 Illegal Data Address
3067;0;0;0x0000;02 Illegal Data Address
3068;0;0;0x0000;02 Illegal Data Address
3069;0;0;0x0000;02 Illegal Data Address
3070;0;0;0x0000;02 Illegal Data Address
3071;0;0;0x0000;02 Illegal Data Address
3072;0;0;0x0000;02 Illegal Data Address
3073;0;0;0x0000;02 Illegal Data Address
3074;0;0;0x0000;02 Illegal Data Address
3075;0;0;0x0000;02 Illegal Data Address
3076;0;0;0x0000;02 Illegal Data Address
3077;0;0;0x0000;02 Illegal Data Address
3078;0;0;0x0000;02 Illegal Data Address
3079;0;0;0x0000;02 Illegal Data Address
3080;0;0;0x0000;02 Illegal Data Address
3081;0;0;0x0000;02 Illegal Data Address
3082;0;0;0x0000;02 Illegal Data Address
3083;0;0;0x0000;02 Illegal Data Address
3084;0;0;0x0000;02 Illegal Data Address
3085;0;0;0x0000;02 Illegal Data Address
3086;0;0;0x0000;02 Illegal Data Address
3087;0;0;0x0000;02 Illegal Data Address
3088;0;0;0x0000;02 Illegal Data Address
3089;0;0;0x0000;02 Illegal Data Address
3090;0;0;0x0000;02 Illegal Data Address
3091;0;0;0x0000;02 Illegal Data Address
3092;0;0;0x0000;02 Illegal Data Address
3093;0;0;0x0000;02 Illegal Data Address
3094;0;0;0x0000;02 Illegal Data Address
3095;0;0;0x0000;02 Illegal Data Address
3096;0;0;0x0000;02 Illegal Data Address
3097;0;0;0x0000;02 Illegal Data Address
3098;0;0;0x0000;02 Illegal Data Address
3099;0;0;0x0000;02 Illegal Data Address
3100;0;0;0x0000;02 Illegal Data Address
3101;0;0;0x0000;02 Illegal Data Address
3102;0;0;0x0000;02 Illegal Data Address
3103;0;0;0x0000;02 Illegal Data Address
3104;0;0;0x0000;02 Illegal Data Address
3105;0;0;0x0000;02 Illegal Data Address
3106;0;0;0x0000;02 Illegal Data Address
3107;0;0;0x0000;02 Illegal Data Address
3108;0;0;0x0000;02 Illegal Data Address
3109;0;0;0x0000;02 Illegal Data Address
3110;0;0;0x0000;02 Illegal Data Address
3111;0;0;0x0000;02 Illegal Data Address
3112;0;0;0x0000;02 Illegal Data Address
3113;0;0;0x0000;02 Illegal Data Address
3114;0;0;0x0000;02 Illegal Data Address
3115;0;0;0x0000;02 Illegal Data Address
3116;0;0;0x0000;02 Illegal Data Address
3117;0;0;0x0000;02 Illegal Data Address
3118;0;0;0x0000;02 Illegal Data Address
3119;0;0;0x0000;02 Illegal Data Address
3120;0;0;0x0000;02 Illegal Data Address
3121;0;0;0x0000;02 Illegal Data Address
3122;0;0;0x0000;02 Illegal Data Address
3123;0;0;0x0000;02 Illegal Data Address
3124;0;0;0x0000;02 Illegal Data Address
3125;0;0;0x0000;02 Illegal Data Address
3126;0;0;0x0000;02 Illegal Data Address
3127;0;0;0x0000;02 Illegal Data Address
3128;0;0;0x0000;02 Illegal Data Address
3129;0;0;0x0000;02 Illegal Data Address
3130;0;0;0x0000;02 Illegal Data Address
3131;0;0;0x0000;02 Illegal Data Address
3132;0;0;0x0000;02 Illegal Data Address
3133;0;0;0x0000;02 Illegal Data Address
3134;0;0;0x0000;02 Illegal Data Address
3135;0;0;0x0000;02 Illegal Data Address
3136;0;0;0x0000;02 Illegal Data Address
3137;0;0;0x0000;02 Illegal Data Address
3138;0;0;0x0000;02 Illegal Data Address
3139;0;0;0x0000;02 Illegal Data Address
3140;0;0;0x0000;02 Illegal Data Address
3141;0;0;0x0000;02 Illegal Data Address
3142;0;0;0x0000;02 Illegal Data Address
3143;0;0;0x0000;02 Illegal Data Address
3144;0;0;0x0000;02 Illegal Data Address
3145;0;0;0x0000;02 Illegal Data Address
3146;0;0;0x0000;02 Illegal Data Address
3147;0;0;0x0000;02 Illegal Data Address
3148;0;0;0x0000;02 Illegal Data Address
3149;0;0;0x0000;02 Illegal Data Address
3150;0;0;0x0000;02 Illegal Data Address
3151;0;0;0x0000;02 Illegal Data Address
3152;0;0;0x0000;02 Illegal Data Address
3153;0;0;0x0000;02 Illegal Data Address
3154;0;0;0x0000;02 Illegal Data Address
3155;0;0;0x0000;02 Illegal Data Address
3156;0;0;0x0000;02 Illegal Data Address
3157;0;0;0x0000;02 Illegal Data Address
3158;0;0;0x0000;02 Illegal Data Address
3159;0;0;0x0000;02 Illegal Data Address
3160;0;0;0x0000;02 Illegal Data Address
3161;0;0;0x0000;02 Illegal Data Address
3162;0;0;0x0000;02 Illegal Data Address
3163;0;0;0x0000;02 Illegal Data Address
3164;0;0;0x0000;02 Illegal Data Address
3165;0;0;0x0000;02 Illegal Data Address
3166;0;0;0x0000;02 Illegal Data Address
3167;0;0;0x0000;02 Illegal Data Address
3168;0;0;0x0000;02 Illegal Data Address
3169;0;0;0x0000;02 Illegal Data Address
3170;0;0;0x0000;02 Illegal Data Address
3171;0;0;0x0000;02 Illegal Data Address
3172;0;0;0x0000;02 Illegal Data Address
3173;0;0;0x0000;02 Illegal Data Address
3174;0;0;0x0000;02 Illegal Data Address
3175;0;0;0x0000;02 Illegal Data Address
3176;0;0;0x0000;02 Illegal Data Address
3177;0;0;0x0000;02 Illegal Data Address
3178;0;0;0x0000;02 Illegal Data Address
3179;0;0;0x0000;02 Illegal Data Address
3180;0;0;0x0000;02 Illegal Data Address
3181;0;0;0x0000;02 Illegal Data Address
3182;0;0;0x0000;02 Illegal Data Address
3183;0;0;0x0000;02 Illegal Data Address
3184;0;0;0x0000;02 Illegal Data Address
3185;0;0;0x0000;02 Illegal Data Address
3186;0;0;0x0000;02 Illegal Data Address
3187;0;0;0x0000;02 Illegal Data Address
3188;0;0;0x0000;02 Illegal Data Address
3189;0;0;0x0000;02 Illegal Data Address
3190;0;0;0x0000;02 Illegal Data Address
3191;0;0;0x0000;02 Illegal Data Address
3192;0;0;0x0000;02 Illegal Data Address
3193;0;0;0x0000;02 Illegal Data Address
3194;0;0;0x0000;02 Illegal Data Address
3195;0;0;0x0000;02 Illegal Data Address
3196;0;0;0x0000;02 Illegal Data Address
3197;0;0;0x0000;02 Illegal Data Address
3198;0;0;0x0000;02 Illegal Data Address
3199;0;0;0x0000;02 Illegal Data Address
3200;0;0;0x0000;02 Illegal Data Address
3201;0;0;0x0000;02 Illegal Data Address
3202;0;0;0x0000;02 Illegal Data Address
3203;0;0;0x0000;02 Illegal Data Address
3204;0;0;0x0000;02 Illegal Data Address
3205;0;0;0x0000;02 Illegal Data Address
3206;0;0;0x0000;02 Illegal Data Address
3207;0;0;0x0000;02 Illegal Data Address
3208;0;0;0x0000;02 Illegal Data Address
3209;0;0;0x0000;02 Illegal Data Address
3210;0;0;0x0000;02 Illegal Data Address
3211;0;0;0x0000;02 Illegal Data Address
3212;0;0;0x0000;02 Illegal Data Address
3213;0;0;0x0000;02 Illegal Data Address
3214;0;0;0x0000;02 Illegal Data Address
3215;0;0;0x0000;02 Illegal Data Address
3216;0;0;0x0000;02 Illegal Data Address
3217;0;0;0x0000;02 Illegal Data Address
3218;0;0;0x0000;02 Illegal Data Address
3219;0;0;0x0000;02 Illegal Data Address
3220;0;0;0x0000;02 Illegal Data Address
3221;0;0;0x0000;02 Illegal Data Address
3222;0;0;0x0000;02 Illegal Data Address
3223;0;0;0x0000;02 Illegal Data Address
3224;0;0;0x0000;02 Illegal Data Address
3225;0;0;0x0000;02 Illegal Data Address
3226;0;0;0x0000;02 Illegal Data Address
3227;0;0;0x0000;02 Illegal Data Address
3228;0;0;0x0000;02 Illegal Data Address
3229;0;0;0x0000;02 Illegal Data Address
3230;0;0;0x0000;02 Illegal Data Address
3231;0;0;0x0000;02 Illegal Data Address
3232;0;0;0x0000;02 Illegal Data Address
3233;0;0;0x0000;02 Illegal Data Address
3234;0;0;0x0000;02 Illegal Data Address
3235;0;0;0x0000;02 Illegal Data Address
3236;0;0;0x0000;02 Illegal Data Address
3237;0;0;0x0000;02 Illegal Data Address
3238;0;0;0x0000;02 Illegal Data Address
3239;0;0;0x0000;02 Illegal Data Address
3240;0;0;0x0000;02 Illegal Data Address
3241;0;0;0x0000;02 Illegal Data Address
3242;0;0;0x0000;02 Illegal Data Address
3243;0;0;0x0000;02 Illegal Data Address
3244;0;0;0x0000;02 Illegal Data Address
3245;0;0;0x0000;02 Illegal Data Address
3246;0;0;0x0000;02 Illegal Data Address
3247;0;0;0x0000;02 Illegal Data Address
3248;0;0;0x0000;02 Illegal Data Address
3249;0;0;0x0000;02 Illegal Data Address
3250;0;0;0x0000;02 Illegal Data Address
3251;0;0;0x0000;02 Illegal Data Address
3252;0;0;0x0000;02 Illegal Data Address
3253;0;0;0x0000;02 Illegal Data Address
3254;0;0;0x0000;02 Illegal Data Address
3255;0;0;0x0000;02 Illegal Data Address
3256;0;0;0x0000;02 Illegal Data Address
3257;0;0;0x0000;02 Illegal Data Address
3258;0;0;0x0000;02 Illegal Data Address
3259;0;0;0x0000;02 Illegal Data Address
3260;0;0;0x0000;02 Illegal Data Address
3261;0;0;0x0000;02 Illegal Data Address
3262;0;0;0x0000;02 Illegal Data Address
3263;0;0;0x0000;02 Illegal Data Address
3264;0;0;0x0000;02 Illegal Data Address
3265;0;0;0x0000;02 Illegal Data Address
3266;0;0;0x0000;02 Illegal Data Address
3267;0;0;0x0000;02 Illegal Data Address
3268;0;0;0x0000;02 Illegal Data Address
3269;0;0;0x0000;02 Illegal Data Address
3270;0;0;0x0000;02 Illegal Data Address
3271;0;0;0x0000;02 Illegal Data Address
3272;0;0;0x0000;02 Illegal Data Address
3273;0;0;0x0000;02 Illegal Data Address
3274;0;0;0x0000;02 Illegal Data Address
3275;0;0;0x0000;02 Illegal Data Address
3276;0;0;0x0000;02 Illegal Data Address
3277;0;0;0x0000;02 Illegal Data Address
3278;0;0;0x0000;02 Illegal Data Address
3279;0;0;0x0000;02 Illegal Data Address
3280;0;0;0x0000;02 Illegal Data Address
3281;0;0;0x0000;02 Illegal Data Address
3282;0;0;0x0000;02 Illegal Data Address
3283;0;0;0x0000;02 Illegal Data Address
3284;0;0;0x0000;02 Illegal Data Address
3285;0;0;0x0000;02 Illegal Data Address
3286;0;0;0x0000;02 Illegal Data Address
3287;0;0;0x0000;02 Illegal Data Address
3288;0;0;0x0000;02 Illegal Data Address
3289;0;0;0x0000;02 Illegal Data Address
3290;0;0;0x0000;02 Illegal Data Address
3291;0;0;0x0000;02 Illegal Data Address
3292;0;0;0x0000;02 Illegal Data Address
3293;0;0;0x0000;02 Illegal Data Address
3294;0;0;0x0000;02 Illegal Data Address
3295;0;0;0x0000;02 Illegal Data Address
3296;0;0;0x0000;02 Illegal Data Address
3297;0;0;0x0000;02 Illegal Data Address
3298;0;0;0x0000;02 Illegal Data Address
3299;0;0;0x0000;02 Illegal Data Address
3300;0;0;0x0000;02 Illegal Data Address
3301;0;0;0x0000;02 Illegal Data Address
3302;0;0;0x0000;02 Illegal Data Address
3303;0;0;0x0000;02 Illegal Data Address
3304;0;0;0x0000;02 Illegal Data Address
3305;0;0;0x0000;02 Illegal Data Address
3306;0;0;0x0000;02 Illegal Data Address
3307;0;0;0x0000;02 Illegal Data Address
3308;0;0;0x0000;02 Illegal Data Address
3309;0;0;0x0000;02 Illegal Data Address
3310;0;0;0x0000;02 Illegal Data Address
3311;0;0;0x0000;02 Illegal Data Address
3312;0;0;0x0000;02 Illegal Data Address
3313;0;0;0x0000;02 Illegal Data Address
3314;0;0;0x0000;02 Illegal Data Address
3315;0;0;0x0000;02 Illegal Data Address
3316;0;0;0x0000;02 Illegal Data Address
3317;0;0;0x0000;02 Illegal Data Address
3318;0;0;0x0000;02 Illegal Data Address
3319;0;0;0x0000;02 Illegal Data Address
3320;0;0;0x0000;02 Illegal Data Address
3321;0;0;0x0000;02 Illegal Data Address
3322;0;0;0x0000;02 Illegal Data Address
3323;0;0;0x0000;02 Illegal Data Address
3324;0;0;0x0000;02 Illegal Data Address
3325;0;0;0x0000;02 Illegal Data Address
3326;0;0;0x0000;02 Illegal Data Address
3327;0;0;0x0000;02 Illegal Data Address
3328;0;0;0x0000;02 Illegal Data Address
3329;0;0;0x0000;02 Illegal Data Address
3330;0;0;0x0000;02 Illegal Data Address
3331;0;0;0x0000;02 Illegal Data Address
3332;0;0;0x0000;02 Illegal Data Address
3333;0;0;0x0000;02 Illegal Data Address
3334;0;0;0x0000;02 Illegal Data Address
3335;0;0;0x0000;02 Illegal Data Address
3336;0;0;0x0000;02 Illegal Data Address
3337;0;0;0x0000;02 Illegal Data Address
3338;0;0;0x0000;02 Illegal Data Address
3339;0;0;0x0000;02 Illegal Data Address
3340;0;0;0x0000;02 Illegal Data Address
3341;0;0;0x0000;02 Illegal Data Address
3342;0;0;0x0000;02 Illegal Data Address
3343;0;0;0x0000;02 Illegal Data Address
3344;0;0;0x0000;02 Illegal Data Address
3345;0;0;0x0000;02 Illegal Data Address
3346;0;0;0x0000;02 Illegal Data Address
3347;0;0;0x0000;02 Illegal Data Address
3348;0;0;0x0000;02 Illegal Data Address
3349;0;0;0x0000;02 Illegal Data Address
3350;0;0;0x0000;02 Illegal Data Address
3351;0;0;0x0000;02 Illegal Data Address
3352;0;0;0x0000;02 Illegal Data Address
3353;0;0;0x0000;02 Illegal Data Address
3354;0;0;0x0000;02 Illegal Data Address
3355;0;0;0x0000;02 Illegal Data Address
3356;0;0;0x0000;02 Illegal Data Address
3357;0;0;0x0000;02 Illegal Data Address
3358;0;0;0x0000;02 Illegal Data Address
3359;0;0;0x0000;02 Illegal Data Address
3360;0;0;0x0000;02 Illegal Data Address
3361;0;0;0x0000;02 Illegal Data Address
3362;0;0;0x0000;02 Illegal Data Address
3363;0;0;0x0000;02 Illegal Data Address
3364;0;0;0x0000;02 Illegal Data Address
3365;0;0;0x0000;02 Illegal Data Address
3366;0;0;0x0000;02 Illegal Data Address
3367;0;0;0x0000;02 Illegal Data Address
3368;0;0;0x0000;02 Illegal Data Address
3369;0;0;0x0000;02 Illegal Data Address
3370;0;0;0x0000;02 Illegal Data Address
3371;0;0;0x0000;02 Illegal Data Address
3372;0;0;0x0000;02 Illegal Data Address
3373;0;0;0x0000;02 Illegal Data Address
3374;0;0;0x0000;02 Illegal Data Address
3375;0;0;0x0000;02 Illegal Data Address
3376;0;0;0x0000;02 Illegal Data Address
3377;0;0;0x0000;02 Illegal Data Address
3378;0;0;0x0000;02 Illegal Data Address
3379;0;0;0x0000;02 Illegal Data Address
3380;0;0;0x0000;02 Illegal Data Address
3381;0;0;0x0000;02 Illegal Data Address
3382;0;0;0x0000;02 Illegal Data Address
3383;0;0;0x0000;02 Illegal Data Address
3384;0;0;0x0000;02 Illegal Data Address
3385;0;0;0x0000;02 Illegal Data Address
3386;0;0;0x0000;02 Illegal Data Address
3387;0;0;0x0000;02 Illegal Data Address
3388;0;0;0x0000;02 Illegal Data Address
3389;0;0;0x0000;02 Illegal Data Address
3390;0;0;0x0000;02 Illegal Data Address
3391;0;0;0x0000;02 Illegal Data Address
3392;0;0;0x0000;02 Illegal Data Address
3393;0;0;0x0000;02 Illegal Data Address
3394;0;0;0x0000;02 Illegal Data Address
3395;0;0;0x0000;02 Illegal Data Address
3396;0;0;0x0000;02 Illegal Data Address
3397;0;0;0x0000;02 Illegal Data Address
3398;0;0;0x0000;02 Illegal Data Address
3399;0;0;0x0000;02 Illegal Data Address
3400;0;0;0x0000;02 Illegal Data Address
3401;0;0;0x0000;02 Illegal Data Address
3402;0;0;0x0000;02 Illegal Data Address
3403;0;0;0x0000;02 Illegal Data Address
3404;0;0;0x0000;02 Illegal Data Address
3405;0;0;0x0000;02 Illegal Data Address
3406;0;0;0x0000;02 Illegal Data Address
3407;0;0;0x0000;02 Illegal Data Address
3408;0;0;0x0000;02 Illegal Data Address
3409;0;0;0x0000;02 Illegal Data Address
3410;0;0;0x0000;02 Illegal Data Address
3411;0;0;0x0000;02 Illegal Data Address
3412;0;0;0x0000;02 Illegal Data Address
3413;0;0;0x0000;02 Illegal Data Address
3414;0;0;0x0000;02 Illegal Data Address
3415;0;0;0x0000;02 Illegal Data Address
3416;0;0;0x0000;02 Illegal Data Address
3417;0;0;0x0000;02 Illegal Data Address
3418;0;0;0x0000;02 Illegal Data Address
3419;0;0;0x0000;02 Illegal Data Address
3420;0;0;0x0000;02 Illegal Data Address
3421;0;0;0x0000;02 Illegal Data Address
3422;0;0;0x0000;02 Illegal Data Address
3423;0;0;0x0000;02 Illegal Data Address
3424;0;0;0x0000;02 Illegal Data Address
3425;0;0;0x0000;02 Illegal Data Address
3426;0;0;0x0000;02 Illegal Data Address
3427;0;0;0x0000;02 Illegal Data Address
3428;0;0;0x0000;02 Illegal Data Address
3429;0;0;0x0000;02 Illegal Data Address
3430;0;0;0x0000;02 Illegal Data Address
3431;0;0;0x0000;02 Illegal Data Address
3432;0;0;0x0000;02 Illegal Data Address
3433;0;0;0x0000;02 Illegal Data Address
3434;0;0;0x0000;02 Illegal Data Address
3435;0;0;0x0000;02 Illegal Data Address
3436;0;0;0x0000;02 Illegal Data Address
3437;0;0;0x0000;02 Illegal Data Address
3438;0;0;0x0000;02 Illegal Data Address
3439;0;0;0x0000;02 Illegal Data Address
3440;0;0;0x0000;02 Illegal Data Address
3441;0;0;0x0000;02 Illegal Data Address
3442;0;0;0x0000;02 Illegal Data Address
3443;0;0;0x0000;02 Illegal Data Address
3444;0;0;0x0000;02 Illegal Data Address
3445;0;0;0x0000;02 Illegal Data Address
3446;0;0;0x0000;02 Illegal Data Address
3447;0;0;0x0000;02 Illegal Data Address
3448;0;0;0x0000;02 Illegal Data Address
3449;0;0;0x0000;02 Illegal Data Address
3450;0;0;0x0000;02 Illegal Data Address
3451;0;0;0x0000;02 Illegal Data Address
3452;0;0;0x0000;02 Illegal Data Address
3453;0;0;0x0000;02 Illegal Data Address
3454;0;0;0x0000;02 Illegal Data Address
3455;0;0;0x0000;02 Illegal Data Address
3456;0;0;0x0000;02 Illegal Data Address
3457;0;0;0x0000;02 Illegal Data Address
3458;0;0;0x0000;02 Illegal Data Address
3459;0;0;0x0000;02 Illegal Data Address
3460;0;0;0x0000;02 Illegal Data Address
3461;0;0;0x0000;02 Illegal Data Address
3462;0;0;0x0000;02 Illegal Data Address
3463;0;0;0x0000;02 Illegal Data Address
3464;0;0;0x0000;02 Illegal Data Address
3465;0;0;0x0000;02 Illegal Data Address
3466;0;0;0x0000;02 Illegal Data Address
3467;0;0;0x0000;02 Illegal Data Address
3468;0;0;0x0000;02 Illegal Data Address
3469;0;0;0x0000;02 Illegal Data Address
3470;0;0;0x0000;02 Illegal Data Address
3471;0;0;0x0000;02 Illegal Data Address
3472;0;0;0x0000;02 Illegal Data Address
3473;0;0;0x0000;02 Illegal Data Address
3474;0;0;0x0000;02 Illegal Data Address
3475;0;0;0x0000;02 Illegal Data Address
3476;0;0;0x0000;02 Illegal Data Address
3477;0;0;0x0000;02 Illegal Data Address
3478;0;0;0x0000;02 Illegal Data Address
3479;0;0;0x0000;02 Illegal Data Address
3480;0;0;0x0000;02 Illegal Data Address
3481;0;0;0x0000;02 Illegal Data Address
3482;0;0;0x0000;02 Illegal Data Address
3483;0;0;0x0000;02 Illegal Data Address
3484;0;0;0x0000;02 Illegal Data Address
3485;0;0;0x0000;02 Illegal Data Address
3486;0;0;0x0000;02 Illegal Data Address
3487;0;0;0x0000;02 Illegal Data Address
3488;0;0;0x0000;02 Illegal Data Address
3489;0;0;0x0000;02 Illegal Data Address
3490;0;0;0x0000;02 Illegal Data Address
3491;0;0;0x0000;02 Illegal Data Address
3492;0;0;0x0000;02 Illegal Data Address
3493;0;0;0x0000;02 Illegal Data Address
3494;0;0;0x0000;02 Illegal Data Address
3495;0;0;0x0000;02 Illegal Data Address
3496;0;0;0x0000;02 Illegal Data Address
3497;0;0;0x0000;02 Illegal Data Address
3498;0;0;0x0000;02 Illegal Data Address
3499;0;0;0x0000;02 Illegal Data Address
3500;0;0;0x0000;02 Illegal Data Address
3501;0;0;0x0000;02 Illegal Data Address
3502;0;0;0x0000;02 Illegal Data Address
3503;0;0;0x0000;02 Illegal Data Address
3504;0;0;0x0000;02 Illegal Data Address
3505;0;0;0x0000;02 Illegal Data Address
3506;0;0;0x0000;02 Illegal Data Address
3507;0;0;0x0000;02 Illegal Data Address
3508;0;0;0x0000;02 Illegal Data Address
3509;0;0;0x0000;02 Illegal Data Address
3510;0;0;0x0000;02 Illegal Data Address
3511;0;0;0x0000;02 Illegal Data Address
3512;0;0;0x0000;02 Illegal Data Address
3513;0;0;0x0000;02 Illegal Data Address
3514;0;0;0x0000;02 Illegal Data Address
3515;0;0;0x0000;02 Illegal Data Address
3516;0;0;0x0000;02 Illegal Data Address
3517;0;0;0x0000;02 Illegal Data Address
3518;0;0;0x0000;02 Illegal Data Address
3519;0;0;0x0000;02 Illegal Data Address
3520;0;0;0x0000;02 Illegal Data Address
3521;0;0;0x0000;02 Illegal Data Address
3522;0;0;0x0000;02 Illegal Data Address
3523;0;0;0x0000;02 Illegal Data Address
3524;0;0;0x0000;02 Illegal Data Address
3525;0;0;0x0000;02 Illegal Data Address
3526;0;0;0x0000;02 Illegal Data Address
3527;0;0;0x0000;02 Illegal Data Address
3528;0;0;0x0000;02 Illegal Data Address
3529;0;0;0x0000;02 Illegal Data Address
3530;0;0;0x0000;02 Illegal Data Address
3531;0;0;0x0000;02 Illegal Data Address
3532;0;0;0x0000;02 Illegal Data Address
3533;0;0;0x0000;02 Illegal Data Address
3534;0;0;0x0000;02 Illegal Data Address
3535;0;0;0x0000;02 Illegal Data Address
3536;0;0;0x0000;02 Illegal Data Address
3537;0;0;0x0000;02 Illegal Data Address
3538;0;0;0x0000;02 Illegal Data Address
3539;0;0;0x0000;02 Illegal Data Address
3540;0;0;0x0000;02 Illegal Data Address
3541;0;0;0x0000;02 Illegal Data Address
3542;0;0;0x0000;02 Illegal Data Address
3543;0;0;0x0000;02 Illegal Data Address
3544;0;0;0x0000;02 Illegal Data Address
3545;0;0;0x0000;02 Illegal Data Address
3546;0;0;0x0000;02 Illegal Data Address
3547;0;0;0x0000;02 Illegal Data Address
3548;0;0;0x0000;02 Illegal Data Address
3549;0;0;0x0000;02 Illegal Data Address
3550;0;0;0x0000;02 Illegal Data Address
3551;0;0;0x0000;02 Illegal Data Address
3552;0;0;0x0000;02 Illegal Data Address
3553;0;0;0x0000;02 Illegal Data Address
3554;0;0;0x0000;02 Illegal Data Address
3555;0;0;0x0000;02 Illegal Data Address
3556;0;0;0x0000;02 Illegal Data Address
3557;0;0;0x0000;02 Illegal Data Address
3558;0;0;0x0000;02 Illegal Data Address
3559;0;0;0x0000;02 Illegal Data Address
3560;0;0;0x0000;02 Illegal Data Address
3561;0;0;0x0000;02 Illegal Data Address
3562;0;0;0x0000;02 Illegal Data Address
3563;0;0;0x0000;02 Illegal Data Address
3564;0;0;0x0000;02 Illegal Data Address
3565;0;0;0x0000;02 Illegal Data Address
3566;0;0;0x0000;02 Illegal Data Address
3567;0;0;0x0000;02 Illegal Data Address
3568;0;0;0x0000;02 Illegal Data Address
3569;0;0;0x0000;02 Illegal Data Address
3570;0;0;0x0000;02 Illegal Data Address
3571;0;0;0x0000;02 Illegal Data Address
3572;0;0;0x0000;02 Illegal Data Address
3573;0;0;0x0000;02 Illegal Data Address
3574;0;0;0x0000;02 Illegal Data Address
3575;0;0;0x0000;02 Illegal Data Address
3576;0;0;0x0000;02 Illegal Data Address
3577;0;0;0x0000;02 Illegal Data Address
3578;0;0;0x0000;02 Illegal Data Address
3579;0;0;0x0000;02 Illegal Data Address
3580;0;0;0x0000;02 Illegal Data Address
3581;0;0;0x0000;02 Illegal Data Address
3582;0;0;0x0000;02 Illegal Data Address
3583;0;0;0x0000;02 Illegal Data Address
3584;0;0;0x0000;02 Illegal Data Address
3585;0;0;0x0000;02 Illegal Data Address
3586;0;0;0x0000;02 Illegal Data Address
3587;0;0;0x0000;02 Illegal Data Address
3588;0;0;0x0000;02 Illegal Data Address
3589;0;0;0x0000;02 Illegal Data Address
3590;0;0;0x0000;02 Illegal Data Address
3591;0;0;0x0000;02 Illegal Data Address
3592;0;0;0x0000;02 Illegal Data Address
3593;0;0;0x0000;02 Illegal Data Address
3594;0;0;0x0000;02 Illegal Data Address
3595;0;0;0x0000;02 Illegal Data Address
3596;0;0;0x0000;02 Illegal Data Address
3597;0;0;0x0000;02 Illegal Data Address
3598;0;0;0x0000;02 Illegal Data Address
3599;0;0;0x0000;02 Illegal Data Address
3600;0;0;0x0000;02 Illegal Data Address
3601;0;0;0x0000;02 Illegal Data Address
3602;0;0;0x0000;02 Illegal Data Address
3603;0;0;0x0000;02 Illegal Data Address
3604;0;0;0x0000;02 Illegal Data Address
3605;0;0;0x0000;02 Illegal Data Address
3606;0;0;0x0000;02 Illegal Data Address
3607;0;0;0x0000;02 Illegal Data Address
3608;0;0;0x0000;02 Illegal Data Address
3609;0;0;0x0000;02 Illegal Data Address
3610;0;0;0x0000;02 Illegal Data Address
3611;0;0;0x0000;02 Illegal Data Address
3612;0;0;0x0000;02 Illegal Data Address
3613;0;0;0x0000;02 Illegal Data Address
3614;0;0;0x0000;02 Illegal Data Address
3615;0;0;0x0000;02 Illegal Data Address
3616;0;0;0x0000;02 Illegal Data Address
3617;0;0;0x0000;02 Illegal Data Address
3618;0;0;0x0000;02 Illegal Data Address
3619;0;0;0x0000;02 Illegal Data Address
3620;0;0;0x0000;02 Illegal Data Address
3621;0;0;0x0000;02 Illegal Data Address
3622;0;0;0x0000;02 Illegal Data Address
3623;0;0;0x0000;02 Illegal Data Address
3624;0;0;0x0000;02 Illegal Data Address
3625;0;0;0x0000;02 Illegal Data Address
3626;0;0;0x0000;02 Illegal Data Address
3627;0;0;0x0000;02 Illegal Data Address
3628;0;0;0x0000;02 Illegal Data Address
3629;0;0;0x0000;02 Illegal Data Address
3630;0;0;0x0000;02 Illegal Data Address
3631;0;0;0x0000;02 Illegal Data Address
3632;0;0;0x0000;02 Illegal Data Address
3633;0;0;0x0000;02 Illegal Data Address
3634;0;0;0x0000;02 Illegal Data Address
3635;0;0;0x0000;02 Illegal Data Address
3636;0;0;0x0000;02 Illegal Data Address
3637;0;0;0x0000;02 Illegal Data Address
3638;0;0;0x0000;02 Illegal Data Address
3639;0;0;0x0000;02 Illegal Data Address
3640;0;0;0x0000;02 Illegal Data Address
3641;0;0;0x0000;02 Illegal Data Address
3642;0;0;0x0000;02 Illegal Data Address
3643;0;0;0x0000;02 Illegal Data Address
3644;0;0;0x0000;02 Illegal Data Address
3645;0;0;0x0000;02 Illegal Data Address
3646;0;0;0x0000;02 Illegal Data Address
3647;0;0;0x0000;02 Illegal Data Address
3648;0;0;0x0000;02 Illegal Data Address
3649;0;0;0x0000;02 Illegal Data Address
3650;0;0;0x0000;02 Illegal Data Address
3651;0;0;0x0000;02 Illegal Data Address
3652;0;0;0x0000;02 Illegal Data Address
3653;0;0;0x0000;02 Illegal Data Address
3654;0;0;0x0000;02 Illegal Data Address
3655;0;0;0x0000;02 Illegal Data Address
3656;0;0;0x0000;02 Illegal Data Address
3657;0;0;0x0000;02 Illegal Data Address
3658;0;0;0x0000;02 Illegal Data Address
3659;0;0;0x0000;02 Illegal Data Address
3660;0;0;0x0000;02 Illegal Data Address
3661;0;0;0x0000;02 Illegal Data Address
3662;0;0;0x0000;02 Illegal Data Address
3663;0;0;0x0000;02 Illegal Data Address
3664;0;0;0x0000;02 Illegal Data Address
3665;0;0;0x0000;02 Illegal Data Address
3666;0;0;0x0000;02 Illegal Data Address
3667;0;0;0x0000;02 Illegal Data Address
3668;0;0;0x0000;02 Illegal Data Address
3669;0;0;0x0000;02 Illegal Data Address
3670;0;0;0x0000;02 Illegal Data Address
3671;0;0;0x0000;02 Illegal Data Address
3672;0;0;0x0000;02 Illegal Data Address
3673;0;0;0x0000;02 Illegal Data Address
3674;0;0;0x0000;02 Illegal Data Address
3675;0;0;0x0000;02 Illegal Data Address
3676;0;0;0x0000;02 Illegal Data Address
3677;0;0;0x0000;02 Illegal Data Address
3678;0;0;0x0000;02 Illegal Data Address
3679;0;0;0x0000;02 Illegal Data Address
3680;0;0;0x0000;02 Illegal Data Address
3681;0;0;0x0000;02 Illegal Data Address
3682;0;0;0x0000;02 Illegal Data Address
3683;0;0;0x0000;02 Illegal Data Address
3684;0;0;0x0000;02 Illegal Data Address
3685;0;0;0x0000;02 Illegal Data Address
3686;0;0;0x0000;02 Illegal Data Address
3687;0;0;0x0000;02 Illegal Data Address
3688;0;0;0x0000;02 Illegal Data Address
3689;0;0;0x0000;02 Illegal Data Address
3690;0;0;0x0000;02 Illegal Data Address
3691;0;0;0x0000;02 Illegal Data Address
3692;0;0;0x0000;02 Illegal Data Address
3693;0;0;0x0000;02 Illegal Data Address
3694;0;0;0x0000;02 Illegal Data Address
3695;0;0;0x0000;02 Illegal Data Address
3696;0;0;0x0000;02 Illegal Data Address
3697;0;0;0x0000;02 Illegal Data Address
3698;0;0;0x0000;02 Illegal Data Address
3699;0;0;0x0000;02 Illegal Data Address
3700;0;0;0x0000;02 Illegal Data Address
3701;0;0;0x0000;02 Illegal Data Address
3702;0;0;0x0000;02 Illegal Data Address
3703;0;0;0x0000;02 Illegal Data Address
3704;0;0;0x0000;02 Illegal Data Address
3705;0;0;0x0000;02 Illegal Data Address
3706;0;0;0x0000;02 Illegal Data Address
3707;0;0;0x0000;02 Illegal Data Address
3708;0;0;0x0000;02 Illegal Data Address
3709;0;0;0x0000;02 Illegal Data Address
3710;0;0;0x0000;02 Illegal Data Address
3711;0;0;0x0000;02 Illegal Data Address
3712;0;0;0x0000;02 Illegal Data Address
3713;0;0;0x0000;02 Illegal Data Address
3714;0;0;0x0000;02 Illegal Data Address
3715;0;0;0x0000;02 Illegal Data Address
3716;0;0;0x0000;02 Illegal Data Address
3717;0;0;0x0000;02 Illegal Data Address
3718;0;0;0x0000;02 Illegal Data Address
3719;0;0;0x0000;02 Illegal Data Address
3720;0;0;0x0000;02 Illegal Data Address
3721;0;0;0x0000;02 Illegal Data Address
3722;0;0;0x0000;02 Illegal Data Address
3723;0;0;0x0000;02 Illegal Data Address
3724;0;0;0x0000;02 Illegal Data Address
3725;0;0;0x0000;02 Illegal Data Address
3726;0;0;0x0000;02 Illegal Data Address
3727;0;0;0x0000;02 Illegal Data Address
3728;0;0;0x0000;02 Illegal Data Address
3729;0;0;0x0000;02 Illegal Data Address
3730;0;0;0x0000;02 Illegal Data Address
3731;0;0;0x0000;02 Illegal Data Address
3732;0;0;0x0000;02 Illegal Data Address
3733;0;0;0x0000;02 Illegal Data Address
3734;0;0;0x0000;02 Illegal Data Address
3735;0;0;0x0000;02 Illegal Data Address
3736;0;0;0x0000;02 Illegal Data Address
3737;0;0;0x0000;02 Illegal Data Address
3738;0;0;0x0000;02 Illegal Data Address
3739;0;0;0x0000;02 Illegal Data Address
3740;0;0;0x0000;02 Illegal Data Address
3741;0;0;0x0000;02 Illegal Data Address
3742;0;0;0x0000;02 Illegal Data Address
3743;0;0;0x0000;02 Illegal Data Address
3744;0;0;0x0000;02 Illegal Data Address
3745;0;0;0x0000;02 Illegal Data Address
3746;0;0;0x0000;02 Illegal Data Address
3747;0;0;0x0000;02 Illegal Data Address
3748;0;0;0x0000;02 Illegal Data Address
3749;0;0;0x0000;02 Illegal Data Address
3750;0;0;0x0000;02 Illegal Data Address
3751;0;0;0x0000;02 Illegal Data Address
3752;0;0;0x0000;02 Illegal Data Address
3753;0;0;0x0000;02 Illegal Data Address
3754;0;0;0x0000;02 Illegal Data Address
3755;0;0;0x0000;02 Illegal Data Address
3756;0;0;0x0000;02 Illegal Data Address
3757;0;0;0x0000;02 Illegal Data Address
3758;0;0;0x0000;02 Illegal Data Address
3759;0;0;0x0000;02 Illegal Data Address
3760;0;0;0x0000;02 Illegal Data Address
3761;0;0;0x0000;02 Illegal Data Address
3762;0;0;0x0000;02 Illegal Data Address
3763;0;0;0x0000;02 Illegal Data Address
3764;0;0;0x0000;02 Illegal Data Address
3765;0;0;0x0000;02 Illegal Data Address
3766;0;0;0x0000;02 Illegal Data Address
3767;0;0;0x0000;02 Illegal Data Address
3768;0;0;0x0000;02 Illegal Data Address
3769;0;0;0x0000;02 Illegal Data Address
3770;0;0;0x0000;02 Illegal Data Address
3771;0;0;0x0000;02 Illegal Data Address
3772;0;0;0x0000;02 Illegal Data Address
3773;0;0;0x0000;02 Illegal Data Address
3774;0;0;0x0000;02 Illegal Data Address
3775;0;0;0x0000;02 Illegal Data Address
3776;0;0;0x0000;02 Illegal Data Address
3777;0;0;0x0000;02 Illegal Data Address
3778;0;0;0x0000;02 Illegal Data Address
3779;0;0;0x0000;02 Illegal Data Address
3780;0;0;0x0000;02 Illegal Data Address
3781;0;0;0x0000;02 Illegal Data Address
3782;0;0;0x0000;02 Illegal Data Address
3783;0;0;0x0000;02 Illegal Data Address
3784;0;0;0x0000;02 Illegal Data Address
3785;0;0;0x0000;02 Illegal Data Address
3786;0;0;0x0000;02 Illegal Data Address
3787;0;0;0x0000;02 Illegal Data Address
3788;0;0;0x0000;02 Illegal Data Address
3789;0;0;0x0000;02 Illegal Data Address
3790;0;0;0x0000;02 Illegal Data Address
3791;0;0;0x0000;02 Illegal Data Address
3792;0;0;0x0000;02 Illegal Data Address
3793;0;0;0x0000;02 Illegal Data Address
3794;0;0;0x0000;02 Illegal Data Address
3795;0;0;0x0000;02 Illegal Data Address
3796;0;0;0x0000;02 Illegal Data Address
3797;0;0;0x0000;02 Illegal Data Address
3798;0;0;0x0000;02 Illegal Data Address
3799;0;0;0x0000;02 Illegal Data Address
3800;0;0;0x0000;02 Illegal Data Address
3801;0;0;0x0000;02 Illegal Data Address
3802;0;0;0x0000;02 Illegal Data Address
3803;0;0;0x0000;02 Illegal Data Address
3804;0;0;0x0000;02 Illegal Data Address
3805;0;0;0x0000;02 Illegal Data Address
3806;0;0;0x0000;02 Illegal Data Address
3807;0;0;0x0000;02 Illegal Data Address
3808;0;0;0x0000;02 Illegal Data Address
3809;0;0;0x0000;02 Illegal Data Address
3810;0;0;0x0000;02 Illegal Data Address
3811;0;0;0x0000;02 Illegal Data Address
3812;0;0;0x0000;02 Illegal Data Address
3813;0;0;0x0000;02 Illegal Data Address
3814;0;0;0x0000;02 Illegal Data Address
3815;0;0;0x0000;02 Illegal Data Address
3816;0;0;0x0000;02 Illegal Data Address
3817;0;0;0x0000;02 Illegal Data Address
3818;0;0;0x0000;02 Illegal Data Address
3819;0;0;0x0000;02 Illegal Data Address
3820;0;0;0x0000;02 Illegal Data Address
3821;0;0;0x0000;02 Illegal Data Address
3822;0;0;0x0000;02 Illegal Data Address
3823;0;0;0x0000;02 Illegal Data Address
3824;0;0;0x0000;02 Illegal Data Address
3825;0;0;0x0000;02 Illegal Data Address
3826;0;0;0x0000;02 Illegal Data Address
3827;0;0;0x0000;02 Illegal Data Address
3828;0;0;0x0000;02 Illegal Data Address
3829;0;0;0x0000;02 Illegal Data Address
3830;0;0;0x0000;02 Illegal Data Address
3831;0;0;0x0000;02 Illegal Data Address
3832;0;0;0x0000;02 Illegal Data Address
3833;0;0;0x0000;02 Illegal Data Address
3834;0;0;0x0000;02 Illegal Data Address
3835;0;0;0x0000;02 Illegal Data Address
3836;0;0;0x0000;02 Illegal Data Address
3837;0;0;0x0000;02 Illegal Data Address
3838;0;0;0x0000;02 Illegal Data Address
3839;0;0;0x0000;02 Illegal Data Address
3840;0;0;0x0000;02 Illegal Data Address
3841;0;0;0x0000;02 Illegal Data Address
3842;0;0;0x0000;02 Illegal Data Address
3843;0;0;0x0000;02 Illegal Data Address
3844;0;0;0x0000;02 Illegal Data Address
3845;0;0;0x0000;02 Illegal Data Address
3846;0;0;0x0000;02 Illegal Data Address
3847;0;0;0x0000;02 Illegal Data Address
3848;0;0;0x0000;02 Illegal Data Address
3849;0;0;0x0000;02 Illegal Data Address
3850;0;0;0x0000;02 Illegal Data Address
3851;0;0;0x0000;02 Illegal Data Address
3852;0;0;0x0000;02 Illegal Data Address
3853;0;0;0x0000;02 Illegal Data Address
3854;0;0;0x0000;02 Illegal Data Address
3855;0;0;0x0000;02 Illegal Data Address
3856;0;0;0x0000;02 Illegal Data Address
3857;0;0;0x0000;02 Illegal Data Address
3858;0;0;0x0000;02 Illegal Data Address
3859;0;0;0x0000;02 Illegal Data Address
3860;0;0;0x0000;02 Illegal Data Address
3861;0;0;0x0000;02 Illegal Data Address
3862;0;0;0x0000;02 Illegal Data Address
3863;0;0;0x0000;02 Illegal Data Address
3864;0;0;0x0000;02 Illegal Data Address
3865;0;0;0x0000;02 Illegal Data Address
3866;0;0;0x0000;02 Illegal Data Address
3867;0;0;0x0000;02 Illegal Data Address
3868;0;0;0x0000;02 Illegal Data Address
3869;0;0;0x0000;02 Illegal Data Address
3870;0;0;0x0000;02 Illegal Data Address
3871;0;0;0x0000;02 Illegal Data Address
3872;0;0;0x0000;02 Illegal Data Address
3873;0;0;0x0000;02 Illegal Data Address
3874;0;0;0x0000;02 Illegal Data Address
3875;0;0;0x0000;02 Illegal Data Address
3876;0;0;0x0000;02 Illegal Data Address
3877;0;0;0x0000;02 Illegal Data Address
3878;0;0;0x0000;02 Illegal Data Address
3879;0;0;0x0000;02 Illegal Data Address
3880;0;0;0x0000;02 Illegal Data Address
3881;0;0;0x0000;02 Illegal Data Address
3882;0;0;0x0000;02 Illegal Data Address
3883;0;0;0x0000;02 Illegal Data Address
3884;0;0;0x0000;02 Illegal Data Address
3885;0;0;0x0000;02 Illegal Data Address
3886;0;0;0x0000;02 Illegal Data Address
3887;0;0;0x0000;02 Illegal Data Address
3888;0;0;0x0000;02 Illegal Data Address
3889;0;0;0x0000;02 Illegal Data Address
3890;0;0;0x0000;02 Illegal Data Address
3891;0;0;0x0000;02 Illegal Data Address
3892;0;0;0x0000;02 Illegal Data Address
3893;0;0;0x0000;02 Illegal Data Address
3894;0;0;0x0000;02 Illegal Data Address
3895;0;0;0x0000;02 Illegal Data Address
3896;0;0;0x0000;02 Illegal Data Address
3897;0;0;0x0000;02 Illegal Data Address
3898;0;0;0x0000;02 Illegal Data Address
3899;0;0;0x0000;02 Illegal Data Address
3900;0;0;0x0000;02 Illegal Data Address
3901;0;0;0x0000;02 Illegal Data Address
3902;0;0;0x0000;02 Illegal Data Address
3903;0;0;0x0000;02 Illegal Data Address
3904;0;0;0x0000;02 Illegal Data Address
3905;0;0;0x0000;02 Illegal Data Address
3906;0;0;0x0000;02 Illegal Data Address
3907;0;0;0x0000;02 Illegal Data Address
3908;0;0;0x0000;02 Illegal Data Address
3909;0;0;0x0000;02 Illegal Data Address
3910;0;0;0x0000;02 Illegal Data Address
3911;0;0;0x0000;02 Illegal Data Address
3912;0;0;0x0000;02 Illegal Data Address
3913;0;0;0x0000;02 Illegal Data Address
3914;0;0;0x0000;02 Illegal Data Address
3915;0;0;0x0000;02 Illegal Data Address
3916;0;0;0x0000;02 Illegal Data Address
3917;0;0;0x0000;02 Illegal Data Address
3918;0;0;0x0000;02 Illegal Data Address
3919;0;0;0x0000;02 Illegal Data Address
3920;0;0;0x0000;02 Illegal Data Address
3921;0;0;0x0000;02 Illegal Data Address
3922;0;0;0x0000;02 Illegal Data Address
3923;0;0;0x0000;02 Illegal Data Address
3924;0;0;0x0000;02 Illegal Data Address
3925;0;0;0x0000;02 Illegal Data Address
3926;0;0;0x0000;02 Illegal Data Address
3927;0;0;0x0000;02 Illegal Data Address
3928;0;0;0x0000;02 Illegal Data Address
3929;0;0;0x0000;02 Illegal Data Address
3930;0;0;0x0000;02 Illegal Data Address
3931;0;0;0x0000;02 Illegal Data Address
3932;0;0;0x0000;02 Illegal Data Address
3933;0;0;0x0000;02 Illegal Data Address
3934;0;0;0x0000;02 Illegal Data Address
3935;0;0;0x0000;02 Illegal Data Address
3936;0;0;0x0000;02 Illegal Data Address
3937;0;0;0x0000;02 Illegal Data Address
3938;0;0;0x0000;02 Illegal Data Address
3939;0;0;0x0000;02 Illegal Data Address
3940;0;0;0x0000;02 Illegal Data Address
3941;0;0;0x0000;02 Illegal Data Address
3942;0;0;0x0000;02 Illegal Data Address
3943;0;0;0x0000;02 Illegal Data Address
3944;0;0;0x0000;02 Illegal Data Address
3945;0;0;0x0000;02 Illegal Data Address
3946;0;0;0x0000;02 Illegal Data Address
3947;0;0;0x0000;02 Illegal Data Address
3948;0;0;0x0000;02 Illegal Data Address
3949;0;0;0x0000;02 Illegal Data Address
3950;0;0;0x0000;02 Illegal Data Address
3951;0;0;0x0000;02 Illegal Data Address
3952;0;0;0x0000;02 Illegal Data Address
3953;0;0;0x0000;02 Illegal Data Address
3954;0;0;0x0000;02 Illegal Data Address
3955;0;0;0x0000;02 Illegal Data Address
3956;0;0;0x0000;02 Illegal Data Address
3957;0;0;0x0000;02 Illegal Data Address
3958;0;0;0x0000;02 Illegal Data Address
3959;0;0;0x0000;02 Illegal Data Address
3960;0;0;0x0000;02 Illegal Data Address
3961;0;0;0x0000;02 Illegal Data Address
3962;0;0;0x0000;02 Illegal Data Address
3963;0;0;0x0000;02 Illegal Data Address
3964;0;0;0x0000;02 Illegal Data Address
3965;0;0;0x0000;02 Illegal Data Address
3966;0;0;0x0000;02 Illegal Data Address
3967;0;0;0x0000;02 Illegal Data Address
3968;0;0;0x0000;02 Illegal Data Address
3969;0;0;0x0000;02 Illegal Data Address
3970;0;0;0x0000;02 Illegal Data Address
3971;0;0;0x0000;02 Illegal Data Address
3972;0;0;0x0000;02 Illegal Data Address
3973;0;0;0x0000;02 Illegal Data Address
3974;0;0;0x0000;02 Illegal Data Address
3975;0;0;0x0000;02 Illegal Data Address
3976;0;0;0x0000;02 Illegal Data Address
3977;0;0;0x0000;02 Illegal Data Address
3978;0;0;0x0000;02 Illegal Data Address
3979;0;0;0x0000;02 Illegal Data Address
3980;0;0;0x0000;02 Illegal Data Address
3981;0;0;0x0000;02 Illegal Data Address
3982;0;0;0x0000;02 Illegal Data Address
3983;0;0;0x0000;02 Illegal Data Address
3984;0;0;0x0000;02 Illegal Data Address
3985;0;0;0x0000;02 Illegal Data Address
3986;0;0;0x0000;02 Illegal Data Address
3987;0;0;0x0000;02 Illegal Data Address
3988;0;0;0x0000;02 Illegal Data Address
3989;0;0;0x0000;02 Illegal Data Address
3990;0;0;0x0000;02 Illegal Data Address
3991;0;0;0x0000;02 Illegal Data Address
3992;0;0;0x0000;02 Illegal Data Address
3993;0;0;0x0000;02 Illegal Data Address
3994;0;0;0x0000;02 Illegal Data Address
3995;0;0;0x0000;02 Illegal Data Address
3996;0;0;0x0000;02 Illegal Data Address
3997;0;0;0x0000;02 Illegal Data Address
3998;0;0;0x0000;02 Illegal Data Address
3999;0;0;0x0000;02 Illegal Data Address
4000;0;0;0x0000;02 Illegal Data Address
4001;0;0;0x0000;02 Illegal Data Address
4002;0;0;0x0000;02 Illegal Data Address
4003;0;0;0x0000;02 Illegal Data Address
4004;0;0;0x0000;02 Illegal Data Address
4005;0;0;0x0000;02 Illegal Data Address
4006;0;0;0x0000;02 Illegal Data Address
4007;0;0;0x0000;02 Illegal Data Address
4008;0;0;0x0000;02 Illegal Data Address
4009;0;0;0x0000;02 Illegal Data Address
4010;0;0;0x0000;02 Illegal Data Address
4011;0;0;0x0000;02 Illegal Data Address
4012;0;0;0x0000;02 Illegal Data Address
4013;0;0;0x0000;02 Illegal Data Address
4014;0;0;0x0000;02 Illegal Data Address
4015;0;0;0x0000;02 Illegal Data Address
4016;0;0;0x0000;02 Illegal Data Address
4017;0;0;0x0000;02 Illegal Data Address
4018;0;0;0x0000;02 Illegal Data Address
4019;0;0;0x0000;02 Illegal Data Address
4020;0;0;0x0000;02 Illegal Data Address
4021;0;0;0x0000;02 Illegal Data Address
4022;0;0;0x0000;02 Illegal Data Address
4023;0;0;0x0000;02 Illegal Data Address
4024;0;0;0x0000;02 Illegal Data Address
4025;0;0;0x0000;02 Illegal Data Address
4026;0;0;0x0000;02 Illegal Data Address
4027;0;0;0x0000;02 Illegal Data Address
4028;0;0;0x0000;02 Illegal Data Address
4029;0;0;0x0000;02 Illegal Data Address
4030;0;0;0x0000;02 Illegal Data Address
4031;0;0;0x0000;02 Illegal Data Address
4032;0;0;0x0000;02 Illegal Data Address
4033;0;0;0x0000;02 Illegal Data Address
4034;0;0;0x0000;02 Illegal Data Address
4035;0;0;0x0000;02 Illegal Data Address
4036;0;0;0x0000;02 Illegal Data Address
4037;0;0;0x0000;02 Illegal Data Address
4038;0;0;0x0000;02 Illegal Data Address
4039;0;0;0x0000;02 Illegal Data Address
4040;0;0;0x0000;02 Illegal Data Address
4041;0;0;0x0000;02 Illegal Data Address
4042;0;0;0x0000;02 Illegal Data Address
4043;0;0;0x0000;02 Illegal Data Address
4044;0;0;0x0000;02 Illegal Data Address
4045;0;0;0x0000;02 Illegal Data Address
4046;0;0;0x0000;02 Illegal Data Address
4047;0;0;0x0000;02 Illegal Data Address
4048;0;0;0x0000;02 Illegal Data Address
4049;0;0;0x0000;02 Illegal Data Address
4050;0;0;0x0000;02 Illegal Data Address
4051;0;0;0x0000;02 Illegal Data Address
4052;0;0;0x0000;02 Illegal Data Address
4053;0;0;0x0000;02 Illegal Data Address
4054;0;0;0x0000;02 Illegal Data Address
4055;0;0;0x0000;02 Illegal Data Address
4056;0;0;0x0000;02 Illegal Data Address
4057;0;0;0x0000;02 Illegal Data Address
4058;0;0;0x0000;02 Illegal Data Address
4059;0;0;0x0000;02 Illegal Data Address
4060;0;0;0x0000;02 Illegal Data Address
4061;0;0;0x0000;02 Illegal Data Address
4062;0;0;0x0000;02 Illegal Data Address
4063;0;0;0x0000;02 Illegal Data Address
4064;0;0;0x0000;02 Illegal Data Address
4065;0;0;0x0000;02 Illegal Data Address
4066;0;0;0x0000;02 Illegal Data Address
4067;0;0;0x0000;02 Illegal Data Address
4068;0;0;0x0000;02 Illegal Data Address
4069;0;0;0x0000;02 Illegal Data Address
4070;0;0;0x0000;02 Illegal Data Address
4071;0;0;0x0000;02 Illegal Data Address
4072;0;0;0x0000;02 Illegal Data Address
4073;0;0;0x0000;02 Illegal Data Address
4074;0;0;0x0000;02 Illegal Data Address
4075;0;0;0x0000;02 Illegal Data Address
4076;0;0;0x0000;02 Illegal Data Address
4077;0;0;0x0000;02 Illegal Data Address
4078;0;0;0x0000;02 Illegal Data Address
4079;0;0;0x0000;02 Illegal Data Address
4080;0;0;0x0000;02 Illegal Data Address
4081;0;0;0x0000;02 Illegal Data Address
4082;0;0;0x0000;02 Illegal Data Address
4083;0;0;0x0000;02 Illegal Data Address
4084;0;0;0x0000;02 Illegal Data Address
4085;0;0;0x0000;02 Illegal Data Address
4086;0;0;0x0000;02 Illegal Data Address
4087;0;0;0x0000;02 Illegal Data Address
4088;0;0;0x0000;02 Illegal Data Address
4089;0;0;0x0000;02 Illegal Data Address
4090;0;0;0x0000;02 Illegal Data Address
4091;0;0;0x0000;02 Illegal Data Address
4092;0;0;0x0000;02 Illegal Data Address
4093;0;0;0x0000;02 Illegal Data Address
4094;0;0;0x0000;02 Illegal Data Address
4095;0;0;0x0000;02 Illegal Data Address
4096;0;0;0x0000;02 Illegal Data Address
4097;0;0;0x0000;02 Illegal Data Address
4098;0;0;0x0000;02 Illegal Data Address
4099;0;0;0x0000;02 Illegal Data Address
4100;0;0;0x0000;02 Illegal Data Address
4101;0;0;0x0000;02 Illegal Data Address
4102;0;0;0x0000;02 Illegal Data Address
4103;0;0;0x0000;02 Illegal Data Address
4104;0;0;0x0000;02 Illegal Data Address
4105;0;0;0x0000;02 Illegal Data Address
4106;0;0;0x0000;02 Illegal Data Address
4107;0;0;0x0000;02 Illegal Data Address
4108;0;0;0x0000;02 Illegal Data Address
4109;0;0;0x0000;02 Illegal Data Address
4110;0;0;0x0000;02 Illegal Data Address
4111;0;0;0x0000;02 Illegal Data Address
4112;0;0;0x0000;02 Illegal Data Address
4113;0;0;0x0000;02 Illegal Data Address
4114;0;0;0x0000;02 Illegal Data Address
4115;0;0;0x0000;02 Illegal Data Address
4116;0;0;0x0000;02 Illegal Data Address
4117;0;0;0x0000;02 Illegal Data Address
4118;0;0;0x0000;02 Illegal Data Address
4119;0;0;0x0000;02 Illegal Data Address
4120;0;0;0x0000;02 Illegal Data Address
4121;0;0;0x0000;02 Illegal Data Address
4122;0;0;0x0000;02 Illegal Data Address
4123;0;0;0x0000;02 Illegal Data Address
4124;0;0;0x0000;02 Illegal Data Address
4125;0;0;0x0000;02 Illegal Data Address
4126;0;0;0x0000;02 Illegal Data Address
4127;0;0;0x0000;02 Illegal Data Address
4128;0;0;0x0000;02 Illegal Data Address
4129;0;0;0x0000;02 Illegal Data Address
4130;0;0;0x0000;02 Illegal Data Address
4131;0;0;0x0000;02 Illegal Data Address
4132;0;0;0x0000;02 Illegal Data Address
4133;0;0;0x0000;02 Illegal Data Address
4134;0;0;0x0000;02 Illegal Data Address
4135;0;0;0x0000;02 Illegal Data Address
4136;0;0;0x0000;02 Illegal Data Address
4137;0;0;0x0000;02 Illegal Data Address
4138;0;0;0x0000;02 Illegal Data Address
4139;0;0;0x0000;02 Illegal Data Address
4140;0;0;0x0000;02 Illegal Data Address
4141;0;0;0x0000;02 Illegal Data Address
4142;0;0;0x0000;02 Illegal Data Address
4143;0;0;0x0000;02 Illegal Data Address
4144;0;0;0x0000;02 Illegal Data Address
4145;0;0;0x0000;02 Illegal Data Address
4146;0;0;0x0000;02 Illegal Data Address
4147;0;0;0x0000;02 Illegal Data Address
4148;0;0;0x0000;02 Illegal Data Address
4149;0;0;0x0000;02 Illegal Data Address
4150;0;0;0x0000;02 Illegal Data Address
4151;0;0;0x0000;02 Illegal Data Address
4152;0;0;0x0000;02 Illegal Data Address
4153;0;0;0x0000;02 Illegal Data Address
4154;0;0;0x0000;02 Illegal Data Address
4155;0;0;0x0000;02 Illegal Data Address
4156;0;0;0x0000;02 Illegal Data Address
4157;0;0;0x0000;02 Illegal Data Address
4158;0;0;0x0000;02 Illegal Data Address
4159;0;0;0x0000;02 Illegal Data Address
4160;0;0;0x0000;02 Illegal Data Address
4161;0;0;0x0000;02 Illegal Data Address
4162;0;0;0x0000;02 Illegal Data Address
4163;0;0;0x0000;02 Illegal Data Address
4164;0;0;0x0000;02 Illegal Data Address
4165;0;0;0x0000;02 Illegal Data Address
4166;0;0;0x0000;02 Illegal Data Address
4167;0;0;0x0000;02 Illegal Data Address
4168;0;0;0x0000;02 Illegal Data Address
4169;0;0;0x0000;02 Illegal Data Address
4170;0;0;0x0000;02 Illegal Data Address
4171;0;0;0x0000;02 Illegal Data Address
4172;0;0;0x0000;02 Illegal Data Address
4173;0;0;0x0000;02 Illegal Data Address
4174;0;0;0x0000;02 Illegal Data Address
4175;0;0;0x0000;02 Illegal Data Address
4176;0;0;0x0000;02 Illegal Data Address
4177;0;0;0x0000;02 Illegal Data Address
4178;0;0;0x0000;02 Illegal Data Address
4179;0;0;0x0000;02 Illegal Data Address
4180;0;0;0x0000;02 Illegal Data Address
4181;0;0;0x0000;02 Illegal Data Address
4182;0;0;0x0000;02 Illegal Data Address
4183;0;0;0x0000;02 Illegal Data Address
4184;0;0;0x0000;02 Illegal Data Address
4185;0;0;0x0000;02 Illegal Data Address
4186;0;0;0x0000;02 Illegal Data Address
4187;0;0;0x0000;02 Illegal Data Address
4188;0;0;0x0000;02 Illegal Data Address
4189;0;0;0x0000;02 Illegal Data Address
4190;0;0;0x0000;02 Illegal Data Address
4191;0;0;0x0000;02 Illegal Data Address
4192;0;0;0x0000;02 Illegal Data Address
4193;0;0;0x0000;02 Illegal Data Address
4194;0;0;0x0000;02 Illegal Data Address
4195;0;0;0x0000;02 Illegal Data Address
4196;0;0;0x0000;02 Illegal Data Address
4197;0;0;0x0000;02 Illegal Data Address
4198;0;0;0x0000;02 Illegal Data Address
4199;0;0;0x0000;02 Illegal Data Address
4200;0;0;0x0000;02 Illegal Data Address
4201;0;0;0x0000;02 Illegal Data Address
4202;0;0;0x0000;02 Illegal Data Address
4203;0;0;0x0000;02 Illegal Data Address
4204;0;0;0x0000;02 Illegal Data Address
4205;0;0;0x0000;02 Illegal Data Address
4206;0;0;0x0000;02 Illegal Data Address
4207;0;0;0x0000;02 Illegal Data Address
4208;0;0;0x0000;02 Illegal Data Address
4209;0;0;0x0000;02 Illegal Data Address
4210;0;0;0x0000;02 Illegal Data Address
4211;0;0;0x0000;02 Illegal Data Address
4212;0;0;0x0000;02 Illegal Data Address
4213;0;0;0x0000;02 Illegal Data Address
4214;0;0;0x0000;02 Illegal Data Address
4215;0;0;0x0000;02 Illegal Data Address
4216;0;0;0x0000;02 Illegal Data Address
4217;0;0;0x0000;02 Illegal Data Address
4218;0;0;0x0000;02 Illegal Data Address
4219;0;0;0x0000;02 Illegal Data Address
4220;0;0;0x0000;02 Illegal Data Address
4221;0;0;0x0000;02 Illegal Data Address
4222;0;0;0x0000;02 Illegal Data Address
4223;0;0;0x0000;02 Illegal Data Address
4224;0;0;0x0000;02 Illegal Data Address
4225;0;0;0x0000;02 Illegal Data Address
4226;0;0;0x0000;02 Illegal Data Address
4227;0;0;0x0000;02 Illegal Data Address
4228;0;0;0x0000;02 Illegal Data Address
4229;0;0;0x0000;02 Illegal Data Address
4230;0;0;0x0000;02 Illegal Data Address
4231;0;0;0x0000;02 Illegal Data Address
4232;0;0;0x0000;02 Illegal Data Address
4233;0;0;0x0000;02 Illegal Data Address
4234;0;0;0x0000;02 Illegal Data Address
4235;0;0;0x0000;02 Illegal Data Address
4236;0;0;0x0000;02 Illegal Data Address
4237;0;0;0x0000;02 Illegal Data Address
4238;0;0;0x0000;02 Illegal Data Address
4239;0;0;0x0000;02 Illegal Data Address
4240;0;0;0x0000;02 Illegal Data Address
4241;0;0;0x0000;02 Illegal Data Address
4242;0;0;0x0000;02 Illegal Data Address
4243;0;0;0x0000;02 Illegal Data Address
4244;0;0;0x0000;02 Illegal Data Address
4245;0;0;0x0000;02 Illegal Data Address
4246;0;0;0x0000;02 Illegal Data Address
4247;0;0;0x0000;02 Illegal Data Address
4248;0;0;0x0000;02 Illegal Data Address
4249;0;0;0x0000;02 Illegal Data Address
4250;0;0;0x0000;02 Illegal Data Address
4251;0;0;0x0000;02 Illegal Data Address
4252;0;0;0x0000;02 Illegal Data Address
4253;0;0;0x0000;02 Illegal Data Address
4254;0;0;0x0000;02 Illegal Data Address
4255;0;0;0x0000;02 Illegal Data Address
4256;0;0;0x0000;02 Illegal Data Address
4257;0;0;0x0000;02 Illegal Data Address
4258;0;0;0x0000;02 Illegal Data Address
4259;0;0;0x0000;02 Illegal Data Address
4260;0;0;0x0000;02 Illegal Data Address
4261;0;0;0x0000;02 Illegal Data Address
4262;0;0;0x0000;02 Illegal Data Address
4263;0;0;0x0000;02 Illegal Data Address
4264;0;0;0x0000;02 Illegal Data Address
4265;0;0;0x0000;02 Illegal Data Address
4266;0;0;0x0000;02 Illegal Data Address
4267;0;0;0x0000;02 Illegal Data Address
4268;0;0;0x0000;02 Illegal Data Address
4269;0;0;0x0000;02 Illegal Data Address
4270;0;0;0x0000;02 Illegal Data Address
4271;0;0;0x0000;02 Illegal Data Address
4272;0;0;0x0000;02 Illegal Data Address
4273;0;0;0x0000;02 Illegal Data Address
4274;0;0;0x0000;02 Illegal Data Address
4275;0;0;0x0000;02 Illegal Data Address
4276;0;0;0x0000;02 Illegal Data Address
4277;0;0;0x0000;02 Illegal Data Address
4278;0;0;0x0000;02 Illegal Data Address
4279;0;0;0x0000;02 Illegal Data Address
4280;0;0;0x0000;02 Illegal Data Address
4281;0;0;0x0000;02 Illegal Data Address
4282;0;0;0x0000;02 Illegal Data Address
4283;0;0;0x0000;02 Illegal Data Address
4284;0;0;0x0000;02 Illegal Data Address
4285;0;0;0x0000;02 Illegal Data Address
4286;0;0;0x0000;02 Illegal Data Address
4287;0;0;0x0000;02 Illegal Data Address
4288;0;0;0x0000;02 Illegal Data Address
4289;0;0;0x0000;02 Illegal Data Address
4290;0;0;0x0000;02 Illegal Data Address
4291;0;0;0x0000;02 Illegal Data Address
4292;0;0;0x0000;02 Illegal Data Address
4293;0;0;0x0000;02 Illegal Data Address
4294;0;0;0x0000;02 Illegal Data Address
4295;0;0;0x0000;02 Illegal Data Address
4296;0;0;0x0000;02 Illegal Data Address
4297;0;0;0x0000;02 Illegal Data Address
4298;0;0;0x0000;02 Illegal Data Address
4299;0;0;0x0000;02 Illegal Data Address
4300;0;0;0x0000;02 Illegal Data Address
4301;0;0;0x0000;02 Illegal Data Address
4302;0;0;0x0000;02 Illegal Data Address
4303;0;0;0x0000;02 Illegal Data Address
4304;0;0;0x0000;02 Illegal Data Address
4305;0;0;0x0000;02 Illegal Data Address
4306;0;0;0x0000;02 Illegal Data Address
4307;0;0;0x0000;02 Illegal Data Address
4308;0;0;0x0000;02 Illegal Data Address
4309;0;0;0x0000;02 Illegal Data Address
4310;0;0;0x0000;02 Illegal Data Address
4311;0;0;0x0000;02 Illegal Data Address
4312;0;0;0x0000;02 Illegal Data Address
4313;0;0;0x0000;02 Illegal Data Address
4314;0;0;0x0000;02 Illegal Data Address
4315;0;0;0x0000;02 Illegal Data Address
4316;0;0;0x0000;02 Illegal Data Address
4317;0;0;0x0000;02 Illegal Data Address
4318;0;0;0x0000;02 Illegal Data Address
4319;0;0;0x0000;02 Illegal Data Address
4320;0;0;0x0000;02 Illegal Data Address
4321;0;0;0x0000;02 Illegal Data Address
4322;0;0;0x0000;02 Illegal Data Address
4323;0;0;0x0000;02 Illegal Data Address
4324;0;0;0x0000;02 Illegal Data Address
4325;0;0;0x0000;02 Illegal Data Address
4326;0;0;0x0000;02 Illegal Data Address
4327;0;0;0x0000;02 Illegal Data Address
4328;0;0;0x0000;02 Illegal Data Address
4329;0;0;0x0000;02 Illegal Data Address
4330;0;0;0x0000;02 Illegal Data Address
4331;0;0;0x0000;02 Illegal Data Address
4332;0;0;0x0000;02 Illegal Data Address
4333;0;0;0x0000;02 Illegal Data Address
4334;0;0;0x0000;02 Illegal Data Address
4335;0;0;0x0000;02 Illegal Data Address
4336;0;0;0x0000;02 Illegal Data Address
4337;0;0;0x0000;02 Illegal Data Address
4338;0;0;0x0000;02 Illegal Data Address
4339;0;0;0x0000;02 Illegal Data Address
4340;0;0;0x0000;02 Illegal Data Address
4341;0;0;0x0000;02 Illegal Data Address
4342;0;0;0x0000;02 Illegal Data Address
4343;0;0;0x0000;02 Illegal Data Address
4344;0;0;0x0000;02 Illegal Data Address
4345;0;0;0x0000;02 Illegal Data Address
4346;0;0;0x0000;02 Illegal Data Address
4347;0;0;0x0000;02 Illegal Data Address
4348;0;0;0x0000;02 Illegal Data Address
4349;0;0;0x0000;02 Illegal Data Address
4350;0;0;0x0000;02 Illegal Data Address
4351;0;0;0x0000;02 Illegal Data Address
4352;0;0;0x0000;02 Illegal Data Address
4353;0;0;0x0000;02 Illegal Data Address
4354;0;0;0x0000;02 Illegal Data Address
4355;0;0;0x0000;02 Illegal Data Address
4356;0;0;0x0000;02 Illegal Data Address
4357;0;0;0x0000;02 Illegal Data Address
4358;0;0;0x0000;02 Illegal Data Address
4359;0;0;0x0000;02 Illegal Data Address
4360;0;0;0x0000;02 Illegal Data Address
4361;0;0;0x0000;02 Illegal Data Address
4362;0;0;0x0000;02 Illegal Data Address
4363;0;0;0x0000;02 Illegal Data Address
4364;0;0;0x0000;02 Illegal Data Address
4365;0;0;0x0000;02 Illegal Data Address
4366;0;0;0x0000;02 Illegal Data Address
4367;0;0;0x0000;02 Illegal Data Address
4368;0;0;0x0000;02 Illegal Data Address
4369;0;0;0x0000;02 Illegal Data Address
4370;0;0;0x0000;02 Illegal Data Address
4371;0;0;0x0000;02 Illegal Data Address
4372;0;0;0x0000;02 Illegal Data Address
4373;0;0;0x0000;02 Illegal Data Address
4374;0;0;0x0000;02 Illegal Data Address
4375;0;0;0x0000;02 Illegal Data Address
4376;0;0;0x0000;02 Illegal Data Address
4377;0;0;0x0000;02 Illegal Data Address
4378;0;0;0x0000;02 Illegal Data Address
4379;0;0;0x0000;02 Illegal Data Address
4380;0;0;0x0000;02 Illegal Data Address
4381;0;0;0x0000;02 Illegal Data Address
4382;0;0;0x0000;02 Illegal Data Address
4383;0;0;0x0000;02 Illegal Data Address
4384;0;0;0x0000;02 Illegal Data Address
4385;0;0;0x0000;02 Illegal Data Address
4386;0;0;0x0000;02 Illegal Data Address
4387;0;0;0x0000;02 Illegal Data Address
4388;0;0;0x0000;02 Illegal Data Address
4389;0;0;0x0000;02 Illegal Data Address
4390;0;0;0x0000;02 Illegal Data Address
4391;0;0;0x0000;02 Illegal Data Address
4392;0;0;0x0000;02 Illegal Data Address
4393;0;0;0x0000;02 Illegal Data Address
4394;0;0;0x0000;02 Illegal Data Address
4395;0;0;0x0000;02 Illegal Data Address
4396;0;0;0x0000;02 Illegal Data Address
4397;0;0;0x0000;02 Illegal Data Address
4398;0;0;0x0000;02 Illegal Data Address
4399;0;0;0x0000;02 Illegal Data Address
4400;0;0;0x0000;02 Illegal Data Address
4401;0;0;0x0000;02 Illegal Data Address
4402;0;0;0x0000;02 Illegal Data Address
4403;0;0;0x0000;02 Illegal Data Address
4404;0;0;0x0000;02 Illegal Data Address
4405;0;0;0x0000;02 Illegal Data Address
4406;0;0;0x0000;02 Illegal Data Address
4407;0;0;0x0000;02 Illegal Data Address
4408;0;0;0x0000;02 Illegal Data Address
4409;0;0;0x0000;02 Illegal Data Address
4410;0;0;0x0000;02 Illegal Data Address
4411;0;0;0x0000;02 Illegal Data Address
4412;0;0;0x0000;02 Illegal Data Address
4413;0;0;0x0000;02 Illegal Data Address
4414;0;0;0x0000;02 Illegal Data Address
4415;0;0;0x0000;02 Illegal Data Address
4416;0;0;0x0000;02 Illegal Data Address
4417;0;0;0x0000;02 Illegal Data Address
4418;0;0;0x0000;02 Illegal Data Address
4419;0;0;0x0000;02 Illegal Data Address
4420;0;0;0x0000;02 Illegal Data Address
4421;0;0;0x0000;02 Illegal Data Address
4422;0;0;0x0000;02 Illegal Data Address
4423;0;0;0x0000;02 Illegal Data Address
4424;0;0;0x0000;02 Illegal Data Address
4425;0;0;0x0000;02 Illegal Data Address
4426;0;0;0x0000;02 Illegal Data Address
4427;0;0;0x0000;02 Illegal Data Address
4428;0;0;0x0000;02 Illegal Data Address
4429;0;0;0x0000;02 Illegal Data Address
4430;0;0;0x0000;02 Illegal Data Address
4431;0;0;0x0000;02 Illegal Data Address
4432;0;0;0x0000;02 Illegal Data Address
4433;0;0;0x0000;02 Illegal Data Address
4434;0;0;0x0000;02 Illegal Data Address
4435;0;0;0x0000;02 Illegal Data Address
4436;0;0;0x0000;02 Illegal Data Address
4437;0;0;0x0000;02 Illegal Data Address
4438;0;0;0x0000;02 Illegal Data Address
4439;0;0;0x0000;02 Illegal Data Address
4440;0;0;0x0000;02 Illegal Data Address
4441;0;0;0x0000;02 Illegal Data Address
4442;0;0;0x0000;02 Illegal Data Address
4443;0;0;0x0000;02 Illegal Data Address
4444;0;0;0x0000;02 Illegal Data Address
4445;0;0;0x0000;02 Illegal Data Address
4446;0;0;0x0000;02 Illegal Data Address
4447;0;0;0x0000;02 Illegal Data Address
4448;0;0;0x0000;02 Illegal Data Address
4449;0;0;0x0000;02 Illegal Data Address
4450;0;0;0x0000;02 Illegal Data Address
4451;0;0;0x0000;02 Illegal Data Address
4452;0;0;0x0000;02 Illegal Data Address
4453;0;0;0x0000;02 Illegal Data Address
4454;0;0;0x0000;02 Illegal Data Address
4455;0;0;0x0000;02 Illegal Data Address
4456;0;0;0x0000;02 Illegal Data Address
4457;0;0;0x0000;02 Illegal Data Address
4458;0;0;0x0000;02 Illegal Data Address
4459;0;0;0x0000;02 Illegal Data Address
4460;0;0;0x0000;02 Illegal Data Address
4461;0;0;0x0000;02 Illegal Data Address
4462;0;0;0x0000;02 Illegal Data Address
4463;0;0;0x0000;02 Illegal Data Address
4464;0;0;0x0000;02 Illegal Data Address
4465;0;0;0x0000;02 Illegal Data Address
4466;0;0;0x0000;02 Illegal Data Address
4467;0;0;0x0000;02 Illegal Data Address
4468;0;0;0x0000;02 Illegal Data Address
4469;0;0;0x0000;02 Illegal Data Address
4470;0;0;0x0000;02 Illegal Data Address
4471;0;0;0x0000;02 Illegal Data Address
4472;0;0;0x0000;02 Illegal Data Address
4473;0;0;0x0000;02 Illegal Data Address
4474;0;0;0x0000;02 Illegal Data Address
4475;0;0;0x0000;02 Illegal Data Address
4476;0;0;0x0000;02 Illegal Data Address
4477;0;0;0x0000;02 Illegal Data Address
4478;0;0;0x0000;02 Illegal Data Address
4479;0;0;0x0000;02 Illegal Data Address
4480;0;0;0x0000;02 Illegal Data Address
4481;0;0;0x0000;02 Illegal Data Address
4482;0;0;0x0000;02 Illegal Data Address
4483;0;0;0x0000;02 Illegal Data Address
4484;0;0;0x0000;02 Illegal Data Address
4485;0;0;0x0000;02 Illegal Data Address
4486;0;0;0x0000;02 Illegal Data Address
4487;0;0;0x0000;02 Illegal Data Address
4488;0;0;0x0000;02 Illegal Data Address
4489;0;0;0x0000;02 Illegal Data Address
4490;0;0;0x0000;02 Illegal Data Address
4491;0;0;0x0000;02 Illegal Data Address
4492;0;0;0x0000;02 Illegal Data Address
4493;0;0;0x0000;02 Illegal Data Address
4494;0;0;0x0000;02 Illegal Data Address
4495;0;0;0x0000;02 Illegal Data Address
4496;0;0;0x0000;02 Illegal Data Address
4497;0;0;0x0000;02 Illegal Data Address
4498;0;0;0x0000;02 Illegal Data Address
4499;0;0;0x0000;02 Illegal Data Address
4500;0;0;0x0000;02 Illegal Data Address
4501;0;0;0x0000;02 Illegal Data Address
4502;0;0;0x0000;02 Illegal Data Address
4503;0;0;0x0000;02 Illegal Data Address
4504;0;0;0x0000;02 Illegal Data Address
4505;0;0;0x0000;02 Illegal Data Address
4506;0;0;0x0000;02 Illegal Data Address
4507;0;0;0x0000;02 Illegal Data Address
4508;0;0;0x0000;02 Illegal Data Address
4509;0;0;0x0000;02 Illegal Data Address
4510;0;0;0x0000;02 Illegal Data Address
4511;0;0;0x0000;02 Illegal Data Address
4512;0;0;0x0000;02 Illegal Data Address
4513;0;0;0x0000;02 Illegal Data Address
4514;0;0;0x0000;02 Illegal Data Address
4515;0;0;0x0000;02 Illegal Data Address
4516;0;0;0x0000;02 Illegal Data Address
4517;0;0;0x0000;02 Illegal Data Address
4518;0;0;0x0000;02 Illegal Data Address
4519;0;0;0x0000;02 Illegal Data Address
4520;0;0;0x0000;02 Illegal Data Address
4521;0;0;0x0000;02 Illegal Data Address
4522;0;0;0x0000;02 Illegal Data Address
4523;0;0;0x0000;02 Illegal Data Address
4524;0;0;0x0000;02 Illegal Data Address
4525;0;0;0x0000;02 Illegal Data Address
4526;0;0;0x0000;02 Illegal Data Address
4527;0;0;0x0000;02 Illegal Data Address
4528;0;0;0x0000;02 Illegal Data Address
4529;0;0;0x0000;02 Illegal Data Address
4530;0;0;0x0000;02 Illegal Data Address
4531;0;0;0x0000;02 Illegal Data Address
4532;0;0;0x0000;02 Illegal Data Address
4533;0;0;0x0000;02 Illegal Data Address
4534;0;0;0x0000;02 Illegal Data Address
4535;0;0;0x0000;02 Illegal Data Address
4536;0;0;0x0000;02 Illegal Data Address
4537;0;0;0x0000;02 Illegal Data Address
4538;0;0;0x0000;02 Illegal Data Address
4539;0;0;0x0000;02 Illegal Data Address
4540;0;0;0x0000;02 Illegal Data Address
4541;0;0;0x0000;02 Illegal Data Address
4542;0;0;0x0000;02 Illegal Data Address
4543;0;0;0x0000;02 Illegal Data Address
4544;0;0;0x0000;02 Illegal Data Address
4545;0;0;0x0000;02 Illegal Data Address
4546;0;0;0x0000;02 Illegal Data Address
4547;0;0;0x0000;02 Illegal Data Address
4548;0;0;0x0000;02 Illegal Data Address
4549;0;0;0x0000;02 Illegal Data Address
4550;0;0;0x0000;02 Illegal Data Address
4551;0;0;0x0000;02 Illegal Data Address
4552;0;0;0x0000;02 Illegal Data Address
4553;0;0;0x0000;02 Illegal Data Address
4554;0;0;0x0000;02 Illegal Data Address
4555;0;0;0x0000;02 Illegal Data Address
4556;0;0;0x0000;02 Illegal Data Address
4557;0;0;0x0000;02 Illegal Data Address
4558;0;0;0x0000;02 Illegal Data Address
4559;0;0;0x0000;02 Illegal Data Address
4560;0;0;0x0000;02 Illegal Data Address
4561;0;0;0x0000;02 Illegal Data Address
4562;0;0;0x0000;02 Illegal Data Address
4563;0;0;0x0000;02 Illegal Data Address
4564;0;0;0x0000;02 Illegal Data Address
4565;0;0;0x0000;02 Illegal Data Address
4566;0;0;0x0000;02 Illegal Data Address
4567;0;0;0x0000;02 Illegal Data Address
4568;0;0;0x0000;02 Illegal Data Address
4569;0;0;0x0000;02 Illegal Data Address
4570;0;0;0x0000;02 Illegal Data Address
4571;0;0;0x0000;02 Illegal Data Address
4572;0;0;0x0000;02 Illegal Data Address
4573;0;0;0x0000;02 Illegal Data Address
4574;0;0;0x0000;02 Illegal Data Address
4575;0;0;0x0000;02 Illegal Data Address
4576;0;0;0x0000;02 Illegal Data Address
4577;0;0;0x0000;02 Illegal Data Address
4578;0;0;0x0000;02 Illegal Data Address
4579;0;0;0x0000;02 Illegal Data Address
4580;0;0;0x0000;02 Illegal Data Address
4581;0;0;0x0000;02 Illegal Data Address
4582;0;0;0x0000;02 Illegal Data Address
4583;0;0;0x0000;02 Illegal Data Address
4584;0;0;0x0000;02 Illegal Data Address
4585;0;0;0x0000;02 Illegal Data Address
4586;0;0;0x0000;02 Illegal Data Address
4587;0;0;0x0000;02 Illegal Data Address
4588;0;0;0x0000;02 Illegal Data Address
4589;0;0;0x0000;02 Illegal Data Address
4590;0;0;0x0000;02 Illegal Data Address
4591;0;0;0x0000;02 Illegal Data Address
4592;0;0;0x0000;02 Illegal Data Address
4593;0;0;0x0000;02 Illegal Data Address
4594;0;0;0x0000;02 Illegal Data Address
4595;0;0;0x0000;02 Illegal Data Address
4596;0;0;0x0000;02 Illegal Data Address
4597;0;0;0x0000;02 Illegal Data Address
4598;0;0;0x0000;02 Illegal Data Address
4599;0;0;0x0000;02 Illegal Data Address
4600;0;0;0x0000;02 Illegal Data Address
4601;0;0;0x0000;02 Illegal Data Address
4602;0;0;0x0000;02 Illegal Data Address
4603;0;0;0x0000;02 Illegal Data Address
4604;0;0;0x0000;02 Illegal Data Address
4605;0;0;0x0000;02 Illegal Data Address
4606;0;0;0x0000;02 Illegal Data Address
4607;0;0;0x0000;02 Illegal Data Address
4608;0;0;0x0000;02 Illegal Data Address
4609;0;0;0x0000;02 Illegal Data Address
4610;0;0;0x0000;02 Illegal Data Address
4611;0;0;0x0000;02 Illegal Data Address
4612;0;0;0x0000;02 Illegal Data Address
4613;0;0;0x0000;02 Illegal Data Address
4614;0;0;0x0000;02 Illegal Data Address
4615;0;0;0x0000;02 Illegal Data Address
4616;0;0;0x0000;02 Illegal Data Address
4617;0;0;0x0000;02 Illegal Data Address
4618;0;0;0x0000;02 Illegal Data Address
4619;0;0;0x0000;02 Illegal Data Address
4620;0;0;0x0000;02 Illegal Data Address
4621;0;0;0x0000;02 Illegal Data Address
4622;0;0;0x0000;02 Illegal Data Address
4623;0;0;0x0000;02 Illegal Data Address
4624;0;0;0x0000;02 Illegal Data Address
4625;0;0;0x0000;02 Illegal Data Address
4626;0;0;0x0000;02 Illegal Data Address
4627;0;0;0x0000;02 Illegal Data Address
4628;0;0;0x0000;02 Illegal Data Address
4629;0;0;0x0000;02 Illegal Data Address
4630;0;0;0x0000;02 Illegal Data Address
4631;0;0;0x0000;02 Illegal Data Address
4632;0;0;0x0000;02 Illegal Data Address
4633;0;0;0x0000;02 Illegal Data Address
4634;0;0;0x0000;02 Illegal Data Address
4635;0;0;0x0000;02 Illegal Data Address
4636;0;0;0x0000;02 Illegal Data Address
4637;0;0;0x0000;02 Illegal Data Address
4638;0;0;0x0000;02 Illegal Data Address
4639;0;0;0x0000;02 Illegal Data Address
4640;0;0;0x0000;02 Illegal Data Address
4641;0;0;0x0000;02 Illegal Data Address
4642;0;0;0x0000;02 Illegal Data Address
4643;0;0;0x0000;02 Illegal Data Address
4644;0;0;0x0000;02 Illegal Data Address
4645;0;0;0x0000;02 Illegal Data Address
4646;0;0;0x0000;02 Illegal Data Address
4647;0;0;0x0000;02 Illegal Data Address
4648;0;0;0x0000;02 Illegal Data Address
4649;0;0;0x0000;02 Illegal Data Address
4650;0;0;0x0000;02 Illegal Data Address
4651;0;0;0x0000;02 Illegal Data Address
4652;0;0;0x0000;02 Illegal Data Address
4653;0;0;0x0000;02 Illegal Data Address
4654;0;0;0x0000;02 Illegal Data Address
4655;0;0;0x0000;02 Illegal Data Address
4656;0;0;0x0000;02 Illegal Data Address
4657;0;0;0x0000;02 Illegal Data Address
4658;0;0;0x0000;02 Illegal Data Address
4659;0;0;0x0000;02 Illegal Data Address
4660;0;0;0x0000;02 Illegal Data Address
4661;0;0;0x0000;02 Illegal Data Address
4662;0;0;0x0000;02 Illegal Data Address
4663;0;0;0x0000;02 Illegal Data Address
4664;0;0;0x0000;02 Illegal Data Address
4665;0;0;0x0000;02 Illegal Data Address
4666;0;0;0x0000;02 Illegal Data Address
4667;0;0;0x0000;02 Illegal Data Address
4668;0;0;0x0000;02 Illegal Data Address
4669;0;0;0x0000;02 Illegal Data Address
4670;0;0;0x0000;02 Illegal Data Address
4671;0;0;0x0000;02 Illegal Data Address
4672;0;0;0x0000;02 Illegal Data Address
4673;0;0;0x0000;02 Illegal Data Address
4674;0;0;0x0000;02 Illegal Data Address
4675;0;0;0x0000;02 Illegal Data Address
4676;0;0;0x0000;02 Illegal Data Address
4677;0;0;0x0000;02 Illegal Data Address
4678;0;0;0x0000;02 Illegal Data Address
4679;0;0;0x0000;02 Illegal Data Address
4680;0;0;0x0000;02 Illegal Data Address
4681;0;0;0x0000;02 Illegal Data Address
4682;0;0;0x0000;02 Illegal Data Address
4683;0;0;0x0000;02 Illegal Data Address
4684;0;0;0x0000;02 Illegal Data Address
4685;0;0;0x0000;02 Illegal Data Address
4686;0;0;0x0000;02 Illegal Data Address
4687;0;0;0x0000;02 Illegal Data Address
4688;0;0;0x0000;02 Illegal Data Address
4689;0;0;0x0000;02 Illegal Data Address
4690;0;0;0x0000;02 Illegal Data Address
4691;0;0;0x0000;02 Illegal Data Address
4692;0;0;0x0000;02 Illegal Data Address
4693;0;0;0x0000;02 Illegal Data Address
4694;0;0;0x0000;02 Illegal Data Address
4695;0;0;0x0000;02 Illegal Data Address
4696;0;0;0x0000;02 Illegal Data Address
4697;0;0;0x0000;02 Illegal Data Address
4698;0;0;0x0000;02 Illegal Data Address
4699;0;0;0x0000;02 Illegal Data Address
4700;0;0;0x0000;02 Illegal Data Address
4701;0;0;0x0000;02 Illegal Data Address
4702;0;0;0x0000;02 Illegal Data Address
4703;0;0;0x0000;02 Illegal Data Address
4704;0;0;0x0000;02 Illegal Data Address
4705;0;0;0x0000;02 Illegal Data Address
4706;0;0;0x0000;02 Illegal Data Address
4707;0;0;0x0000;02 Illegal Data Address
4708;0;0;0x0000;02 Illegal Data Address
4709;0;0;0x0000;02 Illegal Data Address
4710;0;0;0x0000;02 Illegal Data Address
4711;0;0;0x0000;02 Illegal Data Address
4712;0;0;0x0000;02 Illegal Data Address
4713;0;0;0x0000;02 Illegal Data Address
4714;0;0;0x0000;02 Illegal Data Address
4715;0;0;0x0000;02 Illegal Data Address
4716;0;0;0x0000;02 Illegal Data Address
4717;0;0;0x0000;02 Illegal Data Address
4718;0;0;0x0000;02 Illegal Data Address
4719;0;0;0x0000;02 Illegal Data Address
4720;0;0;0x0000;02 Illegal Data Address
4721;0;0;0x0000;02 Illegal Data Address
4722;0;0;0x0000;02 Illegal Data Address
4723;0;0;0x0000;02 Illegal Data Address
4724;0;0;0x0000;02 Illegal Data Address
4725;0;0;0x0000;02 Illegal Data Address
4726;0;0;0x0000;02 Illegal Data Address
4727;0;0;0x0000;02 Illegal Data Address
4728;0;0;0x0000;02 Illegal Data Address
4729;0;0;0x0000;02 Illegal Data Address
4730;0;0;0x0000;02 Illegal Data Address
4731;0;0;0x0000;02 Illegal Data Address
4732;0;0;0x0000;02 Illegal Data Address
4733;0;0;0x0000;02 Illegal Data Address
4734;0;0;0x0000;02 Illegal Data Address
4735;0;0;0x0000;02 Illegal Data Address
4736;0;0;0x0000;02 Illegal Data Address
4737;0;0;0x0000;02 Illegal Data Address
4738;0;0;0x0000;02 Illegal Data Address
4739;0;0;0x0000;02 Illegal Data Address
4740;0;0;0x0000;02 Illegal Data Address
4741;0;0;0x0000;02 Illegal Data Address
4742;0;0;0x0000;02 Illegal Data Address
4743;0;0;0x0000;02 Illegal Data Address
4744;0;0;0x0000;02 Illegal Data Address
4745;0;0;0x0000;02 Illegal Data Address
4746;0;0;0x0000;02 Illegal Data Address
4747;0;0;0x0000;02 Illegal Data Address
4748;0;0;0x0000;02 Illegal Data Address
4749;0;0;0x0000;02 Illegal Data Address
4750;0;0;0x0000;02 Illegal Data Address
4751;0;0;0x0000;02 Illegal Data Address
4752;0;0;0x0000;02 Illegal Data Address
4753;0;0;0x0000;02 Illegal Data Address
4754;0;0;0x0000;02 Illegal Data Address
4755;0;0;0x0000;02 Illegal Data Address
4756;0;0;0x0000;02 Illegal Data Address
4757;0;0;0x0000;02 Illegal Data Address
4758;0;0;0x0000;02 Illegal Data Address
4759;0;0;0x0000;02 Illegal Data Address
4760;0;0;0x0000;02 Illegal Data Address
4761;0;0;0x0000;02 Illegal Data Address
4762;0;0;0x0000;02 Illegal Data Address
4763;0;0;0x0000;02 Illegal Data Address
4764;0;0;0x0000;02 Illegal Data Address
4765;0;0;0x0000;02 Illegal Data Address
4766;0;0;0x0000;02 Illegal Data Address
4767;0;0;0x0000;02 Illegal Data Address
4768;0;0;0x0000;02 Illegal Data Address
4769;0;0;0x0000;02 Illegal Data Address
4770;0;0;0x0000;02 Illegal Data Address
4771;0;0;0x0000;02 Illegal Data Address
4772;0;0;0x0000;02 Illegal Data Address
4773;0;0;0x0000;02 Illegal Data Address
4774;0;0;0x0000;02 Illegal Data Address
4775;0;0;0x0000;02 Illegal Data Address
4776;0;0;0x0000;02 Illegal Data Address
4777;0;0;0x0000;02 Illegal Data Address
4778;0;0;0x0000;02 Illegal Data Address
4779;0;0;0x0000;02 Illegal Data Address
4780;0;0;0x0000;02 Illegal Data Address
4781;0;0;0x0000;02 Illegal Data Address
4782;0;0;0x0000;02 Illegal Data Address
4783;0;0;0x0000;02 Illegal Data Address
4784;0;0;0x0000;02 Illegal Data Address
4785;0;0;0x0000;02 Illegal Data Address
4786;0;0;0x0000;02 Illegal Data Address
4787;0;0;0x0000;02 Illegal Data Address
4788;0;0;0x0000;02 Illegal Data Address
4789;0;0;0x0000;02 Illegal Data Address
4790;0;0;0x0000;02 Illegal Data Address
4791;0;0;0x0000;02 Illegal Data Address
4792;0;0;0x0000;02 Illegal Data Address
4793;0;0;0x0000;02 Illegal Data Address
4794;0;0;0x0000;02 Illegal Data Address
4795;0;0;0x0000;02 Illegal Data Address
4796;0;0;0x0000;02 Illegal Data Address
4797;0;0;0x0000;02 Illegal Data Address
4798;0;0;0x0000;02 Illegal Data Address
4799;0;0;0x0000;02 Illegal Data Address
4800;0;0;0x0000;02 Illegal Data Address
4801;0;0;0x0000;02 Illegal Data Address
4802;0;0;0x0000;02 Illegal Data Address
4803;0;0;0x0000;02 Illegal Data Address
4804;0;0;0x0000;02 Illegal Data Address
4805;0;0;0x0000;02 Illegal Data Address
4806;0;0;0x0000;02 Illegal Data Address
4807;0;0;0x0000;02 Illegal Data Address
4808;0;0;0x0000;02 Illegal Data Address
4809;0;0;0x0000;02 Illegal Data Address
4810;0;0;0x0000;02 Illegal Data Address
4811;0;0;0x0000;02 Illegal Data Address
4812;0;0;0x0000;02 Illegal Data Address
4813;0;0;0x0000;02 Illegal Data Address
4814;0;0;0x0000;02 Illegal Data Address
4815;0;0;0x0000;02 Illegal Data Address
4816;0;0;0x0000;02 Illegal Data Address
4817;0;0;0x0000;02 Illegal Data Address
4818;0;0;0x0000;02 Illegal Data Address
4819;0;0;0x0000;02 Illegal Data Address
4820;0;0;0x0000;02 Illegal Data Address
4821;0;0;0x0000;02 Illegal Data Address
4822;0;0;0x0000;02 Illegal Data Address
4823;0;0;0x0000;02 Illegal Data Address
4824;0;0;0x0000;02 Illegal Data Address
4825;0;0;0x0000;02 Illegal Data Address
4826;0;0;0x0000;02 Illegal Data Address
4827;0;0;0x0000;02 Illegal Data Address
4828;0;0;0x0000;02 Illegal Data Address
4829;0;0;0x0000;02 Illegal Data Address
4830;0;0;0x0000;02 Illegal Data Address
4831;0;0;0x0000;02 Illegal Data Address
4832;0;0;0x0000;02 Illegal Data Address
4833;0;0;0x0000;02 Illegal Data Address
4834;0;0;0x0000;02 Illegal Data Address
4835;0;0;0x0000;02 Illegal Data Address
4836;0;0;0x0000;02 Illegal Data Address
4837;0;0;0x0000;02 Illegal Data Address
4838;0;0;0x0000;02 Illegal Data Address
4839;0;0;0x0000;02 Illegal Data Address
4840;0;0;0x0000;02 Illegal Data Address
4841;0;0;0x0000;02 Illegal Data Address
4842;0;0;0x0000;02 Illegal Data Address
4843;0;0;0x0000;02 Illegal Data Address
4844;0;0;0x0000;02 Illegal Data Address
4845;0;0;0x0000;02 Illegal Data Address
4846;0;0;0x0000;02 Illegal Data Address
4847;0;0;0x0000;02 Illegal Data Address
4848;0;0;0x0000;02 Illegal Data Address
4849;0;0;0x0000;02 Illegal Data Address
4850;0;0;0x0000;02 Illegal Data Address
4851;0;0;0x0000;02 Illegal Data Address
4852;0;0;0x0000;02 Illegal Data Address
4853;0;0;0x0000;02 Illegal Data Address
4854;0;0;0x0000;02 Illegal Data Address
4855;0;0;0x0000;02 Illegal Data Address
4856;0;0;0x0000;02 Illegal Data Address
4857;0;0;0x0000;02 Illegal Data Address
4858;0;0;0x0000;02 Illegal Data Address
4859;0;0;0x0000;02 Illegal Data Address
4860;0;0;0x0000;02 Illegal Data Address
4861;0;0;0x0000;02 Illegal Data Address
4862;0;0;0x0000;02 Illegal Data Address
4863;0;0;0x0000;02 Illegal Data Address
4864;0;0;0x0000;02 Illegal Data Address
4865;0;0;0x0000;02 Illegal Data Address
4866;0;0;0x0000;02 Illegal Data Address
4867;0;0;0x0000;02 Illegal Data Address
4868;0;0;0x0000;02 Illegal Data Address
4869;0;0;0x0000;02 Illegal Data Address
4870;0;0;0x0000;02 Illegal Data Address
4871;0;0;0x0000;02 Illegal Data Address
4872;0;0;0x0000;02 Illegal Data Address
4873;0;0;0x0000;02 Illegal Data Address
4874;0;0;0x0000;02 Illegal Data Address
4875;0;0;0x0000;02 Illegal Data Address
4876;0;0;0x0000;02 Illegal Data Address
4877;0;0;0x0000;02 Illegal Data Address
4878;0;0;0x0000;02 Illegal Data Address
4879;0;0;0x0000;02 Illegal Data Address
4880;0;0;0x0000;02 Illegal Data Address
4881;0;0;0x0000;02 Illegal Data Address
4882;0;0;0x0000;02 Illegal Data Address
4883;0;0;0x0000;02 Illegal Data Address
4884;0;0;0x0000;02 Illegal Data Address
4885;0;0;0x0000;02 Illegal Data Address
4886;0;0;0x0000;02 Illegal Data Address
4887;0;0;0x0000;02 Illegal Data Address
4888;0;0;0x0000;02 Illegal Data Address
4889;0;0;0x0000;02 Illegal Data Address
4890;0;0;0x0000;02 Illegal Data Address
4891;0;0;0x0000;02 Illegal Data Address
4892;0;0;0x0000;02 Illegal Data Address
4893;0;0;0x0000;02 Illegal Data Address
4894;0;0;0x0000;02 Illegal Data Address
4895;0;0;0x0000;02 Illegal Data Address
4896;0;0;0x0000;02 Illegal Data Address
4897;0;0;0x0000;02 Illegal Data Address
4898;0;0;0x0000;02 Illegal Data Address
4899;0;0;0x0000;02 Illegal Data Address
4900;0;0;0x0000;02 Illegal Data Address
4901;0;0;0x0000;02 Illegal Data Address
4902;0;0;0x0000;02 Illegal Data Address
4903;0;0;0x0000;02 Illegal Data Address
4904;0;0;0x0000;02 Illegal Data Address
4905;0;0;0x0000;02 Illegal Data Address
4906;0;0;0x0000;02 Illegal Data Address
4907;0;0;0x0000;02 Illegal Data Address
4908;0;0;0x0000;02 Illegal Data Address
4909;0;0;0x0000;02 Illegal Data Address
4910;0;0;0x0000;02 Illegal Data Address
4911;0;0;0x0000;02 Illegal Data Address
4912;0;0;0x0000;02 Illegal Data Address
4913;0;0;0x0000;02 Illegal Data Address
4914;0;0;0x0000;02 Illegal Data Address
4915;0;0;0x0000;02 Illegal Data Address
4916;0;0;0x0000;02 Illegal Data Address
4917;0;0;0x0000;02 Illegal Data Address
4918;0;0;0x0000;02 Illegal Data Address
4919;0;0;0x0000;02 Illegal Data Address
4920;0;0;0x0000;02 Illegal Data Address
4921;0;0;0x0000;02 Illegal Data Address
4922;0;0;0x0000;02 Illegal Data Address
4923;0;0;0x0000;02 Illegal Data Address
4924;0;0;0x0000;02 Illegal Data Address
4925;0;0;0x0000;02 Illegal Data Address
4926;0;0;0x0000;02 Illegal Data Address
4927;0;0;0x0000;02 Illegal Data Address
4928;0;0;0x0000;02 Illegal Data Address
4929;0;0;0x0000;02 Illegal Data Address
4930;0;0;0x0000;02 Illegal Data Address
4931;0;0;0x0000;02 Illegal Data Address
4932;0;0;0x0000;02 Illegal Data Address
4933;0;0;0x0000;02 Illegal Data Address
4934;0;0;0x0000;02 Illegal Data Address
4935;0;0;0x0000;02 Illegal Data Address
4936;0;0;0x0000;02 Illegal Data Address
4937;0;0;0x0000;02 Illegal Data Address
4938;0;0;0x0000;02 Illegal Data Address
4939;0;0;0x0000;02 Illegal Data Address
4940;0;0;0x0000;02 Illegal Data Address
4941;0;0;0x0000;02 Illegal Data Address
4942;0;0;0x0000;02 Illegal Data Address
4943;0;0;0x0000;02 Illegal Data Address
4944;0;0;0x0000;02 Illegal Data Address
4945;0;0;0x0000;02 Illegal Data Address
4946;0;0;0x0000;02 Illegal Data Address
4947;0;0;0x0000;02 Illegal Data Address
4948;0;0;0x0000;02 Illegal Data Address
4949;0;0;0x0000;02 Illegal Data Address
4950;0;0;0x0000;02 Illegal Data Address
4951;0;0;0x0000;02 Illegal Data Address
4952;0;0;0x0000;02 Illegal Data Address
4953;0;0;0x0000;02 Illegal Data Address
4954;0;0;0x0000;02 Illegal Data Address
4955;0;0;0x0000;02 Illegal Data Address
4956;0;0;0x0000;02 Illegal Data Address
4957;0;0;0x0000;02 Illegal Data Address
4958;0;0;0x0000;02 Illegal Data Address
4959;0;0;0x0000;02 Illegal Data Address
4960;0;0;0x0000;02 Illegal Data Address
4961;0;0;0x0000;02 Illegal Data Address
4962;0;0;0x0000;02 Illegal Data Address
4963;0;0;0x0000;02 Illegal Data Address
4964;0;0;0x0000;02 Illegal Data Address
4965;0;0;0x0000;02 Illegal Data Address
4966;0;0;0x0000;02 Illegal Data Address
4967;0;0;0x0000;02 Illegal Data Address
4968;0;0;0x0000;02 Illegal Data Address
4969;0;0;0x0000;02 Illegal Data Address
4970;0;0;0x0000;02 Illegal Data Address
4971;0;0;0x0000;02 Illegal Data Address
4972;0;0;0x0000;02 Illegal Data Address
4973;0;0;0x0000;02 Illegal Data Address
4974;0;0;0x0000;02 Illegal Data Address
4975;0;0;0x0000;02 Illegal Data Address
4976;0;0;0x0000;02 Illegal Data Address
4977;0;0;0x0000;02 Illegal Data Address
4978;0;0;0x0000;02 Illegal Data Address
4979;0;0;0x0000;02 Illegal Data Address
4980;0;0;0x0000;02 Illegal Data Address
4981;0;0;0x0000;02 Illegal Data Address
4982;0;0;0x0000;02 Illegal Data Address
4983;0;0;0x0000;02 Illegal Data Address
4984;0;0;0x0000;02 Illegal Data Address
4985;0;0;0x0000;02 Illegal Data Address
4986;0;0;0x0000;02 Illegal Data Address
4987;0;0;0x0000;02 Illegal Data Address
4988;0;0;0x0000;02 Illegal Data Address
4989;0;0;0x0000;02 Illegal Data Address
4990;0;0;0x0000;02 Illegal Data Address
4991;0;0;0x0000;02 Illegal Data Address
4992;0;0;0x0000;02 Illegal Data Address
4993;0;0;0x0000;02 Illegal Data Address
4994;0;0;0x0000;02 Illegal Data Address
4995;0;0;0x0000;02 Illegal Data Address
4996;0;0;0x0000;02 Illegal Data Address
4997;0;0;0x0000;02 Illegal Data Address
4998;0;0;0x0000;02 Illegal Data Address
4999;0;0;0x0000;02 Illegal Data Address
5000;0;0;0x0000;02 Illegal Data Address
5001;0;0;0x0000;02 Illegal Data Address
5002;0;0;0x0000;02 Illegal Data Address
5003;0;0;0x0000;02 Illegal Data Address
5004;0;0;0x0000;02 Illegal Data Address
5005;0;0;0x0000;02 Illegal Data Address
5006;0;0;0x0000;02 Illegal Data Address
5007;0;0;0x0000;02 Illegal Data Address
5008;0;0;0x0000;02 Illegal Data Address
5009;0;0;0x0000;02 Illegal Data Address
5010;0;0;0x0000;02 Illegal Data Address
5011;0;0;0x0000;02 Illegal Data Address
5012;0;0;0x0000;02 Illegal Data Address
5013;0;0;0x0000;02 Illegal Data Address
5014;0;0;0x0000;02 Illegal Data Address
5015;0;0;0x0000;02 Illegal Data Address
5016;0;0;0x0000;02 Illegal Data Address
5017;0;0;0x0000;02 Illegal Data Address
5018;0;0;0x0000;02 Illegal Data Address
5019;0;0;0x0000;02 Illegal Data Address
5020;0;0;0x0000;02 Illegal Data Address
5021;0;0;0x0000;02 Illegal Data Address
5022;0;0;0x0000;02 Illegal Data Address
5023;0;0;0x0000;02 Illegal Data Address
5024;0;0;0x0000;02 Illegal Data Address
5025;0;0;0x0000;02 Illegal Data Address
5026;0;0;0x0000;02 Illegal Data Address
5027;0;0;0x0000;02 Illegal Data Address
5028;0;0;0x0000;02 Illegal Data Address
5029;0;0;0x0000;02 Illegal Data Address
5030;0;0;0x0000;02 Illegal Data Address
5031;0;0;0x0000;02 Illegal Data Address
5032;0;0;0x0000;02 Illegal Data Address
5033;0;0;0x0000;02 Illegal Data Address
5034;0;0;0x0000;02 Illegal Data Address
5035;0;0;0x0000;02 Illegal Data Address
5036;0;0;0x0000;02 Illegal Data Address
5037;0;0;0x0000;02 Illegal Data Address
5038;0;0;0x0000;02 Illegal Data Address
5039;0;0;0x0000;02 Illegal Data Address
5040;0;0;0x0000;02 Illegal Data Address
5041;0;0;0x0000;02 Illegal Data Address
5042;0;0;0x0000;02 Illegal Data Address
5043;0;0;0x0000;02 Illegal Data Address
5044;0;0;0x0000;02 Illegal Data Address
5045;0;0;0x0000;02 Illegal Data Address
5046;0;0;0x0000;02 Illegal Data Address
5047;0;0;0x0000;02 Illegal Data Address
5048;0;0;0x0000;02 Illegal Data Address
5049;0;0;0x0000;02 Illegal Data Address
5050;0;0;0x0000;02 Illegal Data Address
5051;0;0;0x0000;02 Illegal Data Address
5052;0;0;0x0000;02 Illegal Data Address
5053;0;0;0x0000;02 Illegal Data Address
5054;0;0;0x0000;02 Illegal Data Address
5055;0;0;0x0000;02 Illegal Data Address
5056;0;0;0x0000;02 Illegal Data Address
5057;0;0;0x0000;02 Illegal Data Address
5058;0;0;0x0000;02 Illegal Data Address
5059;0;0;0x0000;02 Illegal Data Address
5060;0;0;0x0000;02 Illegal Data Address
5061;0;0;0x0000;02 Illegal Data Address
5062;0;0;0x0000;02 Illegal Data Address
5063;0;0;0x0000;02 Illegal Data Address
5064;0;0;0x0000;02 Illegal Data Address
5065;0;0;0x0000;02 Illegal Data Address
5066;0;0;0x0000;02 Illegal Data Address
5067;0;0;0x0000;02 Illegal Data Address
5068;0;0;0x0000;02 Illegal Data Address
5069;0;0;0x0000;02 Illegal Data Address
5070;0;0;0x0000;02 Illegal Data Address
5071;0;0;0x0000;02 Illegal Data Address
5072;0;0;0x0000;02 Illegal Data Address
5073;0;0;0x0000;02 Illegal Data Address
5074;0;0;0x0000;02 Illegal Data Address
5075;0;0;0x0000;02 Illegal Data Address
5076;0;0;0x0000;02 Illegal Data Address
5077;0;0;0x0000;02 Illegal Data Address
5078;0;0;0x0000;02 Illegal Data Address
5079;0;0;0x0000;02 Illegal Data Address
5080;0;0;0x0000;02 Illegal Data Address
5081;0;0;0x0000;02 Illegal Data Address
5082;0;0;0x0000;02 Illegal Data Address
5083;0;0;0x0000;02 Illegal Data Address
5084;0;0;0x0000;02 Illegal Data Address
5085;0;0;0x0000;02 Illegal Data Address
5086;0;0;0x0000;02 Illegal Data Address
5087;0;0;0x0000;02 Illegal Data Address
5088;0;0;0x0000;02 Illegal Data Address
5089;0;0;0x0000;02 Illegal Data Address
5090;0;0;0x0000;02 Illegal Data Address
5091;0;0;0x0000;02 Illegal Data Address
5092;0;0;0x0000;02 Illegal Data Address
5093;0;0;0x0000;02 Illegal Data Address
5094;0;0;0x0000;02 Illegal Data Address
5095;0;0;0x0000;02 Illegal Data Address
5096;0;0;0x0000;02 Illegal Data Address
5097;0;0;0x0000;02 Illegal Data Address
5098;0;0;0x0000;02 Illegal Data Address
5099;0;0;0x0000;02 Illegal Data Address
5100;0;0;0x0000;02 Illegal Data Address
5101;0;0;0x0000;02 Illegal Data Address
5102;0;0;0x0000;02 Illegal Data Address
5103;0;0;0x0000;02 Illegal Data Address
5104;0;0;0x0000;02 Illegal Data Address
5105;0;0;0x0000;02 Illegal Data Address
5106;0;0;0x0000;02 Illegal Data Address
5107;0;0;0x0000;02 Illegal Data Address
5108;0;0;0x0000;02 Illegal Data Address
5109;0;0;0x0000;02 Illegal Data Address
5110;0;0;0x0000;02 Illegal Data Address
5111;0;0;0x0000;02 Illegal Data Address
5112;0;0;0x0000;02 Illegal Data Address
5113;0;0;0x0000;02 Illegal Data Address
5114;0;0;0x0000;02 Illegal Data Address
5115;0;0;0x0000;02 Illegal Data Address
5116;0;0;0x0000;02 Illegal Data Address
5117;0;0;0x0000;02 Illegal Data Address
5118;0;0;0x0000;02 Illegal Data Address
5119;0;0;0x0000;02 Illegal Data Address
5120;0;0;0x0000;02 Illegal Data Address
5121;0;0;0x0000;02 Illegal Data Address
5122;0;0;0x0000;02 Illegal Data Address
5123;0;0;0x0000;02 Illegal Data Address
5124;0;0;0x0000;02 Illegal Data Address
5125;0;0;0x0000;02 Illegal Data Address
5126;0;0;0x0000;02 Illegal Data Address
5127;0;0;0x0000;02 Illegal Data Address
5128;0;0;0x0000;02 Illegal Data Address
5129;0;0;0x0000;02 Illegal Data Address
5130;0;0;0x0000;02 Illegal Data Address
5131;0;0;0x0000;02 Illegal Data Address
5132;0;0;0x0000;02 Illegal Data Address
5133;0;0;0x0000;02 Illegal Data Address
5134;0;0;0x0000;02 Illegal Data Address
5135;0;0;0x0000;02 Illegal Data Address
5136;0;0;0x0000;02 Illegal Data Address
5137;0;0;0x0000;02 Illegal Data Address
5138;0;0;0x0000;02 Illegal Data Address
5139;0;0;0x0000;02 Illegal Data Address
5140;0;0;0x0000;02 Illegal Data Address
5141;0;0;0x0000;02 Illegal Data Address
5142;0;0;0x0000;02 Illegal Data Address
5143;0;0;0x0000;02 Illegal Data Address
5144;0;0;0x0000;02 Illegal Data Address
5145;0;0;0x0000;02 Illegal Data Address
5146;0;0;0x0000;02 Illegal Data Address
5147;0;0;0x0000;02 Illegal Data Address
5148;0;0;0x0000;02 Illegal Data Address
5149;0;0;0x0000;02 Illegal Data Address
5150;0;0;0x0000;02 Illegal Data Address
5151;0;0;0x0000;02 Illegal Data Address
5152;0;0;0x0000;02 Illegal Data Address
5153;0;0;0x0000;02 Illegal Data Address
5154;0;0;0x0000;02 Illegal Data Address
5155;0;0;0x0000;02 Illegal Data Address
5156;0;0;0x0000;02 Illegal Data Address
5157;0;0;0x0000;02 Illegal Data Address
5158;0;0;0x0000;02 Illegal Data Address
5159;0;0;0x0000;02 Illegal Data Address
5160;0;0;0x0000;02 Illegal Data Address
5161;0;0;0x0000;02 Illegal Data Address
5162;0;0;0x0000;02 Illegal Data Address
5163;0;0;0x0000;02 Illegal Data Address
5164;0;0;0x0000;02 Illegal Data Address
5165;0;0;0x0000;02 Illegal Data Address
5166;0;0;0x0000;02 Illegal Data Address
5167;0;0;0x0000;02 Illegal Data Address
5168;0;0;0x0000;02 Illegal Data Address
5169;0;0;0x0000;02 Illegal Data Address
5170;0;0;0x0000;02 Illegal Data Address
5171;0;0;0x0000;02 Illegal Data Address
5172;0;0;0x0000;02 Illegal Data Address
5173;0;0;0x0000;02 Illegal Data Address
5174;0;0;0x0000;02 Illegal Data Address
5175;0;0;0x0000;02 Illegal Data Address
5176;0;0;0x0000;02 Illegal Data Address
5177;0;0;0x0000;02 Illegal Data Address
5178;0;0;0x0000;02 Illegal Data Address
5179;0;0;0x0000;02 Illegal Data Address
5180;0;0;0x0000;02 Illegal Data Address
5181;0;0;0x0000;02 Illegal Data Address
5182;0;0;0x0000;02 Illegal Data Address
5183;0;0;0x0000;02 Illegal Data Address
5184;0;0;0x0000;02 Illegal Data Address
5185;0;0;0x0000;02 Illegal Data Address
5186;0;0;0x0000;02 Illegal Data Address
5187;0;0;0x0000;02 Illegal Data Address
5188;0;0;0x0000;02 Illegal Data Address
5189;0;0;0x0000;02 Illegal Data Address
5190;0;0;0x0000;02 Illegal Data Address
5191;0;0;0x0000;02 Illegal Data Address
5192;0;0;0x0000;02 Illegal Data Address
5193;0;0;0x0000;02 Illegal Data Address
5194;0;0;0x0000;02 Illegal Data Address
5195;0;0;0x0000;02 Illegal Data Address
5196;0;0;0x0000;02 Illegal Data Address
5197;0;0;0x0000;02 Illegal Data Address
5198;0;0;0x0000;02 Illegal Data Address
5199;0;0;0x0000;02 Illegal Data Address
5200;0;0;0x0000;02 Illegal Data Address
5201;0;0;0x0000;02 Illegal Data Address
5202;0;0;0x0000;02 Illegal Data Address
5203;0;0;0x0000;02 Illegal Data Address
5204;0;0;0x0000;02 Illegal Data Address
5205;0;0;0x0000;02 Illegal Data Address
5206;0;0;0x0000;02 Illegal Data Address
5207;0;0;0x0000;02 Illegal Data Address
5208;0;0;0x0000;02 Illegal Data Address
5209;0;0;0x0000;02 Illegal Data Address
5210;0;0;0x0000;02 Illegal Data Address
5211;0;0;0x0000;02 Illegal Data Address
5212;0;0;0x0000;02 Illegal Data Address
5213;0;0;0x0000;02 Illegal Data Address
5214;0;0;0x0000;02 Illegal Data Address
5215;0;0;0x0000;02 Illegal Data Address
5216;0;0;0x0000;02 Illegal Data Address
5217;0;0;0x0000;02 Illegal Data Address
5218;0;0;0x0000;02 Illegal Data Address
5219;0;0;0x0000;02 Illegal Data Address
5220;0;0;0x0000;02 Illegal Data Address
5221;0;0;0x0000;02 Illegal Data Address
5222;0;0;0x0000;02 Illegal Data Address
5223;0;0;0x0000;02 Illegal Data Address
5224;0;0;0x0000;02 Illegal Data Address
5225;0;0;0x0000;02 Illegal Data Address
5226;0;0;0x0000;02 Illegal Data Address
5227;0;0;0x0000;02 Illegal Data Address
5228;0;0;0x0000;02 Illegal Data Address
5229;0;0;0x0000;02 Illegal Data Address
5230;0;0;0x0000;02 Illegal Data Address
5231;0;0;0x0000;02 Illegal Data Address
5232;0;0;0x0000;02 Illegal Data Address
5233;0;0;0x0000;02 Illegal Data Address
5234;0;0;0x0000;02 Illegal Data Address
5235;0;0;0x0000;02 Illegal Data Address
5236;0;0;0x0000;02 Illegal Data Address
5237;0;0;0x0000;02 Illegal Data Address
5238;0;0;0x0000;02 Illegal Data Address
5239;0;0;0x0000;02 Illegal Data Address
5240;0;0;0x0000;02 Illegal Data Address
5241;0;0;0x0000;02 Illegal Data Address
5242;0;0;0x0000;02 Illegal Data Address
5243;0;0;0x0000;02 Illegal Data Address
5244;0;0;0x0000;02 Illegal Data Address
5245;0;0;0x0000;02 Illegal Data Address
5246;0;0;0x0000;02 Illegal Data Address
5247;0;0;0x0000;02 Illegal Data Address
5248;0;0;0x0000;02 Illegal Data Address
5249;0;0;0x0000;02 Illegal Data Address
5250;0;0;0x0000;02 Illegal Data Address
5251;0;0;0x0000;02 Illegal Data Address
5252;0;0;0x0000;02 Illegal Data Address
5253;0;0;0x0000;02 Illegal Data Address
5254;0;0;0x0000;02 Illegal Data Address
5255;0;0;0x0000;02 Illegal Data Address
5256;0;0;0x0000;02 Illegal Data Address
5257;0;0;0x0000;02 Illegal Data Address
5258;0;0;0x0000;02 Illegal Data Address
5259;0;0;0x0000;02 Illegal Data Address
5260;0;0;0x0000;02 Illegal Data Address
5261;0;0;0x0000;02 Illegal Data Address
5262;0;0;0x0000;02 Illegal Data Address
5263;0;0;0x0000;02 Illegal Data Address
5264;0;0;0x0000;02 Illegal Data Address
5265;0;0;0x0000;02 Illegal Data Address
5266;0;0;0x0000;02 Illegal Data Address
5267;0;0;0x0000;02 Illegal Data Address
5268;0;0;0x0000;02 Illegal Data Address
5269;0;0;0x0000;02 Illegal Data Address
5270;0;0;0x0000;02 Illegal Data Address
5271;0;0;0x0000;02 Illegal Data Address
5272;0;0;0x0000;02 Illegal Data Address
5273;0;0;0x0000;02 Illegal Data Address
5274;0;0;0x0000;02 Illegal Data Address
5275;0;0;0x0000;02 Illegal Data Address
5276;0;0;0x0000;02 Illegal Data Address
5277;0;0;0x0000;02 Illegal Data Address
5278;0;0;0x0000;02 Illegal Data Address
5279;0;0;0x0000;02 Illegal Data Address
5280;0;0;0x0000;02 Illegal Data Address
5281;0;0;0x0000;02 Illegal Data Address
5282;0;0;0x0000;02 Illegal Data Address
5283;0;0;0x0000;02 Illegal Data Address
5284;0;0;0x0000;02 Illegal Data Address
5285;0;0;0x0000;02 Illegal Data Address
5286;0;0;0x0000;02 Illegal Data Address
5287;0;0;0x0000;02 Illegal Data Address
5288;0;0;0x0000;02 Illegal Data Address
5289;0;0;0x0000;02 Illegal Data Address
5290;0;0;0x0000;02 Illegal Data Address
5291;0;0;0x0000;02 Illegal Data Address
5292;0;0;0x0000;02 Illegal Data Address
5293;0;0;0x0000;02 Illegal Data Address
5294;0;0;0x0000;02 Illegal Data Address
5295;0;0;0x0000;02 Illegal Data Address
5296;0;0;0x0000;02 Illegal Data Address
5297;0;0;0x0000;02 Illegal Data Address
5298;0;0;0x0000;02 Illegal Data Address
5299;0;0;0x0000;02 Illegal Data Address
5300;0;0;0x0000;02 Illegal Data Address
5301;0;0;0x0000;02 Illegal Data Address
5302;0;0;0x0000;02 Illegal Data Address
5303;0;0;0x0000;02 Illegal Data Address
5304;0;0;0x0000;02 Illegal Data Address
5305;0;0;0x0000;02 Illegal Data Address
5306;0;0;0x0000;02 Illegal Data Address
5307;0;0;0x0000;02 Illegal Data Address
5308;0;0;0x0000;02 Illegal Data Address
5309;0;0;0x0000;02 Illegal Data Address
5310;0;0;0x0000;02 Illegal Data Address
5311;0;0;0x0000;02 Illegal Data Address
5312;0;0;0x0000;02 Illegal Data Address
5313;0;0;0x0000;02 Illegal Data Address
5314;0;0;0x0000;02 Illegal Data Address
5315;0;0;0x0000;02 Illegal Data Address
5316;0;0;0x0000;02 Illegal Data Address
5317;0;0;0x0000;02 Illegal Data Address
5318;0;0;0x0000;02 Illegal Data Address
5319;0;0;0x0000;02 Illegal Data Address
5320;0;0;0x0000;02 Illegal Data Address
5321;0;0;0x0000;02 Illegal Data Address
5322;0;0;0x0000;02 Illegal Data Address
5323;0;0;0x0000;02 Illegal Data Address
5324;0;0;0x0000;02 Illegal Data Address
5325;0;0;0x0000;02 Illegal Data Address
5326;0;0;0x0000;02 Illegal Data Address
5327;0;0;0x0000;02 Illegal Data Address
5328;0;0;0x0000;02 Illegal Data Address
5329;0;0;0x0000;02 Illegal Data Address
5330;0;0;0x0000;02 Illegal Data Address
5331;0;0;0x0000;02 Illegal Data Address
5332;0;0;0x0000;02 Illegal Data Address
5333;0;0;0x0000;02 Illegal Data Address
5334;0;0;0x0000;02 Illegal Data Address
5335;0;0;0x0000;02 Illegal Data Address
5336;0;0;0x0000;02 Illegal Data Address
5337;0;0;0x0000;02 Illegal Data Address
5338;0;0;0x0000;02 Illegal Data Address
5339;0;0;0x0000;02 Illegal Data Address
5340;0;0;0x0000;02 Illegal Data Address
5341;0;0;0x0000;02 Illegal Data Address
5342;0;0;0x0000;02 Illegal Data Address
5343;0;0;0x0000;02 Illegal Data Address
5344;0;0;0x0000;02 Illegal Data Address
5345;0;0;0x0000;02 Illegal Data Address
5346;0;0;0x0000;02 Illegal Data Address
5347;0;0;0x0000;02 Illegal Data Address
5348;0;0;0x0000;02 Illegal Data Address
5349;0;0;0x0000;02 Illegal Data Address
5350;0;0;0x0000;02 Illegal Data Address
5351;0;0;0x0000;02 Illegal Data Address
5352;0;0;0x0000;02 Illegal Data Address
5353;0;0;0x0000;02 Illegal Data Address
5354;0;0;0x0000;02 Illegal Data Address
5355;0;0;0x0000;02 Illegal Data Address
5356;0;0;0x0000;02 Illegal Data Address
5357;0;0;0x0000;02 Illegal Data Address
5358;0;0;0x0000;02 Illegal Data Address
5359;0;0;0x0000;02 Illegal Data Address
5360;0;0;0x0000;02 Illegal Data Address
5361;0;0;0x0000;02 Illegal Data Address
5362;0;0;0x0000;02 Illegal Data Address
5363;0;0;0x0000;02 Illegal Data Address
5364;0;0;0x0000;02 Illegal Data Address
5365;0;0;0x0000;02 Illegal Data Address
5366;0;0;0x0000;02 Illegal Data Address
5367;0;0;0x0000;02 Illegal Data Address
5368;0;0;0x0000;02 Illegal Data Address
5369;0;0;0x0000;02 Illegal Data Address
5370;0;0;0x0000;02 Illegal Data Address
5371;0;0;0x0000;02 Illegal Data Address
5372;0;0;0x0000;02 Illegal Data Address
5373;0;0;0x0000;02 Illegal Data Address
5374;0;0;0x0000;02 Illegal Data Address
5375;0;0;0x0000;02 Illegal Data Address
5376;0;0;0x0000;02 Illegal Data Address
5377;0;0;0x0000;02 Illegal Data Address
5378;0;0;0x0000;02 Illegal Data Address
5379;0;0;0x0000;02 Illegal Data Address
5380;0;0;0x0000;02 Illegal Data Address
5381;0;0;0x0000;02 Illegal Data Address
5382;0;0;0x0000;02 Illegal Data Address
5383;0;0;0x0000;02 Illegal Data Address
5384;0;0;0x0000;02 Illegal Data Address
5385;0;0;0x0000;02 Illegal Data Address
5386;0;0;0x0000;02 Illegal Data Address
5387;0;0;0x0000;02 Illegal Data Address
5388;0;0;0x0000;02 Illegal Data Address
5389;0;0;0x0000;02 Illegal Data Address
5390;0;0;0x0000;02 Illegal Data Address
5391;0;0;0x0000;02 Illegal Data Address
5392;0;0;0x0000;02 Illegal Data Address
5393;0;0;0x0000;02 Illegal Data Address
5394;0;0;0x0000;02 Illegal Data Address
5395;0;0;0x0000;02 Illegal Data Address
5396;0;0;0x0000;02 Illegal Data Address
5397;0;0;0x0000;02 Illegal Data Address
5398;0;0;0x0000;02 Illegal Data Address
5399;0;0;0x0000;02 Illegal Data Address
5400;0;0;0x0000;02 Illegal Data Address
5401;0;0;0x0000;02 Illegal Data Address
5402;0;0;0x0000;02 Illegal Data Address
5403;0;0;0x0000;02 Illegal Data Address
5404;0;0;0x0000;02 Illegal Data Address
5405;0;0;0x0000;02 Illegal Data Address
5406;0;0;0x0000;02 Illegal Data Address
5407;0;0;0x0000;02 Illegal Data Address
5408;0;0;0x0000;02 Illegal Data Address
5409;0;0;0x0000;02 Illegal Data Address
5410;0;0;0x0000;02 Illegal Data Address
5411;0;0;0x0000;02 Illegal Data Address
5412;0;0;0x0000;02 Illegal Data Address
5413;0;0;0x0000;02 Illegal Data Address
5414;0;0;0x0000;02 Illegal Data Address
5415;0;0;0x0000;02 Illegal Data Address
5416;0;0;0x0000;02 Illegal Data Address
5417;0;0;0x0000;02 Illegal Data Address
5418;0;0;0x0000;02 Illegal Data Address
5419;0;0;0x0000;02 Illegal Data Address
5420;0;0;0x0000;02 Illegal Data Address
5421;0;0;0x0000;02 Illegal Data Address
5422;0;0;0x0000;02 Illegal Data Address
5423;0;0;0x0000;02 Illegal Data Address
5424;0;0;0x0000;02 Illegal Data Address
5425;0;0;0x0000;02 Illegal Data Address
5426;0;0;0x0000;02 Illegal Data Address
5427;0;0;0x0000;02 Illegal Data Address
5428;0;0;0x0000;02 Illegal Data Address
5429;0;0;0x0000;02 Illegal Data Address
5430;0;0;0x0000;02 Illegal Data Address
5431;0;0;0x0000;02 Illegal Data Address
5432;0;0;0x0000;02 Illegal Data Address
5433;0;0;0x0000;02 Illegal Data Address
5434;0;0;0x0000;02 Illegal Data Address
5435;0;0;0x0000;02 Illegal Data Address
5436;0;0;0x0000;02 Illegal Data Address
5437;0;0;0x0000;02 Illegal Data Address
5438;0;0;0x0000;02 Illegal Data Address
5439;0;0;0x0000;02 Illegal Data Address
5440;0;0;0x0000;02 Illegal Data Address
5441;0;0;0x0000;02 Illegal Data Address
5442;0;0;0x0000;02 Illegal Data Address
5443;0;0;0x0000;02 Illegal Data Address
5444;0;0;0x0000;02 Illegal Data Address
5445;0;0;0x0000;02 Illegal Data Address
5446;0;0;0x0000;02 Illegal Data Address
5447;0;0;0x0000;02 Illegal Data Address
5448;0;0;0x0000;02 Illegal Data Address
5449;0;0;0x0000;02 Illegal Data Address
5450;0;0;0x0000;02 Illegal Data Address
5451;0;0;0x0000;02 Illegal Data Address
5452;0;0;0x0000;02 Illegal Data Address
5453;0;0;0x0000;02 Illegal Data Address
5454;0;0;0x0000;02 Illegal Data Address
5455;0;0;0x0000;02 Illegal Data Address
5456;0;0;0x0000;02 Illegal Data Address
5457;0;0;0x0000;02 Illegal Data Address
5458;0;0;0x0000;02 Illegal Data Address
5459;0;0;0x0000;02 Illegal Data Address
5460;0;0;0x0000;02 Illegal Data Address
5461;0;0;0x0000;02 Illegal Data Address
5462;0;0;0x0000;02 Illegal Data Address
5463;0;0;0x0000;02 Illegal Data Address
5464;0;0;0x0000;02 Illegal Data Address
5465;0;0;0x0000;02 Illegal Data Address
5466;0;0;0x0000;02 Illegal Data Address
5467;0;0;0x0000;02 Illegal Data Address
5468;0;0;0x0000;02 Illegal Data Address
5469;0;0;0x0000;02 Illegal Data Address
5470;0;0;0x0000;02 Illegal Data Address
5471;0;0;0x0000;02 Illegal Data Address
5472;0;0;0x0000;02 Illegal Data Address
5473;0;0;0x0000;02 Illegal Data Address
5474;0;0;0x0000;02 Illegal Data Address
5475;0;0;0x0000;02 Illegal Data Address
5476;0;0;0x0000;02 Illegal Data Address
5477;0;0;0x0000;02 Illegal Data Address
5478;0;0;0x0000;02 Illegal Data Address
5479;0;0;0x0000;02 Illegal Data Address
5480;0;0;0x0000;02 Illegal Data Address
5481;0;0;0x0000;02 Illegal Data Address
5482;0;0;0x0000;02 Illegal Data Address
5483;0;0;0x0000;02 Illegal Data Address
5484;0;0;0x0000;02 Illegal Data Address
5485;0;0;0x0000;02 Illegal Data Address
5486;0;0;0x0000;02 Illegal Data Address
5487;0;0;0x0000;02 Illegal Data Address
5488;0;0;0x0000;02 Illegal Data Address
5489;0;0;0x0000;02 Illegal Data Address
5490;0;0;0x0000;02 Illegal Data Address
5491;0;0;0x0000;02 Illegal Data Address
5492;0;0;0x0000;02 Illegal Data Address
5493;0;0;0x0000;02 Illegal Data Address
5494;0;0;0x0000;02 Illegal Data Address
5495;0;0;0x0000;02 Illegal Data Address
5496;0;0;0x0000;02 Illegal Data Address
5497;0;0;0x0000;02 Illegal Data Address
5498;0;0;0x0000;02 Illegal Data Address
5499;0;0;0x0000;02 Illegal Data Address
5500;0;0;0x0000;02 Illegal Data Address
5501;0;0;0x0000;02 Illegal Data Address
5502;0;0;0x0000;02 Illegal Data Address
5503;0;0;0x0000;02 Illegal Data Address
5504;0;0;0x0000;02 Illegal Data Address
5505;0;0;0x0000;02 Illegal Data Address
5506;0;0;0x0000;02 Illegal Data Address
5507;0;0;0x0000;02 Illegal Data Address
5508;0;0;0x0000;02 Illegal Data Address
5509;0;0;0x0000;02 Illegal Data Address
5510;0;0;0x0000;02 Illegal Data Address
5511;0;0;0x0000;02 Illegal Data Address
5512;0;0;0x0000;02 Illegal Data Address
5513;0;0;0x0000;02 Illegal Data Address
5514;0;0;0x0000;02 Illegal Data Address
5515;0;0;0x0000;02 Illegal Data Address
5516;0;0;0x0000;02 Illegal Data Address
5517;0;0;0x0000;02 Illegal Data Address
5518;0;0;0x0000;02 Illegal Data Address
5519;0;0;0x0000;02 Illegal Data Address
5520;0;0;0x0000;02 Illegal Data Address
5521;0;0;0x0000;02 Illegal Data Address
5522;0;0;0x0000;02 Illegal Data Address
5523;0;0;0x0000;02 Illegal Data Address
5524;0;0;0x0000;02 Illegal Data Address
5525;0;0;0x0000;02 Illegal Data Address
5526;0;0;0x0000;02 Illegal Data Address
5527;0;0;0x0000;02 Illegal Data Address
5528;0;0;0x0000;02 Illegal Data Address
5529;0;0;0x0000;02 Illegal Data Address
5530;0;0;0x0000;02 Illegal Data Address
5531;0;0;0x0000;02 Illegal Data Address
5532;0;0;0x0000;02 Illegal Data Address
5533;0;0;0x0000;02 Illegal Data Address
5534;0;0;0x0000;02 Illegal Data Address
5535;0;0;0x0000;02 Illegal Data Address
5536;0;0;0x0000;02 Illegal Data Address
5537;0;0;0x0000;02 Illegal Data Address
5538;0;0;0x0000;02 Illegal Data Address
5539;0;0;0x0000;02 Illegal Data Address
5540;0;0;0x0000;02 Illegal Data Address
5541;0;0;0x0000;02 Illegal Data Address
5542;0;0;0x0000;02 Illegal Data Address
5543;0;0;0x0000;02 Illegal Data Address
5544;0;0;0x0000;02 Illegal Data Address
5545;0;0;0x0000;02 Illegal Data Address
5546;0;0;0x0000;02 Illegal Data Address
5547;0;0;0x0000;02 Illegal Data Address
5548;0;0;0x0000;02 Illegal Data Address
5549;0;0;0x0000;02 Illegal Data Address
5550;0;0;0x0000;02 Illegal Data Address
5551;0;0;0x0000;02 Illegal Data Address
5552;0;0;0x0000;02 Illegal Data Address
5553;0;0;0x0000;02 Illegal Data Address
5554;0;0;0x0000;02 Illegal Data Address
5555;0;0;0x0000;02 Illegal Data Address
5556;0;0;0x0000;02 Illegal Data Address
5557;0;0;0x0000;02 Illegal Data Address
5558;0;0;0x0000;02 Illegal Data Address
5559;0;0;0x0000;02 Illegal Data Address
5560;0;0;0x0000;02 Illegal Data Address
5561;0;0;0x0000;02 Illegal Data Address
5562;0;0;0x0000;02 Illegal Data Address
5563;0;0;0x0000;02 Illegal Data Address
5564;0;0;0x0000;02 Illegal Data Address
5565;0;0;0x0000;02 Illegal Data Address
5566;0;0;0x0000;02 Illegal Data Address
5567;0;0;0x0000;02 Illegal Data Address
5568;0;0;0x0000;02 Illegal Data Address
5569;0;0;0x0000;02 Illegal Data Address
5570;0;0;0x0000;02 Illegal Data Address
5571;0;0;0x0000;02 Illegal Data Address
5572;0;0;0x0000;02 Illegal Data Address
5573;0;0;0x0000;02 Illegal Data Address
5574;0;0;0x0000;02 Illegal Data Address
5575;0;0;0x0000;02 Illegal Data Address
5576;0;0;0x0000;02 Illegal Data Address
5577;0;0;0x0000;02 Illegal Data Address
5578;0;0;0x0000;02 Illegal Data Address
5579;0;0;0x0000;02 Illegal Data Address
5580;0;0;0x0000;02 Illegal Data Address
5581;0;0;0x0000;02 Illegal Data Address
5582;0;0;0x0000;02 Illegal Data Address
5583;0;0;0x0000;02 Illegal Data Address
5584;0;0;0x0000;02 Illegal Data Address
5585;0;0;0x0000;02 Illegal Data Address
5586;0;0;0x0000;02 Illegal Data Address
5587;0;0;0x0000;02 Illegal Data Address
5588;0;0;0x0000;02 Illegal Data Address
5589;0;0;0x0000;02 Illegal Data Address
5590;0;0;0x0000;02 Illegal Data Address
5591;0;0;0x0000;02 Illegal Data Address
5592;0;0;0x0000;02 Illegal Data Address
5593;0;0;0x0000;02 Illegal Data Address
5594;0;0;0x0000;02 Illegal Data Address
5595;0;0;0x0000;02 Illegal Data Address
5596;0;0;0x0000;02 Illegal Data Address
5597;0;0;0x0000;02 Illegal Data Address
5598;0;0;0x0000;02 Illegal Data Address
5599;0;0;0x0000;02 Illegal Data Address
5600;0;0;0x0000;02 Illegal Data Address
5601;0;0;0x0000;02 Illegal Data Address
5602;0;0;0x0000;02 Illegal Data Address
5603;0;0;0x0000;02 Illegal Data Address
5604;0;0;0x0000;02 Illegal Data Address
5605;0;0;0x0000;02 Illegal Data Address
5606;0;0;0x0000;02 Illegal Data Address
5607;0;0;0x0000;02 Illegal Data Address
5608;0;0;0x0000;02 Illegal Data Address
5609;0;0;0x0000;02 Illegal Data Address
5610;0;0;0x0000;02 Illegal Data Address
5611;0;0;0x0000;02 Illegal Data Address
5612;0;0;0x0000;02 Illegal Data Address
5613;0;0;0x0000;02 Illegal Data Address
5614;0;0;0x0000;02 Illegal Data Address
5615;0;0;0x0000;02 Illegal Data Address
5616;0;0;0x0000;02 Illegal Data Address
5617;0;0;0x0000;02 Illegal Data Address
5618;0;0;0x0000;02 Illegal Data Address
5619;0;0;0x0000;02 Illegal Data Address
5620;0;0;0x0000;02 Illegal Data Address
5621;0;0;0x0000;02 Illegal Data Address
5622;0;0;0x0000;02 Illegal Data Address
5623;0;0;0x0000;02 Illegal Data Address
5624;0;0;0x0000;02 Illegal Data Address
5625;0;0;0x0000;02 Illegal Data Address
5626;0;0;0x0000;02 Illegal Data Address
5627;0;0;0x0000;02 Illegal Data Address
5628;0;0;0x0000;02 Illegal Data Address
5629;0;0;0x0000;02 Illegal Data Address
5630;0;0;0x0000;02 Illegal Data Address
5631;0;0;0x0000;02 Illegal Data Address
5632;0;0;0x0000;02 Illegal Data Address
5633;0;0;0x0000;02 Illegal Data Address
5634;0;0;0x0000;02 Illegal Data Address
5635;0;0;0x0000;02 Illegal Data Address
5636;0;0;0x0000;02 Illegal Data Address
5637;0;0;0x0000;02 Illegal Data Address
5638;0;0;0x0000;02 Illegal Data Address
5639;0;0;0x0000;02 Illegal Data Address
5640;0;0;0x0000;02 Illegal Data Address
5641;0;0;0x0000;02 Illegal Data Address
5642;0;0;0x0000;02 Illegal Data Address
5643;0;0;0x0000;02 Illegal Data Address
5644;0;0;0x0000;02 Illegal Data Address
5645;0;0;0x0000;02 Illegal Data Address
5646;0;0;0x0000;02 Illegal Data Address
5647;0;0;0x0000;02 Illegal Data Address
5648;0;0;0x0000;02 Illegal Data Address
5649;0;0;0x0000;02 Illegal Data Address
5650;0;0;0x0000;02 Illegal Data Address
5651;0;0;0x0000;02 Illegal Data Address
5652;0;0;0x0000;02 Illegal Data Address
5653;0;0;0x0000;02 Illegal Data Address
5654;0;0;0x0000;02 Illegal Data Address
5655;0;0;0x0000;02 Illegal Data Address
5656;0;0;0x0000;02 Illegal Data Address
5657;0;0;0x0000;02 Illegal Data Address
5658;0;0;0x0000;02 Illegal Data Address
5659;0;0;0x0000;02 Illegal Data Address
5660;0;0;0x0000;02 Illegal Data Address
5661;0;0;0x0000;02 Illegal Data Address
5662;0;0;0x0000;02 Illegal Data Address
5663;0;0;0x0000;02 Illegal Data Address
5664;0;0;0x0000;02 Illegal Data Address
5665;0;0;0x0000;02 Illegal Data Address
5666;0;0;0x0000;02 Illegal Data Address
5667;0;0;0x0000;02 Illegal Data Address
5668;0;0;0x0000;02 Illegal Data Address
5669;0;0;0x0000;02 Illegal Data Address
5670;0;0;0x0000;02 Illegal Data Address
5671;0;0;0x0000;02 Illegal Data Address
5672;0;0;0x0000;02 Illegal Data Address
5673;0;0;0x0000;02 Illegal Data Address
5674;0;0;0x0000;02 Illegal Data Address
5675;0;0;0x0000;02 Illegal Data Address
5676;0;0;0x0000;02 Illegal Data Address
5677;0;0;0x0000;02 Illegal Data Address
5678;0;0;0x0000;02 Illegal Data Address
5679;0;0;0x0000;02 Illegal Data Address
5680;0;0;0x0000;02 Illegal Data Address
5681;0;0;0x0000;02 Illegal Data Address
5682;0;0;0x0000;02 Illegal Data Address
5683;0;0;0x0000;02 Illegal Data Address
5684;0;0;0x0000;02 Illegal Data Address
5685;0;0;0x0000;02 Illegal Data Address
5686;0;0;0x0000;02 Illegal Data Address
5687;0;0;0x0000;02 Illegal Data Address
5688;0;0;0x0000;02 Illegal Data Address
5689;0;0;0x0000;02 Illegal Data Address
5690;0;0;0x0000;02 Illegal Data Address
5691;0;0;0x0000;02 Illegal Data Address
5692;0;0;0x0000;02 Illegal Data Address
5693;0;0;0x0000;02 Illegal Data Address
5694;0;0;0x0000;02 Illegal Data Address
5695;0;0;0x0000;02 Illegal Data Address
5696;0;0;0x0000;02 Illegal Data Address
5697;0;0;0x0000;02 Illegal Data Address
5698;0;0;0x0000;02 Illegal Data Address
5699;0;0;0x0000;02 Illegal Data Address
5700;0;0;0x0000;02 Illegal Data Address
5701;0;0;0x0000;02 Illegal Data Address
5702;0;0;0x0000;02 Illegal Data Address
5703;0;0;0x0000;02 Illegal Data Address
5704;0;0;0x0000;02 Illegal Data Address
5705;0;0;0x0000;02 Illegal Data Address
5706;0;0;0x0000;02 Illegal Data Address
5707;0;0;0x0000;02 Illegal Data Address
5708;0;0;0x0000;02 Illegal Data Address
5709;0;0;0x0000;02 Illegal Data Address
5710;0;0;0x0000;02 Illegal Data Address
5711;0;0;0x0000;02 Illegal Data Address
5712;0;0;0x0000;02 Illegal Data Address
5713;0;0;0x0000;02 Illegal Data Address
5714;0;0;0x0000;02 Illegal Data Address
5715;0;0;0x0000;02 Illegal Data Address
5716;0;0;0x0000;02 Illegal Data Address
5717;0;0;0x0000;02 Illegal Data Address
5718;0;0;0x0000;02 Illegal Data Address
5719;0;0;0x0000;02 Illegal Data Address
5720;0;0;0x0000;02 Illegal Data Address
5721;0;0;0x0000;02 Illegal Data Address
5722;0;0;0x0000;02 Illegal Data Address
5723;0;0;0x0000;02 Illegal Data Address
5724;0;0;0x0000;02 Illegal Data Address
5725;0;0;0x0000;02 Illegal Data Address
5726;0;0;0x0000;02 Illegal Data Address
5727;0;0;0x0000;02 Illegal Data Address
5728;0;0;0x0000;02 Illegal Data Address
5729;0;0;0x0000;02 Illegal Data Address
5730;0;0;0x0000;02 Illegal Data Address
5731;0;0;0x0000;02 Illegal Data Address
5732;0;0;0x0000;02 Illegal Data Address
5733;0;0;0x0000;02 Illegal Data Address
5734;0;0;0x0000;02 Illegal Data Address
5735;0;0;0x0000;02 Illegal Data Address
5736;0;0;0x0000;02 Illegal Data Address
5737;0;0;0x0000;02 Illegal Data Address
5738;0;0;0x0000;02 Illegal Data Address
5739;0;0;0x0000;02 Illegal Data Address
5740;0;0;0x0000;02 Illegal Data Address
5741;0;0;0x0000;02 Illegal Data Address
5742;0;0;0x0000;02 Illegal Data Address
5743;0;0;0x0000;02 Illegal Data Address
5744;0;0;0x0000;02 Illegal Data Address
5745;0;0;0x0000;02 Illegal Data Address
5746;0;0;0x0000;02 Illegal Data Address
5747;0;0;0x0000;02 Illegal Data Address
5748;0;0;0x0000;02 Illegal Data Address
5749;0;0;0x0000;02 Illegal Data Address
5750;0;0;0x0000;02 Illegal Data Address
5751;0;0;0x0000;02 Illegal Data Address
5752;0;0;0x0000;02 Illegal Data Address
5753;0;0;0x0000;02 Illegal Data Address
5754;0;0;0x0000;02 Illegal Data Address
5755;0;0;0x0000;02 Illegal Data Address
5756;0;0;0x0000;02 Illegal Data Address
5757;0;0;0x0000;02 Illegal Data Address
5758;0;0;0x0000;02 Illegal Data Address
5759;0;0;0x0000;02 Illegal Data Address
5760;0;0;0x0000;02 Illegal Data Address
5761;0;0;0x0000;02 Illegal Data Address
5762;0;0;0x0000;02 Illegal Data Address
5763;0;0;0x0000;02 Illegal Data Address
5764;0;0;0x0000;02 Illegal Data Address
5765;0;0;0x0000;02 Illegal Data Address
5766;0;0;0x0000;02 Illegal Data Address
5767;0;0;0x0000;02 Illegal Data Address
5768;0;0;0x0000;02 Illegal Data Address
5769;0;0;0x0000;02 Illegal Data Address
5770;0;0;0x0000;02 Illegal Data Address
5771;0;0;0x0000;02 Illegal Data Address
5772;0;0;0x0000;02 Illegal Data Address
5773;0;0;0x0000;02 Illegal Data Address
5774;0;0;0x0000;02 Illegal Data Address
5775;0;0;0x0000;02 Illegal Data Address
5776;0;0;0x0000;02 Illegal Data Address
5777;0;0;0x0000;02 Illegal Data Address
5778;0;0;0x0000;02 Illegal Data Address
5779;0;0;0x0000;02 Illegal Data Address
5780;0;0;0x0000;02 Illegal Data Address
5781;0;0;0x0000;02 Illegal Data Address
5782;0;0;0x0000;02 Illegal Data Address
5783;0;0;0x0000;02 Illegal Data Address
5784;0;0;0x0000;02 Illegal Data Address
5785;0;0;0x0000;02 Illegal Data Address
5786;0;0;0x0000;02 Illegal Data Address
5787;0;0;0x0000;02 Illegal Data Address
5788;0;0;0x0000;02 Illegal Data Address
5789;0;0;0x0000;02 Illegal Data Address
5790;0;0;0x0000;02 Illegal Data Address
5791;0;0;0x0000;02 Illegal Data Address
5792;0;0;0x0000;02 Illegal Data Address
5793;0;0;0x0000;02 Illegal Data Address
5794;0;0;0x0000;02 Illegal Data Address
5795;0;0;0x0000;02 Illegal Data Address
5796;0;0;0x0000;02 Illegal Data Address
5797;0;0;0x0000;02 Illegal Data Address
5798;0;0;0x0000;02 Illegal Data Address
5799;0;0;0x0000;02 Illegal Data Address
5800;0;0;0x0000;02 Illegal Data Address
5801;0;0;0x0000;02 Illegal Data Address
5802;0;0;0x0000;02 Illegal Data Address
5803;0;0;0x0000;02 Illegal Data Address
5804;0;0;0x0000;02 Illegal Data Address
5805;0;0;0x0000;02 Illegal Data Address
5806;0;0;0x0000;02 Illegal Data Address
5807;0;0;0x0000;02 Illegal Data Address
5808;0;0;0x0000;02 Illegal Data Address
5809;0;0;0x0000;02 Illegal Data Address
5810;0;0;0x0000;02 Illegal Data Address
5811;0;0;0x0000;02 Illegal Data Address
5812;0;0;0x0000;02 Illegal Data Address
5813;0;0;0x0000;02 Illegal Data Address
5814;0;0;0x0000;02 Illegal Data Address
5815;0;0;0x0000;02 Illegal Data Address
5816;0;0;0x0000;02 Illegal Data Address
5817;0;0;0x0000;02 Illegal Data Address
5818;0;0;0x0000;02 Illegal Data Address
5819;0;0;0x0000;02 Illegal Data Address
5820;0;0;0x0000;02 Illegal Data Address
5821;0;0;0x0000;02 Illegal Data Address
5822;0;0;0x0000;02 Illegal Data Address
5823;0;0;0x0000;02 Illegal Data Address
5824;0;0;0x0000;02 Illegal Data Address
5825;0;0;0x0000;02 Illegal Data Address
5826;0;0;0x0000;02 Illegal Data Address
5827;0;0;0x0000;02 Illegal Data Address
5828;0;0;0x0000;02 Illegal Data Address
5829;0;0;0x0000;02 Illegal Data Address
5830;0;0;0x0000;02 Illegal Data Address
5831;0;0;0x0000;02 Illegal Data Address
5832;0;0;0x0000;02 Illegal Data Address
5833;0;0;0x0000;02 Illegal Data Address
5834;0;0;0x0000;02 Illegal Data Address
5835;0;0;0x0000;02 Illegal Data Address
5836;0;0;0x0000;02 Illegal Data Address
5837;0;0;0x0000;02 Illegal Data Address
5838;0;0;0x0000;02 Illegal Data Address
5839;0;0;0x0000;02 Illegal Data Address
5840;0;0;0x0000;02 Illegal Data Address
5841;0;0;0x0000;02 Illegal Data Address
5842;0;0;0x0000;02 Illegal Data Address
5843;0;0;0x0000;02 Illegal Data Address
5844;0;0;0x0000;02 Illegal Data Address
5845;0;0;0x0000;02 Illegal Data Address
5846;0;0;0x0000;02 Illegal Data Address
5847;0;0;0x0000;02 Illegal Data Address
5848;0;0;0x0000;02 Illegal Data Address
5849;0;0;0x0000;02 Illegal Data Address
5850;0;0;0x0000;02 Illegal Data Address
5851;0;0;0x0000;02 Illegal Data Address
5852;0;0;0x0000;02 Illegal Data Address
5853;0;0;0x0000;02 Illegal Data Address
5854;0;0;0x0000;02 Illegal Data Address
5855;0;0;0x0000;02 Illegal Data Address
5856;0;0;0x0000;02 Illegal Data Address
5857;0;0;0x0000;02 Illegal Data Address
5858;0;0;0x0000;02 Illegal Data Address
5859;0;0;0x0000;02 Illegal Data Address
5860;0;0;0x0000;02 Illegal Data Address
5861;0;0;0x0000;02 Illegal Data Address
5862;0;0;0x0000;02 Illegal Data Address
5863;0;0;0x0000;02 Illegal Data Address
5864;0;0;0x0000;02 Illegal Data Address
5865;0;0;0x0000;02 Illegal Data Address
5866;0;0;0x0000;02 Illegal Data Address
5867;0;0;0x0000;02 Illegal Data Address
5868;0;0;0x0000;02 Illegal Data Address
5869;0;0;0x0000;02 Illegal Data Address
5870;0;0;0x0000;02 Illegal Data Address
5871;0;0;0x0000;02 Illegal Data Address
5872;0;0;0x0000;02 Illegal Data Address
5873;0;0;0x0000;02 Illegal Data Address
5874;0;0;0x0000;02 Illegal Data Address
5875;0;0;0x0000;02 Illegal Data Address
5876;0;0;0x0000;02 Illegal Data Address
5877;0;0;0x0000;02 Illegal Data Address
5878;0;0;0x0000;02 Illegal Data Address
5879;0;0;0x0000;02 Illegal Data Address
5880;0;0;0x0000;02 Illegal Data Address
5881;0;0;0x0000;02 Illegal Data Address
5882;0;0;0x0000;02 Illegal Data Address
5883;0;0;0x0000;02 Illegal Data Address
5884;0;0;0x0000;02 Illegal Data Address
5885;0;0;0x0000;02 Illegal Data Address
5886;0;0;0x0000;02 Illegal Data Address
5887;0;0;0x0000;02 Illegal Data Address
5888;0;0;0x0000;02 Illegal Data Address
5889;0;0;0x0000;02 Illegal Data Address
5890;0;0;0x0000;02 Illegal Data Address
5891;0;0;0x0000;02 Illegal Data Address
5892;0;0;0x0000;02 Illegal Data Address
5893;0;0;0x0000;02 Illegal Data Address
5894;0;0;0x0000;02 Illegal Data Address
5895;0;0;0x0000;02 Illegal Data Address
5896;0;0;0x0000;02 Illegal Data Address
5897;0;0;0x0000;02 Illegal Data Address
5898;0;0;0x0000;02 Illegal Data Address
5899;0;0;0x0000;02 Illegal Data Address
5900;0;0;0x0000;02 Illegal Data Address
5901;0;0;0x0000;02 Illegal Data Address
5902;0;0;0x0000;02 Illegal Data Address
5903;0;0;0x0000;02 Illegal Data Address
5904;0;0;0x0000;02 Illegal Data Address
5905;0;0;0x0000;02 Illegal Data Address
5906;0;0;0x0000;02 Illegal Data Address
5907;0;0;0x0000;02 Illegal Data Address
5908;0;0;0x0000;02 Illegal Data Address
5909;0;0;0x0000;02 Illegal Data Address
5910;0;0;0x0000;02 Illegal Data Address
5911;0;0;0x0000;02 Illegal Data Address
5912;0;0;0x0000;02 Illegal Data Address
5913;0;0;0x0000;02 Illegal Data Address
5914;0;0;0x0000;02 Illegal Data Address
5915;0;0;0x0000;02 Illegal Data Address
5916;0;0;0x0000;02 Illegal Data Address
5917;0;0;0x0000;02 Illegal Data Address
5918;0;0;0x0000;02 Illegal Data Address
5919;0;0;0x0000;02 Illegal Data Address
5920;0;0;0x0000;02 Illegal Data Address
5921;0;0;0x0000;02 Illegal Data Address
5922;0;0;0x0000;02 Illegal Data Address
5923;0;0;0x0000;02 Illegal Data Address
5924;0;0;0x0000;02 Illegal Data Address
5925;0;0;0x0000;02 Illegal Data Address
5926;0;0;0x0000;02 Illegal Data Address
5927;0;0;0x0000;02 Illegal Data Address
5928;0;0;0x0000;02 Illegal Data Address
5929;0;0;0x0000;02 Illegal Data Address
5930;0;0;0x0000;02 Illegal Data Address
5931;0;0;0x0000;02 Illegal Data Address
5932;0;0;0x0000;02 Illegal Data Address
5933;0;0;0x0000;02 Illegal Data Address
5934;0;0;0x0000;02 Illegal Data Address
5935;0;0;0x0000;02 Illegal Data Address
5936;0;0;0x0000;02 Illegal Data Address
5937;0;0;0x0000;02 Illegal Data Address
5938;0;0;0x0000;02 Illegal Data Address
5939;0;0;0x0000;02 Illegal Data Address
5940;0;0;0x0000;02 Illegal Data Address
5941;0;0;0x0000;02 Illegal Data Address
5942;0;0;0x0000;02 Illegal Data Address
5943;0;0;0x0000;02 Illegal Data Address
5944;0;0;0x0000;02 Illegal Data Address
5945;0;0;0x0000;02 Illegal Data Address
5946;0;0;0x0000;02 Illegal Data Address
5947;0;0;0x0000;02 Illegal Data Address
5948;0;0;0x0000;02 Illegal Data Address
5949;0;0;0x0000;02 Illegal Data Address
5950;0;0;0x0000;02 Illegal Data Address
5951;0;0;0x0000;02 Illegal Data Address
5952;0;0;0x0000;02 Illegal Data Address
5953;0;0;0x0000;02 Illegal Data Address
5954;0;0;0x0000;02 Illegal Data Address
5955;0;0;0x0000;02 Illegal Data Address
5956;0;0;0x0000;02 Illegal Data Address
5957;0;0;0x0000;02 Illegal Data Address
5958;0;0;0x0000;02 Illegal Data Address
5959;0;0;0x0000;02 Illegal Data Address
5960;0;0;0x0000;02 Illegal Data Address
5961;0;0;0x0000;02 Illegal Data Address
5962;0;0;0x0000;02 Illegal Data Address
5963;0;0;0x0000;02 Illegal Data Address
5964;0;0;0x0000;02 Illegal Data Address
5965;0;0;0x0000;02 Illegal Data Address
5966;0;0;0x0000;02 Illegal Data Address
5967;0;0;0x0000;02 Illegal Data Address
5968;0;0;0x0000;02 Illegal Data Address
5969;0;0;0x0000;02 Illegal Data Address
5970;0;0;0x0000;02 Illegal Data Address
5971;0;0;0x0000;02 Illegal Data Address
5972;0;0;0x0000;02 Illegal Data Address
5973;0;0;0x0000;02 Illegal Data Address
5974;0;0;0x0000;02 Illegal Data Address
5975;0;0;0x0000;02 Illegal Data Address
5976;0;0;0x0000;02 Illegal Data Address
5977;0;0;0x0000;02 Illegal Data Address
5978;0;0;0x0000;02 Illegal Data Address
5979;0;0;0x0000;02 Illegal Data Address
5980;0;0;0x0000;02 Illegal Data Address
5981;0;0;0x0000;02 Illegal Data Address
5982;0;0;0x0000;02 Illegal Data Address
5983;0;0;0x0000;02 Illegal Data Address
5984;0;0;0x0000;02 Illegal Data Address
5985;0;0;0x0000;02 Illegal Data Address
5986;0;0;0x0000;02 Illegal Data Address
5987;0;0;0x0000;02 Illegal Data Address
5988;0;0;0x0000;02 Illegal Data Address
5989;0;0;0x0000;02 Illegal Data Address
5990;0;0;0x0000;02 Illegal Data Address
5991;0;0;0x0000;02 Illegal Data Address
5992;0;0;0x0000;02 Illegal Data Address
5993;0;0;0x0000;02 Illegal Data Address
5994;0;0;0x0000;02 Illegal Data Address
5995;0;0;0x0000;02 Illegal Data Address
5996;0;0;0x0000;02 Illegal Data Address
5997;0;0;0x0000;02 Illegal Data Address
5998;0;0;0x0000;02 Illegal Data Address
5999;0;0;0x0000;02 Illegal Data Address
6000;0;0;0x0000;02 Illegal Data Address
6001;0;0;0x0000;02 Illegal Data Address
6002;0;0;0x0000;02 Illegal Data Address
6003;0;0;0x0000;02 Illegal Data Address
6004;0;0;0x0000;02 Illegal Data Address
6005;0;0;0x0000;02 Illegal Data Address
6006;0;0;0x0000;02 Illegal Data Address
6007;0;0;0x0000;02 Illegal Data Address
6008;0;0;0x0000;02 Illegal Data Address
6009;0;0;0x0000;02 Illegal Data Address
6010;0;0;0x0000;02 Illegal Data Address
6011;0;0;0x0000;02 Illegal Data Address
6012;0;0;0x0000;02 Illegal Data Address
6013;0;0;0x0000;02 Illegal Data Address
6014;0;0;0x0000;02 Illegal Data Address
6015;0;0;0x0000;02 Illegal Data Address
6016;0;0;0x0000;02 Illegal Data Address
6017;0;0;0x0000;02 Illegal Data Address
6018;0;0;0x0000;02 Illegal Data Address
6019;0;0;0x0000;02 Illegal Data Address
6020;0;0;0x0000;02 Illegal Data Address
6021;0;0;0x0000;02 Illegal Data Address
6022;0;0;0x0000;02 Illegal Data Address
6023;0;0;0x0000;02 Illegal Data Address
6024;0;0;0x0000;02 Illegal Data Address
6025;0;0;0x0000;02 Illegal Data Address
6026;0;0;0x0000;02 Illegal Data Address
6027;0;0;0x0000;02 Illegal Data Address
6028;0;0;0x0000;02 Illegal Data Address
6029;0;0;0x0000;02 Illegal Data Address
6030;0;0;0x0000;02 Illegal Data Address
6031;0;0;0x0000;02 Illegal Data Address
6032;0;0;0x0000;02 Illegal Data Address
6033;0;0;0x0000;02 Illegal Data Address
6034;0;0;0x0000;02 Illegal Data Address
6035;0;0;0x0000;02 Illegal Data Address
6036;0;0;0x0000;02 Illegal Data Address
6037;0;0;0x0000;02 Illegal Data Address
6038;0;0;0x0000;02 Illegal Data Address
6039;0;0;0x0000;02 Illegal Data Address
6040;0;0;0x0000;02 Illegal Data Address
6041;0;0;0x0000;02 Illegal Data Address
6042;0;0;0x0000;02 Illegal Data Address
6043;0;0;0x0000;02 Illegal Data Address
6044;0;0;0x0000;02 Illegal Data Address
6045;0;0;0x0000;02 Illegal Data Address
6046;0;0;0x0000;02 Illegal Data Address
6047;0;0;0x0000;02 Illegal Data Address
6048;0;0;0x0000;02 Illegal Data Address
6049;0;0;0x0000;02 Illegal Data Address
6050;0;0;0x0000;02 Illegal Data Address
6051;0;0;0x0000;02 Illegal Data Address
6052;0;0;0x0000;02 Illegal Data Address
6053;0;0;0x0000;02 Illegal Data Address
6054;0;0;0x0000;02 Illegal Data Address
6055;0;0;0x0000;02 Illegal Data Address
6056;0;0;0x0000;02 Illegal Data Address
6057;0;0;0x0000;02 Illegal Data Address
6058;0;0;0x0000;02 Illegal Data Address
6059;0;0;0x0000;02 Illegal Data Address
6060;0;0;0x0000;02 Illegal Data Address
6061;0;0;0x0000;02 Illegal Data Address
6062;0;0;0x0000;02 Illegal Data Address
6063;0;0;0x0000;02 Illegal Data Address
6064;0;0;0x0000;02 Illegal Data Address
6065;0;0;0x0000;02 Illegal Data Address
6066;0;0;0x0000;02 Illegal Data Address
6067;0;0;0x0000;02 Illegal Data Address
6068;0;0;0x0000;02 Illegal Data Address
6069;0;0;0x0000;02 Illegal Data Address
6070;0;0;0x0000;02 Illegal Data Address
6071;0;0;0x0000;02 Illegal Data Address
6072;0;0;0x0000;02 Illegal Data Address
6073;0;0;0x0000;02 Illegal Data Address
6074;0;0;0x0000;02 Illegal Data Address
6075;0;0;0x0000;02 Illegal Data Address
6076;0;0;0x0000;02 Illegal Data Address
6077;0;0;0x0000;02 Illegal Data Address
6078;0;0;0x0000;02 Illegal Data Address
6079;0;0;0x0000;02 Illegal Data Address
6080;0;0;0x0000;02 Illegal Data Address
6081;0;0;0x0000;02 Illegal Data Address
6082;0;0;0x0000;02 Illegal Data Address
6083;0;0;0x0000;02 Illegal Data Address
6084;0;0;0x0000;02 Illegal Data Address
6085;0;0;0x0000;02 Illegal Data Address
6086;0;0;0x0000;02 Illegal Data Address
6087;0;0;0x0000;02 Illegal Data Address
6088;0;0;0x0000;02 Illegal Data Address
6089;0;0;0x0000;02 Illegal Data Address
6090;0;0;0x0000;02 Illegal Data Address
6091;0;0;0x0000;02 Illegal Data Address
6092;0;0;0x0000;02 Illegal Data Address
6093;0;0;0x0000;02 Illegal Data Address
6094;0;0;0x0000;02 Illegal Data Address
6095;0;0;0x0000;02 Illegal Data Address
6096;0;0;0x0000;02 Illegal Data Address
6097;0;0;0x0000;02 Illegal Data Address
6098;0;0;0x0000;02 Illegal Data Address
6099;0;0;0x0000;02 Illegal Data Address
6100;0;0;0x0000;02 Illegal Data Address
6101;0;0;0x0000;02 Illegal Data Address
6102;0;0;0x0000;02 Illegal Data Address
6103;0;0;0x0000;02 Illegal Data Address
6104;0;0;0x0000;02 Illegal Data Address
6105;0;0;0x0000;02 Illegal Data Address
6106;0;0;0x0000;02 Illegal Data Address
6107;0;0;0x0000;02 Illegal Data Address
6108;0;0;0x0000;02 Illegal Data Address
6109;0;0;0x0000;02 Illegal Data Address
6110;0;0;0x0000;02 Illegal Data Address
6111;0;0;0x0000;02 Illegal Data Address
6112;0;0;0x0000;02 Illegal Data Address
6113;0;0;0x0000;02 Illegal Data Address
6114;0;0;0x0000;02 Illegal Data Address
6115;0;0;0x0000;02 Illegal Data Address
6116;0;0;0x0000;02 Illegal Data Address
6117;0;0;0x0000;02 Illegal Data Address
6118;0;0;0x0000;02 Illegal Data Address
6119;0;0;0x0000;02 Illegal Data Address
6120;0;0;0x0000;02 Illegal Data Address
6121;0;0;0x0000;02 Illegal Data Address
6122;0;0;0x0000;02 Illegal Data Address
6123;0;0;0x0000;02 Illegal Data Address
6124;0;0;0x0000;02 Illegal Data Address
6125;0;0;0x0000;02 Illegal Data Address
6126;0;0;0x0000;02 Illegal Data Address
6127;0;0;0x0000;02 Illegal Data Address
6128;0;0;0x0000;02 Illegal Data Address
6129;0;0;0x0000;02 Illegal Data Address
6130;0;0;0x0000;02 Illegal Data Address
6131;0;0;0x0000;02 Illegal Data Address
6132;0;0;0x0000;02 Illegal Data Address
6133;0;0;0x0000;02 Illegal Data Address
6134;0;0;0x0000;02 Illegal Data Address
6135;0;0;0x0000;02 Illegal Data Address
6136;0;0;0x0000;02 Illegal Data Address
6137;0;0;0x0000;02 Illegal Data Address
6138;0;0;0x0000;02 Illegal Data Address
6139;0;0;0x0000;02 Illegal Data Address
6140;0;0;0x0000;02 Illegal Data Address
6141;0;0;0x0000;02 Illegal Data Address
6142;0;0;0x0000;02 Illegal Data Address
6143;0;0;0x0000;02 Illegal Data Address
6144;0;0;0x0000;02 Illegal Data Address
6145;0;0;0x0000;02 Illegal Data Address
6146;0;0;0x0000;02 Illegal Data Address
6147;0;0;0x0000;02 Illegal Data Address
6148;0;0;0x0000;02 Illegal Data Address
6149;0;0;0x0000;02 Illegal Data Address
6150;0;0;0x0000;02 Illegal Data Address
6151;0;0;0x0000;02 Illegal Data Address
6152;0;0;0x0000;02 Illegal Data Address
6153;0;0;0x0000;02 Illegal Data Address
6154;0;0;0x0000;02 Illegal Data Address
6155;0;0;0x0000;02 Illegal Data Address
6156;0;0;0x0000;02 Illegal Data Address
6157;0;0;0x0000;02 Illegal Data Address
6158;0;0;0x0000;02 Illegal Data Address
6159;0;0;0x0000;02 Illegal Data Address
6160;0;0;0x0000;02 Illegal Data Address
6161;0;0;0x0000;02 Illegal Data Address
6162;0;0;0x0000;02 Illegal Data Address
6163;0;0;0x0000;02 Illegal Data Address
6164;0;0;0x0000;02 Illegal Data Address
6165;0;0;0x0000;02 Illegal Data Address
6166;0;0;0x0000;02 Illegal Data Address
6167;0;0;0x0000;02 Illegal Data Address
6168;0;0;0x0000;02 Illegal Data Address
6169;0;0;0x0000;02 Illegal Data Address
6170;0;0;0x0000;02 Illegal Data Address
6171;0;0;0x0000;02 Illegal Data Address
6172;0;0;0x0000;02 Illegal Data Address
6173;0;0;0x0000;02 Illegal Data Address
6174;0;0;0x0000;02 Illegal Data Address
6175;0;0;0x0000;02 Illegal Data Address
6176;0;0;0x0000;02 Illegal Data Address
6177;0;0;0x0000;02 Illegal Data Address
6178;0;0;0x0000;02 Illegal Data Address
6179;0;0;0x0000;02 Illegal Data Address
6180;0;0;0x0000;02 Illegal Data Address
6181;0;0;0x0000;02 Illegal Data Address
6182;0;0;0x0000;02 Illegal Data Address
6183;0;0;0x0000;02 Illegal Data Address
6184;0;0;0x0000;02 Illegal Data Address
6185;0;0;0x0000;02 Illegal Data Address
6186;0;0;0x0000;02 Illegal Data Address
6187;0;0;0x0000;02 Illegal Data Address
6188;0;0;0x0000;02 Illegal Data Address
6189;0;0;0x0000;02 Illegal Data Address
6190;0;0;0x0000;02 Illegal Data Address
6191;0;0;0x0000;02 Illegal Data Address
6192;0;0;0x0000;02 Illegal Data Address
6193;0;0;0x0000;02 Illegal Data Address
6194;0;0;0x0000;02 Illegal Data Address
6195;0;0;0x0000;02 Illegal Data Address
6196;0;0;0x0000;02 Illegal Data Address
6197;0;0;0x0000;02 Illegal Data Address
6198;0;0;0x0000;02 Illegal Data Address
6199;0;0;0x0000;02 Illegal Data Address
6200;0;0;0x0000;02 Illegal Data Address
6201;0;0;0x0000;02 Illegal Data Address
6202;0;0;0x0000;02 Illegal Data Address
6203;0;0;0x0000;02 Illegal Data Address
6204;0;0;0x0000;02 Illegal Data Address
6205;0;0;0x0000;02 Illegal Data Address
6206;0;0;0x0000;02 Illegal Data Address
6207;0;0;0x0000;02 Illegal Data Address
6208;0;0;0x0000;02 Illegal Data Address
6209;0;0;0x0000;02 Illegal Data Address
6210;0;0;0x0000;02 Illegal Data Address
6211;0;0;0x0000;02 Illegal Data Address
6212;0;0;0x0000;02 Illegal Data Address
6213;0;0;0x0000;02 Illegal Data Address
6214;0;0;0x0000;02 Illegal Data Address
6215;0;0;0x0000;02 Illegal Data Address
6216;0;0;0x0000;02 Illegal Data Address
6217;0;0;0x0000;02 Illegal Data Address
6218;0;0;0x0000;02 Illegal Data Address
6219;0;0;0x0000;02 Illegal Data Address
6220;0;0;0x0000;02 Illegal Data Address
6221;0;0;0x0000;02 Illegal Data Address
6222;0;0;0x0000;02 Illegal Data Address
6223;0;0;0x0000;02 Illegal Data Address
6224;0;0;0x0000;02 Illegal Data Address
6225;0;0;0x0000;02 Illegal Data Address
6226;0;0;0x0000;02 Illegal Data Address
6227;0;0;0x0000;02 Illegal Data Address
6228;0;0;0x0000;02 Illegal Data Address
6229;0;0;0x0000;02 Illegal Data Address
6230;0;0;0x0000;02 Illegal Data Address
6231;0;0;0x0000;02 Illegal Data Address
6232;0;0;0x0000;02 Illegal Data Address
6233;0;0;0x0000;02 Illegal Data Address
6234;0;0;0x0000;02 Illegal Data Address
6235;0;0;0x0000;02 Illegal Data Address
6236;0;0;0x0000;02 Illegal Data Address
6237;0;0;0x0000;02 Illegal Data Address
6238;0;0;0x0000;02 Illegal Data Address
6239;0;0;0x0000;02 Illegal Data Address
6240;0;0;0x0000;02 Illegal Data Address
6241;0;0;0x0000;02 Illegal Data Address
6242;0;0;0x0000;02 Illegal Data Address
6243;0;0;0x0000;02 Illegal Data Address
6244;0;0;0x0000;02 Illegal Data Address
6245;0;0;0x0000;02 Illegal Data Address
6246;0;0;0x0000;02 Illegal Data Address
6247;0;0;0x0000;02 Illegal Data Address
6248;0;0;0x0000;02 Illegal Data Address
6249;0;0;0x0000;02 Illegal Data Address
6250;0;0;0x0000;02 Illegal Data Address
6251;0;0;0x0000;02 Illegal Data Address
6252;0;0;0x0000;02 Illegal Data Address
6253;0;0;0x0000;02 Illegal Data Address
6254;0;0;0x0000;02 Illegal Data Address
6255;0;0;0x0000;02 Illegal Data Address
6256;0;0;0x0000;02 Illegal Data Address
6257;0;0;0x0000;02 Illegal Data Address
6258;0;0;0x0000;02 Illegal Data Address
6259;0;0;0x0000;02 Illegal Data Address
6260;0;0;0x0000;02 Illegal Data Address
6261;0;0;0x0000;02 Illegal Data Address
6262;0;0;0x0000;02 Illegal Data Address
6263;0;0;0x0000;02 Illegal Data Address
6264;0;0;0x0000;02 Illegal Data Address
6265;0;0;0x0000;02 Illegal Data Address
6266;0;0;0x0000;02 Illegal Data Address
6267;0;0;0x0000;02 Illegal Data Address
6268;0;0;0x0000;02 Illegal Data Address
6269;0;0;0x0000;02 Illegal Data Address
6270;0;0;0x0000;02 Illegal Data Address
6271;0;0;0x0000;02 Illegal Data Address
6272;0;0;0x0000;02 Illegal Data Address
6273;0;0;0x0000;02 Illegal Data Address
6274;0;0;0x0000;02 Illegal Data Address
6275;0;0;0x0000;02 Illegal Data Address
6276;0;0;0x0000;02 Illegal Data Address
6277;0;0;0x0000;02 Illegal Data Address
6278;0;0;0x0000;02 Illegal Data Address
6279;0;0;0x0000;02 Illegal Data Address
6280;0;0;0x0000;02 Illegal Data Address
6281;0;0;0x0000;02 Illegal Data Address
6282;0;0;0x0000;02 Illegal Data Address
6283;0;0;0x0000;02 Illegal Data Address
6284;0;0;0x0000;02 Illegal Data Address
6285;0;0;0x0000;02 Illegal Data Address
6286;0;0;0x0000;02 Illegal Data Address
6287;0;0;0x0000;02 Illegal Data Address
6288;0;0;0x0000;02 Illegal Data Address
6289;0;0;0x0000;02 Illegal Data Address
6290;0;0;0x0000;02 Illegal Data Address
6291;0;0;0x0000;02 Illegal Data Address
6292;0;0;0x0000;02 Illegal Data Address
6293;0;0;0x0000;02 Illegal Data Address
6294;0;0;0x0000;02 Illegal Data Address
6295;0;0;0x0000;02 Illegal Data Address
6296;0;0;0x0000;02 Illegal Data Address
6297;0;0;0x0000;02 Illegal Data Address
6298;0;0;0x0000;02 Illegal Data Address
6299;0;0;0x0000;02 Illegal Data Address
6300;0;0;0x0000;02 Illegal Data Address
6301;0;0;0x0000;02 Illegal Data Address
6302;0;0;0x0000;02 Illegal Data Address
6303;0;0;0x0000;02 Illegal Data Address
6304;0;0;0x0000;02 Illegal Data Address
6305;0;0;0x0000;02 Illegal Data Address
6306;0;0;0x0000;02 Illegal Data Address
6307;0;0;0x0000;02 Illegal Data Address
6308;0;0;0x0000;02 Illegal Data Address
6309;0;0;0x0000;02 Illegal Data Address
6310;0;0;0x0000;02 Illegal Data Address
6311;0;0;0x0000;02 Illegal Data Address
6312;0;0;0x0000;02 Illegal Data Address
6313;0;0;0x0000;02 Illegal Data Address
6314;0;0;0x0000;02 Illegal Data Address
6315;0;0;0x0000;02 Illegal Data Address
6316;0;0;0x0000;02 Illegal Data Address
6317;0;0;0x0000;02 Illegal Data Address
6318;0;0;0x0000;02 Illegal Data Address
6319;0;0;0x0000;02 Illegal Data Address
6320;0;0;0x0000;02 Illegal Data Address
6321;0;0;0x0000;02 Illegal Data Address
6322;0;0;0x0000;02 Illegal Data Address
6323;0;0;0x0000;02 Illegal Data Address
6324;0;0;0x0000;02 Illegal Data Address
6325;0;0;0x0000;02 Illegal Data Address
6326;0;0;0x0000;02 Illegal Data Address
6327;0;0;0x0000;02 Illegal Data Address
6328;0;0;0x0000;02 Illegal Data Address
6329;0;0;0x0000;02 Illegal Data Address
6330;0;0;0x0000;02 Illegal Data Address
6331;0;0;0x0000;02 Illegal Data Address
6332;0;0;0x0000;02 Illegal Data Address
6333;0;0;0x0000;02 Illegal Data Address
6334;0;0;0x0000;02 Illegal Data Address
6335;0;0;0x0000;02 Illegal Data Address
6336;0;0;0x0000;02 Illegal Data Address
6337;0;0;0x0000;02 Illegal Data Address
6338;0;0;0x0000;02 Illegal Data Address
6339;0;0;0x0000;02 Illegal Data Address
6340;0;0;0x0000;02 Illegal Data Address
6341;0;0;0x0000;02 Illegal Data Address
6342;0;0;0x0000;02 Illegal Data Address
6343;0;0;0x0000;02 Illegal Data Address
6344;0;0;0x0000;02 Illegal Data Address
6345;0;0;0x0000;02 Illegal Data Address
6346;0;0;0x0000;02 Illegal Data Address
6347;0;0;0x0000;02 Illegal Data Address
6348;0;0;0x0000;02 Illegal Data Address
6349;0;0;0x0000;02 Illegal Data Address
6350;0;0;0x0000;02 Illegal Data Address
6351;0;0;0x0000;02 Illegal Data Address
6352;0;0;0x0000;02 Illegal Data Address
6353;0;0;0x0000;02 Illegal Data Address
6354;0;0;0x0000;02 Illegal Data Address
6355;0;0;0x0000;02 Illegal Data Address
6356;0;0;0x0000;02 Illegal Data Address
6357;0;0;0x0000;02 Illegal Data Address
6358;0;0;0x0000;02 Illegal Data Address
6359;0;0;0x0000;02 Illegal Data Address
6360;0;0;0x0000;02 Illegal Data Address
6361;0;0;0x0000;02 Illegal Data Address
6362;0;0;0x0000;02 Illegal Data Address
6363;0;0;0x0000;02 Illegal Data Address
6364;0;0;0x0000;02 Illegal Data Address
6365;0;0;0x0000;02 Illegal Data Address
6366;0;0;0x0000;02 Illegal Data Address
6367;0;0;0x0000;02 Illegal Data Address
6368;0;0;0x0000;02 Illegal Data Address
6369;0;0;0x0000;02 Illegal Data Address
6370;0;0;0x0000;02 Illegal Data Address
6371;0;0;0x0000;02 Illegal Data Address
6372;0;0;0x0000;02 Illegal Data Address
6373;0;0;0x0000;02 Illegal Data Address
6374;0;0;0x0000;02 Illegal Data Address
6375;0;0;0x0000;02 Illegal Data Address
6376;0;0;0x0000;02 Illegal Data Address
6377;0;0;0x0000;02 Illegal Data Address
6378;0;0;0x0000;02 Illegal Data Address
6379;0;0;0x0000;02 Illegal Data Address
6380;0;0;0x0000;02 Illegal Data Address
6381;0;0;0x0000;02 Illegal Data Address
6382;0;0;0x0000;02 Illegal Data Address
6383;0;0;0x0000;02 Illegal Data Address
6384;0;0;0x0000;02 Illegal Data Address
6385;0;0;0x0000;02 Illegal Data Address
6386;0;0;0x0000;02 Illegal Data Address
6387;0;0;0x0000;02 Illegal Data Address
6388;0;0;0x0000;02 Illegal Data Address
6389;0;0;0x0000;02 Illegal Data Address
6390;0;0;0x0000;02 Illegal Data Address
6391;0;0;0x0000;02 Illegal Data Address
6392;0;0;0x0000;02 Illegal Data Address
6393;0;0;0x0000;02 Illegal Data Address
6394;0;0;0x0000;02 Illegal Data Address
6395;0;0;0x0000;02 Illegal Data Address
6396;0;0;0x0000;02 Illegal Data Address
6397;0;0;0x0000;02 Illegal Data Address
6398;0;0;0x0000;02 Illegal Data Address
6399;0;0;0x0000;02 Illegal Data Address
6400;0;0;0x0000;02 Illegal Data Address
6401;0;0;0x0000;02 Illegal Data Address
6402;0;0;0x0000;02 Illegal Data Address
6403;0;0;0x0000;02 Illegal Data Address
6404;0;0;0x0000;02 Illegal Data Address
6405;0;0;0x0000;02 Illegal Data Address
6406;0;0;0x0000;02 Illegal Data Address
6407;0;0;0x0000;02 Illegal Data Address
6408;0;0;0x0000;02 Illegal Data Address
6409;0;0;0x0000;02 Illegal Data Address
6410;0;0;0x0000;02 Illegal Data Address
6411;0;0;0x0000;02 Illegal Data Address
6412;0;0;0x0000;02 Illegal Data Address
6413;0;0;0x0000;02 Illegal Data Address
6414;0;0;0x0000;02 Illegal Data Address
6415;0;0;0x0000;02 Illegal Data Address
6416;0;0;0x0000;02 Illegal Data Address
6417;0;0;0x0000;02 Illegal Data Address
6418;0;0;0x0000;02 Illegal Data Address
6419;0;0;0x0000;02 Illegal Data Address
6420;0;0;0x0000;02 Illegal Data Address
6421;0;0;0x0000;02 Illegal Data Address
6422;0;0;0x0000;02 Illegal Data Address
6423;0;0;0x0000;02 Illegal Data Address
6424;0;0;0x0000;02 Illegal Data Address
6425;0;0;0x0000;02 Illegal Data Address
6426;0;0;0x0000;02 Illegal Data Address
6427;0;0;0x0000;02 Illegal Data Address
6428;0;0;0x0000;02 Illegal Data Address
6429;0;0;0x0000;02 Illegal Data Address
6430;0;0;0x0000;02 Illegal Data Address
6431;0;0;0x0000;02 Illegal Data Address
6432;0;0;0x0000;02 Illegal Data Address
6433;0;0;0x0000;02 Illegal Data Address
6434;0;0;0x0000;02 Illegal Data Address
6435;0;0;0x0000;02 Illegal Data Address
6436;0;0;0x0000;02 Illegal Data Address
6437;0;0;0x0000;02 Illegal Data Address
6438;0;0;0x0000;02 Illegal Data Address
6439;0;0;0x0000;02 Illegal Data Address
6440;0;0;0x0000;02 Illegal Data Address
6441;0;0;0x0000;02 Illegal Data Address
6442;0;0;0x0000;02 Illegal Data Address
6443;0;0;0x0000;02 Illegal Data Address
6444;0;0;0x0000;02 Illegal Data Address
6445;0;0;0x0000;02 Illegal Data Address
6446;0;0;0x0000;02 Illegal Data Address
6447;0;0;0x0000;02 Illegal Data Address
6448;0;0;0x0000;02 Illegal Data Address
6449;0;0;0x0000;02 Illegal Data Address
6450;0;0;0x0000;02 Illegal Data Address
6451;0;0;0x0000;02 Illegal Data Address
6452;0;0;0x0000;02 Illegal Data Address
6453;0;0;0x0000;02 Illegal Data Address
6454;0;0;0x0000;02 Illegal Data Address
6455;0;0;0x0000;02 Illegal Data Address
6456;0;0;0x0000;02 Illegal Data Address
6457;0;0;0x0000;02 Illegal Data Address
6458;0;0;0x0000;02 Illegal Data Address
6459;0;0;0x0000;02 Illegal Data Address
6460;0;0;0x0000;02 Illegal Data Address
6461;0;0;0x0000;02 Illegal Data Address
6462;0;0;0x0000;02 Illegal Data Address
6463;0;0;0x0000;02 Illegal Data Address
6464;0;0;0x0000;02 Illegal Data Address
6465;0;0;0x0000;02 Illegal Data Address
6466;0;0;0x0000;02 Illegal Data Address
6467;0;0;0x0000;02 Illegal Data Address
6468;0;0;0x0000;02 Illegal Data Address
6469;0;0;0x0000;02 Illegal Data Address
6470;0;0;0x0000;02 Illegal Data Address
6471;0;0;0x0000;02 Illegal Data Address
6472;0;0;0x0000;02 Illegal Data Address
6473;0;0;0x0000;02 Illegal Data Address
6474;0;0;0x0000;02 Illegal Data Address
6475;0;0;0x0000;02 Illegal Data Address
6476;0;0;0x0000;02 Illegal Data Address
6477;0;0;0x0000;02 Illegal Data Address
6478;0;0;0x0000;02 Illegal Data Address
6479;0;0;0x0000;02 Illegal Data Address
6480;0;0;0x0000;02 Illegal Data Address
6481;0;0;0x0000;02 Illegal Data Address
6482;0;0;0x0000;02 Illegal Data Address
6483;0;0;0x0000;02 Illegal Data Address
6484;0;0;0x0000;02 Illegal Data Address
6485;0;0;0x0000;02 Illegal Data Address
6486;0;0;0x0000;02 Illegal Data Address
6487;0;0;0x0000;02 Illegal Data Address
6488;0;0;0x0000;02 Illegal Data Address
6489;0;0;0x0000;02 Illegal Data Address
6490;0;0;0x0000;02 Illegal Data Address
6491;0;0;0x0000;02 Illegal Data Address
6492;0;0;0x0000;02 Illegal Data Address
6493;0;0;0x0000;02 Illegal Data Address
6494;0;0;0x0000;02 Illegal Data Address
6495;0;0;0x0000;02 Illegal Data Address
6496;0;0;0x0000;02 Illegal Data Address
6497;0;0;0x0000;02 Illegal Data Address
6498;0;0;0x0000;02 Illegal Data Address
6499;0;0;0x0000;02 Illegal Data Address
6500;0;0;0x0000;02 Illegal Data Address
6501;0;0;0x0000;02 Illegal Data Address
6502;0;0;0x0000;02 Illegal Data Address
6503;0;0;0x0000;02 Illegal Data Address
6504;0;0;0x0000;02 Illegal Data Address
6505;0;0;0x0000;02 Illegal Data Address
6506;0;0;0x0000;02 Illegal Data Address
6507;0;0;0x0000;02 Illegal Data Address
6508;0;0;0x0000;02 Illegal Data Address
6509;0;0;0x0000;02 Illegal Data Address
6510;0;0;0x0000;02 Illegal Data Address
6511;0;0;0x0000;02 Illegal Data Address
6512;0;0;0x0000;02 Illegal Data Address
6513;0;0;0x0000;02 Illegal Data Address
6514;0;0;0x0000;02 Illegal Data Address
6515;0;0;0x0000;02 Illegal Data Address
6516;0;0;0x0000;02 Illegal Data Address
6517;0;0;0x0000;02 Illegal Data Address
6518;0;0;0x0000;02 Illegal Data Address
6519;0;0;0x0000;02 Illegal Data Address
6520;0;0;0x0000;02 Illegal Data Address
6521;0;0;0x0000;02 Illegal Data Address
6522;0;0;0x0000;02 Illegal Data Address
6523;0;0;0x0000;02 Illegal Data Address
6524;0;0;0x0000;02 Illegal Data Address
6525;0;0;0x0000;02 Illegal Data Address
6526;0;0;0x0000;02 Illegal Data Address
6527;0;0;0x0000;02 Illegal Data Address
6528;0;0;0x0000;02 Illegal Data Address
6529;0;0;0x0000;02 Illegal Data Address
6530;0;0;0x0000;02 Illegal Data Address
6531;0;0;0x0000;02 Illegal Data Address
6532;0;0;0x0000;02 Illegal Data Address
6533;0;0;0x0000;02 Illegal Data Address
6534;0;0;0x0000;02 Illegal Data Address
6535;0;0;0x0000;02 Illegal Data Address
6536;0;0;0x0000;02 Illegal Data Address
6537;0;0;0x0000;02 Illegal Data Address
6538;0;0;0x0000;02 Illegal Data Address
6539;0;0;0x0000;02 Illegal Data Address
6540;0;0;0x0000;02 Illegal Data Address
6541;0;0;0x0000;02 Illegal Data Address
6542;0;0;0x0000;02 Illegal Data Address
6543;0;0;0x0000;02 Illegal Data Address
6544;0;0;0x0000;02 Illegal Data Address
6545;0;0;0x0000;02 Illegal Data Address
6546;0;0;0x0000;02 Illegal Data Address
6547;0;0;0x0000;02 Illegal Data Address
6548;0;0;0x0000;02 Illegal Data Address
6549;0;0;0x0000;02 Illegal Data Address
6550;0;0;0x0000;02 Illegal Data Address
6551;0;0;0x0000;02 Illegal Data Address
6552;0;0;0x0000;02 Illegal Data Address
6553;0;0;0x0000;02 Illegal Data Address
6554;0;0;0x0000;02 Illegal Data Address
6555;0;0;0x0000;02 Illegal Data Address
6556;0;0;0x0000;02 Illegal Data Address
6557;0;0;0x0000;02 Illegal Data Address
6558;0;0;0x0000;02 Illegal Data Address
6559;0;0;0x0000;02 Illegal Data Address
6560;0;0;0x0000;02 Illegal Data Address
6561;0;0;0x0000;02 Illegal Data Address
6562;0;0;0x0000;02 Illegal Data Address
6563;0;0;0x0000;02 Illegal Data Address
6564;0;0;0x0000;02 Illegal Data Address
6565;0;0;0x0000;02 Illegal Data Address
6566;0;0;0x0000;02 Illegal Data Address
6567;0;0;0x0000;02 Illegal Data Address
6568;0;0;0x0000;02 Illegal Data Address
6569;0;0;0x0000;02 Illegal Data Address
6570;0;0;0x0000;02 Illegal Data Address
6571;0;0;0x0000;02 Illegal Data Address
6572;0;0;0x0000;02 Illegal Data Address
6573;0;0;0x0000;02 Illegal Data Address
6574;0;0;0x0000;02 Illegal Data Address
6575;0;0;0x0000;02 Illegal Data Address
6576;0;0;0x0000;02 Illegal Data Address
6577;0;0;0x0000;02 Illegal Data Address
6578;0;0;0x0000;02 Illegal Data Address
6579;0;0;0x0000;02 Illegal Data Address
6580;0;0;0x0000;02 Illegal Data Address
6581;0;0;0x0000;02 Illegal Data Address
6582;0;0;0x0000;02 Illegal Data Address
6583;0;0;0x0000;02 Illegal Data Address
6584;0;0;0x0000;02 Illegal Data Address
6585;0;0;0x0000;02 Illegal Data Address
6586;0;0;0x0000;02 Illegal Data Address
6587;0;0;0x0000;02 Illegal Data Address
6588;0;0;0x0000;02 Illegal Data Address
6589;0;0;0x0000;02 Illegal Data Address
6590;0;0;0x0000;02 Illegal Data Address
6591;0;0;0x0000;02 Illegal Data Address
6592;0;0;0x0000;02 Illegal Data Address
6593;0;0;0x0000;02 Illegal Data Address
6594;0;0;0x0000;02 Illegal Data Address
6595;0;0;0x0000;02 Illegal Data Address
6596;0;0;0x0000;02 Illegal Data Address
6597;0;0;0x0000;02 Illegal Data Address
6598;0;0;0x0000;02 Illegal Data Address
6599;0;0;0x0000;02 Illegal Data Address
6600;0;0;0x0000;02 Illegal Data Address
6601;0;0;0x0000;02 Illegal Data Address
6602;0;0;0x0000;02 Illegal Data Address
6603;0;0;0x0000;02 Illegal Data Address
6604;0;0;0x0000;02 Illegal Data Address
6605;0;0;0x0000;02 Illegal Data Address
6606;0;0;0x0000;02 Illegal Data Address
6607;0;0;0x0000;02 Illegal Data Address
6608;0;0;0x0000;02 Illegal Data Address
6609;0;0;0x0000;02 Illegal Data Address
6610;0;0;0x0000;02 Illegal Data Address
6611;0;0;0x0000;02 Illegal Data Address
6612;0;0;0x0000;02 Illegal Data Address
6613;0;0;0x0000;02 Illegal Data Address
6614;0;0;0x0000;02 Illegal Data Address
6615;0;0;0x0000;02 Illegal Data Address
6616;0;0;0x0000;02 Illegal Data Address
6617;0;0;0x0000;02 Illegal Data Address
6618;0;0;0x0000;02 Illegal Data Address
6619;0;0;0x0000;02 Illegal Data Address
6620;0;0;0x0000;02 Illegal Data Address
6621;0;0;0x0000;02 Illegal Data Address
6622;0;0;0x0000;02 Illegal Data Address
6623;0;0;0x0000;02 Illegal Data Address
6624;0;0;0x0000;02 Illegal Data Address
6625;0;0;0x0000;02 Illegal Data Address
6626;0;0;0x0000;02 Illegal Data Address
6627;0;0;0x0000;02 Illegal Data Address
6628;0;0;0x0000;02 Illegal Data Address
6629;0;0;0x0000;02 Illegal Data Address
6630;0;0;0x0000;02 Illegal Data Address
6631;0;0;0x0000;02 Illegal Data Address
6632;0;0;0x0000;02 Illegal Data Address
6633;0;0;0x0000;02 Illegal Data Address
6634;0;0;0x0000;02 Illegal Data Address
6635;0;0;0x0000;02 Illegal Data Address
6636;0;0;0x0000;02 Illegal Data Address
6637;0;0;0x0000;02 Illegal Data Address
6638;0;0;0x0000;02 Illegal Data Address
6639;0;0;0x0000;02 Illegal Data Address
6640;0;0;0x0000;02 Illegal Data Address
6641;0;0;0x0000;02 Illegal Data Address
6642;0;0;0x0000;02 Illegal Data Address
6643;0;0;0x0000;02 Illegal Data Address
6644;0;0;0x0000;02 Illegal Data Address
6645;0;0;0x0000;02 Illegal Data Address
6646;0;0;0x0000;02 Illegal Data Address
6647;0;0;0x0000;02 Illegal Data Address
6648;0;0;0x0000;02 Illegal Data Address
6649;0;0;0x0000;02 Illegal Data Address
6650;0;0;0x0000;02 Illegal Data Address
6651;0;0;0x0000;02 Illegal Data Address
6652;0;0;0x0000;02 Illegal Data Address
6653;0;0;0x0000;02 Illegal Data Address
6654;0;0;0x0000;02 Illegal Data Address
6655;0;0;0x0000;02 Illegal Data Address
6656;0;0;0x0000;02 Illegal Data Address
6657;0;0;0x0000;02 Illegal Data Address
6658;0;0;0x0000;02 Illegal Data Address
6659;0;0;0x0000;02 Illegal Data Address
6660;0;0;0x0000;02 Illegal Data Address
6661;0;0;0x0000;02 Illegal Data Address
6662;0;0;0x0000;02 Illegal Data Address
6663;0;0;0x0000;02 Illegal Data Address
6664;0;0;0x0000;02 Illegal Data Address
6665;0;0;0x0000;02 Illegal Data Address
6666;0;0;0x0000;02 Illegal Data Address
6667;0;0;0x0000;02 Illegal Data Address
6668;0;0;0x0000;02 Illegal Data Address
6669;0;0;0x0000;02 Illegal Data Address
6670;0;0;0x0000;02 Illegal Data Address
6671;0;0;0x0000;02 Illegal Data Address
6672;0;0;0x0000;02 Illegal Data Address
6673;0;0;0x0000;02 Illegal Data Address
6674;0;0;0x0000;02 Illegal Data Address
6675;0;0;0x0000;02 Illegal Data Address
6676;0;0;0x0000;02 Illegal Data Address
6677;0;0;0x0000;02 Illegal Data Address
6678;0;0;0x0000;02 Illegal Data Address
6679;0;0;0x0000;02 Illegal Data Address
6680;0;0;0x0000;02 Illegal Data Address
6681;0;0;0x0000;02 Illegal Data Address
6682;0;0;0x0000;02 Illegal Data Address
6683;0;0;0x0000;02 Illegal Data Address
6684;0;0;0x0000;02 Illegal Data Address
6685;0;0;0x0000;02 Illegal Data Address
6686;0;0;0x0000;02 Illegal Data Address
6687;0;0;0x0000;02 Illegal Data Address
6688;0;0;0x0000;02 Illegal Data Address
6689;0;0;0x0000;02 Illegal Data Address
6690;0;0;0x0000;02 Illegal Data Address
6691;0;0;0x0000;02 Illegal Data Address
6692;0;0;0x0000;02 Illegal Data Address
6693;0;0;0x0000;02 Illegal Data Address
6694;0;0;0x0000;02 Illegal Data Address
6695;0;0;0x0000;02 Illegal Data Address
6696;0;0;0x0000;02 Illegal Data Address
6697;0;0;0x0000;02 Illegal Data Address
6698;0;0;0x0000;02 Illegal Data Address
6699;0;0;0x0000;02 Illegal Data Address
6700;0;0;0x0000;02 Illegal Data Address
6701;0;0;0x0000;02 Illegal Data Address
6702;0;0;0x0000;02 Illegal Data Address
6703;0;0;0x0000;02 Illegal Data Address
6704;0;0;0x0000;02 Illegal Data Address
6705;0;0;0x0000;02 Illegal Data Address
6706;0;0;0x0000;02 Illegal Data Address
6707;0;0;0x0000;02 Illegal Data Address
6708;0;0;0x0000;02 Illegal Data Address
6709;0;0;0x0000;02 Illegal Data Address
6710;0;0;0x0000;02 Illegal Data Address
6711;0;0;0x0000;02 Illegal Data Address
6712;0;0;0x0000;02 Illegal Data Address
6713;0;0;0x0000;02 Illegal Data Address
6714;0;0;0x0000;02 Illegal Data Address
6715;0;0;0x0000;02 Illegal Data Address
6716;0;0;0x0000;02 Illegal Data Address
6717;0;0;0x0000;02 Illegal Data Address
6718;0;0;0x0000;02 Illegal Data Address
6719;0;0;0x0000;02 Illegal Data Address
6720;0;0;0x0000;02 Illegal Data Address
6721;0;0;0x0000;02 Illegal Data Address
6722;0;0;0x0000;02 Illegal Data Address
6723;0;0;0x0000;02 Illegal Data Address
6724;0;0;0x0000;02 Illegal Data Address
6725;0;0;0x0000;02 Illegal Data Address
6726;0;0;0x0000;02 Illegal Data Address
6727;0;0;0x0000;02 Illegal Data Address
6728;0;0;0x0000;02 Illegal Data Address
6729;0;0;0x0000;02 Illegal Data Address
6730;0;0;0x0000;02 Illegal Data Address
6731;0;0;0x0000;02 Illegal Data Address
6732;0;0;0x0000;02 Illegal Data Address
6733;0;0;0x0000;02 Illegal Data Address
6734;0;0;0x0000;02 Illegal Data Address
6735;0;0;0x0000;02 Illegal Data Address
6736;0;0;0x0000;02 Illegal Data Address
6737;0;0;0x0000;02 Illegal Data Address
6738;0;0;0x0000;02 Illegal Data Address
6739;0;0;0x0000;02 Illegal Data Address
6740;0;0;0x0000;02 Illegal Data Address
6741;0;0;0x0000;02 Illegal Data Address
6742;0;0;0x0000;02 Illegal Data Address
6743;0;0;0x0000;02 Illegal Data Address
6744;0;0;0x0000;02 Illegal Data Address
6745;0;0;0x0000;02 Illegal Data Address
6746;0;0;0x0000;02 Illegal Data Address
6747;0;0;0x0000;02 Illegal Data Address
6748;0;0;0x0000;02 Illegal Data Address
6749;0;0;0x0000;02 Illegal Data Address
6750;0;0;0x0000;02 Illegal Data Address
6751;0;0;0x0000;02 Illegal Data Address
6752;0;0;0x0000;02 Illegal Data Address
6753;0;0;0x0000;02 Illegal Data Address
6754;0;0;0x0000;02 Illegal Data Address
6755;0;0;0x0000;02 Illegal Data Address
6756;0;0;0x0000;02 Illegal Data Address
6757;0;0;0x0000;02 Illegal Data Address
6758;0;0;0x0000;02 Illegal Data Address
6759;0;0;0x0000;02 Illegal Data Address
6760;0;0;0x0000;02 Illegal Data Address
6761;0;0;0x0000;02 Illegal Data Address
6762;0;0;0x0000;02 Illegal Data Address
6763;0;0;0x0000;02 Illegal Data Address
6764;0;0;0x0000;02 Illegal Data Address
6765;0;0;0x0000;02 Illegal Data Address
6766;0;0;0x0000;02 Illegal Data Address
6767;0;0;0x0000;02 Illegal Data Address
6768;0;0;0x0000;02 Illegal Data Address
6769;0;0;0x0000;02 Illegal Data Address
6770;0;0;0x0000;02 Illegal Data Address
6771;0;0;0x0000;02 Illegal Data Address
6772;0;0;0x0000;02 Illegal Data Address
6773;0;0;0x0000;02 Illegal Data Address
6774;0;0;0x0000;02 Illegal Data Address
6775;0;0;0x0000;02 Illegal Data Address
6776;0;0;0x0000;02 Illegal Data Address
6777;0;0;0x0000;02 Illegal Data Address
6778;0;0;0x0000;02 Illegal Data Address
6779;0;0;0x0000;02 Illegal Data Address
6780;0;0;0x0000;02 Illegal Data Address
6781;0;0;0x0000;02 Illegal Data Address
6782;0;0;0x0000;02 Illegal Data Address
6783;0;0;0x0000;02 Illegal Data Address
6784;0;0;0x0000;02 Illegal Data Address
6785;0;0;0x0000;02 Illegal Data Address
6786;0;0;0x0000;02 Illegal Data Address
6787;0;0;0x0000;02 Illegal Data Address
6788;0;0;0x0000;02 Illegal Data Address
6789;0;0;0x0000;02 Illegal Data Address
6790;0;0;0x0000;02 Illegal Data Address
6791;0;0;0x0000;02 Illegal Data Address
6792;0;0;0x0000;02 Illegal Data Address
6793;0;0;0x0000;02 Illegal Data Address
6794;0;0;0x0000;02 Illegal Data Address
6795;0;0;0x0000;02 Illegal Data Address
6796;0;0;0x0000;02 Illegal Data Address
6797;0;0;0x0000;02 Illegal Data Address
6798;0;0;0x0000;02 Illegal Data Address
6799;0;0;0x0000;02 Illegal Data Address
6800;0;0;0x0000;02 Illegal Data Address
6801;0;0;0x0000;02 Illegal Data Address
6802;0;0;0x0000;02 Illegal Data Address
6803;0;0;0x0000;02 Illegal Data Address
6804;0;0;0x0000;02 Illegal Data Address
6805;0;0;0x0000;02 Illegal Data Address
6806;0;0;0x0000;02 Illegal Data Address
6807;0;0;0x0000;02 Illegal Data Address
6808;0;0;0x0000;02 Illegal Data Address
6809;0;0;0x0000;02 Illegal Data Address
6810;0;0;0x0000;02 Illegal Data Address
6811;0;0;0x0000;02 Illegal Data Address
6812;0;0;0x0000;02 Illegal Data Address
6813;0;0;0x0000;02 Illegal Data Address
6814;0;0;0x0000;02 Illegal Data Address
6815;0;0;0x0000;02 Illegal Data Address
6816;0;0;0x0000;02 Illegal Data Address
6817;0;0;0x0000;02 Illegal Data Address
6818;0;0;0x0000;02 Illegal Data Address
6819;0;0;0x0000;02 Illegal Data Address
6820;0;0;0x0000;02 Illegal Data Address
6821;0;0;0x0000;02 Illegal Data Address
6822;0;0;0x0000;02 Illegal Data Address
6823;0;0;0x0000;02 Illegal Data Address
6824;0;0;0x0000;02 Illegal Data Address
6825;0;0;0x0000;02 Illegal Data Address
6826;0;0;0x0000;02 Illegal Data Address
6827;0;0;0x0000;02 Illegal Data Address
6828;0;0;0x0000;02 Illegal Data Address
6829;0;0;0x0000;02 Illegal Data Address
6830;0;0;0x0000;02 Illegal Data Address
6831;0;0;0x0000;02 Illegal Data Address
6832;0;0;0x0000;02 Illegal Data Address
6833;0;0;0x0000;02 Illegal Data Address
6834;0;0;0x0000;02 Illegal Data Address
6835;0;0;0x0000;02 Illegal Data Address
6836;0;0;0x0000;02 Illegal Data Address
6837;0;0;0x0000;02 Illegal Data Address
6838;0;0;0x0000;02 Illegal Data Address
6839;0;0;0x0000;02 Illegal Data Address
6840;0;0;0x0000;02 Illegal Data Address
6841;0;0;0x0000;02 Illegal Data Address
6842;0;0;0x0000;02 Illegal Data Address
6843;0;0;0x0000;02 Illegal Data Address
6844;0;0;0x0000;02 Illegal Data Address
6845;0;0;0x0000;02 Illegal Data Address
6846;0;0;0x0000;02 Illegal Data Address
6847;0;0;0x0000;02 Illegal Data Address
6848;0;0;0x0000;02 Illegal Data Address
6849;0;0;0x0000;02 Illegal Data Address
6850;0;0;0x0000;02 Illegal Data Address
6851;0;0;0x0000;02 Illegal Data Address
6852;0;0;0x0000;02 Illegal Data Address
6853;0;0;0x0000;02 Illegal Data Address
6854;0;0;0x0000;02 Illegal Data Address
6855;0;0;0x0000;02 Illegal Data Address
6856;0;0;0x0000;02 Illegal Data Address
6857;0;0;0x0000;02 Illegal Data Address
6858;0;0;0x0000;02 Illegal Data Address
6859;0;0;0x0000;02 Illegal Data Address
6860;0;0;0x0000;02 Illegal Data Address
6861;0;0;0x0000;02 Illegal Data Address
6862;0;0;0x0000;02 Illegal Data Address
6863;0;0;0x0000;02 Illegal Data Address
6864;0;0;0x0000;02 Illegal Data Address
6865;0;0;0x0000;02 Illegal Data Address
6866;0;0;0x0000;02 Illegal Data Address
6867;0;0;0x0000;02 Illegal Data Address
6868;0;0;0x0000;02 Illegal Data Address
6869;0;0;0x0000;02 Illegal Data Address
6870;0;0;0x0000;02 Illegal Data Address
6871;0;0;0x0000;02 Illegal Data Address
6872;0;0;0x0000;02 Illegal Data Address
6873;0;0;0x0000;02 Illegal Data Address
6874;0;0;0x0000;02 Illegal Data Address
6875;0;0;0x0000;02 Illegal Data Address
6876;0;0;0x0000;02 Illegal Data Address
6877;0;0;0x0000;02 Illegal Data Address
6878;0;0;0x0000;02 Illegal Data Address
6879;0;0;0x0000;02 Illegal Data Address
6880;0;0;0x0000;02 Illegal Data Address
6881;0;0;0x0000;02 Illegal Data Address
6882;0;0;0x0000;02 Illegal Data Address
6883;0;0;0x0000;02 Illegal Data Address
6884;0;0;0x0000;02 Illegal Data Address
6885;0;0;0x0000;02 Illegal Data Address
6886;0;0;0x0000;02 Illegal Data Address
6887;0;0;0x0000;02 Illegal Data Address
6888;0;0;0x0000;02 Illegal Data Address
6889;0;0;0x0000;02 Illegal Data Address
6890;0;0;0x0000;02 Illegal Data Address
6891;0;0;0x0000;02 Illegal Data Address
6892;0;0;0x0000;02 Illegal Data Address
6893;0;0;0x0000;02 Illegal Data Address
6894;0;0;0x0000;02 Illegal Data Address
6895;0;0;0x0000;02 Illegal Data Address
6896;0;0;0x0000;02 Illegal Data Address
6897;0;0;0x0000;02 Illegal Data Address
6898;0;0;0x0000;02 Illegal Data Address
6899;0;0;0x0000;02 Illegal Data Address
6900;0;0;0x0000;02 Illegal Data Address
6901;0;0;0x0000;02 Illegal Data Address
6902;0;0;0x0000;02 Illegal Data Address
6903;0;0;0x0000;02 Illegal Data Address
6904;0;0;0x0000;02 Illegal Data Address
6905;0;0;0x0000;02 Illegal Data Address
6906;0;0;0x0000;02 Illegal Data Address
6907;0;0;0x0000;02 Illegal Data Address
6908;0;0;0x0000;02 Illegal Data Address
6909;0;0;0x0000;02 Illegal Data Address
6910;0;0;0x0000;02 Illegal Data Address
6911;0;0;0x0000;02 Illegal Data Address
6912;0;0;0x0000;02 Illegal Data Address
6913;0;0;0x0000;02 Illegal Data Address
6914;0;0;0x0000;02 Illegal Data Address
6915;0;0;0x0000;02 Illegal Data Address
6916;0;0;0x0000;02 Illegal Data Address
6917;0;0;0x0000;02 Illegal Data Address
6918;0;0;0x0000;02 Illegal Data Address
6919;0;0;0x0000;02 Illegal Data Address
6920;0;0;0x0000;02 Illegal Data Address
6921;0;0;0x0000;02 Illegal Data Address
6922;0;0;0x0000;02 Illegal Data Address
6923;0;0;0x0000;02 Illegal Data Address
6924;0;0;0x0000;02 Illegal Data Address
6925;0;0;0x0000;02 Illegal Data Address
6926;0;0;0x0000;02 Illegal Data Address
6927;0;0;0x0000;02 Illegal Data Address
6928;0;0;0x0000;02 Illegal Data Address
6929;0;0;0x0000;02 Illegal Data Address
6930;0;0;0x0000;02 Illegal Data Address
6931;0;0;0x0000;02 Illegal Data Address
6932;0;0;0x0000;02 Illegal Data Address
6933;0;0;0x0000;02 Illegal Data Address
6934;0;0;0x0000;02 Illegal Data Address
6935;0;0;0x0000;02 Illegal Data Address
6936;0;0;0x0000;02 Illegal Data Address
6937;0;0;0x0000;02 Illegal Data Address
6938;0;0;0x0000;02 Illegal Data Address
6939;0;0;0x0000;02 Illegal Data Address
6940;0;0;0x0000;02 Illegal Data Address
6941;0;0;0x0000;02 Illegal Data Address
6942;0;0;0x0000;02 Illegal Data Address
6943;0;0;0x0000;02 Illegal Data Address
6944;0;0;0x0000;02 Illegal Data Address
6945;0;0;0x0000;02 Illegal Data Address
6946;0;0;0x0000;02 Illegal Data Address
6947;0;0;0x0000;02 Illegal Data Address
6948;0;0;0x0000;02 Illegal Data Address
6949;0;0;0x0000;02 Illegal Data Address
6950;0;0;0x0000;02 Illegal Data Address
6951;0;0;0x0000;02 Illegal Data Address
6952;0;0;0x0000;02 Illegal Data Address
6953;0;0;0x0000;02 Illegal Data Address
6954;0;0;0x0000;02 Illegal Data Address
6955;0;0;0x0000;02 Illegal Data Address
6956;0;0;0x0000;02 Illegal Data Address
6957;0;0;0x0000;02 Illegal Data Address
6958;0;0;0x0000;02 Illegal Data Address
6959;0;0;0x0000;02 Illegal Data Address
6960;0;0;0x0000;02 Illegal Data Address
6961;0;0;0x0000;02 Illegal Data Address
6962;0;0;0x0000;02 Illegal Data Address
6963;0;0;0x0000;02 Illegal Data Address
6964;0;0;0x0000;02 Illegal Data Address
6965;0;0;0x0000;02 Illegal Data Address
6966;0;0;0x0000;02 Illegal Data Address
6967;0;0;0x0000;02 Illegal Data Address
6968;0;0;0x0000;02 Illegal Data Address
6969;0;0;0x0000;02 Illegal Data Address
6970;0;0;0x0000;02 Illegal Data Address
6971;0;0;0x0000;02 Illegal Data Address
6972;0;0;0x0000;02 Illegal Data Address
6973;0;0;0x0000;02 Illegal Data Address
6974;0;0;0x0000;02 Illegal Data Address
6975;0;0;0x0000;02 Illegal Data Address
6976;0;0;0x0000;02 Illegal Data Address
6977;0;0;0x0000;02 Illegal Data Address
6978;0;0;0x0000;02 Illegal Data Address
6979;0;0;0x0000;02 Illegal Data Address
6980;0;0;0x0000;02 Illegal Data Address
6981;0;0;0x0000;02 Illegal Data Address
6982;0;0;0x0000;02 Illegal Data Address
6983;0;0;0x0000;02 Illegal Data Address
6984;0;0;0x0000;02 Illegal Data Address
6985;0;0;0x0000;02 Illegal Data Address
6986;0;0;0x0000;02 Illegal Data Address
6987;0;0;0x0000;02 Illegal Data Address
6988;0;0;0x0000;02 Illegal Data Address
6989;0;0;0x0000;02 Illegal Data Address
6990;0;0;0x0000;02 Illegal Data Address
6991;0;0;0x0000;02 Illegal Data Address
6992;0;0;0x0000;02 Illegal Data Address
6993;0;0;0x0000;02 Illegal Data Address
6994;0;0;0x0000;02 Illegal Data Address
6995;0;0;0x0000;02 Illegal Data Address
6996;0;0;0x0000;02 Illegal Data Address
6997;0;0;0x0000;02 Illegal Data Address
6998;0;0;0x0000;02 Illegal Data Address
6999;0;0;0x0000;02 Illegal Data Address
7000;0;0;0x0000;02 Illegal Data Address
7001;0;0;0x0000;02 Illegal Data Address
7002;0;0;0x0000;02 Illegal Data Address
7003;0;0;0x0000;02 Illegal Data Address
7004;0;0;0x0000;02 Illegal Data Address
7005;0;0;0x0000;02 Illegal Data Address
7006;0;0;0x0000;02 Illegal Data Address
7007;0;0;0x0000;02 Illegal Data Address
7008;0;0;0x0000;02 Illegal Data Address
7009;0;0;0x0000;02 Illegal Data Address
7010;0;0;0x0000;02 Illegal Data Address
7011;0;0;0x0000;02 Illegal Data Address
7012;0;0;0x0000;02 Illegal Data Address
7013;0;0;0x0000;02 Illegal Data Address
7014;0;0;0x0000;02 Illegal Data Address
7015;0;0;0x0000;02 Illegal Data Address
7016;0;0;0x0000;02 Illegal Data Address
7017;0;0;0x0000;02 Illegal Data Address
7018;0;0;0x0000;02 Illegal Data Address
7019;0;0;0x0000;02 Illegal Data Address
7020;0;0;0x0000;02 Illegal Data Address
7021;0;0;0x0000;02 Illegal Data Address
7022;0;0;0x0000;02 Illegal Data Address
7023;0;0;0x0000;02 Illegal Data Address
7024;0;0;0x0000;02 Illegal Data Address
7025;0;0;0x0000;02 Illegal Data Address
7026;0;0;0x0000;02 Illegal Data Address
7027;0;0;0x0000;02 Illegal Data Address
7028;0;0;0x0000;02 Illegal Data Address
7029;0;0;0x0000;02 Illegal Data Address
7030;0;0;0x0000;02 Illegal Data Address
7031;0;0;0x0000;02 Illegal Data Address
7032;0;0;0x0000;02 Illegal Data Address
7033;0;0;0x0000;02 Illegal Data Address
7034;0;0;0x0000;02 Illegal Data Address
7035;0;0;0x0000;02 Illegal Data Address
7036;0;0;0x0000;02 Illegal Data Address
7037;0;0;0x0000;02 Illegal Data Address
7038;0;0;0x0000;02 Illegal Data Address
7039;0;0;0x0000;02 Illegal Data Address
7040;0;0;0x0000;02 Illegal Data Address
7041;0;0;0x0000;02 Illegal Data Address
7042;0;0;0x0000;02 Illegal Data Address
7043;0;0;0x0000;02 Illegal Data Address
7044;0;0;0x0000;02 Illegal Data Address
7045;0;0;0x0000;02 Illegal Data Address
7046;0;0;0x0000;02 Illegal Data Address
7047;0;0;0x0000;02 Illegal Data Address
7048;0;0;0x0000;02 Illegal Data Address
7049;0;0;0x0000;02 Illegal Data Address
7050;0;0;0x0000;02 Illegal Data Address
7051;0;0;0x0000;02 Illegal Data Address
7052;0;0;0x0000;02 Illegal Data Address
7053;0;0;0x0000;02 Illegal Data Address
7054;0;0;0x0000;02 Illegal Data Address
7055;0;0;0x0000;02 Illegal Data Address
7056;0;0;0x0000;02 Illegal Data Address
7057;0;0;0x0000;02 Illegal Data Address
7058;0;0;0x0000;02 Illegal Data Address
7059;0;0;0x0000;02 Illegal Data Address
7060;0;0;0x0000;02 Illegal Data Address
7061;0;0;0x0000;02 Illegal Data Address
7062;0;0;0x0000;02 Illegal Data Address
7063;0;0;0x0000;02 Illegal Data Address
7064;0;0;0x0000;02 Illegal Data Address
7065;0;0;0x0000;02 Illegal Data Address
7066;0;0;0x0000;02 Illegal Data Address
7067;0;0;0x0000;02 Illegal Data Address
7068;0;0;0x0000;02 Illegal Data Address
7069;0;0;0x0000;02 Illegal Data Address
7070;0;0;0x0000;02 Illegal Data Address
7071;0;0;0x0000;02 Illegal Data Address
7072;0;0;0x0000;02 Illegal Data Address
7073;0;0;0x0000;02 Illegal Data Address
7074;0;0;0x0000;02 Illegal Data Address
7075;0;0;0x0000;02 Illegal Data Address
7076;0;0;0x0000;02 Illegal Data Address
7077;0;0;0x0000;02 Illegal Data Address
7078;0;0;0x0000;02 Illegal Data Address
7079;0;0;0x0000;02 Illegal Data Address
7080;0;0;0x0000;02 Illegal Data Address
7081;0;0;0x0000;02 Illegal Data Address
7082;0;0;0x0000;02 Illegal Data Address
7083;0;0;0x0000;02 Illegal Data Address
7084;0;0;0x0000;02 Illegal Data Address
7085;0;0;0x0000;02 Illegal Data Address
7086;0;0;0x0000;02 Illegal Data Address
7087;0;0;0x0000;02 Illegal Data Address
7088;0;0;0x0000;02 Illegal Data Address
7089;0;0;0x0000;02 Illegal Data Address
7090;0;0;0x0000;02 Illegal Data Address
7091;0;0;0x0000;02 Illegal Data Address
7092;0;0;0x0000;02 Illegal Data Address
7093;0;0;0x0000;02 Illegal Data Address
7094;0;0;0x0000;02 Illegal Data Address
7095;0;0;0x0000;02 Illegal Data Address
7096;0;0;0x0000;02 Illegal Data Address
7097;0;0;0x0000;02 Illegal Data Address
7098;0;0;0x0000;02 Illegal Data Address
7099;0;0;0x0000;02 Illegal Data Address
7100;0;0;0x0000;02 Illegal Data Address
7101;0;0;0x0000;02 Illegal Data Address
7102;0;0;0x0000;02 Illegal Data Address
7103;0;0;0x0000;02 Illegal Data Address
7104;0;0;0x0000;02 Illegal Data Address
7105;0;0;0x0000;02 Illegal Data Address
7106;0;0;0x0000;02 Illegal Data Address
7107;0;0;0x0000;02 Illegal Data Address
7108;0;0;0x0000;02 Illegal Data Address
7109;0;0;0x0000;02 Illegal Data Address
7110;0;0;0x0000;02 Illegal Data Address
7111;0;0;0x0000;02 Illegal Data Address
7112;0;0;0x0000;02 Illegal Data Address
7113;0;0;0x0000;02 Illegal Data Address
7114;0;0;0x0000;02 Illegal Data Address
7115;0;0;0x0000;02 Illegal Data Address
7116;0;0;0x0000;02 Illegal Data Address
7117;0;0;0x0000;02 Illegal Data Address
7118;0;0;0x0000;02 Illegal Data Address
7119;0;0;0x0000;02 Illegal Data Address
7120;0;0;0x0000;02 Illegal Data Address
7121;0;0;0x0000;02 Illegal Data Address
7122;0;0;0x0000;02 Illegal Data Address
7123;0;0;0x0000;02 Illegal Data Address
7124;0;0;0x0000;02 Illegal Data Address
7125;0;0;0x0000;02 Illegal Data Address
7126;0;0;0x0000;02 Illegal Data Address
7127;0;0;0x0000;02 Illegal Data Address
7128;0;0;0x0000;02 Illegal Data Address
7129;0;0;0x0000;02 Illegal Data Address
7130;0;0;0x0000;02 Illegal Data Address
7131;0;0;0x0000;02 Illegal Data Address
7132;0;0;0x0000;02 Illegal Data Address
7133;0;0;0x0000;02 Illegal Data Address
7134;0;0;0x0000;02 Illegal Data Address
7135;0;0;0x0000;02 Illegal Data Address
7136;0;0;0x0000;02 Illegal Data Address
7137;0;0;0x0000;02 Illegal Data Address
7138;0;0;0x0000;02 Illegal Data Address
7139;0;0;0x0000;02 Illegal Data Address
7140;0;0;0x0000;02 Illegal Data Address
7141;0;0;0x0000;02 Illegal Data Address
7142;0;0;0x0000;02 Illegal Data Address
7143;0;0;0x0000;02 Illegal Data Address
7144;0;0;0x0000;02 Illegal Data Address
7145;0;0;0x0000;02 Illegal Data Address
7146;0;0;0x0000;02 Illegal Data Address
7147;0;0;0x0000;02 Illegal Data Address
7148;0;0;0x0000;02 Illegal Data Address
7149;0;0;0x0000;02 Illegal Data Address
7150;0;0;0x0000;02 Illegal Data Address
7151;0;0;0x0000;02 Illegal Data Address
7152;0;0;0x0000;02 Illegal Data Address
7153;0;0;0x0000;02 Illegal Data Address
7154;0;0;0x0000;02 Illegal Data Address
7155;0;0;0x0000;02 Illegal Data Address
7156;0;0;0x0000;02 Illegal Data Address
7157;0;0;0x0000;02 Illegal Data Address
7158;0;0;0x0000;02 Illegal Data Address
7159;0;0;0x0000;02 Illegal Data Address
7160;0;0;0x0000;02 Illegal Data Address
7161;0;0;0x0000;02 Illegal Data Address
7162;0;0;0x0000;02 Illegal Data Address
7163;0;0;0x0000;02 Illegal Data Address
7164;0;0;0x0000;02 Illegal Data Address
7165;0;0;0x0000;02 Illegal Data Address
7166;0;0;0x0000;02 Illegal Data Address
7167;0;0;0x0000;02 Illegal Data Address
7168;0;0;0x0000;02 Illegal Data Address
7169;0;0;0x0000;02 Illegal Data Address
7170;0;0;0x0000;02 Illegal Data Address
7171;0;0;0x0000;02 Illegal Data Address
7172;0;0;0x0000;02 Illegal Data Address
7173;0;0;0x0000;02 Illegal Data Address
7174;0;0;0x0000;02 Illegal Data Address
7175;0;0;0x0000;02 Illegal Data Address
7176;0;0;0x0000;02 Illegal Data Address
7177;0;0;0x0000;02 Illegal Data Address
7178;0;0;0x0000;02 Illegal Data Address
7179;0;0;0x0000;02 Illegal Data Address
7180;0;0;0x0000;02 Illegal Data Address
7181;0;0;0x0000;02 Illegal Data Address
7182;0;0;0x0000;02 Illegal Data Address
7183;0;0;0x0000;02 Illegal Data Address
7184;0;0;0x0000;02 Illegal Data Address
7185;0;0;0x0000;02 Illegal Data Address
7186;0;0;0x0000;02 Illegal Data Address
7187;0;0;0x0000;02 Illegal Data Address
7188;0;0;0x0000;02 Illegal Data Address
7189;0;0;0x0000;02 Illegal Data Address
7190;0;0;0x0000;02 Illegal Data Address
7191;0;0;0x0000;02 Illegal Data Address
7192;0;0;0x0000;02 Illegal Data Address
7193;0;0;0x0000;02 Illegal Data Address
7194;0;0;0x0000;02 Illegal Data Address
7195;0;0;0x0000;02 Illegal Data Address
7196;0;0;0x0000;02 Illegal Data Address
7197;0;0;0x0000;02 Illegal Data Address
7198;0;0;0x0000;02 Illegal Data Address
7199;0;0;0x0000;02 Illegal Data Address
7200;0;0;0x0000;02 Illegal Data Address
7201;0;0;0x0000;02 Illegal Data Address
7202;0;0;0x0000;02 Illegal Data Address
7203;0;0;0x0000;02 Illegal Data Address
7204;0;0;0x0000;02 Illegal Data Address
7205;0;0;0x0000;02 Illegal Data Address
7206;0;0;0x0000;02 Illegal Data Address
7207;0;0;0x0000;02 Illegal Data Address
7208;0;0;0x0000;02 Illegal Data Address
7209;0;0;0x0000;02 Illegal Data Address
7210;0;0;0x0000;02 Illegal Data Address
7211;0;0;0x0000;02 Illegal Data Address
7212;0;0;0x0000;02 Illegal Data Address
7213;0;0;0x0000;02 Illegal Data Address
7214;0;0;0x0000;02 Illegal Data Address
7215;0;0;0x0000;02 Illegal Data Address
7216;0;0;0x0000;02 Illegal Data Address
7217;0;0;0x0000;02 Illegal Data Address
7218;0;0;0x0000;02 Illegal Data Address
7219;0;0;0x0000;02 Illegal Data Address
7220;0;0;0x0000;02 Illegal Data Address
7221;0;0;0x0000;02 Illegal Data Address
7222;0;0;0x0000;02 Illegal Data Address
7223;0;0;0x0000;02 Illegal Data Address
7224;0;0;0x0000;02 Illegal Data Address
7225;0;0;0x0000;02 Illegal Data Address
7226;0;0;0x0000;02 Illegal Data Address
7227;0;0;0x0000;02 Illegal Data Address
7228;0;0;0x0000;02 Illegal Data Address
7229;0;0;0x0000;02 Illegal Data Address
7230;0;0;0x0000;02 Illegal Data Address
7231;0;0;0x0000;02 Illegal Data Address
7232;0;0;0x0000;02 Illegal Data Address
7233;0;0;0x0000;02 Illegal Data Address
7234;0;0;0x0000;02 Illegal Data Address
7235;0;0;0x0000;02 Illegal Data Address
7236;0;0;0x0000;02 Illegal Data Address
7237;0;0;0x0000;02 Illegal Data Address
7238;0;0;0x0000;02 Illegal Data Address
7239;0;0;0x0000;02 Illegal Data Address
7240;0;0;0x0000;02 Illegal Data Address
7241;0;0;0x0000;02 Illegal Data Address
7242;0;0;0x0000;02 Illegal Data Address
7243;0;0;0x0000;02 Illegal Data Address
7244;0;0;0x0000;02 Illegal Data Address
7245;0;0;0x0000;02 Illegal Data Address
7246;0;0;0x0000;02 Illegal Data Address
7247;0;0;0x0000;02 Illegal Data Address
7248;0;0;0x0000;02 Illegal Data Address
7249;0;0;0x0000;02 Illegal Data Address
7250;0;0;0x0000;02 Illegal Data Address
7251;0;0;0x0000;02 Illegal Data Address
7252;0;0;0x0000;02 Illegal Data Address
7253;0;0;0x0000;02 Illegal Data Address
7254;0;0;0x0000;02 Illegal Data Address
7255;0;0;0x0000;02 Illegal Data Address
7256;0;0;0x0000;02 Illegal Data Address
7257;0;0;0x0000;02 Illegal Data Address
7258;0;0;0x0000;02 Illegal Data Address
7259;0;0;0x0000;02 Illegal Data Address
7260;0;0;0x0000;02 Illegal Data Address
7261;0;0;0x0000;02 Illegal Data Address
7262;0;0;0x0000;02 Illegal Data Address
7263;0;0;0x0000;02 Illegal Data Address
7264;0;0;0x0000;02 Illegal Data Address
7265;0;0;0x0000;02 Illegal Data Address
7266;0;0;0x0000;02 Illegal Data Address
7267;0;0;0x0000;02 Illegal Data Address
7268;0;0;0x0000;02 Illegal Data Address
7269;0;0;0x0000;02 Illegal Data Address
7270;0;0;0x0000;02 Illegal Data Address
7271;0;0;0x0000;02 Illegal Data Address
7272;0;0;0x0000;02 Illegal Data Address
7273;0;0;0x0000;02 Illegal Data Address
7274;0;0;0x0000;02 Illegal Data Address
7275;0;0;0x0000;02 Illegal Data Address
7276;0;0;0x0000;02 Illegal Data Address
7277;0;0;0x0000;02 Illegal Data Address
7278;0;0;0x0000;02 Illegal Data Address
7279;0;0;0x0000;02 Illegal Data Address
7280;0;0;0x0000;02 Illegal Data Address
7281;0;0;0x0000;02 Illegal Data Address
7282;0;0;0x0000;02 Illegal Data Address
7283;0;0;0x0000;02 Illegal Data Address
7284;0;0;0x0000;02 Illegal Data Address
7285;0;0;0x0000;02 Illegal Data Address
7286;0;0;0x0000;02 Illegal Data Address
7287;0;0;0x0000;02 Illegal Data Address
7288;0;0;0x0000;02 Illegal Data Address
7289;0;0;0x0000;02 Illegal Data Address
7290;0;0;0x0000;02 Illegal Data Address
7291;0;0;0x0000;02 Illegal Data Address
7292;0;0;0x0000;02 Illegal Data Address
7293;0;0;0x0000;02 Illegal Data Address
7294;0;0;0x0000;02 Illegal Data Address
7295;0;0;0x0000;02 Illegal Data Address
7296;0;0;0x0000;02 Illegal Data Address
7297;0;0;0x0000;02 Illegal Data Address
7298;0;0;0x0000;02 Illegal Data Address
7299;0;0;0x0000;02 Illegal Data Address
7300;0;0;0x0000;02 Illegal Data Address
7301;0;0;0x0000;02 Illegal Data Address
7302;0;0;0x0000;02 Illegal Data Address
7303;0;0;0x0000;02 Illegal Data Address
7304;0;0;0x0000;02 Illegal Data Address
7305;0;0;0x0000;02 Illegal Data Address
7306;0;0;0x0000;02 Illegal Data Address
7307;0;0;0x0000;02 Illegal Data Address
7308;0;0;0x0000;02 Illegal Data Address
7309;0;0;0x0000;02 Illegal Data Address
7310;0;0;0x0000;02 Illegal Data Address
7311;0;0;0x0000;02 Illegal Data Address
7312;0;0;0x0000;02 Illegal Data Address
7313;0;0;0x0000;02 Illegal Data Address
7314;0;0;0x0000;02 Illegal Data Address
7315;0;0;0x0000;02 Illegal Data Address
7316;0;0;0x0000;02 Illegal Data Address
7317;0;0;0x0000;02 Illegal Data Address
7318;0;0;0x0000;02 Illegal Data Address
7319;0;0;0x0000;02 Illegal Data Address
7320;0;0;0x0000;02 Illegal Data Address
7321;0;0;0x0000;02 Illegal Data Address
7322;0;0;0x0000;02 Illegal Data Address
7323;0;0;0x0000;02 Illegal Data Address
7324;0;0;0x0000;02 Illegal Data Address
7325;0;0;0x0000;02 Illegal Data Address
7326;0;0;0x0000;02 Illegal Data Address
7327;0;0;0x0000;02 Illegal Data Address
7328;0;0;0x0000;02 Illegal Data Address
7329;0;0;0x0000;02 Illegal Data Address
7330;0;0;0x0000;02 Illegal Data Address
7331;0;0;0x0000;02 Illegal Data Address
7332;0;0;0x0000;02 Illegal Data Address
7333;0;0;0x0000;02 Illegal Data Address
7334;0;0;0x0000;02 Illegal Data Address
7335;0;0;0x0000;02 Illegal Data Address
7336;0;0;0x0000;02 Illegal Data Address
7337;0;0;0x0000;02 Illegal Data Address
7338;0;0;0x0000;02 Illegal Data Address
7339;0;0;0x0000;02 Illegal Data Address
7340;0;0;0x0000;02 Illegal Data Address
7341;0;0;0x0000;02 Illegal Data Address
7342;0;0;0x0000;02 Illegal Data Address
7343;0;0;0x0000;02 Illegal Data Address
7344;0;0;0x0000;02 Illegal Data Address
7345;0;0;0x0000;02 Illegal Data Address
7346;0;0;0x0000;02 Illegal Data Address
7347;0;0;0x0000;02 Illegal Data Address
7348;0;0;0x0000;02 Illegal Data Address
7349;0;0;0x0000;02 Illegal Data Address
7350;0;0;0x0000;02 Illegal Data Address
7351;0;0;0x0000;02 Illegal Data Address
7352;0;0;0x0000;02 Illegal Data Address
7353;0;0;0x0000;02 Illegal Data Address
7354;0;0;0x0000;02 Illegal Data Address
7355;0;0;0x0000;02 Illegal Data Address
7356;0;0;0x0000;02 Illegal Data Address
7357;0;0;0x0000;02 Illegal Data Address
7358;0;0;0x0000;02 Illegal Data Address
7359;0;0;0x0000;02 Illegal Data Address
7360;0;0;0x0000;02 Illegal Data Address
7361;0;0;0x0000;02 Illegal Data Address
7362;0;0;0x0000;02 Illegal Data Address
7363;0;0;0x0000;02 Illegal Data Address
7364;0;0;0x0000;02 Illegal Data Address
7365;0;0;0x0000;02 Illegal Data Address
7366;0;0;0x0000;02 Illegal Data Address
7367;0;0;0x0000;02 Illegal Data Address
7368;0;0;0x0000;02 Illegal Data Address
7369;0;0;0x0000;02 Illegal Data Address
7370;0;0;0x0000;02 Illegal Data Address
7371;0;0;0x0000;02 Illegal Data Address
7372;0;0;0x0000;02 Illegal Data Address
7373;0;0;0x0000;02 Illegal Data Address
7374;0;0;0x0000;02 Illegal Data Address
7375;0;0;0x0000;02 Illegal Data Address
7376;0;0;0x0000;02 Illegal Data Address
7377;0;0;0x0000;02 Illegal Data Address
7378;0;0;0x0000;02 Illegal Data Address
7379;0;0;0x0000;02 Illegal Data Address
7380;0;0;0x0000;02 Illegal Data Address
7381;0;0;0x0000;02 Illegal Data Address
7382;0;0;0x0000;02 Illegal Data Address
7383;0;0;0x0000;02 Illegal Data Address
7384;0;0;0x0000;02 Illegal Data Address
7385;0;0;0x0000;02 Illegal Data Address
7386;0;0;0x0000;02 Illegal Data Address
7387;0;0;0x0000;02 Illegal Data Address
7388;0;0;0x0000;02 Illegal Data Address
7389;0;0;0x0000;02 Illegal Data Address
7390;0;0;0x0000;02 Illegal Data Address
7391;0;0;0x0000;02 Illegal Data Address
7392;0;0;0x0000;02 Illegal Data Address
7393;0;0;0x0000;02 Illegal Data Address
7394;0;0;0x0000;02 Illegal Data Address
7395;0;0;0x0000;02 Illegal Data Address
7396;0;0;0x0000;02 Illegal Data Address
7397;0;0;0x0000;02 Illegal Data Address
7398;0;0;0x0000;02 Illegal Data Address
7399;0;0;0x0000;02 Illegal Data Address
7400;0;0;0x0000;02 Illegal Data Address
7401;0;0;0x0000;02 Illegal Data Address
7402;0;0;0x0000;02 Illegal Data Address
7403;0;0;0x0000;02 Illegal Data Address
7404;0;0;0x0000;02 Illegal Data Address
7405;0;0;0x0000;02 Illegal Data Address
7406;0;0;0x0000;02 Illegal Data Address
7407;0;0;0x0000;02 Illegal Data Address
7408;0;0;0x0000;02 Illegal Data Address
7409;0;0;0x0000;02 Illegal Data Address
7410;0;0;0x0000;02 Illegal Data Address
7411;0;0;0x0000;02 Illegal Data Address
7412;0;0;0x0000;02 Illegal Data Address
7413;0;0;0x0000;02 Illegal Data Address
7414;0;0;0x0000;02 Illegal Data Address
7415;0;0;0x0000;02 Illegal Data Address
7416;0;0;0x0000;02 Illegal Data Address
7417;0;0;0x0000;02 Illegal Data Address
7418;0;0;0x0000;02 Illegal Data Address
7419;0;0;0x0000;02 Illegal Data Address
7420;0;0;0x0000;02 Illegal Data Address
7421;0;0;0x0000;02 Illegal Data Address
7422;0;0;0x0000;02 Illegal Data Address
7423;0;0;0x0000;02 Illegal Data Address
7424;0;0;0x0000;02 Illegal Data Address
7425;0;0;0x0000;02 Illegal Data Address
7426;0;0;0x0000;02 Illegal Data Address
7427;0;0;0x0000;02 Illegal Data Address
7428;0;0;0x0000;02 Illegal Data Address
7429;0;0;0x0000;02 Illegal Data Address
7430;0;0;0x0000;02 Illegal Data Address
7431;0;0;0x0000;02 Illegal Data Address
7432;0;0;0x0000;02 Illegal Data Address
7433;0;0;0x0000;02 Illegal Data Address
7434;0;0;0x0000;02 Illegal Data Address
7435;0;0;0x0000;02 Illegal Data Address
7436;0;0;0x0000;02 Illegal Data Address
7437;0;0;0x0000;02 Illegal Data Address
7438;0;0;0x0000;02 Illegal Data Address
7439;0;0;0x0000;02 Illegal Data Address
7440;0;0;0x0000;02 Illegal Data Address
7441;0;0;0x0000;02 Illegal Data Address
7442;0;0;0x0000;02 Illegal Data Address
7443;0;0;0x0000;02 Illegal Data Address
7444;0;0;0x0000;02 Illegal Data Address
7445;0;0;0x0000;02 Illegal Data Address
7446;0;0;0x0000;02 Illegal Data Address
7447;0;0;0x0000;02 Illegal Data Address
7448;0;0;0x0000;02 Illegal Data Address
7449;0;0;0x0000;02 Illegal Data Address
7450;0;0;0x0000;02 Illegal Data Address
7451;0;0;0x0000;02 Illegal Data Address
7452;0;0;0x0000;02 Illegal Data Address
7453;0;0;0x0000;02 Illegal Data Address
7454;0;0;0x0000;02 Illegal Data Address
7455;0;0;0x0000;02 Illegal Data Address
7456;0;0;0x0000;02 Illegal Data Address
7457;0;0;0x0000;02 Illegal Data Address
7458;0;0;0x0000;02 Illegal Data Address
7459;0;0;0x0000;02 Illegal Data Address
7460;0;0;0x0000;02 Illegal Data Address
7461;0;0;0x0000;02 Illegal Data Address
7462;0;0;0x0000;02 Illegal Data Address
7463;0;0;0x0000;02 Illegal Data Address
7464;0;0;0x0000;02 Illegal Data Address
7465;0;0;0x0000;02 Illegal Data Address
7466;0;0;0x0000;02 Illegal Data Address
7467;0;0;0x0000;02 Illegal Data Address
7468;0;0;0x0000;02 Illegal Data Address
7469;0;0;0x0000;02 Illegal Data Address
7470;0;0;0x0000;02 Illegal Data Address
7471;0;0;0x0000;02 Illegal Data Address
7472;0;0;0x0000;02 Illegal Data Address
7473;0;0;0x0000;02 Illegal Data Address
7474;0;0;0x0000;02 Illegal Data Address
7475;0;0;0x0000;02 Illegal Data Address
7476;0;0;0x0000;02 Illegal Data Address
7477;0;0;0x0000;02 Illegal Data Address
7478;0;0;0x0000;02 Illegal Data Address
7479;0;0;0x0000;02 Illegal Data Address
7480;0;0;0x0000;02 Illegal Data Address
7481;0;0;0x0000;02 Illegal Data Address
7482;0;0;0x0000;02 Illegal Data Address
7483;0;0;0x0000;02 Illegal Data Address
7484;0;0;0x0000;02 Illegal Data Address
7485;0;0;0x0000;02 Illegal Data Address
7486;0;0;0x0000;02 Illegal Data Address
7487;0;0;0x0000;02 Illegal Data Address
7488;0;0;0x0000;02 Illegal Data Address
7489;0;0;0x0000;02 Illegal Data Address
7490;0;0;0x0000;02 Illegal Data Address
7491;0;0;0x0000;02 Illegal Data Address
7492;0;0;0x0000;02 Illegal Data Address
7493;0;0;0x0000;02 Illegal Data Address
7494;0;0;0x0000;02 Illegal Data Address
7495;0;0;0x0000;02 Illegal Data Address
7496;0;0;0x0000;02 Illegal Data Address
7497;0;0;0x0000;02 Illegal Data Address
7498;0;0;0x0000;02 Illegal Data Address
7499;0;0;0x0000;02 Illegal Data Address
7500;0;0;0x0000;02 Illegal Data Address
7501;0;0;0x0000;02 Illegal Data Address
7502;0;0;0x0000;02 Illegal Data Address
7503;0;0;0x0000;02 Illegal Data Address
7504;0;0;0x0000;02 Illegal Data Address
7505;0;0;0x0000;02 Illegal Data Address
7506;0;0;0x0000;02 Illegal Data Address
7507;0;0;0x0000;02 Illegal Data Address
7508;0;0;0x0000;02 Illegal Data Address
7509;0;0;0x0000;02 Illegal Data Address
7510;0;0;0x0000;02 Illegal Data Address
7511;0;0;0x0000;02 Illegal Data Address
7512;0;0;0x0000;02 Illegal Data Address
7513;0;0;0x0000;02 Illegal Data Address
7514;0;0;0x0000;02 Illegal Data Address
7515;0;0;0x0000;02 Illegal Data Address
7516;0;0;0x0000;02 Illegal Data Address
7517;0;0;0x0000;02 Illegal Data Address
7518;0;0;0x0000;02 Illegal Data Address
7519;0;0;0x0000;02 Illegal Data Address
7520;0;0;0x0000;02 Illegal Data Address
7521;0;0;0x0000;02 Illegal Data Address
7522;0;0;0x0000;02 Illegal Data Address
7523;0;0;0x0000;02 Illegal Data Address
7524;0;0;0x0000;02 Illegal Data Address
7525;0;0;0x0000;02 Illegal Data Address
7526;0;0;0x0000;02 Illegal Data Address
7527;0;0;0x0000;02 Illegal Data Address
7528;0;0;0x0000;02 Illegal Data Address
7529;0;0;0x0000;02 Illegal Data Address
7530;0;0;0x0000;02 Illegal Data Address
7531;0;0;0x0000;02 Illegal Data Address
7532;0;0;0x0000;02 Illegal Data Address
7533;0;0;0x0000;02 Illegal Data Address
7534;0;0;0x0000;02 Illegal Data Address
7535;0;0;0x0000;02 Illegal Data Address
7536;0;0;0x0000;02 Illegal Data Address
7537;0;0;0x0000;02 Illegal Data Address
7538;0;0;0x0000;02 Illegal Data Address
7539;0;0;0x0000;02 Illegal Data Address
7540;0;0;0x0000;02 Illegal Data Address
7541;0;0;0x0000;02 Illegal Data Address
7542;0;0;0x0000;02 Illegal Data Address
7543;0;0;0x0000;02 Illegal Data Address
7544;0;0;0x0000;02 Illegal Data Address
7545;0;0;0x0000;02 Illegal Data Address
7546;0;0;0x0000;02 Illegal Data Address
7547;0;0;0x0000;02 Illegal Data Address
7548;0;0;0x0000;02 Illegal Data Address
7549;0;0;0x0000;02 Illegal Data Address
7550;0;0;0x0000;02 Illegal Data Address
7551;0;0;0x0000;02 Illegal Data Address
7552;0;0;0x0000;02 Illegal Data Address
7553;0;0;0x0000;02 Illegal Data Address
7554;0;0;0x0000;02 Illegal Data Address
7555;0;0;0x0000;02 Illegal Data Address
7556;0;0;0x0000;02 Illegal Data Address
7557;0;0;0x0000;02 Illegal Data Address
7558;0;0;0x0000;02 Illegal Data Address
7559;0;0;0x0000;02 Illegal Data Address
7560;0;0;0x0000;02 Illegal Data Address
7561;0;0;0x0000;02 Illegal Data Address
7562;0;0;0x0000;02 Illegal Data Address
7563;0;0;0x0000;02 Illegal Data Address
7564;0;0;0x0000;02 Illegal Data Address
7565;0;0;0x0000;02 Illegal Data Address
7566;0;0;0x0000;02 Illegal Data Address
7567;0;0;0x0000;02 Illegal Data Address
7568;0;0;0x0000;02 Illegal Data Address
7569;0;0;0x0000;02 Illegal Data Address
7570;0;0;0x0000;02 Illegal Data Address
7571;0;0;0x0000;02 Illegal Data Address
7572;0;0;0x0000;02 Illegal Data Address
7573;0;0;0x0000;02 Illegal Data Address
7574;0;0;0x0000;02 Illegal Data Address
7575;0;0;0x0000;02 Illegal Data Address
7576;0;0;0x0000;02 Illegal Data Address
7577;0;0;0x0000;02 Illegal Data Address
7578;0;0;0x0000;02 Illegal Data Address
7579;0;0;0x0000;02 Illegal Data Address
7580;0;0;0x0000;02 Illegal Data Address
7581;0;0;0x0000;02 Illegal Data Address
7582;0;0;0x0000;02 Illegal Data Address
7583;0;0;0x0000;02 Illegal Data Address
7584;0;0;0x0000;02 Illegal Data Address
7585;0;0;0x0000;02 Illegal Data Address
7586;0;0;0x0000;02 Illegal Data Address
7587;0;0;0x0000;02 Illegal Data Address
7588;0;0;0x0000;02 Illegal Data Address
7589;0;0;0x0000;02 Illegal Data Address
7590;0;0;0x0000;02 Illegal Data Address
7591;0;0;0x0000;02 Illegal Data Address
7592;0;0;0x0000;02 Illegal Data Address
7593;0;0;0x0000;02 Illegal Data Address
7594;0;0;0x0000;02 Illegal Data Address
7595;0;0;0x0000;02 Illegal Data Address
7596;0;0;0x0000;02 Illegal Data Address
7597;0;0;0x0000;02 Illegal Data Address
7598;0;0;0x0000;02 Illegal Data Address
7599;0;0;0x0000;02 Illegal Data Address
7600;0;0;0x0000;02 Illegal Data Address
7601;0;0;0x0000;02 Illegal Data Address
7602;0;0;0x0000;02 Illegal Data Address
7603;0;0;0x0000;02 Illegal Data Address
7604;0;0;0x0000;02 Illegal Data Address
7605;0;0;0x0000;02 Illegal Data Address
7606;0;0;0x0000;02 Illegal Data Address
7607;0;0;0x0000;02 Illegal Data Address
7608;0;0;0x0000;02 Illegal Data Address
7609;0;0;0x0000;02 Illegal Data Address
7610;0;0;0x0000;02 Illegal Data Address
7611;0;0;0x0000;02 Illegal Data Address
7612;0;0;0x0000;02 Illegal Data Address
7613;0;0;0x0000;02 Illegal Data Address
7614;0;0;0x0000;02 Illegal Data Address
7615;0;0;0x0000;02 Illegal Data Address
7616;0;0;0x0000;02 Illegal Data Address
7617;0;0;0x0000;02 Illegal Data Address
7618;0;0;0x0000;02 Illegal Data Address
7619;0;0;0x0000;02 Illegal Data Address
7620;0;0;0x0000;02 Illegal Data Address
7621;0;0;0x0000;02 Illegal Data Address
7622;0;0;0x0000;02 Illegal Data Address
7623;0;0;0x0000;02 Illegal Data Address
7624;0;0;0x0000;02 Illegal Data Address
7625;0;0;0x0000;02 Illegal Data Address
7626;0;0;0x0000;02 Illegal Data Address
7627;0;0;0x0000;02 Illegal Data Address
7628;0;0;0x0000;02 Illegal Data Address
7629;0;0;0x0000;02 Illegal Data Address
7630;0;0;0x0000;02 Illegal Data Address
7631;0;0;0x0000;02 Illegal Data Address
7632;0;0;0x0000;02 Illegal Data Address
7633;0;0;0x0000;02 Illegal Data Address
7634;0;0;0x0000;02 Illegal Data Address
7635;0;0;0x0000;02 Illegal Data Address
7636;0;0;0x0000;02 Illegal Data Address
7637;0;0;0x0000;02 Illegal Data Address
7638;0;0;0x0000;02 Illegal Data Address
7639;0;0;0x0000;02 Illegal Data Address
7640;0;0;0x0000;02 Illegal Data Address
7641;0;0;0x0000;02 Illegal Data Address
7642;0;0;0x0000;02 Illegal Data Address
7643;0;0;0x0000;02 Illegal Data Address
7644;0;0;0x0000;02 Illegal Data Address
7645;0;0;0x0000;02 Illegal Data Address
7646;0;0;0x0000;02 Illegal Data Address
7647;0;0;0x0000;02 Illegal Data Address
7648;0;0;0x0000;02 Illegal Data Address
7649;0;0;0x0000;02 Illegal Data Address
7650;0;0;0x0000;02 Illegal Data Address
7651;0;0;0x0000;02 Illegal Data Address
7652;0;0;0x0000;02 Illegal Data Address
7653;0;0;0x0000;02 Illegal Data Address
7654;0;0;0x0000;02 Illegal Data Address
7655;0;0;0x0000;02 Illegal Data Address
7656;0;0;0x0000;02 Illegal Data Address
7657;0;0;0x0000;02 Illegal Data Address
7658;0;0;0x0000;02 Illegal Data Address
7659;0;0;0x0000;02 Illegal Data Address
7660;0;0;0x0000;02 Illegal Data Address
7661;0;0;0x0000;02 Illegal Data Address
7662;0;0;0x0000;02 Illegal Data Address
7663;0;0;0x0000;02 Illegal Data Address
7664;0;0;0x0000;02 Illegal Data Address
7665;0;0;0x0000;02 Illegal Data Address
7666;0;0;0x0000;02 Illegal Data Address
7667;0;0;0x0000;02 Illegal Data Address
7668;0;0;0x0000;02 Illegal Data Address
7669;0;0;0x0000;02 Illegal Data Address
7670;0;0;0x0000;02 Illegal Data Address
7671;0;0;0x0000;02 Illegal Data Address
7672;0;0;0x0000;02 Illegal Data Address
7673;0;0;0x0000;02 Illegal Data Address
7674;0;0;0x0000;02 Illegal Data Address
7675;0;0;0x0000;02 Illegal Data Address
7676;0;0;0x0000;02 Illegal Data Address
7677;0;0;0x0000;02 Illegal Data Address
7678;0;0;0x0000;02 Illegal Data Address
7679;0;0;0x0000;02 Illegal Data Address
7680;0;0;0x0000;02 Illegal Data Address
7681;0;0;0x0000;02 Illegal Data Address
7682;0;0;0x0000;02 Illegal Data Address
7683;0;0;0x0000;02 Illegal Data Address
7684;0;0;0x0000;02 Illegal Data Address
7685;0;0;0x0000;02 Illegal Data Address
7686;0;0;0x0000;02 Illegal Data Address
7687;0;0;0x0000;02 Illegal Data Address
7688;0;0;0x0000;02 Illegal Data Address
7689;0;0;0x0000;02 Illegal Data Address
7690;0;0;0x0000;02 Illegal Data Address
7691;0;0;0x0000;02 Illegal Data Address
7692;0;0;0x0000;02 Illegal Data Address
7693;0;0;0x0000;02 Illegal Data Address
7694;0;0;0x0000;02 Illegal Data Address
7695;0;0;0x0000;02 Illegal Data Address
7696;0;0;0x0000;02 Illegal Data Address
7697;0;0;0x0000;02 Illegal Data Address
7698;0;0;0x0000;02 Illegal Data Address
7699;0;0;0x0000;02 Illegal Data Address
7700;0;0;0x0000;02 Illegal Data Address
7701;0;0;0x0000;02 Illegal Data Address
7702;0;0;0x0000;02 Illegal Data Address
7703;0;0;0x0000;02 Illegal Data Address
7704;0;0;0x0000;02 Illegal Data Address
7705;0;0;0x0000;02 Illegal Data Address
7706;0;0;0x0000;02 Illegal Data Address
7707;0;0;0x0000;02 Illegal Data Address
7708;0;0;0x0000;02 Illegal Data Address
7709;0;0;0x0000;02 Illegal Data Address
7710;0;0;0x0000;02 Illegal Data Address
7711;0;0;0x0000;02 Illegal Data Address
7712;0;0;0x0000;02 Illegal Data Address
7713;0;0;0x0000;02 Illegal Data Address
7714;0;0;0x0000;02 Illegal Data Address
7715;0;0;0x0000;02 Illegal Data Address
7716;0;0;0x0000;02 Illegal Data Address
7717;0;0;0x0000;02 Illegal Data Address
7718;0;0;0x0000;02 Illegal Data Address
7719;0;0;0x0000;02 Illegal Data Address
7720;0;0;0x0000;02 Illegal Data Address
7721;0;0;0x0000;02 Illegal Data Address
7722;0;0;0x0000;02 Illegal Data Address
7723;0;0;0x0000;02 Illegal Data Address
7724;0;0;0x0000;02 Illegal Data Address
7725;0;0;0x0000;02 Illegal Data Address
7726;0;0;0x0000;02 Illegal Data Address
7727;0;0;0x0000;02 Illegal Data Address
7728;0;0;0x0000;02 Illegal Data Address
7729;0;0;0x0000;02 Illegal Data Address
7730;0;0;0x0000;02 Illegal Data Address
7731;0;0;0x0000;02 Illegal Data Address
7732;0;0;0x0000;02 Illegal Data Address
7733;0;0;0x0000;02 Illegal Data Address
7734;0;0;0x0000;02 Illegal Data Address
7735;0;0;0x0000;02 Illegal Data Address
7736;0;0;0x0000;02 Illegal Data Address
7737;0;0;0x0000;02 Illegal Data Address
7738;0;0;0x0000;02 Illegal Data Address
7739;0;0;0x0000;02 Illegal Data Address
7740;0;0;0x0000;02 Illegal Data Address
7741;0;0;0x0000;02 Illegal Data Address
7742;0;0;0x0000;02 Illegal Data Address
7743;0;0;0x0000;02 Illegal Data Address
7744;0;0;0x0000;02 Illegal Data Address
7745;0;0;0x0000;02 Illegal Data Address
7746;0;0;0x0000;02 Illegal Data Address
7747;0;0;0x0000;02 Illegal Data Address
7748;0;0;0x0000;02 Illegal Data Address
7749;0;0;0x0000;02 Illegal Data Address
7750;0;0;0x0000;02 Illegal Data Address
7751;0;0;0x0000;02 Illegal Data Address
7752;0;0;0x0000;02 Illegal Data Address
7753;0;0;0x0000;02 Illegal Data Address
7754;0;0;0x0000;02 Illegal Data Address
7755;0;0;0x0000;02 Illegal Data Address
7756;0;0;0x0000;02 Illegal Data Address
7757;0;0;0x0000;02 Illegal Data Address
7758;0;0;0x0000;02 Illegal Data Address
7759;0;0;0x0000;02 Illegal Data Address
7760;0;0;0x0000;02 Illegal Data Address
7761;0;0;0x0000;02 Illegal Data Address
7762;0;0;0x0000;02 Illegal Data Address
7763;0;0;0x0000;02 Illegal Data Address
7764;0;0;0x0000;02 Illegal Data Address
7765;0;0;0x0000;02 Illegal Data Address
7766;0;0;0x0000;02 Illegal Data Address
7767;0;0;0x0000;02 Illegal Data Address
7768;0;0;0x0000;02 Illegal Data Address
7769;0;0;0x0000;02 Illegal Data Address
7770;0;0;0x0000;02 Illegal Data Address
7771;0;0;0x0000;02 Illegal Data Address
7772;0;0;0x0000;02 Illegal Data Address
7773;0;0;0x0000;02 Illegal Data Address
7774;0;0;0x0000;02 Illegal Data Address
7775;0;0;0x0000;02 Illegal Data Address
7776;0;0;0x0000;02 Illegal Data Address
7777;0;0;0x0000;02 Illegal Data Address
7778;0;0;0x0000;02 Illegal Data Address
7779;0;0;0x0000;02 Illegal Data Address
7780;0;0;0x0000;02 Illegal Data Address
7781;0;0;0x0000;02 Illegal Data Address
7782;0;0;0x0000;02 Illegal Data Address
7783;0;0;0x0000;02 Illegal Data Address
7784;0;0;0x0000;02 Illegal Data Address
7785;0;0;0x0000;02 Illegal Data Address
7786;0;0;0x0000;02 Illegal Data Address
7787;0;0;0x0000;02 Illegal Data Address
7788;0;0;0x0000;02 Illegal Data Address
7789;0;0;0x0000;02 Illegal Data Address
7790;0;0;0x0000;02 Illegal Data Address
7791;0;0;0x0000;02 Illegal Data Address
7792;0;0;0x0000;02 Illegal Data Address
7793;0;0;0x0000;02 Illegal Data Address
7794;0;0;0x0000;02 Illegal Data Address
7795;0;0;0x0000;02 Illegal Data Address
7796;0;0;0x0000;02 Illegal Data Address
7797;0;0;0x0000;02 Illegal Data Address
7798;0;0;0x0000;02 Illegal Data Address
7799;0;0;0x0000;02 Illegal Data Address
7800;0;0;0x0000;02 Illegal Data Address
7801;0;0;0x0000;02 Illegal Data Address
7802;0;0;0x0000;02 Illegal Data Address
7803;0;0;0x0000;02 Illegal Data Address
7804;0;0;0x0000;02 Illegal Data Address
7805;0;0;0x0000;02 Illegal Data Address
7806;0;0;0x0000;02 Illegal Data Address
7807;0;0;0x0000;02 Illegal Data Address
7808;0;0;0x0000;02 Illegal Data Address
7809;0;0;0x0000;02 Illegal Data Address
7810;0;0;0x0000;02 Illegal Data Address
7811;0;0;0x0000;02 Illegal Data Address
7812;0;0;0x0000;02 Illegal Data Address
7813;0;0;0x0000;02 Illegal Data Address
7814;0;0;0x0000;02 Illegal Data Address
7815;0;0;0x0000;02 Illegal Data Address
7816;0;0;0x0000;02 Illegal Data Address
7817;0;0;0x0000;02 Illegal Data Address
7818;0;0;0x0000;02 Illegal Data Address
7819;0;0;0x0000;02 Illegal Data Address
7820;0;0;0x0000;02 Illegal Data Address
7821;0;0;0x0000;02 Illegal Data Address
7822;0;0;0x0000;02 Illegal Data Address
7823;0;0;0x0000;02 Illegal Data Address
7824;0;0;0x0000;02 Illegal Data Address
7825;0;0;0x0000;02 Illegal Data Address
7826;0;0;0x0000;02 Illegal Data Address
7827;0;0;0x0000;02 Illegal Data Address
7828;0;0;0x0000;02 Illegal Data Address
7829;0;0;0x0000;02 Illegal Data Address
7830;0;0;0x0000;02 Illegal Data Address
7831;0;0;0x0000;02 Illegal Data Address
7832;0;0;0x0000;02 Illegal Data Address
7833;0;0;0x0000;02 Illegal Data Address
7834;0;0;0x0000;02 Illegal Data Address
7835;0;0;0x0000;02 Illegal Data Address
7836;0;0;0x0000;02 Illegal Data Address
7837;0;0;0x0000;02 Illegal Data Address
7838;0;0;0x0000;02 Illegal Data Address
7839;0;0;0x0000;02 Illegal Data Address
7840;0;0;0x0000;02 Illegal Data Address
7841;0;0;0x0000;02 Illegal Data Address
7842;0;0;0x0000;02 Illegal Data Address
7843;0;0;0x0000;02 Illegal Data Address
7844;0;0;0x0000;02 Illegal Data Address
7845;0;0;0x0000;02 Illegal Data Address
7846;0;0;0x0000;02 Illegal Data Address
7847;0;0;0x0000;02 Illegal Data Address
7848;0;0;0x0000;02 Illegal Data Address
7849;0;0;0x0000;02 Illegal Data Address
7850;0;0;0x0000;02 Illegal Data Address
7851;0;0;0x0000;02 Illegal Data Address
7852;0;0;0x0000;02 Illegal Data Address
7853;0;0;0x0000;02 Illegal Data Address
7854;0;0;0x0000;02 Illegal Data Address
7855;0;0;0x0000;02 Illegal Data Address
7856;0;0;0x0000;02 Illegal Data Address
7857;0;0;0x0000;02 Illegal Data Address
7858;0;0;0x0000;02 Illegal Data Address
7859;0;0;0x0000;02 Illegal Data Address
7860;0;0;0x0000;02 Illegal Data Address
7861;0;0;0x0000;02 Illegal Data Address
7862;0;0;0x0000;02 Illegal Data Address
7863;0;0;0x0000;02 Illegal Data Address
7864;0;0;0x0000;02 Illegal Data Address
7865;0;0;0x0000;02 Illegal Data Address
7866;0;0;0x0000;02 Illegal Data Address
7867;0;0;0x0000;02 Illegal Data Address
7868;0;0;0x0000;02 Illegal Data Address
7869;0;0;0x0000;02 Illegal Data Address
7870;0;0;0x0000;02 Illegal Data Address
7871;0;0;0x0000;02 Illegal Data Address
7872;0;0;0x0000;02 Illegal Data Address
7873;0;0;0x0000;02 Illegal Data Address
7874;0;0;0x0000;02 Illegal Data Address
7875;0;0;0x0000;02 Illegal Data Address
7876;0;0;0x0000;02 Illegal Data Address
7877;0;0;0x0000;02 Illegal Data Address
7878;0;0;0x0000;02 Illegal Data Address
7879;0;0;0x0000;02 Illegal Data Address
7880;0;0;0x0000;02 Illegal Data Address
7881;0;0;0x0000;02 Illegal Data Address
7882;0;0;0x0000;02 Illegal Data Address
7883;0;0;0x0000;02 Illegal Data Address
7884;0;0;0x0000;02 Illegal Data Address
7885;0;0;0x0000;02 Illegal Data Address
7886;0;0;0x0000;02 Illegal Data Address
7887;0;0;0x0000;02 Illegal Data Address
7888;0;0;0x0000;02 Illegal Data Address
7889;0;0;0x0000;02 Illegal Data Address
7890;0;0;0x0000;02 Illegal Data Address
7891;0;0;0x0000;02 Illegal Data Address
7892;0;0;0x0000;02 Illegal Data Address
7893;0;0;0x0000;02 Illegal Data Address
7894;0;0;0x0000;02 Illegal Data Address
7895;0;0;0x0000;02 Illegal Data Address
7896;0;0;0x0000;02 Illegal Data Address
7897;0;0;0x0000;02 Illegal Data Address
7898;0;0;0x0000;02 Illegal Data Address
7899;0;0;0x0000;02 Illegal Data Address
7900;0;0;0x0000;02 Illegal Data Address
7901;0;0;0x0000;02 Illegal Data Address
7902;0;0;0x0000;02 Illegal Data Address
7903;0;0;0x0000;02 Illegal Data Address
7904;0;0;0x0000;02 Illegal Data Address
7905;0;0;0x0000;02 Illegal Data Address
7906;0;0;0x0000;02 Illegal Data Address
7907;0;0;0x0000;02 Illegal Data Address
7908;0;0;0x0000;02 Illegal Data Address
7909;0;0;0x0000;02 Illegal Data Address
7910;0;0;0x0000;02 Illegal Data Address
7911;0;0;0x0000;02 Illegal Data Address
7912;0;0;0x0000;02 Illegal Data Address
7913;0;0;0x0000;02 Illegal Data Address
7914;0;0;0x0000;02 Illegal Data Address
7915;0;0;0x0000;02 Illegal Data Address
7916;0;0;0x0000;02 Illegal Data Address
7917;0;0;0x0000;02 Illegal Data Address
7918;0;0;0x0000;02 Illegal Data Address
7919;0;0;0x0000;02 Illegal Data Address
7920;0;0;0x0000;02 Illegal Data Address
7921;0;0;0x0000;02 Illegal Data Address
7922;0;0;0x0000;02 Illegal Data Address
7923;0;0;0x0000;02 Illegal Data Address
7924;0;0;0x0000;02 Illegal Data Address
7925;0;0;0x0000;02 Illegal Data Address
7926;0;0;0x0000;02 Illegal Data Address
7927;0;0;0x0000;02 Illegal Data Address
7928;0;0;0x0000;02 Illegal Data Address
7929;0;0;0x0000;02 Illegal Data Address
7930;0;0;0x0000;02 Illegal Data Address
7931;0;0;0x0000;02 Illegal Data Address
7932;0;0;0x0000;02 Illegal Data Address
7933;0;0;0x0000;02 Illegal Data Address
7934;0;0;0x0000;02 Illegal Data Address
7935;0;0;0x0000;02 Illegal Data Address
7936;0;0;0x0000;02 Illegal Data Address
7937;0;0;0x0000;02 Illegal Data Address
7938;0;0;0x0000;02 Illegal Data Address
7939;0;0;0x0000;02 Illegal Data Address
7940;0;0;0x0000;02 Illegal Data Address
7941;0;0;0x0000;02 Illegal Data Address
7942;0;0;0x0000;02 Illegal Data Address
7943;0;0;0x0000;02 Illegal Data Address
7944;0;0;0x0000;02 Illegal Data Address
7945;0;0;0x0000;02 Illegal Data Address
7946;0;0;0x0000;02 Illegal Data Address
7947;0;0;0x0000;02 Illegal Data Address
7948;0;0;0x0000;02 Illegal Data Address
7949;0;0;0x0000;02 Illegal Data Address
7950;0;0;0x0000;02 Illegal Data Address
7951;0;0;0x0000;02 Illegal Data Address
7952;0;0;0x0000;02 Illegal Data Address
7953;0;0;0x0000;02 Illegal Data Address
7954;0;0;0x0000;02 Illegal Data Address
7955;0;0;0x0000;02 Illegal Data Address
7956;0;0;0x0000;02 Illegal Data Address
7957;0;0;0x0000;02 Illegal Data Address
7958;0;0;0x0000;02 Illegal Data Address
7959;0;0;0x0000;02 Illegal Data Address
7960;0;0;0x0000;02 Illegal Data Address
7961;0;0;0x0000;02 Illegal Data Address
7962;0;0;0x0000;02 Illegal Data Address
7963;0;0;0x0000;02 Illegal Data Address
7964;0;0;0x0000;02 Illegal Data Address
7965;0;0;0x0000;02 Illegal Data Address
7966;0;0;0x0000;02 Illegal Data Address
7967;0;0;0x0000;02 Illegal Data Address
7968;0;0;0x0000;02 Illegal Data Address
7969;0;0;0x0000;02 Illegal Data Address
7970;0;0;0x0000;02 Illegal Data Address
7971;0;0;0x0000;02 Illegal Data Address
7972;0;0;0x0000;02 Illegal Data Address
7973;0;0;0x0000;02 Illegal Data Address
7974;0;0;0x0000;02 Illegal Data Address
7975;0;0;0x0000;02 Illegal Data Address
7976;0;0;0x0000;02 Illegal Data Address
7977;0;0;0x0000;02 Illegal Data Address
7978;0;0;0x0000;02 Illegal Data Address
7979;0;0;0x0000;02 Illegal Data Address
7980;0;0;0x0000;02 Illegal Data Address
7981;0;0;0x0000;02 Illegal Data Address
7982;0;0;0x0000;02 Illegal Data Address
7983;0;0;0x0000;02 Illegal Data Address
7984;0;0;0x0000;02 Illegal Data Address
7985;0;0;0x0000;02 Illegal Data Address
7986;0;0;0x0000;02 Illegal Data Address
7987;0;0;0x0000;02 Illegal Data Address
7988;0;0;0x0000;02 Illegal Data Address
7989;0;0;0x0000;02 Illegal Data Address
7990;0;0;0x0000;02 Illegal Data Address
7991;0;0;0x0000;02 Illegal Data Address
7992;0;0;0x0000;02 Illegal Data Address
7993;0;0;0x0000;02 Illegal Data Address
7994;0;0;0x0000;02 Illegal Data Address
7995;0;0;0x0000;02 Illegal Data Address
7996;0;0;0x0000;02 Illegal Data Address
7997;0;0;0x0000;02 Illegal Data Address
7998;0;0;0x0000;02 Illegal Data Address
7999;0;0;0x0000;02 Illegal Data Address
8000;0;0;0x0000;02 Illegal Data Address
8001;0;0;0x0000;02 Illegal Data Address
8002;0;0;0x0000;02 Illegal Data Address
8003;0;0;0x0000;02 Illegal Data Address
8004;0;0;0x0000;02 Illegal Data Address
8005;0;0;0x0000;02 Illegal Data Address
8006;0;0;0x0000;02 Illegal Data Address
8007;0;0;0x0000;02 Illegal Data Address
8008;0;0;0x0000;02 Illegal Data Address
8009;0;0;0x0000;02 Illegal Data Address
8010;0;0;0x0000;02 Illegal Data Address
8011;0;0;0x0000;02 Illegal Data Address
8012;0;0;0x0000;02 Illegal Data Address
8013;0;0;0x0000;02 Illegal Data Address
8014;0;0;0x0000;02 Illegal Data Address
8015;0;0;0x0000;02 Illegal Data Address
8016;0;0;0x0000;02 Illegal Data Address
8017;0;0;0x0000;02 Illegal Data Address
8018;0;0;0x0000;02 Illegal Data Address
8019;0;0;0x0000;02 Illegal Data Address
8020;0;0;0x0000;02 Illegal Data Address
8021;0;0;0x0000;02 Illegal Data Address
8022;0;0;0x0000;02 Illegal Data Address
8023;0;0;0x0000;02 Illegal Data Address
8024;0;0;0x0000;02 Illegal Data Address
8025;0;0;0x0000;02 Illegal Data Address
8026;0;0;0x0000;02 Illegal Data Address
8027;0;0;0x0000;02 Illegal Data Address
8028;0;0;0x0000;02 Illegal Data Address
8029;0;0;0x0000;02 Illegal Data Address
8030;0;0;0x0000;02 Illegal Data Address
8031;0;0;0x0000;02 Illegal Data Address
8032;0;0;0x0000;02 Illegal Data Address
8033;0;0;0x0000;02 Illegal Data Address
8034;0;0;0x0000;02 Illegal Data Address
8035;0;0;0x0000;02 Illegal Data Address
8036;0;0;0x0000;02 Illegal Data Address
8037;0;0;0x0000;02 Illegal Data Address
8038;0;0;0x0000;02 Illegal Data Address
8039;0;0;0x0000;02 Illegal Data Address
8040;0;0;0x0000;02 Illegal Data Address
8041;0;0;0x0000;02 Illegal Data Address
8042;0;0;0x0000;02 Illegal Data Address
8043;0;0;0x0000;02 Illegal Data Address
8044;0;0;0x0000;02 Illegal Data Address
8045;0;0;0x0000;02 Illegal Data Address
8046;0;0;0x0000;02 Illegal Data Address
8047;0;0;0x0000;02 Illegal Data Address
8048;0;0;0x0000;02 Illegal Data Address
8049;0;0;0x0000;02 Illegal Data Address
8050;0;0;0x0000;02 Illegal Data Address
8051;0;0;0x0000;02 Illegal Data Address
8052;0;0;0x0000;02 Illegal Data Address
8053;0;0;0x0000;02 Illegal Data Address
8054;0;0;0x0000;02 Illegal Data Address
8055;0;0;0x0000;02 Illegal Data Address
8056;0;0;0x0000;02 Illegal Data Address
8057;0;0;0x0000;02 Illegal Data Address
8058;0;0;0x0000;02 Illegal Data Address
8059;0;0;0x0000;02 Illegal Data Address
8060;0;0;0x0000;02 Illegal Data Address
8061;0;0;0x0000;02 Illegal Data Address
8062;0;0;0x0000;02 Illegal Data Address
8063;0;0;0x0000;02 Illegal Data Address
8064;0;0;0x0000;02 Illegal Data Address
8065;0;0;0x0000;02 Illegal Data Address
8066;0;0;0x0000;02 Illegal Data Address
8067;0;0;0x0000;02 Illegal Data Address
8068;0;0;0x0000;02 Illegal Data Address
8069;0;0;0x0000;02 Illegal Data Address
8070;0;0;0x0000;02 Illegal Data Address
8071;0;0;0x0000;02 Illegal Data Address
8072;0;0;0x0000;02 Illegal Data Address
8073;0;0;0x0000;02 Illegal Data Address
8074;0;0;0x0000;02 Illegal Data Address
8075;0;0;0x0000;02 Illegal Data Address
8076;0;0;0x0000;02 Illegal Data Address
8077;0;0;0x0000;02 Illegal Data Address
8078;0;0;0x0000;02 Illegal Data Address
8079;0;0;0x0000;02 Illegal Data Address
8080;0;0;0x0000;02 Illegal Data Address
8081;0;0;0x0000;02 Illegal Data Address
8082;0;0;0x0000;02 Illegal Data Address
8083;0;0;0x0000;02 Illegal Data Address
8084;0;0;0x0000;02 Illegal Data Address
8085;0;0;0x0000;02 Illegal Data Address
8086;0;0;0x0000;02 Illegal Data Address
8087;0;0;0x0000;02 Illegal Data Address
8088;0;0;0x0000;02 Illegal Data Address
8089;0;0;0x0000;02 Illegal Data Address
8090;0;0;0x0000;02 Illegal Data Address
8091;0;0;0x0000;02 Illegal Data Address
8092;0;0;0x0000;02 Illegal Data Address
8093;0;0;0x0000;02 Illegal Data Address
8094;0;0;0x0000;02 Illegal Data Address
8095;0;0;0x0000;02 Illegal Data Address
8096;0;0;0x0000;02 Illegal Data Address
8097;0;0;0x0000;02 Illegal Data Address
8098;0;0;0x0000;02 Illegal Data Address
8099;0;0;0x0000;02 Illegal Data Address
8100;0;0;0x0000;02 Illegal Data Address
8101;0;0;0x0000;02 Illegal Data Address
8102;0;0;0x0000;02 Illegal Data Address
8103;0;0;0x0000;02 Illegal Data Address
8104;0;0;0x0000;02 Illegal Data Address
8105;0;0;0x0000;02 Illegal Data Address
8106;0;0;0x0000;02 Illegal Data Address
8107;0;0;0x0000;02 Illegal Data Address
8108;0;0;0x0000;02 Illegal Data Address
8109;0;0;0x0000;02 Illegal Data Address
8110;0;0;0x0000;02 Illegal Data Address
8111;0;0;0x0000;02 Illegal Data Address
8112;0;0;0x0000;02 Illegal Data Address
8113;0;0;0x0000;02 Illegal Data Address
8114;0;0;0x0000;02 Illegal Data Address
8115;0;0;0x0000;02 Illegal Data Address
8116;0;0;0x0000;02 Illegal Data Address
8117;0;0;0x0000;02 Illegal Data Address
8118;0;0;0x0000;02 Illegal Data Address
8119;0;0;0x0000;02 Illegal Data Address
8120;0;0;0x0000;02 Illegal Data Address
8121;0;0;0x0000;02 Illegal Data Address
8122;0;0;0x0000;02 Illegal Data Address
8123;0;0;0x0000;02 Illegal Data Address
8124;0;0;0x0000;02 Illegal Data Address
8125;0;0;0x0000;02 Illegal Data Address
8126;0;0;0x0000;02 Illegal Data Address
8127;0;0;0x0000;02 Illegal Data Address
8128;0;0;0x0000;02 Illegal Data Address
8129;0;0;0x0000;02 Illegal Data Address
8130;0;0;0x0000;02 Illegal Data Address
8131;0;0;0x0000;02 Illegal Data Address
8132;0;0;0x0000;02 Illegal Data Address
8133;0;0;0x0000;02 Illegal Data Address
8134;0;0;0x0000;02 Illegal Data Address
8135;0;0;0x0000;02 Illegal Data Address
8136;0;0;0x0000;02 Illegal Data Address
8137;0;0;0x0000;02 Illegal Data Address
8138;0;0;0x0000;02 Illegal Data Address
8139;0;0;0x0000;02 Illegal Data Address
8140;0;0;0x0000;02 Illegal Data Address
8141;0;0;0x0000;02 Illegal Data Address
8142;0;0;0x0000;02 Illegal Data Address
8143;0;0;0x0000;02 Illegal Data Address
8144;0;0;0x0000;02 Illegal Data Address
8145;0;0;0x0000;02 Illegal Data Address
8146;0;0;0x0000;02 Illegal Data Address
8147;0;0;0x0000;02 Illegal Data Address
8148;0;0;0x0000;02 Illegal Data Address
8149;0;0;0x0000;02 Illegal Data Address
8150;0;0;0x0000;02 Illegal Data Address
8151;0;0;0x0000;02 Illegal Data Address
8152;0;0;0x0000;02 Illegal Data Address
8153;0;0;0x0000;02 Illegal Data Address
8154;0;0;0x0000;02 Illegal Data Address
8155;0;0;0x0000;02 Illegal Data Address
8156;0;0;0x0000;02 Illegal Data Address
8157;0;0;0x0000;02 Illegal Data Address
8158;0;0;0x0000;02 Illegal Data Address
8159;0;0;0x0000;02 Illegal Data Address
8160;0;0;0x0000;02 Illegal Data Address
8161;0;0;0x0000;02 Illegal Data Address
8162;0;0;0x0000;02 Illegal Data Address
8163;0;0;0x0000;02 Illegal Data Address
8164;0;0;0x0000;02 Illegal Data Address
8165;0;0;0x0000;02 Illegal Data Address
8166;0;0;0x0000;02 Illegal Data Address
8167;0;0;0x0000;02 Illegal Data Address
8168;0;0;0x0000;02 Illegal Data Address
8169;0;0;0x0000;02 Illegal Data Address
8170;0;0;0x0000;02 Illegal Data Address
8171;0;0;0x0000;02 Illegal Data Address
8172;0;0;0x0000;02 Illegal Data Address
8173;0;0;0x0000;02 Illegal Data Address
8174;0;0;0x0000;02 Illegal Data Address
8175;0;0;0x0000;02 Illegal Data Address
8176;0;0;0x0000;02 Illegal Data Address
8177;0;0;0x0000;02 Illegal Data Address
8178;0;0;0x0000;02 Illegal Data Address
8179;0;0;0x0000;02 Illegal Data Address
8180;0;0;0x0000;02 Illegal Data Address
8181;0;0;0x0000;02 Illegal Data Address
8182;0;0;0x0000;02 Illegal Data Address
8183;0;0;0x0000;02 Illegal Data Address
8184;0;0;0x0000;02 Illegal Data Address
8185;0;0;0x0000;02 Illegal Data Address
8186;0;0;0x0000;02 Illegal Data Address
8187;0;0;0x0000;02 Illegal Data Address
8188;0;0;0x0000;02 Illegal Data Address
8189;0;0;0x0000;02 Illegal Data Address
8190;0;0;0x0000;02 Illegal Data Address
8191;0;0;0x0000;02 Illegal Data Address
8192;0;0;0x0000;02 Illegal Data Address
8193;0;0;0x0000;02 Illegal Data Address
8194;0;0;0x0000;02 Illegal Data Address
8195;0;0;0x0000;02 Illegal Data Address
8196;0;0;0x0000;02 Illegal Data Address
8197;0;0;0x0000;02 Illegal Data Address
8198;0;0;0x0000;02 Illegal Data Address
8199;0;0;0x0000;02 Illegal Data Address
8200;0;0;0x0000;02 Illegal Data Address
8201;0;0;0x0000;02 Illegal Data Address
8202;0;0;0x0000;02 Illegal Data Address
8203;0;0;0x0000;02 Illegal Data Address
8204;0;0;0x0000;02 Illegal Data Address
8205;0;0;0x0000;02 Illegal Data Address
8206;0;0;0x0000;02 Illegal Data Address
8207;0;0;0x0000;02 Illegal Data Address
8208;0;0;0x0000;02 Illegal Data Address
8209;0;0;0x0000;02 Illegal Data Address
8210;0;0;0x0000;02 Illegal Data Address
8211;0;0;0x0000;02 Illegal Data Address
8212;0;0;0x0000;02 Illegal Data Address
8213;0;0;0x0000;02 Illegal Data Address
8214;0;0;0x0000;02 Illegal Data Address
8215;0;0;0x0000;02 Illegal Data Address
8216;0;0;0x0000;02 Illegal Data Address
8217;0;0;0x0000;02 Illegal Data Address
8218;0;0;0x0000;02 Illegal Data Address
8219;0;0;0x0000;02 Illegal Data Address
8220;0;0;0x0000;02 Illegal Data Address
8221;0;0;0x0000;02 Illegal Data Address
8222;0;0;0x0000;02 Illegal Data Address
8223;0;0;0x0000;02 Illegal Data Address
8224;0;0;0x0000;02 Illegal Data Address
8225;0;0;0x0000;02 Illegal Data Address
8226;0;0;0x0000;02 Illegal Data Address
8227;0;0;0x0000;02 Illegal Data Address
8228;0;0;0x0000;02 Illegal Data Address
8229;0;0;0x0000;02 Illegal Data Address
8230;0;0;0x0000;02 Illegal Data Address
8231;0;0;0x0000;02 Illegal Data Address
8232;0;0;0x0000;02 Illegal Data Address
8233;0;0;0x0000;02 Illegal Data Address
8234;0;0;0x0000;02 Illegal Data Address
8235;0;0;0x0000;02 Illegal Data Address
8236;0;0;0x0000;02 Illegal Data Address
8237;0;0;0x0000;02 Illegal Data Address
8238;0;0;0x0000;02 Illegal Data Address
8239;0;0;0x0000;02 Illegal Data Address
8240;0;0;0x0000;02 Illegal Data Address
8241;0;0;0x0000;02 Illegal Data Address
8242;0;0;0x0000;02 Illegal Data Address
8243;0;0;0x0000;02 Illegal Data Address
8244;0;0;0x0000;02 Illegal Data Address
8245;0;0;0x0000;02 Illegal Data Address
8246;0;0;0x0000;02 Illegal Data Address
8247;0;0;0x0000;02 Illegal Data Address
8248;0;0;0x0000;02 Illegal Data Address
8249;0;0;0x0000;02 Illegal Data Address
8250;0;0;0x0000;02 Illegal Data Address
8251;0;0;0x0000;02 Illegal Data Address
8252;0;0;0x0000;02 Illegal Data Address
8253;0;0;0x0000;02 Illegal Data Address
8254;0;0;0x0000;02 Illegal Data Address
8255;0;0;0x0000;02 Illegal Data Address
8256;0;0;0x0000;02 Illegal Data Address
8257;0;0;0x0000;02 Illegal Data Address
8258;0;0;0x0000;02 Illegal Data Address
8259;0;0;0x0000;02 Illegal Data Address
8260;0;0;0x0000;02 Illegal Data Address
8261;0;0;0x0000;02 Illegal Data Address
8262;0;0;0x0000;02 Illegal Data Address
8263;0;0;0x0000;02 Illegal Data Address
8264;0;0;0x0000;02 Illegal Data Address
8265;0;0;0x0000;02 Illegal Data Address
8266;0;0;0x0000;02 Illegal Data Address
8267;0;0;0x0000;02 Illegal Data Address
8268;0;0;0x0000;02 Illegal Data Address
8269;0;0;0x0000;02 Illegal Data Address
8270;0;0;0x0000;02 Illegal Data Address
8271;0;0;0x0000;02 Illegal Data Address
8272;0;0;0x0000;02 Illegal Data Address
8273;0;0;0x0000;02 Illegal Data Address
8274;0;0;0x0000;02 Illegal Data Address
8275;0;0;0x0000;02 Illegal Data Address
8276;0;0;0x0000;02 Illegal Data Address
8277;0;0;0x0000;02 Illegal Data Address
8278;0;0;0x0000;02 Illegal Data Address
8279;0;0;0x0000;02 Illegal Data Address
8280;0;0;0x0000;02 Illegal Data Address
8281;0;0;0x0000;02 Illegal Data Address
8282;0;0;0x0000;02 Illegal Data Address
8283;0;0;0x0000;02 Illegal Data Address
8284;0;0;0x0000;02 Illegal Data Address
8285;0;0;0x0000;02 Illegal Data Address
8286;0;0;0x0000;02 Illegal Data Address
8287;0;0;0x0000;02 Illegal Data Address
8288;0;0;0x0000;02 Illegal Data Address
8289;0;0;0x0000;02 Illegal Data Address
8290;0;0;0x0000;02 Illegal Data Address
8291;0;0;0x0000;02 Illegal Data Address
8292;0;0;0x0000;02 Illegal Data Address
8293;0;0;0x0000;02 Illegal Data Address
8294;0;0;0x0000;02 Illegal Data Address
8295;0;0;0x0000;02 Illegal Data Address
8296;0;0;0x0000;02 Illegal Data Address
8297;0;0;0x0000;02 Illegal Data Address
8298;0;0;0x0000;02 Illegal Data Address
8299;0;0;0x0000;02 Illegal Data Address
8300;0;0;0x0000;02 Illegal Data Address
8301;0;0;0x0000;02 Illegal Data Address
8302;0;0;0x0000;02 Illegal Data Address
8303;0;0;0x0000;02 Illegal Data Address
8304;0;0;0x0000;02 Illegal Data Address
8305;0;0;0x0000;02 Illegal Data Address
8306;0;0;0x0000;02 Illegal Data Address
8307;0;0;0x0000;02 Illegal Data Address
8308;0;0;0x0000;02 Illegal Data Address
8309;0;0;0x0000;02 Illegal Data Address
8310;0;0;0x0000;02 Illegal Data Address
8311;0;0;0x0000;02 Illegal Data Address
8312;0;0;0x0000;02 Illegal Data Address
8313;0;0;0x0000;02 Illegal Data Address
8314;0;0;0x0000;02 Illegal Data Address
8315;0;0;0x0000;02 Illegal Data Address
8316;0;0;0x0000;02 Illegal Data Address
8317;0;0;0x0000;02 Illegal Data Address
8318;0;0;0x0000;02 Illegal Data Address
8319;0;0;0x0000;02 Illegal Data Address
8320;0;0;0x0000;02 Illegal Data Address
8321;0;0;0x0000;02 Illegal Data Address
8322;0;0;0x0000;02 Illegal Data Address
8323;0;0;0x0000;02 Illegal Data Address
8324;0;0;0x0000;02 Illegal Data Address
8325;0;0;0x0000;02 Illegal Data Address
8326;0;0;0x0000;02 Illegal Data Address
8327;0;0;0x0000;02 Illegal Data Address
8328;0;0;0x0000;02 Illegal Data Address
8329;0;0;0x0000;02 Illegal Data Address
8330;0;0;0x0000;02 Illegal Data Address
8331;0;0;0x0000;02 Illegal Data Address
8332;0;0;0x0000;02 Illegal Data Address
8333;0;0;0x0000;02 Illegal Data Address
8334;0;0;0x0000;02 Illegal Data Address
8335;0;0;0x0000;02 Illegal Data Address
8336;0;0;0x0000;02 Illegal Data Address
8337;0;0;0x0000;02 Illegal Data Address
8338;0;0;0x0000;02 Illegal Data Address
8339;0;0;0x0000;02 Illegal Data Address
8340;0;0;0x0000;02 Illegal Data Address
8341;0;0;0x0000;02 Illegal Data Address
8342;0;0;0x0000;02 Illegal Data Address
8343;0;0;0x0000;02 Illegal Data Address
8344;0;0;0x0000;02 Illegal Data Address
8345;0;0;0x0000;02 Illegal Data Address
8346;0;0;0x0000;02 Illegal Data Address
8347;0;0;0x0000;02 Illegal Data Address
8348;0;0;0x0000;02 Illegal Data Address
8349;0;0;0x0000;02 Illegal Data Address
8350;0;0;0x0000;02 Illegal Data Address
8351;0;0;0x0000;02 Illegal Data Address
8352;0;0;0x0000;02 Illegal Data Address
8353;0;0;0x0000;02 Illegal Data Address
8354;0;0;0x0000;02 Illegal Data Address
8355;0;0;0x0000;02 Illegal Data Address
8356;0;0;0x0000;02 Illegal Data Address
8357;0;0;0x0000;02 Illegal Data Address
8358;0;0;0x0000;02 Illegal Data Address
8359;0;0;0x0000;02 Illegal Data Address
8360;0;0;0x0000;02 Illegal Data Address
8361;0;0;0x0000;02 Illegal Data Address
8362;0;0;0x0000;02 Illegal Data Address
8363;0;0;0x0000;02 Illegal Data Address
8364;0;0;0x0000;02 Illegal Data Address
8365;0;0;0x0000;02 Illegal Data Address
8366;0;0;0x0000;02 Illegal Data Address
8367;0;0;0x0000;02 Illegal Data Address
8368;0;0;0x0000;02 Illegal Data Address
8369;0;0;0x0000;02 Illegal Data Address
8370;0;0;0x0000;02 Illegal Data Address
8371;0;0;0x0000;02 Illegal Data Address
8372;0;0;0x0000;02 Illegal Data Address
8373;0;0;0x0000;02 Illegal Data Address
8374;0;0;0x0000;02 Illegal Data Address
8375;0;0;0x0000;02 Illegal Data Address
8376;0;0;0x0000;02 Illegal Data Address
8377;0;0;0x0000;02 Illegal Data Address
8378;0;0;0x0000;02 Illegal Data Address
8379;0;0;0x0000;02 Illegal Data Address
8380;0;0;0x0000;02 Illegal Data Address
8381;0;0;0x0000;02 Illegal Data Address
8382;0;0;0x0000;02 Illegal Data Address
8383;0;0;0x0000;02 Illegal Data Address
8384;0;0;0x0000;02 Illegal Data Address
8385;0;0;0x0000;02 Illegal Data Address
8386;0;0;0x0000;02 Illegal Data Address
8387;0;0;0x0000;02 Illegal Data Address
8388;0;0;0x0000;02 Illegal Data Address
8389;0;0;0x0000;02 Illegal Data Address
8390;0;0;0x0000;02 Illegal Data Address
8391;0;0;0x0000;02 Illegal Data Address
8392;0;0;0x0000;02 Illegal Data Address
8393;0;0;0x0000;02 Illegal Data Address
8394;0;0;0x0000;02 Illegal Data Address
8395;0;0;0x0000;02 Illegal Data Address
8396;0;0;0x0000;02 Illegal Data Address
8397;0;0;0x0000;02 Illegal Data Address
8398;0;0;0x0000;02 Illegal Data Address
8399;0;0;0x0000;02 Illegal Data Address
8400;0;0;0x0000;02 Illegal Data Address
8401;0;0;0x0000;02 Illegal Data Address
8402;0;0;0x0000;02 Illegal Data Address
8403;0;0;0x0000;02 Illegal Data Address
8404;0;0;0x0000;02 Illegal Data Address
8405;0;0;0x0000;02 Illegal Data Address
8406;0;0;0x0000;02 Illegal Data Address
8407;0;0;0x0000;02 Illegal Data Address
8408;0;0;0x0000;02 Illegal Data Address
8409;0;0;0x0000;02 Illegal Data Address
8410;0;0;0x0000;02 Illegal Data Address
8411;0;0;0x0000;02 Illegal Data Address
8412;0;0;0x0000;02 Illegal Data Address
8413;0;0;0x0000;02 Illegal Data Address
8414;0;0;0x0000;02 Illegal Data Address
8415;0;0;0x0000;02 Illegal Data Address
8416;0;0;0x0000;02 Illegal Data Address
8417;0;0;0x0000;02 Illegal Data Address
8418;0;0;0x0000;02 Illegal Data Address
8419;0;0;0x0000;02 Illegal Data Address
8420;0;0;0x0000;02 Illegal Data Address
8421;0;0;0x0000;02 Illegal Data Address
8422;0;0;0x0000;02 Illegal Data Address
8423;0;0;0x0000;02 Illegal Data Address
8424;0;0;0x0000;02 Illegal Data Address
8425;0;0;0x0000;02 Illegal Data Address
8426;0;0;0x0000;02 Illegal Data Address
8427;0;0;0x0000;02 Illegal Data Address
8428;0;0;0x0000;02 Illegal Data Address
8429;0;0;0x0000;02 Illegal Data Address
8430;0;0;0x0000;02 Illegal Data Address
8431;0;0;0x0000;02 Illegal Data Address
8432;0;0;0x0000;02 Illegal Data Address
8433;0;0;0x0000;02 Illegal Data Address
8434;0;0;0x0000;02 Illegal Data Address
8435;0;0;0x0000;02 Illegal Data Address
8436;0;0;0x0000;02 Illegal Data Address
8437;0;0;0x0000;02 Illegal Data Address
8438;0;0;0x0000;02 Illegal Data Address
8439;0;0;0x0000;02 Illegal Data Address
8440;0;0;0x0000;02 Illegal Data Address
8441;0;0;0x0000;02 Illegal Data Address
8442;0;0;0x0000;02 Illegal Data Address
8443;0;0;0x0000;02 Illegal Data Address
8444;0;0;0x0000;02 Illegal Data Address
8445;0;0;0x0000;02 Illegal Data Address
8446;0;0;0x0000;02 Illegal Data Address
8447;0;0;0x0000;02 Illegal Data Address
8448;0;0;0x0000;02 Illegal Data Address
8449;0;0;0x0000;02 Illegal Data Address
8450;0;0;0x0000;02 Illegal Data Address
8451;0;0;0x0000;02 Illegal Data Address
8452;0;0;0x0000;02 Illegal Data Address
8453;0;0;0x0000;02 Illegal Data Address
8454;0;0;0x0000;02 Illegal Data Address
8455;0;0;0x0000;02 Illegal Data Address
8456;0;0;0x0000;02 Illegal Data Address
8457;0;0;0x0000;02 Illegal Data Address
8458;0;0;0x0000;02 Illegal Data Address
8459;0;0;0x0000;02 Illegal Data Address
8460;0;0;0x0000;02 Illegal Data Address
8461;0;0;0x0000;02 Illegal Data Address
8462;0;0;0x0000;02 Illegal Data Address
8463;0;0;0x0000;02 Illegal Data Address
8464;0;0;0x0000;02 Illegal Data Address
8465;0;0;0x0000;02 Illegal Data Address
8466;0;0;0x0000;02 Illegal Data Address
8467;0;0;0x0000;02 Illegal Data Address
8468;0;0;0x0000;02 Illegal Data Address
8469;0;0;0x0000;02 Illegal Data Address
8470;0;0;0x0000;02 Illegal Data Address
8471;0;0;0x0000;02 Illegal Data Address
8472;0;0;0x0000;02 Illegal Data Address
8473;0;0;0x0000;02 Illegal Data Address
8474;0;0;0x0000;02 Illegal Data Address
8475;0;0;0x0000;02 Illegal Data Address
8476;0;0;0x0000;02 Illegal Data Address
8477;0;0;0x0000;02 Illegal Data Address
8478;0;0;0x0000;02 Illegal Data Address
8479;0;0;0x0000;02 Illegal Data Address
8480;0;0;0x0000;02 Illegal Data Address
8481;0;0;0x0000;02 Illegal Data Address
8482;0;0;0x0000;02 Illegal Data Address
8483;0;0;0x0000;02 Illegal Data Address
8484;0;0;0x0000;02 Illegal Data Address
8485;0;0;0x0000;02 Illegal Data Address
8486;0;0;0x0000;02 Illegal Data Address
8487;0;0;0x0000;02 Illegal Data Address
8488;0;0;0x0000;02 Illegal Data Address
8489;0;0;0x0000;02 Illegal Data Address
8490;0;0;0x0000;02 Illegal Data Address
8491;0;0;0x0000;02 Illegal Data Address
8492;0;0;0x0000;02 Illegal Data Address
8493;0;0;0x0000;02 Illegal Data Address
8494;0;0;0x0000;02 Illegal Data Address
8495;0;0;0x0000;02 Illegal Data Address
8496;0;0;0x0000;02 Illegal Data Address
8497;0;0;0x0000;02 Illegal Data Address
8498;0;0;0x0000;02 Illegal Data Address
8499;0;0;0x0000;02 Illegal Data Address
8500;0;0;0x0000;02 Illegal Data Address
8501;0;0;0x0000;02 Illegal Data Address
8502;0;0;0x0000;02 Illegal Data Address
8503;0;0;0x0000;02 Illegal Data Address
8504;0;0;0x0000;02 Illegal Data Address
8505;0;0;0x0000;02 Illegal Data Address
8506;0;0;0x0000;02 Illegal Data Address
8507;0;0;0x0000;02 Illegal Data Address
8508;0;0;0x0000;02 Illegal Data Address
8509;0;0;0x0000;02 Illegal Data Address
8510;0;0;0x0000;02 Illegal Data Address
8511;0;0;0x0000;02 Illegal Data Address
8512;0;0;0x0000;02 Illegal Data Address
8513;0;0;0x0000;02 Illegal Data Address
8514;0;0;0x0000;02 Illegal Data Address
8515;0;0;0x0000;02 Illegal Data Address
8516;0;0;0x0000;02 Illegal Data Address
8517;0;0;0x0000;02 Illegal Data Address
8518;0;0;0x0000;02 Illegal Data Address
8519;0;0;0x0000;02 Illegal Data Address
8520;0;0;0x0000;02 Illegal Data Address
8521;0;0;0x0000;02 Illegal Data Address
8522;0;0;0x0000;02 Illegal Data Address
8523;0;0;0x0000;02 Illegal Data Address
8524;0;0;0x0000;02 Illegal Data Address
8525;0;0;0x0000;02 Illegal Data Address
8526;0;0;0x0000;02 Illegal Data Address
8527;0;0;0x0000;02 Illegal Data Address
8528;0;0;0x0000;02 Illegal Data Address
8529;0;0;0x0000;02 Illegal Data Address
8530;0;0;0x0000;02 Illegal Data Address
8531;0;0;0x0000;02 Illegal Data Address
8532;0;0;0x0000;02 Illegal Data Address
8533;0;0;0x0000;02 Illegal Data Address
8534;0;0;0x0000;02 Illegal Data Address
8535;0;0;0x0000;02 Illegal Data Address
8536;0;0;0x0000;02 Illegal Data Address
8537;0;0;0x0000;02 Illegal Data Address
8538;0;0;0x0000;02 Illegal Data Address
8539;0;0;0x0000;02 Illegal Data Address
8540;0;0;0x0000;02 Illegal Data Address
8541;0;0;0x0000;02 Illegal Data Address
8542;0;0;0x0000;02 Illegal Data Address
8543;0;0;0x0000;02 Illegal Data Address
8544;0;0;0x0000;02 Illegal Data Address
8545;0;0;0x0000;02 Illegal Data Address
8546;0;0;0x0000;02 Illegal Data Address
8547;0;0;0x0000;02 Illegal Data Address
8548;0;0;0x0000;02 Illegal Data Address
8549;0;0;0x0000;02 Illegal Data Address
8550;0;0;0x0000;02 Illegal Data Address
8551;0;0;0x0000;02 Illegal Data Address
8552;0;0;0x0000;02 Illegal Data Address
8553;0;0;0x0000;02 Illegal Data Address
8554;0;0;0x0000;02 Illegal Data Address
8555;0;0;0x0000;02 Illegal Data Address
8556;0;0;0x0000;02 Illegal Data Address
8557;0;0;0x0000;02 Illegal Data Address
8558;0;0;0x0000;02 Illegal Data Address
8559;0;0;0x0000;02 Illegal Data Address
8560;0;0;0x0000;02 Illegal Data Address
8561;0;0;0x0000;02 Illegal Data Address
8562;0;0;0x0000;02 Illegal Data Address
8563;0;0;0x0000;02 Illegal Data Address
8564;0;0;0x0000;02 Illegal Data Address
8565;0;0;0x0000;02 Illegal Data Address
8566;0;0;0x0000;02 Illegal Data Address
8567;0;0;0x0000;02 Illegal Data Address
8568;0;0;0x0000;02 Illegal Data Address
8569;0;0;0x0000;02 Illegal Data Address
8570;0;0;0x0000;02 Illegal Data Address
8571;0;0;0x0000;02 Illegal Data Address
8572;0;0;0x0000;02 Illegal Data Address
8573;0;0;0x0000;02 Illegal Data Address
8574;0;0;0x0000;02 Illegal Data Address
8575;0;0;0x0000;02 Illegal Data Address
8576;0;0;0x0000;02 Illegal Data Address
8577;0;0;0x0000;02 Illegal Data Address
8578;0;0;0x0000;02 Illegal Data Address
8579;0;0;0x0000;02 Illegal Data Address
8580;0;0;0x0000;02 Illegal Data Address
8581;0;0;0x0000;02 Illegal Data Address
8582;0;0;0x0000;02 Illegal Data Address
8583;0;0;0x0000;02 Illegal Data Address
8584;0;0;0x0000;02 Illegal Data Address
8585;0;0;0x0000;02 Illegal Data Address
8586;0;0;0x0000;02 Illegal Data Address
8587;0;0;0x0000;02 Illegal Data Address
8588;0;0;0x0000;02 Illegal Data Address
8589;0;0;0x0000;02 Illegal Data Address
8590;0;0;0x0000;02 Illegal Data Address
8591;0;0;0x0000;02 Illegal Data Address
8592;0;0;0x0000;02 Illegal Data Address
8593;0;0;0x0000;02 Illegal Data Address
8594;0;0;0x0000;02 Illegal Data Address
8595;0;0;0x0000;02 Illegal Data Address
8596;0;0;0x0000;02 Illegal Data Address
8597;0;0;0x0000;02 Illegal Data Address
8598;0;0;0x0000;02 Illegal Data Address
8599;0;0;0x0000;02 Illegal Data Address
8600;0;0;0x0000;02 Illegal Data Address
8601;0;0;0x0000;02 Illegal Data Address
8602;0;0;0x0000;02 Illegal Data Address
8603;0;0;0x0000;02 Illegal Data Address
8604;0;0;0x0000;02 Illegal Data Address
8605;0;0;0x0000;02 Illegal Data Address
8606;0;0;0x0000;02 Illegal Data Address
8607;0;0;0x0000;02 Illegal Data Address
8608;0;0;0x0000;02 Illegal Data Address
8609;0;0;0x0000;02 Illegal Data Address
8610;0;0;0x0000;02 Illegal Data Address
8611;0;0;0x0000;02 Illegal Data Address
8612;0;0;0x0000;02 Illegal Data Address
8613;0;0;0x0000;02 Illegal Data Address
8614;0;0;0x0000;02 Illegal Data Address
8615;0;0;0x0000;02 Illegal Data Address
8616;0;0;0x0000;02 Illegal Data Address
8617;0;0;0x0000;02 Illegal Data Address
8618;0;0;0x0000;02 Illegal Data Address
8619;0;0;0x0000;02 Illegal Data Address
8620;0;0;0x0000;02 Illegal Data Address
8621;0;0;0x0000;02 Illegal Data Address
8622;0;0;0x0000;02 Illegal Data Address
8623;0;0;0x0000;02 Illegal Data Address
8624;0;0;0x0000;02 Illegal Data Address
8625;0;0;0x0000;02 Illegal Data Address
8626;0;0;0x0000;02 Illegal Data Address
8627;0;0;0x0000;02 Illegal Data Address
8628;0;0;0x0000;02 Illegal Data Address
8629;0;0;0x0000;02 Illegal Data Address
8630;0;0;0x0000;02 Illegal Data Address
8631;0;0;0x0000;02 Illegal Data Address
8632;0;0;0x0000;02 Illegal Data Address
8633;0;0;0x0000;02 Illegal Data Address
8634;0;0;0x0000;02 Illegal Data Address
8635;0;0;0x0000;02 Illegal Data Address
8636;0;0;0x0000;02 Illegal Data Address
8637;0;0;0x0000;02 Illegal Data Address
8638;0;0;0x0000;02 Illegal Data Address
8639;0;0;0x0000;02 Illegal Data Address
8640;0;0;0x0000;02 Illegal Data Address
8641;0;0;0x0000;02 Illegal Data Address
8642;0;0;0x0000;02 Illegal Data Address
8643;0;0;0x0000;02 Illegal Data Address
8644;0;0;0x0000;02 Illegal Data Address
8645;0;0;0x0000;02 Illegal Data Address
8646;0;0;0x0000;02 Illegal Data Address
8647;0;0;0x0000;02 Illegal Data Address
8648;0;0;0x0000;02 Illegal Data Address
8649;0;0;0x0000;02 Illegal Data Address
8650;0;0;0x0000;02 Illegal Data Address
8651;0;0;0x0000;02 Illegal Data Address
8652;0;0;0x0000;02 Illegal Data Address
8653;0;0;0x0000;02 Illegal Data Address
8654;0;0;0x0000;02 Illegal Data Address
8655;0;0;0x0000;02 Illegal Data Address
8656;0;0;0x0000;02 Illegal Data Address
8657;0;0;0x0000;02 Illegal Data Address
8658;0;0;0x0000;02 Illegal Data Address
8659;0;0;0x0000;02 Illegal Data Address
8660;0;0;0x0000;02 Illegal Data Address
8661;0;0;0x0000;02 Illegal Data Address
8662;0;0;0x0000;02 Illegal Data Address
8663;0;0;0x0000;02 Illegal Data Address
8664;0;0;0x0000;02 Illegal Data Address
8665;0;0;0x0000;02 Illegal Data Address
8666;0;0;0x0000;02 Illegal Data Address
8667;0;0;0x0000;02 Illegal Data Address
8668;0;0;0x0000;02 Illegal Data Address
8669;0;0;0x0000;02 Illegal Data Address
8670;0;0;0x0000;02 Illegal Data Address
8671;0;0;0x0000;02 Illegal Data Address
8672;0;0;0x0000;02 Illegal Data Address
8673;0;0;0x0000;02 Illegal Data Address
8674;0;0;0x0000;02 Illegal Data Address
8675;0;0;0x0000;02 Illegal Data Address
8676;0;0;0x0000;02 Illegal Data Address
8677;0;0;0x0000;02 Illegal Data Address
8678;0;0;0x0000;02 Illegal Data Address
8679;0;0;0x0000;02 Illegal Data Address
8680;0;0;0x0000;02 Illegal Data Address
8681;0;0;0x0000;02 Illegal Data Address
8682;0;0;0x0000;02 Illegal Data Address
8683;0;0;0x0000;02 Illegal Data Address
8684;0;0;0x0000;02 Illegal Data Address
8685;0;0;0x0000;02 Illegal Data Address
8686;0;0;0x0000;02 Illegal Data Address
8687;0;0;0x0000;02 Illegal Data Address
8688;0;0;0x0000;02 Illegal Data Address
8689;0;0;0x0000;02 Illegal Data Address
8690;0;0;0x0000;02 Illegal Data Address
8691;0;0;0x0000;02 Illegal Data Address
8692;0;0;0x0000;02 Illegal Data Address
8693;0;0;0x0000;02 Illegal Data Address
8694;0;0;0x0000;02 Illegal Data Address
8695;0;0;0x0000;02 Illegal Data Address
8696;0;0;0x0000;02 Illegal Data Address
8697;0;0;0x0000;02 Illegal Data Address
8698;0;0;0x0000;02 Illegal Data Address
8699;0;0;0x0000;02 Illegal Data Address
8700;0;0;0x0000;02 Illegal Data Address
8701;0;0;0x0000;02 Illegal Data Address
8702;0;0;0x0000;02 Illegal Data Address
8703;0;0;0x0000;02 Illegal Data Address
8704;0;0;0x0000;02 Illegal Data Address
8705;0;0;0x0000;02 Illegal Data Address
8706;0;0;0x0000;02 Illegal Data Address
8707;0;0;0x0000;02 Illegal Data Address
8708;0;0;0x0000;02 Illegal Data Address
8709;0;0;0x0000;02 Illegal Data Address
8710;0;0;0x0000;02 Illegal Data Address
8711;0;0;0x0000;02 Illegal Data Address
8712;0;0;0x0000;02 Illegal Data Address
8713;0;0;0x0000;02 Illegal Data Address
8714;0;0;0x0000;02 Illegal Data Address
8715;0;0;0x0000;02 Illegal Data Address
8716;0;0;0x0000;02 Illegal Data Address
8717;0;0;0x0000;02 Illegal Data Address
8718;0;0;0x0000;02 Illegal Data Address
8719;0;0;0x0000;02 Illegal Data Address
8720;0;0;0x0000;02 Illegal Data Address
8721;0;0;0x0000;02 Illegal Data Address
8722;0;0;0x0000;02 Illegal Data Address
8723;0;0;0x0000;02 Illegal Data Address
8724;0;0;0x0000;02 Illegal Data Address
8725;0;0;0x0000;02 Illegal Data Address
8726;0;0;0x0000;02 Illegal Data Address
8727;0;0;0x0000;02 Illegal Data Address
8728;0;0;0x0000;02 Illegal Data Address
8729;0;0;0x0000;02 Illegal Data Address
8730;0;0;0x0000;02 Illegal Data Address
8731;0;0;0x0000;02 Illegal Data Address
8732;0;0;0x0000;02 Illegal Data Address
8733;0;0;0x0000;02 Illegal Data Address
8734;0;0;0x0000;02 Illegal Data Address
8735;0;0;0x0000;02 Illegal Data Address
8736;0;0;0x0000;02 Illegal Data Address
8737;0;0;0x0000;02 Illegal Data Address
8738;0;0;0x0000;02 Illegal Data Address
8739;0;0;0x0000;02 Illegal Data Address
8740;0;0;0x0000;02 Illegal Data Address
8741;0;0;0x0000;02 Illegal Data Address
8742;0;0;0x0000;02 Illegal Data Address
8743;0;0;0x0000;02 Illegal Data Address
8744;0;0;0x0000;02 Illegal Data Address
8745;0;0;0x0000;02 Illegal Data Address
8746;0;0;0x0000;02 Illegal Data Address
8747;0;0;0x0000;02 Illegal Data Address
8748;0;0;0x0000;02 Illegal Data Address
8749;0;0;0x0000;02 Illegal Data Address
8750;0;0;0x0000;02 Illegal Data Address
8751;0;0;0x0000;02 Illegal Data Address
8752;0;0;0x0000;02 Illegal Data Address
8753;0;0;0x0000;02 Illegal Data Address
8754;0;0;0x0000;02 Illegal Data Address
8755;0;0;0x0000;02 Illegal Data Address
8756;0;0;0x0000;02 Illegal Data Address
8757;0;0;0x0000;02 Illegal Data Address
8758;0;0;0x0000;02 Illegal Data Address
8759;0;0;0x0000;02 Illegal Data Address
8760;0;0;0x0000;02 Illegal Data Address
8761;0;0;0x0000;02 Illegal Data Address
8762;0;0;0x0000;02 Illegal Data Address
8763;0;0;0x0000;02 Illegal Data Address
8764;0;0;0x0000;02 Illegal Data Address
8765;0;0;0x0000;02 Illegal Data Address
8766;0;0;0x0000;02 Illegal Data Address
8767;0;0;0x0000;02 Illegal Data Address
8768;0;0;0x0000;02 Illegal Data Address
8769;0;0;0x0000;02 Illegal Data Address
8770;0;0;0x0000;02 Illegal Data Address
8771;0;0;0x0000;02 Illegal Data Address
8772;0;0;0x0000;02 Illegal Data Address
8773;0;0;0x0000;02 Illegal Data Address
8774;0;0;0x0000;02 Illegal Data Address
8775;0;0;0x0000;02 Illegal Data Address
8776;0;0;0x0000;02 Illegal Data Address
8777;0;0;0x0000;02 Illegal Data Address
8778;0;0;0x0000;02 Illegal Data Address
8779;0;0;0x0000;02 Illegal Data Address
8780;0;0;0x0000;02 Illegal Data Address
8781;0;0;0x0000;02 Illegal Data Address
8782;0;0;0x0000;02 Illegal Data Address
8783;0;0;0x0000;02 Illegal Data Address
8784;0;0;0x0000;02 Illegal Data Address
8785;0;0;0x0000;02 Illegal Data Address
8786;0;0;0x0000;02 Illegal Data Address
8787;0;0;0x0000;02 Illegal Data Address
8788;0;0;0x0000;02 Illegal Data Address
8789;0;0;0x0000;02 Illegal Data Address
8790;0;0;0x0000;02 Illegal Data Address
8791;0;0;0x0000;02 Illegal Data Address
8792;0;0;0x0000;02 Illegal Data Address
8793;0;0;0x0000;02 Illegal Data Address
8794;0;0;0x0000;02 Illegal Data Address
8795;0;0;0x0000;02 Illegal Data Address
8796;0;0;0x0000;02 Illegal Data Address
8797;0;0;0x0000;02 Illegal Data Address
8798;0;0;0x0000;02 Illegal Data Address
8799;0;0;0x0000;02 Illegal Data Address
8800;0;0;0x0000;02 Illegal Data Address
8801;0;0;0x0000;02 Illegal Data Address
8802;0;0;0x0000;02 Illegal Data Address
8803;0;0;0x0000;02 Illegal Data Address
8804;0;0;0x0000;02 Illegal Data Address
8805;0;0;0x0000;02 Illegal Data Address
8806;0;0;0x0000;02 Illegal Data Address
8807;0;0;0x0000;02 Illegal Data Address
8808;0;0;0x0000;02 Illegal Data Address
8809;0;0;0x0000;02 Illegal Data Address
8810;0;0;0x0000;02 Illegal Data Address
8811;0;0;0x0000;02 Illegal Data Address
8812;0;0;0x0000;02 Illegal Data Address
8813;0;0;0x0000;02 Illegal Data Address
8814;0;0;0x0000;02 Illegal Data Address
8815;0;0;0x0000;02 Illegal Data Address
8816;0;0;0x0000;02 Illegal Data Address
8817;0;0;0x0000;02 Illegal Data Address
8818;0;0;0x0000;02 Illegal Data Address
8819;0;0;0x0000;02 Illegal Data Address
8820;0;0;0x0000;02 Illegal Data Address
8821;0;0;0x0000;02 Illegal Data Address
8822;0;0;0x0000;02 Illegal Data Address
8823;0;0;0x0000;02 Illegal Data Address
8824;0;0;0x0000;02 Illegal Data Address
8825;0;0;0x0000;02 Illegal Data Address
8826;0;0;0x0000;02 Illegal Data Address
8827;0;0;0x0000;02 Illegal Data Address
8828;0;0;0x0000;02 Illegal Data Address
8829;0;0;0x0000;02 Illegal Data Address
8830;0;0;0x0000;02 Illegal Data Address
8831;0;0;0x0000;02 Illegal Data Address
8832;0;0;0x0000;02 Illegal Data Address
8833;0;0;0x0000;02 Illegal Data Address
8834;0;0;0x0000;02 Illegal Data Address
8835;0;0;0x0000;02 Illegal Data Address
8836;0;0;0x0000;02 Illegal Data Address
8837;0;0;0x0000;02 Illegal Data Address
8838;0;0;0x0000;02 Illegal Data Address
8839;0;0;0x0000;02 Illegal Data Address
8840;0;0;0x0000;02 Illegal Data Address
8841;0;0;0x0000;02 Illegal Data Address
8842;0;0;0x0000;02 Illegal Data Address
8843;0;0;0x0000;02 Illegal Data Address
8844;0;0;0x0000;02 Illegal Data Address
8845;0;0;0x0000;02 Illegal Data Address
8846;0;0;0x0000;02 Illegal Data Address
8847;0;0;0x0000;02 Illegal Data Address
8848;0;0;0x0000;02 Illegal Data Address
8849;0;0;0x0000;02 Illegal Data Address
8850;0;0;0x0000;02 Illegal Data Address
8851;0;0;0x0000;02 Illegal Data Address
8852;0;0;0x0000;02 Illegal Data Address
8853;0;0;0x0000;02 Illegal Data Address
8854;0;0;0x0000;02 Illegal Data Address
8855;0;0;0x0000;02 Illegal Data Address
8856;0;0;0x0000;02 Illegal Data Address
8857;0;0;0x0000;02 Illegal Data Address
8858;0;0;0x0000;02 Illegal Data Address
8859;0;0;0x0000;02 Illegal Data Address
8860;0;0;0x0000;02 Illegal Data Address
8861;0;0;0x0000;02 Illegal Data Address
8862;0;0;0x0000;02 Illegal Data Address
8863;0;0;0x0000;02 Illegal Data Address
8864;0;0;0x0000;02 Illegal Data Address
8865;0;0;0x0000;02 Illegal Data Address
8866;0;0;0x0000;02 Illegal Data Address
8867;0;0;0x0000;02 Illegal Data Address
8868;0;0;0x0000;02 Illegal Data Address
8869;0;0;0x0000;02 Illegal Data Address
8870;0;0;0x0000;02 Illegal Data Address
8871;0;0;0x0000;02 Illegal Data Address
8872;0;0;0x0000;02 Illegal Data Address
8873;0;0;0x0000;02 Illegal Data Address
8874;0;0;0x0000;02 Illegal Data Address
8875;0;0;0x0000;02 Illegal Data Address
8876;0;0;0x0000;02 Illegal Data Address
8877;0;0;0x0000;02 Illegal Data Address
8878;0;0;0x0000;02 Illegal Data Address
8879;0;0;0x0000;02 Illegal Data Address
8880;0;0;0x0000;02 Illegal Data Address
8881;0;0;0x0000;02 Illegal Data Address
8882;0;0;0x0000;02 Illegal Data Address
8883;0;0;0x0000;02 Illegal Data Address
8884;0;0;0x0000;02 Illegal Data Address
8885;0;0;0x0000;02 Illegal Data Address
8886;0;0;0x0000;02 Illegal Data Address
8887;0;0;0x0000;02 Illegal Data Address
8888;0;0;0x0000;02 Illegal Data Address
8889;0;0;0x0000;02 Illegal Data Address
8890;0;0;0x0000;02 Illegal Data Address
8891;0;0;0x0000;02 Illegal Data Address
8892;0;0;0x0000;02 Illegal Data Address
8893;0;0;0x0000;02 Illegal Data Address
8894;0;0;0x0000;02 Illegal Data Address
8895;0;0;0x0000;02 Illegal Data Address
8896;0;0;0x0000;02 Illegal Data Address
8897;0;0;0x0000;02 Illegal Data Address
8898;0;0;0x0000;02 Illegal Data Address
8899;0;0;0x0000;02 Illegal Data Address
8900;0;0;0x0000;02 Illegal Data Address
8901;0;0;0x0000;02 Illegal Data Address
8902;0;0;0x0000;02 Illegal Data Address
8903;0;0;0x0000;02 Illegal Data Address
8904;0;0;0x0000;02 Illegal Data Address
8905;0;0;0x0000;02 Illegal Data Address
8906;0;0;0x0000;02 Illegal Data Address
8907;0;0;0x0000;02 Illegal Data Address
8908;0;0;0x0000;02 Illegal Data Address
8909;0;0;0x0000;02 Illegal Data Address
8910;0;0;0x0000;02 Illegal Data Address
8911;0;0;0x0000;02 Illegal Data Address
8912;0;0;0x0000;02 Illegal Data Address
8913;0;0;0x0000;02 Illegal Data Address
8914;0;0;0x0000;02 Illegal Data Address
8915;0;0;0x0000;02 Illegal Data Address
8916;0;0;0x0000;02 Illegal Data Address
8917;0;0;0x0000;02 Illegal Data Address
8918;0;0;0x0000;02 Illegal Data Address
8919;0;0;0x0000;02 Illegal Data Address
8920;0;0;0x0000;02 Illegal Data Address
8921;0;0;0x0000;02 Illegal Data Address
8922;0;0;0x0000;02 Illegal Data Address
8923;0;0;0x0000;02 Illegal Data Address
8924;0;0;0x0000;02 Illegal Data Address
8925;0;0;0x0000;02 Illegal Data Address
8926;0;0;0x0000;02 Illegal Data Address
8927;0;0;0x0000;02 Illegal Data Address
8928;0;0;0x0000;02 Illegal Data Address
8929;0;0;0x0000;02 Illegal Data Address
8930;0;0;0x0000;02 Illegal Data Address
8931;0;0;0x0000;02 Illegal Data Address
8932;0;0;0x0000;02 Illegal Data Address
8933;0;0;0x0000;02 Illegal Data Address
8934;0;0;0x0000;02 Illegal Data Address
8935;0;0;0x0000;02 Illegal Data Address
8936;0;0;0x0000;02 Illegal Data Address
8937;0;0;0x0000;02 Illegal Data Address
8938;0;0;0x0000;02 Illegal Data Address
8939;0;0;0x0000;02 Illegal Data Address
8940;0;0;0x0000;02 Illegal Data Address
8941;0;0;0x0000;02 Illegal Data Address
8942;0;0;0x0000;02 Illegal Data Address
8943;0;0;0x0000;02 Illegal Data Address
8944;0;0;0x0000;02 Illegal Data Address
8945;0;0;0x0000;02 Illegal Data Address
8946;0;0;0x0000;02 Illegal Data Address
8947;0;0;0x0000;02 Illegal Data Address
8948;0;0;0x0000;02 Illegal Data Address
8949;0;0;0x0000;02 Illegal Data Address
8950;0;0;0x0000;02 Illegal Data Address
8951;0;0;0x0000;02 Illegal Data Address
8952;0;0;0x0000;02 Illegal Data Address
8953;0;0;0x0000;02 Illegal Data Address
8954;0;0;0x0000;02 Illegal Data Address
8955;0;0;0x0000;02 Illegal Data Address
8956;0;0;0x0000;02 Illegal Data Address
8957;0;0;0x0000;02 Illegal Data Address
8958;0;0;0x0000;02 Illegal Data Address
8959;0;0;0x0000;02 Illegal Data Address
8960;0;0;0x0000;02 Illegal Data Address
8961;0;0;0x0000;02 Illegal Data Address
8962;0;0;0x0000;02 Illegal Data Address
8963;0;0;0x0000;02 Illegal Data Address
8964;0;0;0x0000;02 Illegal Data Address
8965;0;0;0x0000;02 Illegal Data Address
8966;0;0;0x0000;02 Illegal Data Address
8967;0;0;0x0000;02 Illegal Data Address
8968;0;0;0x0000;02 Illegal Data Address
8969;0;0;0x0000;02 Illegal Data Address
8970;0;0;0x0000;02 Illegal Data Address
8971;0;0;0x0000;02 Illegal Data Address
8972;0;0;0x0000;02 Illegal Data Address
8973;0;0;0x0000;02 Illegal Data Address
8974;0;0;0x0000;02 Illegal Data Address
8975;0;0;0x0000;02 Illegal Data Address
8976;0;0;0x0000;02 Illegal Data Address
8977;0;0;0x0000;02 Illegal Data Address
8978;0;0;0x0000;02 Illegal Data Address
8979;0;0;0x0000;02 Illegal Data Address
8980;0;0;0x0000;02 Illegal Data Address
8981;0;0;0x0000;02 Illegal Data Address
8982;0;0;0x0000;02 Illegal Data Address
8983;0;0;0x0000;02 Illegal Data Address
8984;0;0;0x0000;02 Illegal Data Address
8985;0;0;0x0000;02 Illegal Data Address
8986;0;0;0x0000;02 Illegal Data Address
8987;0;0;0x0000;02 Illegal Data Address
8988;0;0;0x0000;02 Illegal Data Address
8989;0;0;0x0000;02 Illegal Data Address
8990;0;0;0x0000;02 Illegal Data Address
8991;0;0;0x0000;02 Illegal Data Address
8992;0;0;0x0000;02 Illegal Data Address
8993;0;0;0x0000;02 Illegal Data Address
8994;0;0;0x0000;02 Illegal Data Address
8995;0;0;0x0000;02 Illegal Data Address
8996;0;0;0x0000;02 Illegal Data Address
8997;0;0;0x0000;02 Illegal Data Address
8998;0;0;0x0000;02 Illegal Data Address
8999;0;0;0x0000;02 Illegal Data Address
9000;0;0;0x0000;02 Illegal Data Address
9001;0;0;0x0000;02 Illegal Data Address
9002;0;0;0x0000;02 Illegal Data Address
9003;0;0;0x0000;02 Illegal Data Address
9004;0;0;0x0000;02 Illegal Data Address
9005;0;0;0x0000;02 Illegal Data Address
9006;0;0;0x0000;02 Illegal Data Address
9007;0;0;0x0000;02 Illegal Data Address
9008;0;0;0x0000;02 Illegal Data Address
9009;0;0;0x0000;02 Illegal Data Address
9010;0;0;0x0000;02 Illegal Data Address
9011;0;0;0x0000;02 Illegal Data Address
9012;0;0;0x0000;02 Illegal Data Address
9013;0;0;0x0000;02 Illegal Data Address
9014;0;0;0x0000;02 Illegal Data Address
9015;0;0;0x0000;02 Illegal Data Address
9016;0;0;0x0000;02 Illegal Data Address
9017;0;0;0x0000;02 Illegal Data Address
9018;0;0;0x0000;02 Illegal Data Address
9019;0;0;0x0000;02 Illegal Data Address
9020;0;0;0x0000;02 Illegal Data Address
9021;0;0;0x0000;02 Illegal Data Address
9022;0;0;0x0000;02 Illegal Data Address
9023;0;0;0x0000;02 Illegal Data Address
9024;0;0;0x0000;02 Illegal Data Address
9025;0;0;0x0000;02 Illegal Data Address
9026;0;0;0x0000;02 Illegal Data Address
9027;0;0;0x0000;02 Illegal Data Address
9028;0;0;0x0000;02 Illegal Data Address
9029;0;0;0x0000;02 Illegal Data Address
9030;0;0;0x0000;02 Illegal Data Address
9031;0;0;0x0000;02 Illegal Data Address
9032;0;0;0x0000;02 Illegal Data Address
9033;0;0;0x0000;02 Illegal Data Address
9034;0;0;0x0000;02 Illegal Data Address
9035;0;0;0x0000;02 Illegal Data Address
9036;0;0;0x0000;02 Illegal Data Address
9037;0;0;0x0000;02 Illegal Data Address
9038;0;0;0x0000;02 Illegal Data Address
9039;0;0;0x0000;02 Illegal Data Address
9040;0;0;0x0000;02 Illegal Data Address
9041;0;0;0x0000;02 Illegal Data Address
9042;0;0;0x0000;02 Illegal Data Address
9043;0;0;0x0000;02 Illegal Data Address
9044;0;0;0x0000;02 Illegal Data Address
9045;0;0;0x0000;02 Illegal Data Address
9046;0;0;0x0000;02 Illegal Data Address
9047;0;0;0x0000;02 Illegal Data Address
9048;0;0;0x0000;02 Illegal Data Address
9049;0;0;0x0000;02 Illegal Data Address
9050;0;0;0x0000;02 Illegal Data Address
9051;0;0;0x0000;02 Illegal Data Address
9052;0;0;0x0000;02 Illegal Data Address
9053;0;0;0x0000;02 Illegal Data Address
9054;0;0;0x0000;02 Illegal Data Address
9055;0;0;0x0000;02 Illegal Data Address
9056;0;0;0x0000;02 Illegal Data Address
9057;0;0;0x0000;02 Illegal Data Address
9058;0;0;0x0000;02 Illegal Data Address
9059;0;0;0x0000;02 Illegal Data Address
9060;0;0;0x0000;02 Illegal Data Address
9061;0;0;0x0000;02 Illegal Data Address
9062;0;0;0x0000;02 Illegal Data Address
9063;0;0;0x0000;02 Illegal Data Address
9064;0;0;0x0000;02 Illegal Data Address
9065;0;0;0x0000;02 Illegal Data Address
9066;0;0;0x0000;02 Illegal Data Address
9067;0;0;0x0000;02 Illegal Data Address
9068;0;0;0x0000;02 Illegal Data Address
9069;0;0;0x0000;02 Illegal Data Address
9070;0;0;0x0000;02 Illegal Data Address
9071;0;0;0x0000;02 Illegal Data Address
9072;0;0;0x0000;02 Illegal Data Address
9073;0;0;0x0000;02 Illegal Data Address
9074;0;0;0x0000;02 Illegal Data Address
9075;0;0;0x0000;02 Illegal Data Address
9076;0;0;0x0000;02 Illegal Data Address
9077;0;0;0x0000;02 Illegal Data Address
9078;0;0;0x0000;02 Illegal Data Address
9079;0;0;0x0000;02 Illegal Data Address
9080;0;0;0x0000;02 Illegal Data Address
9081;0;0;0x0000;02 Illegal Data Address
9082;0;0;0x0000;02 Illegal Data Address
9083;0;0;0x0000;02 Illegal Data Address
9084;0;0;0x0000;02 Illegal Data Address
9085;0;0;0x0000;02 Illegal Data Address
9086;0;0;0x0000;02 Illegal Data Address
9087;0;0;0x0000;02 Illegal Data Address
9088;0;0;0x0000;02 Illegal Data Address
9089;0;0;0x0000;02 Illegal Data Address
9090;0;0;0x0000;02 Illegal Data Address
9091;0;0;0x0000;02 Illegal Data Address
9092;0;0;0x0000;02 Illegal Data Address
9093;0;0;0x0000;02 Illegal Data Address
9094;0;0;0x0000;02 Illegal Data Address
9095;0;0;0x0000;02 Illegal Data Address
9096;0;0;0x0000;02 Illegal Data Address
9097;0;0;0x0000;02 Illegal Data Address
9098;0;0;0x0000;02 Illegal Data Address
9099;0;0;0x0000;02 Illegal Data Address
9100;0;0;0x0000;02 Illegal Data Address
9101;0;0;0x0000;02 Illegal Data Address
9102;0;0;0x0000;02 Illegal Data Address
9103;0;0;0x0000;02 Illegal Data Address
9104;0;0;0x0000;02 Illegal Data Address
9105;0;0;0x0000;02 Illegal Data Address
9106;0;0;0x0000;02 Illegal Data Address
9107;0;0;0x0000;02 Illegal Data Address
9108;0;0;0x0000;02 Illegal Data Address
9109;0;0;0x0000;02 Illegal Data Address
9110;0;0;0x0000;02 Illegal Data Address
9111;0;0;0x0000;02 Illegal Data Address
9112;0;0;0x0000;02 Illegal Data Address
9113;0;0;0x0000;02 Illegal Data Address
9114;0;0;0x0000;02 Illegal Data Address
9115;0;0;0x0000;02 Illegal Data Address
9116;0;0;0x0000;02 Illegal Data Address
9117;0;0;0x0000;02 Illegal Data Address
9118;0;0;0x0000;02 Illegal Data Address
9119;0;0;0x0000;02 Illegal Data Address
9120;0;0;0x0000;02 Illegal Data Address
9121;0;0;0x0000;02 Illegal Data Address
9122;0;0;0x0000;02 Illegal Data Address
9123;0;0;0x0000;02 Illegal Data Address
9124;0;0;0x0000;02 Illegal Data Address
9125;0;0;0x0000;02 Illegal Data Address
9126;0;0;0x0000;02 Illegal Data Address
9127;0;0;0x0000;02 Illegal Data Address
9128;0;0;0x0000;02 Illegal Data Address
9129;0;0;0x0000;02 Illegal Data Address
9130;0;0;0x0000;02 Illegal Data Address
9131;0;0;0x0000;02 Illegal Data Address
9132;0;0;0x0000;02 Illegal Data Address
9133;0;0;0x0000;02 Illegal Data Address
9134;0;0;0x0000;02 Illegal Data Address
9135;0;0;0x0000;02 Illegal Data Address
9136;0;0;0x0000;02 Illegal Data Address
9137;0;0;0x0000;02 Illegal Data Address
9138;0;0;0x0000;02 Illegal Data Address
9139;0;0;0x0000;02 Illegal Data Address
9140;0;0;0x0000;02 Illegal Data Address
9141;0;0;0x0000;02 Illegal Data Address
9142;0;0;0x0000;02 Illegal Data Address
9143;0;0;0x0000;02 Illegal Data Address
9144;0;0;0x0000;02 Illegal Data Address
9145;0;0;0x0000;02 Illegal Data Address
9146;0;0;0x0000;02 Illegal Data Address
9147;0;0;0x0000;02 Illegal Data Address
9148;0;0;0x0000;02 Illegal Data Address
9149;0;0;0x0000;02 Illegal Data Address
9150;0;0;0x0000;02 Illegal Data Address
9151;0;0;0x0000;02 Illegal Data Address
9152;0;0;0x0000;02 Illegal Data Address
9153;0;0;0x0000;02 Illegal Data Address
9154;0;0;0x0000;02 Illegal Data Address
9155;0;0;0x0000;02 Illegal Data Address
9156;0;0;0x0000;02 Illegal Data Address
9157;0;0;0x0000;02 Illegal Data Address
9158;0;0;0x0000;02 Illegal Data Address
9159;0;0;0x0000;02 Illegal Data Address
9160;0;0;0x0000;02 Illegal Data Address
9161;0;0;0x0000;02 Illegal Data Address
9162;0;0;0x0000;02 Illegal Data Address
9163;0;0;0x0000;02 Illegal Data Address
9164;0;0;0x0000;02 Illegal Data Address
9165;0;0;0x0000;02 Illegal Data Address
9166;0;0;0x0000;02 Illegal Data Address
9167;0;0;0x0000;02 Illegal Data Address
9168;0;0;0x0000;02 Illegal Data Address
9169;0;0;0x0000;02 Illegal Data Address
9170;0;0;0x0000;02 Illegal Data Address
9171;0;0;0x0000;02 Illegal Data Address
9172;0;0;0x0000;02 Illegal Data Address
9173;0;0;0x0000;02 Illegal Data Address
9174;0;0;0x0000;02 Illegal Data Address
9175;0;0;0x0000;02 Illegal Data Address
9176;0;0;0x0000;02 Illegal Data Address
9177;0;0;0x0000;02 Illegal Data Address
9178;0;0;0x0000;02 Illegal Data Address
9179;0;0;0x0000;02 Illegal Data Address
9180;0;0;0x0000;02 Illegal Data Address
9181;0;0;0x0000;02 Illegal Data Address
9182;0;0;0x0000;02 Illegal Data Address
9183;0;0;0x0000;02 Illegal Data Address
9184;0;0;0x0000;02 Illegal Data Address
9185;0;0;0x0000;02 Illegal Data Address
9186;0;0;0x0000;02 Illegal Data Address
9187;0;0;0x0000;02 Illegal Data Address
9188;0;0;0x0000;02 Illegal Data Address
9189;0;0;0x0000;02 Illegal Data Address
9190;0;0;0x0000;02 Illegal Data Address
9191;0;0;0x0000;02 Illegal Data Address
9192;0;0;0x0000;02 Illegal Data Address
9193;0;0;0x0000;02 Illegal Data Address
9194;0;0;0x0000;02 Illegal Data Address
9195;0;0;0x0000;02 Illegal Data Address
9196;0;0;0x0000;02 Illegal Data Address
9197;0;0;0x0000;02 Illegal Data Address
9198;0;0;0x0000;02 Illegal Data Address
9199;0;0;0x0000;02 Illegal Data Address
9200;0;0;0x0000;02 Illegal Data Address
9201;0;0;0x0000;02 Illegal Data Address
9202;0;0;0x0000;02 Illegal Data Address
9203;0;0;0x0000;02 Illegal Data Address
9204;0;0;0x0000;02 Illegal Data Address
9205;0;0;0x0000;02 Illegal Data Address
9206;0;0;0x0000;02 Illegal Data Address
9207;0;0;0x0000;02 Illegal Data Address
9208;0;0;0x0000;02 Illegal Data Address
9209;0;0;0x0000;02 Illegal Data Address
9210;0;0;0x0000;02 Illegal Data Address
9211;0;0;0x0000;02 Illegal Data Address
9212;0;0;0x0000;02 Illegal Data Address
9213;0;0;0x0000;02 Illegal Data Address
9214;0;0;0x0000;02 Illegal Data Address
9215;0;0;0x0000;02 Illegal Data Address
9216;0;0;0x0000;02 Illegal Data Address
9217;0;0;0x0000;02 Illegal Data Address
9218;0;0;0x0000;02 Illegal Data Address
9219;0;0;0x0000;02 Illegal Data Address
9220;0;0;0x0000;02 Illegal Data Address
9221;0;0;0x0000;02 Illegal Data Address
9222;0;0;0x0000;02 Illegal Data Address
9223;0;0;0x0000;02 Illegal Data Address
9224;0;0;0x0000;02 Illegal Data Address
9225;0;0;0x0000;02 Illegal Data Address
9226;0;0;0x0000;02 Illegal Data Address
9227;0;0;0x0000;02 Illegal Data Address
9228;0;0;0x0000;02 Illegal Data Address
9229;0;0;0x0000;02 Illegal Data Address
9230;0;0;0x0000;02 Illegal Data Address
9231;0;0;0x0000;02 Illegal Data Address
9232;0;0;0x0000;02 Illegal Data Address
9233;0;0;0x0000;02 Illegal Data Address
9234;0;0;0x0000;02 Illegal Data Address
9235;0;0;0x0000;02 Illegal Data Address
9236;0;0;0x0000;02 Illegal Data Address
9237;0;0;0x0000;02 Illegal Data Address
9238;0;0;0x0000;02 Illegal Data Address
9239;0;0;0x0000;02 Illegal Data Address
9240;0;0;0x0000;02 Illegal Data Address
9241;0;0;0x0000;02 Illegal Data Address
9242;0;0;0x0000;02 Illegal Data Address
9243;0;0;0x0000;02 Illegal Data Address
9244;0;0;0x0000;02 Illegal Data Address
9245;0;0;0x0000;02 Illegal Data Address
9246;0;0;0x0000;02 Illegal Data Address
9247;0;0;0x0000;02 Illegal Data Address
9248;0;0;0x0000;02 Illegal Data Address
9249;0;0;0x0000;02 Illegal Data Address
9250;0;0;0x0000;02 Illegal Data Address
9251;0;0;0x0000;02 Illegal Data Address
9252;0;0;0x0000;02 Illegal Data Address
9253;0;0;0x0000;02 Illegal Data Address
9254;0;0;0x0000;02 Illegal Data Address
9255;0;0;0x0000;02 Illegal Data Address
9256;0;0;0x0000;02 Illegal Data Address
9257;0;0;0x0000;02 Illegal Data Address
9258;0;0;0x0000;02 Illegal Data Address
9259;0;0;0x0000;02 Illegal Data Address
9260;0;0;0x0000;02 Illegal Data Address
9261;0;0;0x0000;02 Illegal Data Address
9262;0;0;0x0000;02 Illegal Data Address
9263;0;0;0x0000;02 Illegal Data Address
9264;0;0;0x0000;02 Illegal Data Address
9265;0;0;0x0000;02 Illegal Data Address
9266;0;0;0x0000;02 Illegal Data Address
9267;0;0;0x0000;02 Illegal Data Address
9268;0;0;0x0000;02 Illegal Data Address
9269;0;0;0x0000;02 Illegal Data Address
9270;0;0;0x0000;02 Illegal Data Address
9271;0;0;0x0000;02 Illegal Data Address
9272;0;0;0x0000;02 Illegal Data Address
9273;0;0;0x0000;02 Illegal Data Address
9274;0;0;0x0000;02 Illegal Data Address
9275;0;0;0x0000;02 Illegal Data Address
9276;0;0;0x0000;02 Illegal Data Address
9277;0;0;0x0000;02 Illegal Data Address
9278;0;0;0x0000;02 Illegal Data Address
9279;0;0;0x0000;02 Illegal Data Address
9280;0;0;0x0000;02 Illegal Data Address
9281;0;0;0x0000;02 Illegal Data Address
9282;0;0;0x0000;02 Illegal Data Address
9283;0;0;0x0000;02 Illegal Data Address
9284;0;0;0x0000;02 Illegal Data Address
9285;0;0;0x0000;02 Illegal Data Address
9286;0;0;0x0000;02 Illegal Data Address
9287;0;0;0x0000;02 Illegal Data Address
9288;0;0;0x0000;02 Illegal Data Address
9289;0;0;0x0000;02 Illegal Data Address
9290;0;0;0x0000;02 Illegal Data Address
9291;0;0;0x0000;02 Illegal Data Address
9292;0;0;0x0000;02 Illegal Data Address
9293;0;0;0x0000;02 Illegal Data Address
9294;0;0;0x0000;02 Illegal Data Address
9295;0;0;0x0000;02 Illegal Data Address
9296;0;0;0x0000;02 Illegal Data Address
9297;0;0;0x0000;02 Illegal Data Address
9298;0;0;0x0000;02 Illegal Data Address
9299;0;0;0x0000;02 Illegal Data Address
9300;0;0;0x0000;02 Illegal Data Address
9301;0;0;0x0000;02 Illegal Data Address
9302;0;0;0x0000;02 Illegal Data Address
9303;0;0;0x0000;02 Illegal Data Address
9304;0;0;0x0000;02 Illegal Data Address
9305;0;0;0x0000;02 Illegal Data Address
9306;0;0;0x0000;02 Illegal Data Address
9307;0;0;0x0000;02 Illegal Data Address
9308;0;0;0x0000;02 Illegal Data Address
9309;0;0;0x0000;02 Illegal Data Address
9310;0;0;0x0000;02 Illegal Data Address
9311;0;0;0x0000;02 Illegal Data Address
9312;0;0;0x0000;02 Illegal Data Address
9313;0;0;0x0000;02 Illegal Data Address
9314;0;0;0x0000;02 Illegal Data Address
9315;0;0;0x0000;02 Illegal Data Address
9316;0;0;0x0000;02 Illegal Data Address
9317;0;0;0x0000;02 Illegal Data Address
9318;0;0;0x0000;02 Illegal Data Address
9319;0;0;0x0000;02 Illegal Data Address
9320;0;0;0x0000;02 Illegal Data Address
9321;0;0;0x0000;02 Illegal Data Address
9322;0;0;0x0000;02 Illegal Data Address
9323;0;0;0x0000;02 Illegal Data Address
9324;0;0;0x0000;02 Illegal Data Address
9325;0;0;0x0000;02 Illegal Data Address
9326;0;0;0x0000;02 Illegal Data Address
9327;0;0;0x0000;02 Illegal Data Address
9328;0;0;0x0000;02 Illegal Data Address
9329;0;0;0x0000;02 Illegal Data Address
9330;0;0;0x0000;02 Illegal Data Address
9331;0;0;0x0000;02 Illegal Data Address
9332;0;0;0x0000;02 Illegal Data Address
9333;0;0;0x0000;02 Illegal Data Address
9334;0;0;0x0000;02 Illegal Data Address
9335;0;0;0x0000;02 Illegal Data Address
9336;0;0;0x0000;02 Illegal Data Address
9337;0;0;0x0000;02 Illegal Data Address
9338;0;0;0x0000;02 Illegal Data Address
9339;0;0;0x0000;02 Illegal Data Address
9340;0;0;0x0000;02 Illegal Data Address
9341;0;0;0x0000;02 Illegal Data Address
9342;0;0;0x0000;02 Illegal Data Address
9343;0;0;0x0000;02 Illegal Data Address
9344;0;0;0x0000;02 Illegal Data Address
9345;0;0;0x0000;02 Illegal Data Address
9346;0;0;0x0000;02 Illegal Data Address
9347;0;0;0x0000;02 Illegal Data Address
9348;0;0;0x0000;02 Illegal Data Address
9349;0;0;0x0000;02 Illegal Data Address
9350;0;0;0x0000;02 Illegal Data Address
9351;0;0;0x0000;02 Illegal Data Address
9352;0;0;0x0000;02 Illegal Data Address
9353;0;0;0x0000;02 Illegal Data Address
9354;0;0;0x0000;02 Illegal Data Address
9355;0;0;0x0000;02 Illegal Data Address
9356;0;0;0x0000;02 Illegal Data Address
9357;0;0;0x0000;02 Illegal Data Address
9358;0;0;0x0000;02 Illegal Data Address
9359;0;0;0x0000;02 Illegal Data Address
9360;0;0;0x0000;02 Illegal Data Address
9361;0;0;0x0000;02 Illegal Data Address
9362;0;0;0x0000;02 Illegal Data Address
9363;0;0;0x0000;02 Illegal Data Address
9364;0;0;0x0000;02 Illegal Data Address
9365;0;0;0x0000;02 Illegal Data Address
9366;0;0;0x0000;02 Illegal Data Address
9367;0;0;0x0000;02 Illegal Data Address
9368;0;0;0x0000;02 Illegal Data Address
9369;0;0;0x0000;02 Illegal Data Address
9370;0;0;0x0000;02 Illegal Data Address
9371;0;0;0x0000;02 Illegal Data Address
9372;0;0;0x0000;02 Illegal Data Address
9373;0;0;0x0000;02 Illegal Data Address
9374;0;0;0x0000;02 Illegal Data Address
9375;0;0;0x0000;02 Illegal Data Address
9376;0;0;0x0000;02 Illegal Data Address
9377;0;0;0x0000;02 Illegal Data Address
9378;0;0;0x0000;02 Illegal Data Address
9379;0;0;0x0000;02 Illegal Data Address
9380;0;0;0x0000;02 Illegal Data Address
9381;0;0;0x0000;02 Illegal Data Address
9382;0;0;0x0000;02 Illegal Data Address
9383;0;0;0x0000;02 Illegal Data Address
9384;0;0;0x0000;02 Illegal Data Address
9385;0;0;0x0000;02 Illegal Data Address
9386;0;0;0x0000;02 Illegal Data Address
9387;0;0;0x0000;02 Illegal Data Address
9388;0;0;0x0000;02 Illegal Data Address
9389;0;0;0x0000;02 Illegal Data Address
9390;0;0;0x0000;02 Illegal Data Address
9391;0;0;0x0000;02 Illegal Data Address
9392;0;0;0x0000;02 Illegal Data Address
9393;0;0;0x0000;02 Illegal Data Address
9394;0;0;0x0000;02 Illegal Data Address
9395;0;0;0x0000;02 Illegal Data Address
9396;0;0;0x0000;02 Illegal Data Address
9397;0;0;0x0000;02 Illegal Data Address
9398;0;0;0x0000;02 Illegal Data Address
9399;0;0;0x0000;02 Illegal Data Address
9400;0;0;0x0000;02 Illegal Data Address
9401;0;0;0x0000;02 Illegal Data Address
9402;0;0;0x0000;02 Illegal Data Address
9403;0;0;0x0000;02 Illegal Data Address
9404;0;0;0x0000;02 Illegal Data Address
9405;0;0;0x0000;02 Illegal Data Address
9406;0;0;0x0000;02 Illegal Data Address
9407;0;0;0x0000;02 Illegal Data Address
9408;0;0;0x0000;02 Illegal Data Address
9409;0;0;0x0000;02 Illegal Data Address
9410;0;0;0x0000;02 Illegal Data Address
9411;0;0;0x0000;02 Illegal Data Address
9412;0;0;0x0000;02 Illegal Data Address
9413;0;0;0x0000;02 Illegal Data Address
9414;0;0;0x0000;02 Illegal Data Address
9415;0;0;0x0000;02 Illegal Data Address
9416;0;0;0x0000;02 Illegal Data Address
9417;0;0;0x0000;02 Illegal Data Address
9418;0;0;0x0000;02 Illegal Data Address
9419;0;0;0x0000;02 Illegal Data Address
9420;0;0;0x0000;02 Illegal Data Address
9421;0;0;0x0000;02 Illegal Data Address
9422;0;0;0x0000;02 Illegal Data Address
9423;0;0;0x0000;02 Illegal Data Address
9424;0;0;0x0000;02 Illegal Data Address
9425;0;0;0x0000;02 Illegal Data Address
9426;0;0;0x0000;02 Illegal Data Address
9427;0;0;0x0000;02 Illegal Data Address
9428;0;0;0x0000;02 Illegal Data Address
9429;0;0;0x0000;02 Illegal Data Address
9430;0;0;0x0000;02 Illegal Data Address
9431;0;0;0x0000;02 Illegal Data Address
9432;0;0;0x0000;02 Illegal Data Address
9433;0;0;0x0000;02 Illegal Data Address
9434;0;0;0x0000;02 Illegal Data Address
9435;0;0;0x0000;02 Illegal Data Address
9436;0;0;0x0000;02 Illegal Data Address
9437;0;0;0x0000;02 Illegal Data Address
9438;0;0;0x0000;02 Illegal Data Address
9439;0;0;0x0000;02 Illegal Data Address
9440;0;0;0x0000;02 Illegal Data Address
9441;0;0;0x0000;02 Illegal Data Address
9442;0;0;0x0000;02 Illegal Data Address
9443;0;0;0x0000;02 Illegal Data Address
9444;0;0;0x0000;02 Illegal Data Address
9445;0;0;0x0000;02 Illegal Data Address
9446;0;0;0x0000;02 Illegal Data Address
9447;0;0;0x0000;02 Illegal Data Address
9448;0;0;0x0000;02 Illegal Data Address
9449;0;0;0x0000;02 Illegal Data Address
9450;0;0;0x0000;02 Illegal Data Address
9451;0;0;0x0000;02 Illegal Data Address
9452;0;0;0x0000;02 Illegal Data Address
9453;0;0;0x0000;02 Illegal Data Address
9454;0;0;0x0000;02 Illegal Data Address
9455;0;0;0x0000;02 Illegal Data Address
9456;0;0;0x0000;02 Illegal Data Address
9457;0;0;0x0000;02 Illegal Data Address
9458;0;0;0x0000;02 Illegal Data Address
9459;0;0;0x0000;02 Illegal Data Address
9460;0;0;0x0000;02 Illegal Data Address
9461;0;0;0x0000;02 Illegal Data Address
9462;0;0;0x0000;02 Illegal Data Address
9463;0;0;0x0000;02 Illegal Data Address
9464;0;0;0x0000;02 Illegal Data Address
9465;0;0;0x0000;02 Illegal Data Address
9466;0;0;0x0000;02 Illegal Data Address
9467;0;0;0x0000;02 Illegal Data Address
9468;0;0;0x0000;02 Illegal Data Address
9469;0;0;0x0000;02 Illegal Data Address
9470;0;0;0x0000;02 Illegal Data Address
9471;0;0;0x0000;02 Illegal Data Address
9472;0;0;0x0000;02 Illegal Data Address
9473;0;0;0x0000;02 Illegal Data Address
9474;0;0;0x0000;02 Illegal Data Address
9475;0;0;0x0000;02 Illegal Data Address
9476;0;0;0x0000;02 Illegal Data Address
9477;0;0;0x0000;02 Illegal Data Address
9478;0;0;0x0000;02 Illegal Data Address
9479;0;0;0x0000;02 Illegal Data Address
9480;0;0;0x0000;02 Illegal Data Address
9481;0;0;0x0000;02 Illegal Data Address
9482;0;0;0x0000;02 Illegal Data Address
9483;0;0;0x0000;02 Illegal Data Address
9484;0;0;0x0000;02 Illegal Data Address
9485;0;0;0x0000;02 Illegal Data Address
9486;0;0;0x0000;02 Illegal Data Address
9487;0;0;0x0000;02 Illegal Data Address
9488;0;0;0x0000;02 Illegal Data Address
9489;0;0;0x0000;02 Illegal Data Address
9490;0;0;0x0000;02 Illegal Data Address
9491;0;0;0x0000;02 Illegal Data Address
9492;0;0;0x0000;02 Illegal Data Address
9493;0;0;0x0000;02 Illegal Data Address
9494;0;0;0x0000;02 Illegal Data Address
9495;0;0;0x0000;02 Illegal Data Address
9496;0;0;0x0000;02 Illegal Data Address
9497;0;0;0x0000;02 Illegal Data Address
9498;0;0;0x0000;02 Illegal Data Address
9499;0;0;0x0000;02 Illegal Data Address
9500;0;0;0x0000;02 Illegal Data Address
9501;0;0;0x0000;02 Illegal Data Address
9502;0;0;0x0000;02 Illegal Data Address
9503;0;0;0x0000;02 Illegal Data Address
9504;0;0;0x0000;02 Illegal Data Address
9505;0;0;0x0000;02 Illegal Data Address
9506;0;0;0x0000;02 Illegal Data Address
9507;0;0;0x0000;02 Illegal Data Address
9508;0;0;0x0000;02 Illegal Data Address
9509;0;0;0x0000;02 Illegal Data Address
9510;0;0;0x0000;02 Illegal Data Address
9511;0;0;0x0000;02 Illegal Data Address
9512;0;0;0x0000;02 Illegal Data Address
9513;0;0;0x0000;02 Illegal Data Address
9514;0;0;0x0000;02 Illegal Data Address
9515;0;0;0x0000;02 Illegal Data Address
9516;0;0;0x0000;02 Illegal Data Address
9517;0;0;0x0000;02 Illegal Data Address
9518;0;0;0x0000;02 Illegal Data Address
9519;0;0;0x0000;02 Illegal Data Address
9520;0;0;0x0000;02 Illegal Data Address
9521;0;0;0x0000;02 Illegal Data Address
9522;0;0;0x0000;02 Illegal Data Address
9523;0;0;0x0000;02 Illegal Data Address
9524;0;0;0x0000;02 Illegal Data Address
9525;0;0;0x0000;02 Illegal Data Address
9526;0;0;0x0000;02 Illegal Data Address
9527;0;0;0x0000;02 Illegal Data Address
9528;0;0;0x0000;02 Illegal Data Address
9529;0;0;0x0000;02 Illegal Data Address
9530;0;0;0x0000;02 Illegal Data Address
9531;0;0;0x0000;02 Illegal Data Address
9532;0;0;0x0000;02 Illegal Data Address
9533;0;0;0x0000;02 Illegal Data Address
9534;0;0;0x0000;02 Illegal Data Address
9535;0;0;0x0000;02 Illegal Data Address
9536;0;0;0x0000;02 Illegal Data Address
9537;0;0;0x0000;02 Illegal Data Address
9538;0;0;0x0000;02 Illegal Data Address
9539;0;0;0x0000;02 Illegal Data Address
9540;0;0;0x0000;02 Illegal Data Address
9541;0;0;0x0000;02 Illegal Data Address
9542;0;0;0x0000;02 Illegal Data Address
9543;0;0;0x0000;02 Illegal Data Address
9544;0;0;0x0000;02 Illegal Data Address
9545;0;0;0x0000;02 Illegal Data Address
9546;0;0;0x0000;02 Illegal Data Address
9547;0;0;0x0000;02 Illegal Data Address
9548;0;0;0x0000;02 Illegal Data Address
9549;0;0;0x0000;02 Illegal Data Address
9550;0;0;0x0000;02 Illegal Data Address
9551;0;0;0x0000;02 Illegal Data Address
9552;0;0;0x0000;02 Illegal Data Address
9553;0;0;0x0000;02 Illegal Data Address
9554;0;0;0x0000;02 Illegal Data Address
9555;0;0;0x0000;02 Illegal Data Address
9556;0;0;0x0000;02 Illegal Data Address
9557;0;0;0x0000;02 Illegal Data Address
9558;0;0;0x0000;02 Illegal Data Address
9559;0;0;0x0000;02 Illegal Data Address
9560;0;0;0x0000;02 Illegal Data Address
9561;0;0;0x0000;02 Illegal Data Address
9562;0;0;0x0000;02 Illegal Data Address
9563;0;0;0x0000;02 Illegal Data Address
9564;0;0;0x0000;02 Illegal Data Address
9565;0;0;0x0000;02 Illegal Data Address
9566;0;0;0x0000;02 Illegal Data Address
9567;0;0;0x0000;02 Illegal Data Address
9568;0;0;0x0000;02 Illegal Data Address
9569;0;0;0x0000;02 Illegal Data Address
9570;0;0;0x0000;02 Illegal Data Address
9571;0;0;0x0000;02 Illegal Data Address
9572;0;0;0x0000;02 Illegal Data Address
9573;0;0;0x0000;02 Illegal Data Address
9574;0;0;0x0000;02 Illegal Data Address
9575;0;0;0x0000;02 Illegal Data Address
9576;0;0;0x0000;02 Illegal Data Address
9577;0;0;0x0000;02 Illegal Data Address
9578;0;0;0x0000;02 Illegal Data Address
9579;0;0;0x0000;02 Illegal Data Address
9580;0;0;0x0000;02 Illegal Data Address
9581;0;0;0x0000;02 Illegal Data Address
9582;0;0;0x0000;02 Illegal Data Address
9583;0;0;0x0000;02 Illegal Data Address
9584;0;0;0x0000;02 Illegal Data Address
9585;0;0;0x0000;02 Illegal Data Address
9586;0;0;0x0000;02 Illegal Data Address
9587;0;0;0x0000;02 Illegal Data Address
9588;0;0;0x0000;02 Illegal Data Address
9589;0;0;0x0000;02 Illegal Data Address
9590;0;0;0x0000;02 Illegal Data Address
9591;0;0;0x0000;02 Illegal Data Address
9592;0;0;0x0000;02 Illegal Data Address
9593;0;0;0x0000;02 Illegal Data Address
9594;0;0;0x0000;02 Illegal Data Address
9595;0;0;0x0000;02 Illegal Data Address
9596;0;0;0x0000;02 Illegal Data Address
9597;0;0;0x0000;02 Illegal Data Address
9598;0;0;0x0000;02 Illegal Data Address
9599;0;0;0x0000;02 Illegal Data Address
9600;0;0;0x0000;02 Illegal Data Address
9601;0;0;0x0000;02 Illegal Data Address
9602;0;0;0x0000;02 Illegal Data Address
9603;0;0;0x0000;02 Illegal Data Address
9604;0;0;0x0000;02 Illegal Data Address
9605;0;0;0x0000;02 Illegal Data Address
9606;0;0;0x0000;02 Illegal Data Address
9607;0;0;0x0000;02 Illegal Data Address
9608;0;0;0x0000;02 Illegal Data Address
9609;0;0;0x0000;02 Illegal Data Address
9610;0;0;0x0000;02 Illegal Data Address
9611;0;0;0x0000;02 Illegal Data Address
9612;0;0;0x0000;02 Illegal Data Address
9613;0;0;0x0000;02 Illegal Data Address
9614;0;0;0x0000;02 Illegal Data Address
9615;0;0;0x0000;02 Illegal Data Address
9616;0;0;0x0000;02 Illegal Data Address
9617;0;0;0x0000;02 Illegal Data Address
9618;0;0;0x0000;02 Illegal Data Address
9619;0;0;0x0000;02 Illegal Data Address
9620;0;0;0x0000;02 Illegal Data Address
9621;0;0;0x0000;02 Illegal Data Address
9622;0;0;0x0000;02 Illegal Data Address
9623;0;0;0x0000;02 Illegal Data Address
9624;0;0;0x0000;02 Illegal Data Address
9625;0;0;0x0000;02 Illegal Data Address
9626;0;0;0x0000;02 Illegal Data Address
9627;0;0;0x0000;02 Illegal Data Address
9628;0;0;0x0000;02 Illegal Data Address
9629;0;0;0x0000;02 Illegal Data Address
9630;0;0;0x0000;02 Illegal Data Address
9631;0;0;0x0000;02 Illegal Data Address
9632;0;0;0x0000;02 Illegal Data Address
9633;0;0;0x0000;02 Illegal Data Address
9634;0;0;0x0000;02 Illegal Data Address
9635;0;0;0x0000;02 Illegal Data Address
9636;0;0;0x0000;02 Illegal Data Address
9637;0;0;0x0000;02 Illegal Data Address
9638;0;0;0x0000;02 Illegal Data Address
9639;0;0;0x0000;02 Illegal Data Address
9640;0;0;0x0000;02 Illegal Data Address
9641;0;0;0x0000;02 Illegal Data Address
9642;0;0;0x0000;02 Illegal Data Address
9643;0;0;0x0000;02 Illegal Data Address
9644;0;0;0x0000;02 Illegal Data Address
9645;0;0;0x0000;02 Illegal Data Address
9646;0;0;0x0000;02 Illegal Data Address
9647;0;0;0x0000;02 Illegal Data Address
9648;0;0;0x0000;02 Illegal Data Address
9649;0;0;0x0000;02 Illegal Data Address
9650;0;0;0x0000;02 Illegal Data Address
9651;0;0;0x0000;02 Illegal Data Address
9652;0;0;0x0000;02 Illegal Data Address
9653;0;0;0x0000;02 Illegal Data Address
9654;0;0;0x0000;02 Illegal Data Address
9655;0;0;0x0000;02 Illegal Data Address
9656;0;0;0x0000;02 Illegal Data Address
9657;0;0;0x0000;02 Illegal Data Address
9658;0;0;0x0000;02 Illegal Data Address
9659;0;0;0x0000;02 Illegal Data Address
9660;0;0;0x0000;02 Illegal Data Address
9661;0;0;0x0000;02 Illegal Data Address
9662;0;0;0x0000;02 Illegal Data Address
9663;0;0;0x0000;02 Illegal Data Address
9664;0;0;0x0000;02 Illegal Data Address
9665;0;0;0x0000;02 Illegal Data Address
9666;0;0;0x0000;02 Illegal Data Address
9667;0;0;0x0000;02 Illegal Data Address
9668;0;0;0x0000;02 Illegal Data Address
9669;0;0;0x0000;02 Illegal Data Address
9670;0;0;0x0000;02 Illegal Data Address
9671;0;0;0x0000;02 Illegal Data Address
9672;0;0;0x0000;02 Illegal Data Address
9673;0;0;0x0000;02 Illegal Data Address
9674;0;0;0x0000;02 Illegal Data Address
9675;0;0;0x0000;02 Illegal Data Address
9676;0;0;0x0000;02 Illegal Data Address
9677;0;0;0x0000;02 Illegal Data Address
9678;0;0;0x0000;02 Illegal Data Address
9679;0;0;0x0000;02 Illegal Data Address
9680;0;0;0x0000;02 Illegal Data Address
9681;0;0;0x0000;02 Illegal Data Address
9682;0;0;0x0000;02 Illegal Data Address
9683;0;0;0x0000;02 Illegal Data Address
9684;0;0;0x0000;02 Illegal Data Address
9685;0;0;0x0000;02 Illegal Data Address
9686;0;0;0x0000;02 Illegal Data Address
9687;0;0;0x0000;02 Illegal Data Address
9688;0;0;0x0000;02 Illegal Data Address
9689;0;0;0x0000;02 Illegal Data Address
9690;0;0;0x0000;02 Illegal Data Address
9691;0;0;0x0000;02 Illegal Data Address
9692;0;0;0x0000;02 Illegal Data Address
9693;0;0;0x0000;02 Illegal Data Address
9694;0;0;0x0000;02 Illegal Data Address
9695;0;0;0x0000;02 Illegal Data Address
9696;0;0;0x0000;02 Illegal Data Address
9697;0;0;0x0000;02 Illegal Data Address
9698;0;0;0x0000;02 Illegal Data Address
9699;0;0;0x0000;02 Illegal Data Address
9700;0;0;0x0000;02 Illegal Data Address
9701;0;0;0x0000;02 Illegal Data Address
9702;0;0;0x0000;02 Illegal Data Address
9703;0;0;0x0000;02 Illegal Data Address
9704;0;0;0x0000;02 Illegal Data Address
9705;0;0;0x0000;02 Illegal Data Address
9706;0;0;0x0000;02 Illegal Data Address
9707;0;0;0x0000;02 Illegal Data Address
9708;0;0;0x0000;02 Illegal Data Address
9709;0;0;0x0000;02 Illegal Data Address
9710;0;0;0x0000;02 Illegal Data Address
9711;0;0;0x0000;02 Illegal Data Address
9712;0;0;0x0000;02 Illegal Data Address
9713;0;0;0x0000;02 Illegal Data Address
9714;0;0;0x0000;02 Illegal Data Address
9715;0;0;0x0000;02 Illegal Data Address
9716;0;0;0x0000;02 Illegal Data Address
9717;0;0;0x0000;02 Illegal Data Address
9718;0;0;0x0000;02 Illegal Data Address
9719;0;0;0x0000;02 Illegal Data Address
9720;0;0;0x0000;02 Illegal Data Address
9721;0;0;0x0000;02 Illegal Data Address
9722;0;0;0x0000;02 Illegal Data Address
9723;0;0;0x0000;02 Illegal Data Address
9724;0;0;0x0000;02 Illegal Data Address
9725;0;0;0x0000;02 Illegal Data Address
9726;0;0;0x0000;02 Illegal Data Address
9727;0;0;0x0000;02 Illegal Data Address
9728;0;0;0x0000;02 Illegal Data Address
9729;0;0;0x0000;02 Illegal Data Address
9730;0;0;0x0000;02 Illegal Data Address
9731;0;0;0x0000;02 Illegal Data Address
9732;0;0;0x0000;02 Illegal Data Address
9733;0;0;0x0000;02 Illegal Data Address
9734;0;0;0x0000;02 Illegal Data Address
9735;0;0;0x0000;02 Illegal Data Address
9736;0;0;0x0000;02 Illegal Data Address
9737;0;0;0x0000;02 Illegal Data Address
9738;0;0;0x0000;02 Illegal Data Address
9739;0;0;0x0000;02 Illegal Data Address
9740;0;0;0x0000;02 Illegal Data Address
9741;0;0;0x0000;02 Illegal Data Address
9742;0;0;0x0000;02 Illegal Data Address
9743;0;0;0x0000;02 Illegal Data Address
9744;0;0;0x0000;02 Illegal Data Address
9745;0;0;0x0000;02 Illegal Data Address
9746;0;0;0x0000;02 Illegal Data Address
9747;0;0;0x0000;02 Illegal Data Address
9748;0;0;0x0000;02 Illegal Data Address
9749;0;0;0x0000;02 Illegal Data Address
9750;0;0;0x0000;02 Illegal Data Address
9751;0;0;0x0000;02 Illegal Data Address
9752;0;0;0x0000;02 Illegal Data Address
9753;0;0;0x0000;02 Illegal Data Address
9754;0;0;0x0000;02 Illegal Data Address
9755;0;0;0x0000;02 Illegal Data Address
9756;0;0;0x0000;02 Illegal Data Address
9757;0;0;0x0000;02 Illegal Data Address
9758;0;0;0x0000;02 Illegal Data Address
9759;0;0;0x0000;02 Illegal Data Address
9760;0;0;0x0000;02 Illegal Data Address
9761;0;0;0x0000;02 Illegal Data Address
9762;0;0;0x0000;02 Illegal Data Address
9763;0;0;0x0000;02 Illegal Data Address
9764;0;0;0x0000;02 Illegal Data Address
9765;0;0;0x0000;02 Illegal Data Address
9766;0;0;0x0000;02 Illegal Data Address
9767;0;0;0x0000;02 Illegal Data Address
9768;0;0;0x0000;02 Illegal Data Address
9769;0;0;0x0000;02 Illegal Data Address
9770;0;0;0x0000;02 Illegal Data Address
9771;0;0;0x0000;02 Illegal Data Address
9772;0;0;0x0000;02 Illegal Data Address
9773;0;0;0x0000;02 Illegal Data Address
9774;0;0;0x0000;02 Illegal Data Address
9775;0;0;0x0000;02 Illegal Data Address
9776;0;0;0x0000;02 Illegal Data Address
9777;0;0;0x0000;02 Illegal Data Address
9778;0;0;0x0000;02 Illegal Data Address
9779;0;0;0x0000;02 Illegal Data Address
9780;0;0;0x0000;02 Illegal Data Address
9781;0;0;0x0000;02 Illegal Data Address
9782;0;0;0x0000;02 Illegal Data Address
9783;0;0;0x0000;02 Illegal Data Address
9784;0;0;0x0000;02 Illegal Data Address
9785;0;0;0x0000;02 Illegal Data Address
9786;0;0;0x0000;02 Illegal Data Address
9787;0;0;0x0000;02 Illegal Data Address
9788;0;0;0x0000;02 Illegal Data Address
9789;0;0;0x0000;02 Illegal Data Address
9790;0;0;0x0000;02 Illegal Data Address
9791;0;0;0x0000;02 Illegal Data Address
9792;0;0;0x0000;02 Illegal Data Address
9793;0;0;0x0000;02 Illegal Data Address
9794;0;0;0x0000;02 Illegal Data Address
9795;0;0;0x0000;02 Illegal Data Address
9796;0;0;0x0000;02 Illegal Data Address
9797;0;0;0x0000;02 Illegal Data Address
9798;0;0;0x0000;02 Illegal Data Address
9799;0;0;0x0000;02 Illegal Data Address
9800;0;0;0x0000;02 Illegal Data Address
9801;0;0;0x0000;02 Illegal Data Address
9802;0;0;0x0000;02 Illegal Data Address
9803;0;0;0x0000;02 Illegal Data Address
9804;0;0;0x0000;02 Illegal Data Address
9805;0;0;0x0000;02 Illegal Data Address
9806;0;0;0x0000;02 Illegal Data Address
9807;0;0;0x0000;02 Illegal Data Address
9808;0;0;0x0000;02 Illegal Data Address
9809;0;0;0x0000;02 Illegal Data Address
9810;0;0;0x0000;02 Illegal Data Address
9811;0;0;0x0000;02 Illegal Data Address
9812;0;0;0x0000;02 Illegal Data Address
9813;0;0;0x0000;02 Illegal Data Address
9814;0;0;0x0000;02 Illegal Data Address
9815;0;0;0x0000;02 Illegal Data Address
9816;0;0;0x0000;02 Illegal Data Address
9817;0;0;0x0000;02 Illegal Data Address
9818;0;0;0x0000;02 Illegal Data Address
9819;0;0;0x0000;02 Illegal Data Address
9820;0;0;0x0000;02 Illegal Data Address
9821;0;0;0x0000;02 Illegal Data Address
9822;0;0;0x0000;02 Illegal Data Address
9823;0;0;0x0000;02 Illegal Data Address
9824;0;0;0x0000;02 Illegal Data Address
9825;0;0;0x0000;02 Illegal Data Address
9826;0;0;0x0000;02 Illegal Data Address
9827;0;0;0x0000;02 Illegal Data Address
9828;0;0;0x0000;02 Illegal Data Address
9829;0;0;0x0000;02 Illegal Data Address
9830;0;0;0x0000;02 Illegal Data Address
9831;0;0;0x0000;02 Illegal Data Address
9832;0;0;0x0000;02 Illegal Data Address
9833;0;0;0x0000;02 Illegal Data Address
9834;0;0;0x0000;02 Illegal Data Address
9835;0;0;0x0000;02 Illegal Data Address
9836;0;0;0x0000;02 Illegal Data Address
9837;0;0;0x0000;02 Illegal Data Address
9838;0;0;0x0000;02 Illegal Data Address
9839;0;0;0x0000;02 Illegal Data Address
9840;0;0;0x0000;02 Illegal Data Address
9841;0;0;0x0000;02 Illegal Data Address
9842;0;0;0x0000;02 Illegal Data Address
9843;0;0;0x0000;02 Illegal Data Address
9844;0;0;0x0000;02 Illegal Data Address
9845;0;0;0x0000;02 Illegal Data Address
9846;0;0;0x0000;02 Illegal Data Address
9847;0;0;0x0000;02 Illegal Data Address
9848;0;0;0x0000;02 Illegal Data Address
9849;0;0;0x0000;02 Illegal Data Address
9850;0;0;0x0000;02 Illegal Data Address
9851;0;0;0x0000;02 Illegal Data Address
9852;0;0;0x0000;02 Illegal Data Address
9853;0;0;0x0000;02 Illegal Data Address
9854;0;0;0x0000;02 Illegal Data Address
9855;0;0;0x0000;02 Illegal Data Address
9856;0;0;0x0000;02 Illegal Data Address
9857;0;0;0x0000;02 Illegal Data Address
9858;0;0;0x0000;02 Illegal Data Address
9859;0;0;0x0000;02 Illegal Data Address
9860;0;0;0x0000;02 Illegal Data Address
9861;0;0;0x0000;02 Illegal Data Address
9862;0;0;0x0000;02 Illegal Data Address
9863;0;0;0x0000;02 Illegal Data Address
9864;0;0;0x0000;02 Illegal Data Address
9865;0;0;0x0000;02 Illegal Data Address
9866;0;0;0x0000;02 Illegal Data Address
9867;0;0;0x0000;02 Illegal Data Address
9868;0;0;0x0000;02 Illegal Data Address
9869;0;0;0x0000;02 Illegal Data Address
9870;0;0;0x0000;02 Illegal Data Address
9871;0;0;0x0000;02 Illegal Data Address
9872;0;0;0x0000;02 Illegal Data Address
9873;0;0;0x0000;02 Illegal Data Address
9874;0;0;0x0000;02 Illegal Data Address
9875;0;0;0x0000;02 Illegal Data Address
9876;0;0;0x0000;02 Illegal Data Address
9877;0;0;0x0000;02 Illegal Data Address
9878;0;0;0x0000;02 Illegal Data Address
9879;0;0;0x0000;02 Illegal Data Address
9880;0;0;0x0000;02 Illegal Data Address
9881;0;0;0x0000;02 Illegal Data Address
9882;0;0;0x0000;02 Illegal Data Address
9883;0;0;0x0000;02 Illegal Data Address
9884;0;0;0x0000;02 Illegal Data Address
9885;0;0;0x0000;02 Illegal Data Address
9886;0;0;0x0000;02 Illegal Data Address
9887;0;0;0x0000;02 Illegal Data Address
9888;0;0;0x0000;02 Illegal Data Address
9889;0;0;0x0000;02 Illegal Data Address
9890;0;0;0x0000;02 Illegal Data Address
9891;0;0;0x0000;02 Illegal Data Address
9892;0;0;0x0000;02 Illegal Data Address
9893;0;0;0x0000;02 Illegal Data Address
9894;0;0;0x0000;02 Illegal Data Address
9895;0;0;0x0000;02 Illegal Data Address
9896;0;0;0x0000;02 Illegal Data Address
9897;0;0;0x0000;02 Illegal Data Address
9898;0;0;0x0000;02 Illegal Data Address
9899;0;0;0x0000;02 Illegal Data Address
9900;0;0;0x0000;02 Illegal Data Address
9901;0;0;0x0000;02 Illegal Data Address
9902;0;0;0x0000;02 Illegal Data Address
9903;0;0;0x0000;02 Illegal Data Address
9904;0;0;0x0000;02 Illegal Data Address
9905;0;0;0x0000;02 Illegal Data Address
9906;0;0;0x0000;02 Illegal Data Address
9907;0;0;0x0000;02 Illegal Data Address
9908;0;0;0x0000;02 Illegal Data Address
9909;0;0;0x0000;02 Illegal Data Address
9910;0;0;0x0000;02 Illegal Data Address
9911;0;0;0x0000;02 Illegal Data Address
9912;0;0;0x0000;02 Illegal Data Address
9913;0;0;0x0000;02 Illegal Data Address
9914;0;0;0x0000;02 Illegal Data Address
9915;0;0;0x0000;02 Illegal Data Address
9916;0;0;0x0000;02 Illegal Data Address
9917;0;0;0x0000;02 Illegal Data Address
9918;0;0;0x0000;02 Illegal Data Address
9919;0;0;0x0000;02 Illegal Data Address
9920;0;0;0x0000;02 Illegal Data Address
9921;0;0;0x0000;02 Illegal Data Address
9922;0;0;0x0000;02 Illegal Data Address
9923;0;0;0x0000;02 Illegal Data Address
9924;0;0;0x0000;02 Illegal Data Address
9925;0;0;0x0000;02 Illegal Data Address
9926;0;0;0x0000;02 Illegal Data Address
9927;0;0;0x0000;02 Illegal Data Address
9928;0;0;0x0000;02 Illegal Data Address
9929;0;0;0x0000;02 Illegal Data Address
9930;0;0;0x0000;02 Illegal Data Address
9931;0;0;0x0000;02 Illegal Data Address
9932;0;0;0x0000;02 Illegal Data Address
9933;0;0;0x0000;02 Illegal Data Address
9934;0;0;0x0000;02 Illegal Data Address
9935;0;0;0x0000;02 Illegal Data Address
9936;0;0;0x0000;02 Illegal Data Address
9937;0;0;0x0000;02 Illegal Data Address
9938;0;0;0x0000;02 Illegal Data Address
9939;0;0;0x0000;02 Illegal Data Address
9940;0;0;0x0000;02 Illegal Data Address
9941;0;0;0x0000;02 Illegal Data Address
9942;0;0;0x0000;02 Illegal Data Address
9943;0;0;0x0000;02 Illegal Data Address
9944;0;0;0x0000;02 Illegal Data Address
9945;0;0;0x0000;02 Illegal Data Address
9946;0;0;0x0000;02 Illegal Data Address
9947;0;0;0x0000;02 Illegal Data Address
9948;0;0;0x0000;02 Illegal Data Address
9949;0;0;0x0000;02 Illegal Data Address
9950;0;0;0x0000;02 Illegal Data Address
9951;0;0;0x0000;02 Illegal Data Address
9952;0;0;0x0000;02 Illegal Data Address
9953;0;0;0x0000;02 Illegal Data Address
9954;0;0;0x0000;02 Illegal Data Address
9955;0;0;0x0000;02 Illegal Data Address
9956;0;0;0x0000;02 Illegal Data Address
9957;0;0;0x0000;02 Illegal Data Address
9958;0;0;0x0000;02 Illegal Data Address
9959;0;0;0x0000;02 Illegal Data Address
9960;0;0;0x0000;02 Illegal Data Address
9961;0;0;0x0000;02 Illegal Data Address
9962;0;0;0x0000;02 Illegal Data Address
9963;0;0;0x0000;02 Illegal Data Address
9964;0;0;0x0000;02 Illegal Data Address
9965;0;0;0x0000;02 Illegal Data Address
9966;0;0;0x0000;02 Illegal Data Address
9967;0;0;0x0000;02 Illegal Data Address
9968;0;0;0x0000;02 Illegal Data Address
9969;0;0;0x0000;02 Illegal Data Address
9970;0;0;0x0000;02 Illegal Data Address
9971;0;0;0x0000;02 Illegal Data Address
9972;0;0;0x0000;02 Illegal Data Address
9973;0;0;0x0000;02 Illegal Data Address
9974;0;0;0x0000;02 Illegal Data Address
9975;0;0;0x0000;02 Illegal Data Address
9976;0;0;0x0000;02 Illegal Data Address
9977;0;0;0x0000;02 Illegal Data Address
9978;0;0;0x0000;02 Illegal Data Address
9979;0;0;0x0000;02 Illegal Data Address
9980;0;0;0x0000;02 Illegal Data Address
9981;0;0;0x0000;02 Illegal Data Address
9982;0;0;0x0000;02 Illegal Data Address
9983;0;0;0x0000;02 Illegal Data Address
9984;0;0;0x0000;02 Illegal Data Address
9985;0;0;0x0000;02 Illegal Data Address
9986;0;0;0x0000;02 Illegal Data Address
9987;0;0;0x0000;02 Illegal Data Address
9988;0;0;0x0000;02 Illegal Data Address
9989;0;0;0x0000;02 Illegal Data Address
9990;0;0;0x0000;02 Illegal Data Address
9991;0;0;0x0000;02 Illegal Data Address
9992;0;0;0x0000;02 Illegal Data Address
9993;0;0;0x0000;02 Illegal Data Address
9994;0;0;0x0000;02 Illegal Data Address
9995;0;0;0x0000;02 Illegal Data Address
9996;0;0;0x0000;02 Illegal Data Address
9997;0;0;0x0000;02 Illegal Data Address
9998;0;0;0x0000;02 Illegal Data Address
9999;0;0;0x0000;Response ok
10000;0;0;0x0000;Response ok
