60000;0;0;0x0000;02 Illegal Data Address
60001;0;0;0x0000;02 Illegal Data Address
60002;0;0;0x0000;02 Illegal Data Address
60003;0;0;0x0000;02 Illegal Data Address
60004;0;0;0x0000;02 Illegal Data Address
60005;0;0;0x0000;02 Illegal Data Address
60006;0;0;0x0000;02 Illegal Data Address
60007;0;0;0x0000;02 Illegal Data Address
60008;0;0;0x0000;02 Illegal Data Address
60009;0;0;0x0000;02 Illegal Data Address
60010;0;0;0x0000;02 Illegal Data Address
60011;0;0;0x0000;02 Illegal Data Address
60012;0;0;0x0000;02 Illegal Data Address
60013;0;0;0x0000;02 Illegal Data Address
60014;0;0;0x0000;02 Illegal Data Address
60015;0;0;0x0000;02 Illegal Data Address
60016;0;0;0x0000;02 Illegal Data Address
60017;0;0;0x0000;02 Illegal Data Address
60018;0;0;0x0000;02 Illegal Data Address
60019;0;0;0x0000;02 Illegal Data Address
60020;0;0;0x0000;02 Illegal Data Address
60021;0;0;0x0000;02 Illegal Data Address
60022;0;0;0x0000;02 Illegal Data Address
60023;0;0;0x0000;02 Illegal Data Address
60024;0;0;0x0000;02 Illegal Data Address
60025;0;0;0x0000;02 Illegal Data Address
60026;0;0;0x0000;02 Illegal Data Address
60027;0;0;0x0000;02 Illegal Data Address
60028;0;0;0x0000;02 Illegal Data Address
60029;0;0;0x0000;02 Illegal Data Address
60030;0;0;0x0000;02 Illegal Data Address
60031;0;0;0x0000;02 Illegal Data Address
60032;0;0;0x0000;02 Illegal Data Address
60033;0;0;0x0000;02 Illegal Data Address
60034;0;0;0x0000;02 Illegal Data Address
60035;0;0;0x0000;02 Illegal Data Address
60036;0;0;0x0000;02 Illegal Data Address
60037;0;0;0x0000;02 Illegal Data Address
60038;0;0;0x0000;02 Illegal Data Address
60039;0;0;0x0000;02 Illegal Data Address
60040;0;0;0x0000;02 Illegal Data Address
60041;0;0;0x0000;02 Illegal Data Address
60042;0;0;0x0000;02 Illegal Data Address
60043;0;0;0x0000;02 Illegal Data Address
60044;0;0;0x0000;02 Illegal Data Address
60045;0;0;0x0000;02 Illegal Data Address
60046;0;0;0x0000;02 Illegal Data Address
60047;0;0;0x0000;02 Illegal Data Address
60048;0;0;0x0000;02 Illegal Data Address
60049;0;0;0x0000;02 Illegal Data Address
60050;0;0;0x0000;02 Illegal Data Address
60051;0;0;0x0000;02 Illegal Data Address
60052;0;0;0x0000;02 Illegal Data Address
60053;0;0;0x0000;02 Illegal Data Address
60054;0;0;0x0000;02 Illegal Data Address
60055;0;0;0x0000;02 Illegal Data Address
60056;0;0;0x0000;02 Illegal Data Address
60057;0;0;0x0000;02 Illegal Data Address
60058;0;0;0x0000;02 Illegal Data Address
60059;0;0;0x0000;02 Illegal Data Address
60060;0;0;0x0000;02 Illegal Data Address
60061;0;0;0x0000;02 Illegal Data Address
60062;0;0;0x0000;02 Illegal Data Address
60063;0;0;0x0000;02 Illegal Data Address
60064;0;0;0x0000;02 Illegal Data Address
60065;0;0;0x0000;02 Illegal Data Address
60066;0;0;0x0000;02 Illegal Data Address
60067;0;0;0x0000;02 Illegal Data Address
60068;0;0;0x0000;02 Illegal Data Address
60069;0;0;0x0000;02 Illegal Data Address
60070;0;0;0x0000;02 Illegal Data Address
60071;0;0;0x0000;02 Illegal Data Address
60072;0;0;0x0000;02 Illegal Data Address
60073;0;0;0x0000;02 Illegal Data Address
60074;0;0;0x0000;02 Illegal Data Address
60075;0;0;0x0000;02 Illegal Data Address
60076;0;0;0x0000;02 Illegal Data Address
60077;0;0;0x0000;02 Illegal Data Address
60078;0;0;0x0000;02 Illegal Data Address
60079;0;0;0x0000;02 Illegal Data Address
60080;0;0;0x0000;02 Illegal Data Address
60081;0;0;0x0000;02 Illegal Data Address
60082;0;0;0x0000;02 Illegal Data Address
60083;0;0;0x0000;02 Illegal Data Address
60084;0;0;0x0000;02 Illegal Data Address
60085;0;0;0x0000;02 Illegal Data Address
60086;0;0;0x0000;02 Illegal Data Address
60087;0;0;0x0000;02 Illegal Data Address
60088;0;0;0x0000;02 Illegal Data Address
60089;0;0;0x0000;02 Illegal Data Address
60090;0;0;0x0000;02 Illegal Data Address
60091;0;0;0x0000;02 Illegal Data Address
60092;0;0;0x0000;02 Illegal Data Address
60093;0;0;0x0000;02 Illegal Data Address
60094;0;0;0x0000;02 Illegal Data Address
60095;0;0;0x0000;02 Illegal Data Address
60096;0;0;0x0000;02 Illegal Data Address
60097;0;0;0x0000;02 Illegal Data Address
60098;0;0;0x0000;02 Illegal Data Address
60099;0;0;0x0000;02 Illegal Data Address
60100;0;0;0x0000;02 Illegal Data Address
60101;0;0;0x0000;02 Illegal Data Address
60102;0;0;0x0000;02 Illegal Data Address
60103;0;0;0x0000;02 Illegal Data Address
60104;0;0;0x0000;02 Illegal Data Address
60105;0;0;0x0000;02 Illegal Data Address
60106;0;0;0x0000;02 Illegal Data Address
60107;0;0;0x0000;02 Illegal Data Address
60108;0;0;0x0000;02 Illegal Data Address
60109;0;0;0x0000;02 Illegal Data Address
60110;0;0;0x0000;02 Illegal Data Address
60111;0;0;0x0000;02 Illegal Data Address
60112;0;0;0x0000;02 Illegal Data Address
60113;0;0;0x0000;02 Illegal Data Address
60114;0;0;0x0000;02 Illegal Data Address
60115;0;0;0x0000;02 Illegal Data Address
60116;0;0;0x0000;02 Illegal Data Address
60117;0;0;0x0000;02 Illegal Data Address
60118;0;0;0x0000;02 Illegal Data Address
60119;0;0;0x0000;02 Illegal Data Address
60120;0;0;0x0000;02 Illegal Data Address
60121;0;0;0x0000;02 Illegal Data Address
60122;0;0;0x0000;02 Illegal Data Address
60123;0;0;0x0000;02 Illegal Data Address
60124;0;0;0x0000;02 Illegal Data Address
60125;0;0;0x0000;02 Illegal Data Address
60126;0;0;0x0000;02 Illegal Data Address
60127;0;0;0x0000;02 Illegal Data Address
60128;0;0;0x0000;02 Illegal Data Address
60129;0;0;0x0000;02 Illegal Data Address
60130;0;0;0x0000;02 Illegal Data Address
60131;0;0;0x0000;02 Illegal Data Address
60132;0;0;0x0000;02 Illegal Data Address
60133;0;0;0x0000;02 Illegal Data Address
60134;0;0;0x0000;02 Illegal Data Address
60135;0;0;0x0000;02 Illegal Data Address
60136;0;0;0x0000;02 Illegal Data Address
60137;0;0;0x0000;02 Illegal Data Address
60138;0;0;0x0000;02 Illegal Data Address
60139;0;0;0x0000;02 Illegal Data Address
60140;0;0;0x0000;02 Illegal Data Address
60141;0;0;0x0000;02 Illegal Data Address
60142;0;0;0x0000;02 Illegal Data Address
60143;0;0;0x0000;02 Illegal Data Address
60144;0;0;0x0000;02 Illegal Data Address
60145;0;0;0x0000;02 Illegal Data Address
60146;0;0;0x0000;02 Illegal Data Address
60147;0;0;0x0000;02 Illegal Data Address
60148;0;0;0x0000;02 Illegal Data Address
60149;0;0;0x0000;02 Illegal Data Address
60150;0;0;0x0000;02 Illegal Data Address
60151;0;0;0x0000;02 Illegal Data Address
60152;0;0;0x0000;02 Illegal Data Address
60153;0;0;0x0000;02 Illegal Data Address
60154;0;0;0x0000;02 Illegal Data Address
60155;0;0;0x0000;02 Illegal Data Address
60156;0;0;0x0000;02 Illegal Data Address
60157;0;0;0x0000;02 Illegal Data Address
60158;0;0;0x0000;02 Illegal Data Address
60159;0;0;0x0000;02 Illegal Data Address
60160;0;0;0x0000;02 Illegal Data Address
60161;0;0;0x0000;02 Illegal Data Address
60162;0;0;0x0000;02 Illegal Data Address
60163;0;0;0x0000;02 Illegal Data Address
60164;0;0;0x0000;02 Illegal Data Address
60165;0;0;0x0000;02 Illegal Data Address
60166;0;0;0x0000;02 Illegal Data Address
60167;0;0;0x0000;02 Illegal Data Address
60168;0;0;0x0000;02 Illegal Data Address
60169;0;0;0x0000;02 Illegal Data Address
60170;0;0;0x0000;02 Illegal Data Address
60171;0;0;0x0000;02 Illegal Data Address
60172;0;0;0x0000;02 Illegal Data Address
60173;0;0;0x0000;02 Illegal Data Address
60174;0;0;0x0000;02 Illegal Data Address
60175;0;0;0x0000;02 Illegal Data Address
60176;0;0;0x0000;02 Illegal Data Address
60177;0;0;0x0000;02 Illegal Data Address
60178;0;0;0x0000;02 Illegal Data Address
60179;0;0;0x0000;02 Illegal Data Address
60180;0;0;0x0000;02 Illegal Data Address
60181;0;0;0x0000;02 Illegal Data Address
60182;0;0;0x0000;02 Illegal Data Address
60183;0;0;0x0000;02 Illegal Data Address
60184;0;0;0x0000;02 Illegal Data Address
60185;0;0;0x0000;02 Illegal Data Address
60186;0;0;0x0000;02 Illegal Data Address
60187;0;0;0x0000;02 Illegal Data Address
60188;0;0;0x0000;02 Illegal Data Address
60189;0;0;0x0000;02 Illegal Data Address
60190;0;0;0x0000;02 Illegal Data Address
60191;0;0;0x0000;02 Illegal Data Address
60192;0;0;0x0000;02 Illegal Data Address
60193;0;0;0x0000;02 Illegal Data Address
60194;0;0;0x0000;02 Illegal Data Address
60195;0;0;0x0000;02 Illegal Data Address
60196;0;0;0x0000;02 Illegal Data Address
60197;0;0;0x0000;02 Illegal Data Address
60198;0;0;0x0000;02 Illegal Data Address
60199;0;0;0x0000;02 Illegal Data Address
60200;0;0;0x0000;02 Illegal Data Address
60201;0;0;0x0000;02 Illegal Data Address
60202;0;0;0x0000;02 Illegal Data Address
60203;0;0;0x0000;02 Illegal Data Address
60204;0;0;0x0000;02 Illegal Data Address
60205;0;0;0x0000;02 Illegal Data Address
60206;0;0;0x0000;02 Illegal Data Address
60207;0;0;0x0000;02 Illegal Data Address
60208;0;0;0x0000;02 Illegal Data Address
60209;0;0;0x0000;02 Illegal Data Address
60210;0;0;0x0000;02 Illegal Data Address
60211;0;0;0x0000;02 Illegal Data Address
60212;0;0;0x0000;02 Illegal Data Address
60213;0;0;0x0000;02 Illegal Data Address
60214;0;0;0x0000;02 Illegal Data Address
60215;0;0;0x0000;02 Illegal Data Address
60216;0;0;0x0000;02 Illegal Data Address
60217;0;0;0x0000;02 Illegal Data Address
60218;0;0;0x0000;02 Illegal Data Address
60219;0;0;0x0000;02 Illegal Data Address
60220;0;0;0x0000;02 Illegal Data Address
60221;0;0;0x0000;02 Illegal Data Address
60222;0;0;0x0000;02 Illegal Data Address
60223;0;0;0x0000;02 Illegal Data Address
60224;0;0;0x0000;02 Illegal Data Address
60225;0;0;0x0000;02 Illegal Data Address
60226;0;0;0x0000;02 Illegal Data Address
60227;0;0;0x0000;02 Illegal Data Address
60228;0;0;0x0000;02 Illegal Data Address
60229;0;0;0x0000;02 Illegal Data Address
60230;0;0;0x0000;02 Illegal Data Address
60231;0;0;0x0000;02 Illegal Data Address
60232;0;0;0x0000;02 Illegal Data Address
60233;0;0;0x0000;02 Illegal Data Address
60234;0;0;0x0000;02 Illegal Data Address
60235;0;0;0x0000;02 Illegal Data Address
60236;0;0;0x0000;02 Illegal Data Address
60237;0;0;0x0000;02 Illegal Data Address
60238;0;0;0x0000;02 Illegal Data Address
60239;0;0;0x0000;02 Illegal Data Address
60240;0;0;0x0000;02 Illegal Data Address
60241;0;0;0x0000;02 Illegal Data Address
60242;0;0;0x0000;02 Illegal Data Address
60243;0;0;0x0000;02 Illegal Data Address
60244;0;0;0x0000;02 Illegal Data Address
60245;0;0;0x0000;02 Illegal Data Address
60246;0;0;0x0000;02 Illegal Data Address
60247;0;0;0x0000;02 Illegal Data Address
60248;0;0;0x0000;02 Illegal Data Address
60249;0;0;0x0000;02 Illegal Data Address
60250;0;0;0x0000;02 Illegal Data Address
60251;0;0;0x0000;02 Illegal Data Address
60252;0;0;0x0000;02 Illegal Data Address
60253;0;0;0x0000;02 Illegal Data Address
60254;0;0;0x0000;02 Illegal Data Address
60255;0;0;0x0000;02 Illegal Data Address
60256;0;0;0x0000;02 Illegal Data Address
60257;0;0;0x0000;02 Illegal Data Address
60258;0;0;0x0000;02 Illegal Data Address
60259;0;0;0x0000;02 Illegal Data Address
60260;0;0;0x0000;02 Illegal Data Address
60261;0;0;0x0000;02 Illegal Data Address
60262;0;0;0x0000;02 Illegal Data Address
60263;0;0;0x0000;02 Illegal Data Address
60264;0;0;0x0000;02 Illegal Data Address
60265;0;0;0x0000;02 Illegal Data Address
60266;0;0;0x0000;02 Illegal Data Address
60267;0;0;0x0000;02 Illegal Data Address
60268;0;0;0x0000;02 Illegal Data Address
60269;0;0;0x0000;02 Illegal Data Address
60270;0;0;0x0000;02 Illegal Data Address
60271;0;0;0x0000;02 Illegal Data Address
60272;0;0;0x0000;02 Illegal Data Address
60273;0;0;0x0000;02 Illegal Data Address
60274;0;0;0x0000;02 Illegal Data Address
60275;0;0;0x0000;02 Illegal Data Address
60276;0;0;0x0000;02 Illegal Data Address
60277;0;0;0x0000;02 Illegal Data Address
60278;0;0;0x0000;02 Illegal Data Address
60279;0;0;0x0000;02 Illegal Data Address
60280;0;0;0x0000;02 Illegal Data Address
60281;0;0;0x0000;02 Illegal Data Address
60282;0;0;0x0000;02 Illegal Data Address
60283;0;0;0x0000;02 Illegal Data Address
60284;0;0;0x0000;02 Illegal Data Address
60285;0;0;0x0000;02 Illegal Data Address
60286;0;0;0x0000;02 Illegal Data Address
60287;0;0;0x0000;02 Illegal Data Address
60288;0;0;0x0000;02 Illegal Data Address
60289;0;0;0x0000;02 Illegal Data Address
60290;0;0;0x0000;02 Illegal Data Address
60291;0;0;0x0000;02 Illegal Data Address
60292;0;0;0x0000;02 Illegal Data Address
60293;0;0;0x0000;02 Illegal Data Address
60294;0;0;0x0000;02 Illegal Data Address
60295;0;0;0x0000;02 Illegal Data Address
60296;0;0;0x0000;02 Illegal Data Address
60297;0;0;0x0000;02 Illegal Data Address
60298;0;0;0x0000;02 Illegal Data Address
60299;0;0;0x0000;02 Illegal Data Address
60300;0;0;0x0000;02 Illegal Data Address
60301;0;0;0x0000;02 Illegal Data Address
60302;0;0;0x0000;02 Illegal Data Address
60303;0;0;0x0000;02 Illegal Data Address
60304;0;0;0x0000;02 Illegal Data Address
60305;0;0;0x0000;02 Illegal Data Address
60306;0;0;0x0000;02 Illegal Data Address
60307;0;0;0x0000;02 Illegal Data Address
60308;0;0;0x0000;02 Illegal Data Address
60309;0;0;0x0000;02 Illegal Data Address
60310;0;0;0x0000;02 Illegal Data Address
60311;0;0;0x0000;02 Illegal Data Address
60312;0;0;0x0000;02 Illegal Data Address
60313;0;0;0x0000;02 Illegal Data Address
60314;0;0;0x0000;02 Illegal Data Address
60315;0;0;0x0000;02 Illegal Data Address
60316;0;0;0x0000;02 Illegal Data Address
60317;0;0;0x0000;02 Illegal Data Address
60318;0;0;0x0000;02 Illegal Data Address
60319;0;0;0x0000;02 Illegal Data Address
60320;0;0;0x0000;02 Illegal Data Address
60321;0;0;0x0000;02 Illegal Data Address
60322;0;0;0x0000;02 Illegal Data Address
60323;0;0;0x0000;02 Illegal Data Address
60324;0;0;0x0000;02 Illegal Data Address
60325;0;0;0x0000;02 Illegal Data Address
60326;0;0;0x0000;02 Illegal Data Address
60327;0;0;0x0000;02 Illegal Data Address
60328;0;0;0x0000;02 Illegal Data Address
60329;0;0;0x0000;02 Illegal Data Address
60330;0;0;0x0000;02 Illegal Data Address
60331;0;0;0x0000;02 Illegal Data Address
60332;0;0;0x0000;02 Illegal Data Address
60333;0;0;0x0000;02 Illegal Data Address
60334;0;0;0x0000;02 Illegal Data Address
60335;0;0;0x0000;02 Illegal Data Address
60336;0;0;0x0000;02 Illegal Data Address
60337;0;0;0x0000;02 Illegal Data Address
60338;0;0;0x0000;02 Illegal Data Address
60339;0;0;0x0000;02 Illegal Data Address
60340;0;0;0x0000;02 Illegal Data Address
60341;0;0;0x0000;02 Illegal Data Address
60342;0;0;0x0000;02 Illegal Data Address
60343;0;0;0x0000;02 Illegal Data Address
60344;0;0;0x0000;02 Illegal Data Address
60345;0;0;0x0000;02 Illegal Data Address
60346;0;0;0x0000;02 Illegal Data Address
60347;0;0;0x0000;02 Illegal Data Address
60348;0;0;0x0000;02 Illegal Data Address
60349;0;0;0x0000;02 Illegal Data Address
60350;0;0;0x0000;02 Illegal Data Address
60351;0;0;0x0000;02 Illegal Data Address
60352;0;0;0x0000;02 Illegal Data Address
60353;0;0;0x0000;02 Illegal Data Address
60354;0;0;0x0000;02 Illegal Data Address
60355;0;0;0x0000;02 Illegal Data Address
60356;0;0;0x0000;02 Illegal Data Address
60357;0;0;0x0000;02 Illegal Data Address
60358;0;0;0x0000;02 Illegal Data Address
60359;0;0;0x0000;02 Illegal Data Address
60360;0;0;0x0000;02 Illegal Data Address
60361;0;0;0x0000;02 Illegal Data Address
60362;0;0;0x0000;02 Illegal Data Address
60363;0;0;0x0000;02 Illegal Data Address
60364;0;0;0x0000;02 Illegal Data Address
60365;0;0;0x0000;02 Illegal Data Address
60366;0;0;0x0000;02 Illegal Data Address
60367;0;0;0x0000;02 Illegal Data Address
60368;0;0;0x0000;02 Illegal Data Address
60369;0;0;0x0000;02 Illegal Data Address
60370;0;0;0x0000;02 Illegal Data Address
60371;0;0;0x0000;02 Illegal Data Address
60372;0;0;0x0000;02 Illegal Data Address
60373;0;0;0x0000;02 Illegal Data Address
60374;0;0;0x0000;02 Illegal Data Address
60375;0;0;0x0000;02 Illegal Data Address
60376;0;0;0x0000;02 Illegal Data Address
60377;0;0;0x0000;02 Illegal Data Address
60378;0;0;0x0000;02 Illegal Data Address
60379;0;0;0x0000;02 Illegal Data Address
60380;0;0;0x0000;02 Illegal Data Address
60381;0;0;0x0000;02 Illegal Data Address
60382;0;0;0x0000;02 Illegal Data Address
60383;0;0;0x0000;02 Illegal Data Address
60384;0;0;0x0000;02 Illegal Data Address
60385;0;0;0x0000;02 Illegal Data Address
60386;0;0;0x0000;02 Illegal Data Address
60387;0;0;0x0000;02 Illegal Data Address
60388;0;0;0x0000;02 Illegal Data Address
60389;0;0;0x0000;02 Illegal Data Address
60390;0;0;0x0000;02 Illegal Data Address
60391;0;0;0x0000;02 Illegal Data Address
60392;0;0;0x0000;02 Illegal Data Address
60393;0;0;0x0000;02 Illegal Data Address
60394;0;0;0x0000;02 Illegal Data Address
60395;0;0;0x0000;02 Illegal Data Address
60396;0;0;0x0000;02 Illegal Data Address
60397;0;0;0x0000;02 Illegal Data Address
60398;0;0;0x0000;02 Illegal Data Address
60399;0;0;0x0000;02 Illegal Data Address
60400;0;0;0x0000;02 Illegal Data Address
60401;0;0;0x0000;02 Illegal Data Address
60402;0;0;0x0000;02 Illegal Data Address
60403;0;0;0x0000;02 Illegal Data Address
60404;0;0;0x0000;02 Illegal Data Address
60405;0;0;0x0000;02 Illegal Data Address
60406;0;0;0x0000;02 Illegal Data Address
60407;0;0;0x0000;02 Illegal Data Address
60408;0;0;0x0000;02 Illegal Data Address
60409;0;0;0x0000;02 Illegal Data Address
60410;0;0;0x0000;02 Illegal Data Address
60411;0;0;0x0000;02 Illegal Data Address
60412;0;0;0x0000;02 Illegal Data Address
60413;0;0;0x0000;02 Illegal Data Address
60414;0;0;0x0000;02 Illegal Data Address
60415;0;0;0x0000;02 Illegal Data Address
60416;0;0;0x0000;02 Illegal Data Address
60417;0;0;0x0000;02 Illegal Data Address
60418;0;0;0x0000;02 Illegal Data Address
60419;0;0;0x0000;02 Illegal Data Address
60420;0;0;0x0000;02 Illegal Data Address
60421;0;0;0x0000;02 Illegal Data Address
60422;0;0;0x0000;02 Illegal Data Address
60423;0;0;0x0000;02 Illegal Data Address
60424;0;0;0x0000;02 Illegal Data Address
60425;0;0;0x0000;02 Illegal Data Address
60426;0;0;0x0000;02 Illegal Data Address
60427;0;0;0x0000;02 Illegal Data Address
60428;0;0;0x0000;02 Illegal Data Address
60429;0;0;0x0000;02 Illegal Data Address
60430;0;0;0x0000;02 Illegal Data Address
60431;0;0;0x0000;02 Illegal Data Address
60432;0;0;0x0000;02 Illegal Data Address
60433;0;0;0x0000;02 Illegal Data Address
60434;0;0;0x0000;02 Illegal Data Address
60435;0;0;0x0000;02 Illegal Data Address
60436;0;0;0x0000;02 Illegal Data Address
60437;0;0;0x0000;02 Illegal Data Address
60438;0;0;0x0000;02 Illegal Data Address
60439;0;0;0x0000;02 Illegal Data Address
60440;0;0;0x0000;02 Illegal Data Address
60441;0;0;0x0000;02 Illegal Data Address
60442;0;0;0x0000;02 Illegal Data Address
60443;0;0;0x0000;02 Illegal Data Address
60444;0;0;0x0000;02 Illegal Data Address
60445;0;0;0x0000;02 Illegal Data Address
60446;0;0;0x0000;02 Illegal Data Address
60447;0;0;0x0000;02 Illegal Data Address
60448;0;0;0x0000;02 Illegal Data Address
60449;0;0;0x0000;02 Illegal Data Address
60450;0;0;0x0000;02 Illegal Data Address
60451;0;0;0x0000;02 Illegal Data Address
60452;0;0;0x0000;02 Illegal Data Address
60453;0;0;0x0000;02 Illegal Data Address
60454;0;0;0x0000;02 Illegal Data Address
60455;0;0;0x0000;02 Illegal Data Address
60456;0;0;0x0000;02 Illegal Data Address
60457;0;0;0x0000;02 Illegal Data Address
60458;0;0;0x0000;02 Illegal Data Address
60459;0;0;0x0000;02 Illegal Data Address
60460;0;0;0x0000;02 Illegal Data Address
60461;0;0;0x0000;02 Illegal Data Address
60462;0;0;0x0000;02 Illegal Data Address
60463;0;0;0x0000;02 Illegal Data Address
60464;0;0;0x0000;02 Illegal Data Address
60465;0;0;0x0000;02 Illegal Data Address
60466;0;0;0x0000;02 Illegal Data Address
60467;0;0;0x0000;02 Illegal Data Address
60468;0;0;0x0000;02 Illegal Data Address
60469;0;0;0x0000;02 Illegal Data Address
60470;0;0;0x0000;02 Illegal Data Address
60471;0;0;0x0000;02 Illegal Data Address
60472;0;0;0x0000;02 Illegal Data Address
60473;0;0;0x0000;02 Illegal Data Address
60474;0;0;0x0000;02 Illegal Data Address
60475;0;0;0x0000;02 Illegal Data Address
60476;0;0;0x0000;02 Illegal Data Address
60477;0;0;0x0000;02 Illegal Data Address
60478;0;0;0x0000;02 Illegal Data Address
60479;0;0;0x0000;02 Illegal Data Address
60480;0;0;0x0000;02 Illegal Data Address
60481;0;0;0x0000;02 Illegal Data Address
60482;0;0;0x0000;02 Illegal Data Address
60483;0;0;0x0000;02 Illegal Data Address
60484;0;0;0x0000;02 Illegal Data Address
60485;0;0;0x0000;02 Illegal Data Address
60486;0;0;0x0000;02 Illegal Data Address
60487;0;0;0x0000;02 Illegal Data Address
60488;0;0;0x0000;02 Illegal Data Address
60489;0;0;0x0000;02 Illegal Data Address
60490;0;0;0x0000;02 Illegal Data Address
60491;0;0;0x0000;02 Illegal Data Address
60492;0;0;0x0000;02 Illegal Data Address
60493;0;0;0x0000;02 Illegal Data Address
60494;0;0;0x0000;02 Illegal Data Address
60495;0;0;0x0000;02 Illegal Data Address
60496;0;0;0x0000;02 Illegal Data Address
60497;0;0;0x0000;02 Illegal Data Address
60498;0;0;0x0000;02 Illegal Data Address
60499;0;0;0x0000;02 Illegal Data Address
60500;0;0;0x0000;02 Illegal Data Address
60501;0;0;0x0000;02 Illegal Data Address
60502;0;0;0x0000;02 Illegal Data Address
60503;0;0;0x0000;02 Illegal Data Address
60504;0;0;0x0000;02 Illegal Data Address
60505;0;0;0x0000;02 Illegal Data Address
60506;0;0;0x0000;02 Illegal Data Address
60507;0;0;0x0000;02 Illegal Data Address
60508;0;0;0x0000;02 Illegal Data Address
60509;0;0;0x0000;02 Illegal Data Address
60510;0;0;0x0000;02 Illegal Data Address
60511;0;0;0x0000;02 Illegal Data Address
60512;0;0;0x0000;02 Illegal Data Address
60513;0;0;0x0000;02 Illegal Data Address
60514;0;0;0x0000;02 Illegal Data Address
60515;0;0;0x0000;02 Illegal Data Address
60516;0;0;0x0000;02 Illegal Data Address
60517;0;0;0x0000;02 Illegal Data Address
60518;0;0;0x0000;02 Illegal Data Address
60519;0;0;0x0000;02 Illegal Data Address
60520;0;0;0x0000;02 Illegal Data Address
60521;0;0;0x0000;02 Illegal Data Address
60522;0;0;0x0000;02 Illegal Data Address
60523;0;0;0x0000;02 Illegal Data Address
60524;0;0;0x0000;02 Illegal Data Address
60525;0;0;0x0000;02 Illegal Data Address
60526;0;0;0x0000;02 Illegal Data Address
60527;0;0;0x0000;02 Illegal Data Address
60528;0;0;0x0000;02 Illegal Data Address
60529;0;0;0x0000;02 Illegal Data Address
60530;0;0;0x0000;02 Illegal Data Address
60531;0;0;0x0000;02 Illegal Data Address
60532;0;0;0x0000;02 Illegal Data Address
60533;0;0;0x0000;02 Illegal Data Address
60534;0;0;0x0000;02 Illegal Data Address
60535;0;0;0x0000;02 Illegal Data Address
60536;0;0;0x0000;02 Illegal Data Address
60537;0;0;0x0000;02 Illegal Data Address
60538;0;0;0x0000;02 Illegal Data Address
60539;0;0;0x0000;02 Illegal Data Address
60540;0;0;0x0000;02 Illegal Data Address
60541;0;0;0x0000;02 Illegal Data Address
60542;0;0;0x0000;02 Illegal Data Address
60543;0;0;0x0000;02 Illegal Data Address
60544;0;0;0x0000;02 Illegal Data Address
60545;0;0;0x0000;02 Illegal Data Address
60546;0;0;0x0000;02 Illegal Data Address
60547;0;0;0x0000;02 Illegal Data Address
60548;0;0;0x0000;02 Illegal Data Address
60549;0;0;0x0000;02 Illegal Data Address
60550;0;0;0x0000;02 Illegal Data Address
60551;0;0;0x0000;02 Illegal Data Address
60552;0;0;0x0000;02 Illegal Data Address
60553;0;0;0x0000;02 Illegal Data Address
60554;0;0;0x0000;02 Illegal Data Address
60555;0;0;0x0000;02 Illegal Data Address
60556;0;0;0x0000;02 Illegal Data Address
60557;0;0;0x0000;02 Illegal Data Address
60558;0;0;0x0000;02 Illegal Data Address
60559;0;0;0x0000;02 Illegal Data Address
60560;0;0;0x0000;02 Illegal Data Address
60561;0;0;0x0000;02 Illegal Data Address
60562;0;0;0x0000;02 Illegal Data Address
60563;0;0;0x0000;02 Illegal Data Address
60564;0;0;0x0000;02 Illegal Data Address
60565;0;0;0x0000;02 Illegal Data Address
60566;0;0;0x0000;02 Illegal Data Address
60567;0;0;0x0000;02 Illegal Data Address
60568;0;0;0x0000;02 Illegal Data Address
60569;0;0;0x0000;02 Illegal Data Address
60570;0;0;0x0000;02 Illegal Data Address
60571;0;0;0x0000;02 Illegal Data Address
60572;0;0;0x0000;02 Illegal Data Address
60573;0;0;0x0000;02 Illegal Data Address
60574;0;0;0x0000;02 Illegal Data Address
60575;0;0;0x0000;02 Illegal Data Address
60576;0;0;0x0000;02 Illegal Data Address
60577;0;0;0x0000;02 Illegal Data Address
60578;0;0;0x0000;02 Illegal Data Address
60579;0;0;0x0000;02 Illegal Data Address
60580;0;0;0x0000;02 Illegal Data Address
60581;0;0;0x0000;02 Illegal Data Address
60582;0;0;0x0000;02 Illegal Data Address
60583;0;0;0x0000;02 Illegal Data Address
60584;0;0;0x0000;02 Illegal Data Address
60585;0;0;0x0000;02 Illegal Data Address
60586;0;0;0x0000;02 Illegal Data Address
60587;0;0;0x0000;02 Illegal Data Address
60588;0;0;0x0000;02 Illegal Data Address
60589;0;0;0x0000;02 Illegal Data Address
60590;0;0;0x0000;02 Illegal Data Address
60591;0;0;0x0000;02 Illegal Data Address
60592;0;0;0x0000;02 Illegal Data Address
60593;0;0;0x0000;02 Illegal Data Address
60594;0;0;0x0000;02 Illegal Data Address
60595;0;0;0x0000;02 Illegal Data Address
60596;0;0;0x0000;02 Illegal Data Address
60597;0;0;0x0000;02 Illegal Data Address
60598;0;0;0x0000;02 Illegal Data Address
60599;0;0;0x0000;02 Illegal Data Address
60600;0;0;0x0000;02 Illegal Data Address
60601;0;0;0x0000;02 Illegal Data Address
60602;0;0;0x0000;02 Illegal Data Address
60603;0;0;0x0000;02 Illegal Data Address
60604;0;0;0x0000;02 Illegal Data Address
60605;0;0;0x0000;02 Illegal Data Address
60606;0;0;0x0000;02 Illegal Data Address
60607;0;0;0x0000;02 Illegal Data Address
60608;0;0;0x0000;02 Illegal Data Address
60609;0;0;0x0000;02 Illegal Data Address
60610;0;0;0x0000;02 Illegal Data Address
60611;0;0;0x0000;02 Illegal Data Address
60612;0;0;0x0000;02 Illegal Data Address
60613;0;0;0x0000;02 Illegal Data Address
60614;0;0;0x0000;02 Illegal Data Address
60615;0;0;0x0000;02 Illegal Data Address
60616;0;0;0x0000;02 Illegal Data Address
60617;0;0;0x0000;02 Illegal Data Address
60618;0;0;0x0000;02 Illegal Data Address
60619;0;0;0x0000;02 Illegal Data Address
60620;0;0;0x0000;02 Illegal Data Address
60621;0;0;0x0000;02 Illegal Data Address
60622;0;0;0x0000;02 Illegal Data Address
60623;0;0;0x0000;02 Illegal Data Address
60624;0;0;0x0000;02 Illegal Data Address
60625;0;0;0x0000;02 Illegal Data Address
60626;0;0;0x0000;02 Illegal Data Address
60627;0;0;0x0000;02 Illegal Data Address
60628;0;0;0x0000;02 Illegal Data Address
60629;0;0;0x0000;02 Illegal Data Address
60630;0;0;0x0000;02 Illegal Data Address
60631;0;0;0x0000;02 Illegal Data Address
60632;0;0;0x0000;02 Illegal Data Address
60633;0;0;0x0000;02 Illegal Data Address
60634;0;0;0x0000;02 Illegal Data Address
60635;0;0;0x0000;02 Illegal Data Address
60636;0;0;0x0000;02 Illegal Data Address
60637;0;0;0x0000;02 Illegal Data Address
60638;0;0;0x0000;02 Illegal Data Address
60639;0;0;0x0000;02 Illegal Data Address
60640;0;0;0x0000;02 Illegal Data Address
60641;0;0;0x0000;02 Illegal Data Address
60642;0;0;0x0000;02 Illegal Data Address
60643;0;0;0x0000;02 Illegal Data Address
60644;0;0;0x0000;02 Illegal Data Address
60645;0;0;0x0000;02 Illegal Data Address
60646;0;0;0x0000;02 Illegal Data Address
60647;0;0;0x0000;02 Illegal Data Address
60648;0;0;0x0000;02 Illegal Data Address
60649;0;0;0x0000;02 Illegal Data Address
60650;0;0;0x0000;02 Illegal Data Address
60651;0;0;0x0000;02 Illegal Data Address
60652;0;0;0x0000;02 Illegal Data Address
60653;0;0;0x0000;02 Illegal Data Address
60654;0;0;0x0000;02 Illegal Data Address
60655;0;0;0x0000;02 Illegal Data Address
60656;0;0;0x0000;02 Illegal Data Address
60657;0;0;0x0000;02 Illegal Data Address
60658;0;0;0x0000;02 Illegal Data Address
60659;0;0;0x0000;02 Illegal Data Address
60660;0;0;0x0000;02 Illegal Data Address
60661;0;0;0x0000;02 Illegal Data Address
60662;0;0;0x0000;02 Illegal Data Address
60663;0;0;0x0000;02 Illegal Data Address
60664;0;0;0x0000;02 Illegal Data Address
60665;0;0;0x0000;02 Illegal Data Address
60666;0;0;0x0000;02 Illegal Data Address
60667;0;0;0x0000;02 Illegal Data Address
60668;0;0;0x0000;02 Illegal Data Address
60669;0;0;0x0000;02 Illegal Data Address
60670;0;0;0x0000;02 Illegal Data Address
60671;0;0;0x0000;02 Illegal Data Address
60672;0;0;0x0000;02 Illegal Data Address
60673;0;0;0x0000;02 Illegal Data Address
60674;0;0;0x0000;02 Illegal Data Address
60675;0;0;0x0000;02 Illegal Data Address
60676;0;0;0x0000;02 Illegal Data Address
60677;0;0;0x0000;02 Illegal Data Address
60678;0;0;0x0000;02 Illegal Data Address
60679;0;0;0x0000;02 Illegal Data Address
60680;0;0;0x0000;02 Illegal Data Address
60681;0;0;0x0000;02 Illegal Data Address
60682;0;0;0x0000;02 Illegal Data Address
60683;0;0;0x0000;02 Illegal Data Address
60684;0;0;0x0000;02 Illegal Data Address
60685;0;0;0x0000;02 Illegal Data Address
60686;0;0;0x0000;02 Illegal Data Address
60687;0;0;0x0000;02 Illegal Data Address
60688;0;0;0x0000;02 Illegal Data Address
60689;0;0;0x0000;02 Illegal Data Address
60690;0;0;0x0000;02 Illegal Data Address
60691;0;0;0x0000;02 Illegal Data Address
60692;0;0;0x0000;02 Illegal Data Address
60693;0;0;0x0000;02 Illegal Data Address
60694;0;0;0x0000;02 Illegal Data Address
60695;0;0;0x0000;02 Illegal Data Address
60696;0;0;0x0000;02 Illegal Data Address
60697;0;0;0x0000;02 Illegal Data Address
60698;0;0;0x0000;02 Illegal Data Address
60699;0;0;0x0000;02 Illegal Data Address
60700;0;0;0x0000;02 Illegal Data Address
60701;0;0;0x0000;02 Illegal Data Address
60702;0;0;0x0000;02 Illegal Data Address
60703;0;0;0x0000;02 Illegal Data Address
60704;0;0;0x0000;02 Illegal Data Address
60705;0;0;0x0000;02 Illegal Data Address
60706;0;0;0x0000;02 Illegal Data Address
60707;0;0;0x0000;02 Illegal Data Address
60708;0;0;0x0000;02 Illegal Data Address
60709;0;0;0x0000;02 Illegal Data Address
60710;0;0;0x0000;02 Illegal Data Address
60711;0;0;0x0000;02 Illegal Data Address
60712;0;0;0x0000;02 Illegal Data Address
60713;0;0;0x0000;02 Illegal Data Address
60714;0;0;0x0000;02 Illegal Data Address
60715;0;0;0x0000;02 Illegal Data Address
60716;0;0;0x0000;02 Illegal Data Address
60717;0;0;0x0000;02 Illegal Data Address
60718;0;0;0x0000;02 Illegal Data Address
60719;0;0;0x0000;02 Illegal Data Address
60720;0;0;0x0000;02 Illegal Data Address
60721;0;0;0x0000;02 Illegal Data Address
60722;0;0;0x0000;02 Illegal Data Address
60723;0;0;0x0000;02 Illegal Data Address
60724;0;0;0x0000;02 Illegal Data Address
60725;0;0;0x0000;02 Illegal Data Address
60726;0;0;0x0000;02 Illegal Data Address
60727;0;0;0x0000;02 Illegal Data Address
60728;0;0;0x0000;02 Illegal Data Address
60729;0;0;0x0000;02 Illegal Data Address
60730;0;0;0x0000;02 Illegal Data Address
60731;0;0;0x0000;02 Illegal Data Address
60732;0;0;0x0000;02 Illegal Data Address
60733;0;0;0x0000;02 Illegal Data Address
60734;0;0;0x0000;02 Illegal Data Address
60735;0;0;0x0000;02 Illegal Data Address
60736;0;0;0x0000;02 Illegal Data Address
60737;0;0;0x0000;02 Illegal Data Address
60738;0;0;0x0000;02 Illegal Data Address
60739;0;0;0x0000;02 Illegal Data Address
60740;0;0;0x0000;02 Illegal Data Address
60741;0;0;0x0000;02 Illegal Data Address
60742;0;0;0x0000;02 Illegal Data Address
60743;0;0;0x0000;02 Illegal Data Address
60744;0;0;0x0000;02 Illegal Data Address
60745;0;0;0x0000;02 Illegal Data Address
60746;0;0;0x0000;02 Illegal Data Address
60747;0;0;0x0000;02 Illegal Data Address
60748;0;0;0x0000;02 Illegal Data Address
60749;0;0;0x0000;02 Illegal Data Address
60750;0;0;0x0000;02 Illegal Data Address
60751;0;0;0x0000;02 Illegal Data Address
60752;0;0;0x0000;02 Illegal Data Address
60753;0;0;0x0000;02 Illegal Data Address
60754;0;0;0x0000;02 Illegal Data Address
60755;0;0;0x0000;02 Illegal Data Address
60756;0;0;0x0000;02 Illegal Data Address
60757;0;0;0x0000;02 Illegal Data Address
60758;0;0;0x0000;02 Illegal Data Address
60759;0;0;0x0000;02 Illegal Data Address
60760;0;0;0x0000;02 Illegal Data Address
60761;0;0;0x0000;02 Illegal Data Address
60762;0;0;0x0000;02 Illegal Data Address
60763;0;0;0x0000;02 Illegal Data Address
60764;0;0;0x0000;02 Illegal Data Address
60765;0;0;0x0000;02 Illegal Data Address
60766;0;0;0x0000;02 Illegal Data Address
60767;0;0;0x0000;02 Illegal Data Address
60768;0;0;0x0000;02 Illegal Data Address
60769;0;0;0x0000;02 Illegal Data Address
60770;0;0;0x0000;02 Illegal Data Address
60771;0;0;0x0000;02 Illegal Data Address
60772;0;0;0x0000;02 Illegal Data Address
60773;0;0;0x0000;02 Illegal Data Address
60774;0;0;0x0000;02 Illegal Data Address
60775;0;0;0x0000;02 Illegal Data Address
60776;0;0;0x0000;02 Illegal Data Address
60777;0;0;0x0000;02 Illegal Data Address
60778;0;0;0x0000;02 Illegal Data Address
60779;0;0;0x0000;02 Illegal Data Address
60780;0;0;0x0000;02 Illegal Data Address
60781;0;0;0x0000;02 Illegal Data Address
60782;0;0;0x0000;02 Illegal Data Address
60783;0;0;0x0000;02 Illegal Data Address
60784;0;0;0x0000;02 Illegal Data Address
60785;0;0;0x0000;02 Illegal Data Address
60786;0;0;0x0000;02 Illegal Data Address
60787;0;0;0x0000;02 Illegal Data Address
60788;0;0;0x0000;02 Illegal Data Address
60789;0;0;0x0000;02 Illegal Data Address
60790;0;0;0x0000;02 Illegal Data Address
60791;0;0;0x0000;02 Illegal Data Address
60792;0;0;0x0000;02 Illegal Data Address
60793;0;0;0x0000;02 Illegal Data Address
60794;0;0;0x0000;02 Illegal Data Address
60795;0;0;0x0000;02 Illegal Data Address
60796;0;0;0x0000;02 Illegal Data Address
60797;0;0;0x0000;02 Illegal Data Address
60798;0;0;0x0000;02 Illegal Data Address
60799;0;0;0x0000;02 Illegal Data Address
60800;0;0;0x0000;02 Illegal Data Address
60801;0;0;0x0000;02 Illegal Data Address
60802;0;0;0x0000;02 Illegal Data Address
60803;0;0;0x0000;02 Illegal Data Address
60804;0;0;0x0000;02 Illegal Data Address
60805;0;0;0x0000;02 Illegal Data Address
60806;0;0;0x0000;02 Illegal Data Address
60807;0;0;0x0000;02 Illegal Data Address
60808;0;0;0x0000;02 Illegal Data Address
60809;0;0;0x0000;02 Illegal Data Address
60810;0;0;0x0000;02 Illegal Data Address
60811;0;0;0x0000;02 Illegal Data Address
60812;0;0;0x0000;02 Illegal Data Address
60813;0;0;0x0000;02 Illegal Data Address
60814;0;0;0x0000;02 Illegal Data Address
60815;0;0;0x0000;02 Illegal Data Address
60816;0;0;0x0000;02 Illegal Data Address
60817;0;0;0x0000;02 Illegal Data Address
60818;0;0;0x0000;02 Illegal Data Address
60819;0;0;0x0000;02 Illegal Data Address
60820;0;0;0x0000;02 Illegal Data Address
60821;0;0;0x0000;02 Illegal Data Address
60822;0;0;0x0000;02 Illegal Data Address
60823;0;0;0x0000;02 Illegal Data Address
60824;0;0;0x0000;02 Illegal Data Address
60825;0;0;0x0000;02 Illegal Data Address
60826;0;0;0x0000;02 Illegal Data Address
60827;0;0;0x0000;02 Illegal Data Address
60828;0;0;0x0000;02 Illegal Data Address
60829;0;0;0x0000;02 Illegal Data Address
60830;0;0;0x0000;02 Illegal Data Address
60831;0;0;0x0000;02 Illegal Data Address
60832;0;0;0x0000;02 Illegal Data Address
60833;0;0;0x0000;02 Illegal Data Address
60834;0;0;0x0000;02 Illegal Data Address
60835;0;0;0x0000;02 Illegal Data Address
60836;0;0;0x0000;02 Illegal Data Address
60837;0;0;0x0000;02 Illegal Data Address
60838;0;0;0x0000;02 Illegal Data Address
60839;0;0;0x0000;02 Illegal Data Address
60840;0;0;0x0000;02 Illegal Data Address
60841;0;0;0x0000;02 Illegal Data Address
60842;0;0;0x0000;02 Illegal Data Address
60843;0;0;0x0000;02 Illegal Data Address
60844;0;0;0x0000;02 Illegal Data Address
60845;0;0;0x0000;02 Illegal Data Address
60846;0;0;0x0000;02 Illegal Data Address
60847;0;0;0x0000;02 Illegal Data Address
60848;0;0;0x0000;02 Illegal Data Address
60849;0;0;0x0000;02 Illegal Data Address
60850;0;0;0x0000;02 Illegal Data Address
60851;0;0;0x0000;02 Illegal Data Address
60852;0;0;0x0000;02 Illegal Data Address
60853;0;0;0x0000;02 Illegal Data Address
60854;0;0;0x0000;02 Illegal Data Address
60855;0;0;0x0000;02 Illegal Data Address
60856;0;0;0x0000;02 Illegal Data Address
60857;0;0;0x0000;02 Illegal Data Address
60858;0;0;0x0000;02 Illegal Data Address
60859;0;0;0x0000;02 Illegal Data Address
60860;0;0;0x0000;02 Illegal Data Address
60861;0;0;0x0000;02 Illegal Data Address
60862;0;0;0x0000;02 Illegal Data Address
60863;0;0;0x0000;02 Illegal Data Address
60864;0;0;0x0000;02 Illegal Data Address
60865;0;0;0x0000;02 Illegal Data Address
60866;0;0;0x0000;02 Illegal Data Address
60867;0;0;0x0000;02 Illegal Data Address
60868;0;0;0x0000;02 Illegal Data Address
60869;0;0;0x0000;02 Illegal Data Address
60870;0;0;0x0000;02 Illegal Data Address
60871;0;0;0x0000;02 Illegal Data Address
60872;0;0;0x0000;02 Illegal Data Address
60873;0;0;0x0000;02 Illegal Data Address
60874;0;0;0x0000;02 Illegal Data Address
60875;0;0;0x0000;02 Illegal Data Address
60876;0;0;0x0000;02 Illegal Data Address
60877;0;0;0x0000;02 Illegal Data Address
60878;0;0;0x0000;02 Illegal Data Address
60879;0;0;0x0000;02 Illegal Data Address
60880;0;0;0x0000;02 Illegal Data Address
60881;0;0;0x0000;02 Illegal Data Address
60882;0;0;0x0000;02 Illegal Data Address
60883;0;0;0x0000;02 Illegal Data Address
60884;0;0;0x0000;02 Illegal Data Address
60885;0;0;0x0000;02 Illegal Data Address
60886;0;0;0x0000;02 Illegal Data Address
60887;0;0;0x0000;02 Illegal Data Address
60888;0;0;0x0000;02 Illegal Data Address
60889;0;0;0x0000;02 Illegal Data Address
60890;0;0;0x0000;02 Illegal Data Address
60891;0;0;0x0000;02 Illegal Data Address
60892;0;0;0x0000;02 Illegal Data Address
60893;0;0;0x0000;02 Illegal Data Address
60894;0;0;0x0000;02 Illegal Data Address
60895;0;0;0x0000;02 Illegal Data Address
60896;0;0;0x0000;02 Illegal Data Address
60897;0;0;0x0000;02 Illegal Data Address
60898;0;0;0x0000;02 Illegal Data Address
60899;0;0;0x0000;02 Illegal Data Address
60900;0;0;0x0000;02 Illegal Data Address
60901;0;0;0x0000;02 Illegal Data Address
60902;0;0;0x0000;02 Illegal Data Address
60903;0;0;0x0000;02 Illegal Data Address
60904;0;0;0x0000;02 Illegal Data Address
60905;0;0;0x0000;02 Illegal Data Address
60906;0;0;0x0000;02 Illegal Data Address
60907;0;0;0x0000;02 Illegal Data Address
60908;0;0;0x0000;02 Illegal Data Address
60909;0;0;0x0000;02 Illegal Data Address
60910;0;0;0x0000;02 Illegal Data Address
60911;0;0;0x0000;02 Illegal Data Address
60912;0;0;0x0000;02 Illegal Data Address
60913;0;0;0x0000;02 Illegal Data Address
60914;0;0;0x0000;02 Illegal Data Address
60915;0;0;0x0000;02 Illegal Data Address
60916;0;0;0x0000;02 Illegal Data Address
60917;0;0;0x0000;02 Illegal Data Address
60918;0;0;0x0000;02 Illegal Data Address
60919;0;0;0x0000;02 Illegal Data Address
60920;0;0;0x0000;02 Illegal Data Address
60921;0;0;0x0000;02 Illegal Data Address
60922;0;0;0x0000;02 Illegal Data Address
60923;0;0;0x0000;02 Illegal Data Address
60924;0;0;0x0000;02 Illegal Data Address
60925;0;0;0x0000;02 Illegal Data Address
60926;0;0;0x0000;02 Illegal Data Address
60927;0;0;0x0000;02 Illegal Data Address
60928;0;0;0x0000;02 Illegal Data Address
60929;0;0;0x0000;02 Illegal Data Address
60930;0;0;0x0000;02 Illegal Data Address
60931;0;0;0x0000;02 Illegal Data Address
60932;0;0;0x0000;02 Illegal Data Address
60933;0;0;0x0000;02 Illegal Data Address
60934;0;0;0x0000;02 Illegal Data Address
60935;0;0;0x0000;02 Illegal Data Address
60936;0;0;0x0000;02 Illegal Data Address
60937;0;0;0x0000;02 Illegal Data Address
60938;0;0;0x0000;02 Illegal Data Address
60939;0;0;0x0000;02 Illegal Data Address
60940;0;0;0x0000;02 Illegal Data Address
60941;0;0;0x0000;02 Illegal Data Address
60942;0;0;0x0000;02 Illegal Data Address
60943;0;0;0x0000;02 Illegal Data Address
60944;0;0;0x0000;02 Illegal Data Address
60945;0;0;0x0000;02 Illegal Data Address
60946;0;0;0x0000;02 Illegal Data Address
60947;0;0;0x0000;02 Illegal Data Address
60948;0;0;0x0000;02 Illegal Data Address
60949;0;0;0x0000;02 Illegal Data Address
60950;0;0;0x0000;02 Illegal Data Address
60951;0;0;0x0000;02 Illegal Data Address
60952;0;0;0x0000;02 Illegal Data Address
60953;0;0;0x0000;02 Illegal Data Address
60954;0;0;0x0000;02 Illegal Data Address
60955;0;0;0x0000;02 Illegal Data Address
60956;0;0;0x0000;02 Illegal Data Address
60957;0;0;0x0000;02 Illegal Data Address
60958;0;0;0x0000;02 Illegal Data Address
60959;0;0;0x0000;02 Illegal Data Address
60960;0;0;0x0000;02 Illegal Data Address
60961;0;0;0x0000;02 Illegal Data Address
60962;0;0;0x0000;02 Illegal Data Address
60963;0;0;0x0000;02 Illegal Data Address
60964;0;0;0x0000;02 Illegal Data Address
60965;0;0;0x0000;02 Illegal Data Address
60966;0;0;0x0000;02 Illegal Data Address
60967;0;0;0x0000;02 Illegal Data Address
60968;0;0;0x0000;02 Illegal Data Address
60969;0;0;0x0000;02 Illegal Data Address
60970;0;0;0x0000;02 Illegal Data Address
60971;0;0;0x0000;02 Illegal Data Address
60972;0;0;0x0000;02 Illegal Data Address
60973;0;0;0x0000;02 Illegal Data Address
60974;0;0;0x0000;02 Illegal Data Address
60975;0;0;0x0000;02 Illegal Data Address
60976;0;0;0x0000;02 Illegal Data Address
60977;0;0;0x0000;02 Illegal Data Address
60978;0;0;0x0000;02 Illegal Data Address
60979;0;0;0x0000;02 Illegal Data Address
60980;0;0;0x0000;02 Illegal Data Address
60981;0;0;0x0000;02 Illegal Data Address
60982;0;0;0x0000;02 Illegal Data Address
60983;0;0;0x0000;02 Illegal Data Address
60984;0;0;0x0000;02 Illegal Data Address
60985;0;0;0x0000;02 Illegal Data Address
60986;0;0;0x0000;02 Illegal Data Address
60987;0;0;0x0000;02 Illegal Data Address
60988;0;0;0x0000;02 Illegal Data Address
60989;0;0;0x0000;02 Illegal Data Address
60990;0;0;0x0000;02 Illegal Data Address
60991;0;0;0x0000;02 Illegal Data Address
60992;0;0;0x0000;02 Illegal Data Address
60993;0;0;0x0000;02 Illegal Data Address
60994;0;0;0x0000;02 Illegal Data Address
60995;0;0;0x0000;02 Illegal Data Address
60996;0;0;0x0000;02 Illegal Data Address
60997;0;0;0x0000;02 Illegal Data Address
60998;0;0;0x0000;02 Illegal Data Address
60999;0;0;0x0000;02 Illegal Data Address
61000;0;0;0x0000;02 Illegal Data Address
61001;0;0;0x0000;02 Illegal Data Address
61002;0;0;0x0000;02 Illegal Data Address
61003;0;0;0x0000;02 Illegal Data Address
61004;0;0;0x0000;02 Illegal Data Address
61005;0;0;0x0000;02 Illegal Data Address
61006;0;0;0x0000;02 Illegal Data Address
61007;0;0;0x0000;02 Illegal Data Address
61008;0;0;0x0000;02 Illegal Data Address
61009;0;0;0x0000;02 Illegal Data Address
61010;0;0;0x0000;02 Illegal Data Address
61011;0;0;0x0000;02 Illegal Data Address
61012;0;0;0x0000;02 Illegal Data Address
61013;0;0;0x0000;02 Illegal Data Address
61014;0;0;0x0000;02 Illegal Data Address
61015;0;0;0x0000;02 Illegal Data Address
61016;0;0;0x0000;02 Illegal Data Address
61017;0;0;0x0000;02 Illegal Data Address
61018;0;0;0x0000;02 Illegal Data Address
61019;0;0;0x0000;02 Illegal Data Address
61020;0;0;0x0000;02 Illegal Data Address
61021;0;0;0x0000;02 Illegal Data Address
61022;0;0;0x0000;02 Illegal Data Address
61023;0;0;0x0000;02 Illegal Data Address
61024;0;0;0x0000;02 Illegal Data Address
61025;0;0;0x0000;02 Illegal Data Address
61026;0;0;0x0000;02 Illegal Data Address
61027;0;0;0x0000;02 Illegal Data Address
61028;0;0;0x0000;02 Illegal Data Address
61029;0;0;0x0000;02 Illegal Data Address
61030;0;0;0x0000;02 Illegal Data Address
61031;0;0;0x0000;02 Illegal Data Address
61032;0;0;0x0000;02 Illegal Data Address
61033;0;0;0x0000;02 Illegal Data Address
61034;0;0;0x0000;02 Illegal Data Address
61035;0;0;0x0000;02 Illegal Data Address
61036;0;0;0x0000;02 Illegal Data Address
61037;0;0;0x0000;02 Illegal Data Address
61038;0;0;0x0000;02 Illegal Data Address
61039;0;0;0x0000;02 Illegal Data Address
61040;0;0;0x0000;02 Illegal Data Address
61041;0;0;0x0000;02 Illegal Data Address
61042;0;0;0x0000;02 Illegal Data Address
61043;0;0;0x0000;02 Illegal Data Address
61044;0;0;0x0000;02 Illegal Data Address
61045;0;0;0x0000;02 Illegal Data Address
61046;0;0;0x0000;02 Illegal Data Address
61047;0;0;0x0000;02 Illegal Data Address
61048;0;0;0x0000;02 Illegal Data Address
61049;0;0;0x0000;02 Illegal Data Address
61050;0;0;0x0000;02 Illegal Data Address
61051;0;0;0x0000;02 Illegal Data Address
61052;0;0;0x0000;02 Illegal Data Address
61053;0;0;0x0000;02 Illegal Data Address
61054;0;0;0x0000;02 Illegal Data Address
61055;0;0;0x0000;02 Illegal Data Address
61056;0;0;0x0000;02 Illegal Data Address
61057;0;0;0x0000;02 Illegal Data Address
61058;0;0;0x0000;02 Illegal Data Address
61059;0;0;0x0000;02 Illegal Data Address
61060;0;0;0x0000;02 Illegal Data Address
61061;0;0;0x0000;02 Illegal Data Address
61062;0;0;0x0000;02 Illegal Data Address
61063;0;0;0x0000;02 Illegal Data Address
61064;0;0;0x0000;02 Illegal Data Address
61065;0;0;0x0000;02 Illegal Data Address
61066;0;0;0x0000;02 Illegal Data Address
61067;0;0;0x0000;02 Illegal Data Address
61068;0;0;0x0000;02 Illegal Data Address
61069;0;0;0x0000;02 Illegal Data Address
61070;0;0;0x0000;02 Illegal Data Address
61071;0;0;0x0000;02 Illegal Data Address
61072;0;0;0x0000;02 Illegal Data Address
61073;0;0;0x0000;02 Illegal Data Address
61074;0;0;0x0000;02 Illegal Data Address
61075;0;0;0x0000;02 Illegal Data Address
61076;0;0;0x0000;02 Illegal Data Address
61077;0;0;0x0000;02 Illegal Data Address
61078;0;0;0x0000;02 Illegal Data Address
61079;0;0;0x0000;02 Illegal Data Address
61080;0;0;0x0000;02 Illegal Data Address
61081;0;0;0x0000;02 Illegal Data Address
61082;0;0;0x0000;02 Illegal Data Address
61083;0;0;0x0000;02 Illegal Data Address
61084;0;0;0x0000;02 Illegal Data Address
61085;0;0;0x0000;02 Illegal Data Address
61086;0;0;0x0000;02 Illegal Data Address
61087;0;0;0x0000;02 Illegal Data Address
61088;0;0;0x0000;02 Illegal Data Address
61089;0;0;0x0000;02 Illegal Data Address
61090;0;0;0x0000;02 Illegal Data Address
61091;0;0;0x0000;02 Illegal Data Address
61092;0;0;0x0000;02 Illegal Data Address
61093;0;0;0x0000;02 Illegal Data Address
61094;0;0;0x0000;02 Illegal Data Address
61095;0;0;0x0000;02 Illegal Data Address
61096;0;0;0x0000;02 Illegal Data Address
61097;0;0;0x0000;02 Illegal Data Address
61098;0;0;0x0000;02 Illegal Data Address
61099;0;0;0x0000;02 Illegal Data Address
61100;0;0;0x0000;02 Illegal Data Address
61101;0;0;0x0000;02 Illegal Data Address
61102;0;0;0x0000;02 Illegal Data Address
61103;0;0;0x0000;02 Illegal Data Address
61104;0;0;0x0000;02 Illegal Data Address
61105;0;0;0x0000;02 Illegal Data Address
61106;0;0;0x0000;02 Illegal Data Address
61107;0;0;0x0000;02 Illegal Data Address
61108;0;0;0x0000;02 Illegal Data Address
61109;0;0;0x0000;02 Illegal Data Address
61110;0;0;0x0000;02 Illegal Data Address
61111;0;0;0x0000;02 Illegal Data Address
61112;0;0;0x0000;02 Illegal Data Address
61113;0;0;0x0000;02 Illegal Data Address
61114;0;0;0x0000;02 Illegal Data Address
61115;0;0;0x0000;02 Illegal Data Address
61116;0;0;0x0000;02 Illegal Data Address
61117;0;0;0x0000;02 Illegal Data Address
61118;0;0;0x0000;02 Illegal Data Address
61119;0;0;0x0000;02 Illegal Data Address
61120;0;0;0x0000;02 Illegal Data Address
61121;0;0;0x0000;02 Illegal Data Address
61122;0;0;0x0000;02 Illegal Data Address
61123;0;0;0x0000;02 Illegal Data Address
61124;0;0;0x0000;02 Illegal Data Address
61125;0;0;0x0000;02 Illegal Data Address
61126;0;0;0x0000;02 Illegal Data Address
61127;0;0;0x0000;02 Illegal Data Address
61128;0;0;0x0000;02 Illegal Data Address
61129;0;0;0x0000;02 Illegal Data Address
61130;0;0;0x0000;02 Illegal Data Address
61131;0;0;0x0000;02 Illegal Data Address
61132;0;0;0x0000;02 Illegal Data Address
61133;0;0;0x0000;02 Illegal Data Address
61134;0;0;0x0000;02 Illegal Data Address
61135;0;0;0x0000;02 Illegal Data Address
61136;0;0;0x0000;02 Illegal Data Address
61137;0;0;0x0000;02 Illegal Data Address
61138;0;0;0x0000;02 Illegal Data Address
61139;0;0;0x0000;02 Illegal Data Address
61140;0;0;0x0000;02 Illegal Data Address
61141;0;0;0x0000;02 Illegal Data Address
61142;0;0;0x0000;02 Illegal Data Address
61143;0;0;0x0000;02 Illegal Data Address
61144;0;0;0x0000;02 Illegal Data Address
61145;0;0;0x0000;02 Illegal Data Address
61146;0;0;0x0000;02 Illegal Data Address
61147;0;0;0x0000;02 Illegal Data Address
61148;0;0;0x0000;02 Illegal Data Address
61149;0;0;0x0000;02 Illegal Data Address
61150;0;0;0x0000;02 Illegal Data Address
61151;0;0;0x0000;02 Illegal Data Address
61152;0;0;0x0000;02 Illegal Data Address
61153;0;0;0x0000;02 Illegal Data Address
61154;0;0;0x0000;02 Illegal Data Address
61155;0;0;0x0000;02 Illegal Data Address
61156;0;0;0x0000;02 Illegal Data Address
61157;0;0;0x0000;02 Illegal Data Address
61158;0;0;0x0000;02 Illegal Data Address
61159;0;0;0x0000;02 Illegal Data Address
61160;0;0;0x0000;02 Illegal Data Address
61161;0;0;0x0000;02 Illegal Data Address
61162;0;0;0x0000;02 Illegal Data Address
61163;0;0;0x0000;02 Illegal Data Address
61164;0;0;0x0000;02 Illegal Data Address
61165;0;0;0x0000;02 Illegal Data Address
61166;0;0;0x0000;02 Illegal Data Address
61167;0;0;0x0000;02 Illegal Data Address
61168;0;0;0x0000;02 Illegal Data Address
61169;0;0;0x0000;02 Illegal Data Address
61170;0;0;0x0000;02 Illegal Data Address
61171;0;0;0x0000;02 Illegal Data Address
61172;0;0;0x0000;02 Illegal Data Address
61173;0;0;0x0000;02 Illegal Data Address
61174;0;0;0x0000;02 Illegal Data Address
61175;0;0;0x0000;02 Illegal Data Address
61176;0;0;0x0000;02 Illegal Data Address
61177;0;0;0x0000;02 Illegal Data Address
61178;0;0;0x0000;02 Illegal Data Address
61179;0;0;0x0000;02 Illegal Data Address
61180;0;0;0x0000;02 Illegal Data Address
61181;0;0;0x0000;02 Illegal Data Address
61182;0;0;0x0000;02 Illegal Data Address
61183;0;0;0x0000;02 Illegal Data Address
61184;0;0;0x0000;02 Illegal Data Address
61185;0;0;0x0000;02 Illegal Data Address
61186;0;0;0x0000;02 Illegal Data Address
61187;0;0;0x0000;02 Illegal Data Address
61188;0;0;0x0000;02 Illegal Data Address
61189;0;0;0x0000;02 Illegal Data Address
61190;0;0;0x0000;02 Illegal Data Address
61191;0;0;0x0000;02 Illegal Data Address
61192;0;0;0x0000;02 Illegal Data Address
61193;0;0;0x0000;02 Illegal Data Address
61194;0;0;0x0000;02 Illegal Data Address
61195;0;0;0x0000;02 Illegal Data Address
61196;0;0;0x0000;02 Illegal Data Address
61197;0;0;0x0000;02 Illegal Data Address
61198;0;0;0x0000;02 Illegal Data Address
61199;0;0;0x0000;02 Illegal Data Address
61200;0;0;0x0000;02 Illegal Data Address
61201;0;0;0x0000;02 Illegal Data Address
61202;0;0;0x0000;02 Illegal Data Address
61203;0;0;0x0000;02 Illegal Data Address
61204;0;0;0x0000;02 Illegal Data Address
61205;0;0;0x0000;02 Illegal Data Address
61206;0;0;0x0000;02 Illegal Data Address
61207;0;0;0x0000;02 Illegal Data Address
61208;0;0;0x0000;02 Illegal Data Address
61209;0;0;0x0000;02 Illegal Data Address
61210;0;0;0x0000;02 Illegal Data Address
61211;0;0;0x0000;02 Illegal Data Address
61212;0;0;0x0000;02 Illegal Data Address
61213;0;0;0x0000;02 Illegal Data Address
61214;0;0;0x0000;02 Illegal Data Address
61215;0;0;0x0000;02 Illegal Data Address
61216;0;0;0x0000;02 Illegal Data Address
61217;0;0;0x0000;02 Illegal Data Address
61218;0;0;0x0000;02 Illegal Data Address
61219;0;0;0x0000;02 Illegal Data Address
61220;0;0;0x0000;02 Illegal Data Address
61221;0;0;0x0000;02 Illegal Data Address
61222;0;0;0x0000;02 Illegal Data Address
61223;0;0;0x0000;02 Illegal Data Address
61224;0;0;0x0000;02 Illegal Data Address
61225;0;0;0x0000;02 Illegal Data Address
61226;0;0;0x0000;02 Illegal Data Address
61227;0;0;0x0000;02 Illegal Data Address
61228;0;0;0x0000;02 Illegal Data Address
61229;0;0;0x0000;02 Illegal Data Address
61230;0;0;0x0000;02 Illegal Data Address
61231;0;0;0x0000;02 Illegal Data Address
61232;0;0;0x0000;02 Illegal Data Address
61233;0;0;0x0000;02 Illegal Data Address
61234;0;0;0x0000;02 Illegal Data Address
61235;0;0;0x0000;02 Illegal Data Address
61236;0;0;0x0000;02 Illegal Data Address
61237;0;0;0x0000;02 Illegal Data Address
61238;0;0;0x0000;02 Illegal Data Address
61239;0;0;0x0000;02 Illegal Data Address
61240;0;0;0x0000;02 Illegal Data Address
61241;0;0;0x0000;02 Illegal Data Address
61242;0;0;0x0000;02 Illegal Data Address
61243;0;0;0x0000;02 Illegal Data Address
61244;0;0;0x0000;02 Illegal Data Address
61245;0;0;0x0000;02 Illegal Data Address
61246;0;0;0x0000;02 Illegal Data Address
61247;0;0;0x0000;02 Illegal Data Address
61248;0;0;0x0000;02 Illegal Data Address
61249;0;0;0x0000;02 Illegal Data Address
61250;0;0;0x0000;02 Illegal Data Address
61251;0;0;0x0000;02 Illegal Data Address
61252;0;0;0x0000;02 Illegal Data Address
61253;0;0;0x0000;02 Illegal Data Address
61254;0;0;0x0000;02 Illegal Data Address
61255;0;0;0x0000;02 Illegal Data Address
61256;0;0;0x0000;02 Illegal Data Address
61257;0;0;0x0000;02 Illegal Data Address
61258;0;0;0x0000;02 Illegal Data Address
61259;0;0;0x0000;02 Illegal Data Address
61260;0;0;0x0000;02 Illegal Data Address
61261;0;0;0x0000;02 Illegal Data Address
61262;0;0;0x0000;02 Illegal Data Address
61263;0;0;0x0000;02 Illegal Data Address
61264;0;0;0x0000;02 Illegal Data Address
61265;0;0;0x0000;02 Illegal Data Address
61266;0;0;0x0000;02 Illegal Data Address
61267;0;0;0x0000;02 Illegal Data Address
61268;0;0;0x0000;02 Illegal Data Address
61269;0;0;0x0000;02 Illegal Data Address
61270;0;0;0x0000;02 Illegal Data Address
61271;0;0;0x0000;02 Illegal Data Address
61272;0;0;0x0000;02 Illegal Data Address
61273;0;0;0x0000;02 Illegal Data Address
61274;0;0;0x0000;02 Illegal Data Address
61275;0;0;0x0000;02 Illegal Data Address
61276;0;0;0x0000;02 Illegal Data Address
61277;0;0;0x0000;02 Illegal Data Address
61278;0;0;0x0000;02 Illegal Data Address
61279;0;0;0x0000;02 Illegal Data Address
61280;0;0;0x0000;02 Illegal Data Address
61281;0;0;0x0000;02 Illegal Data Address
61282;0;0;0x0000;02 Illegal Data Address
61283;0;0;0x0000;02 Illegal Data Address
61284;0;0;0x0000;02 Illegal Data Address
61285;0;0;0x0000;02 Illegal Data Address
61286;0;0;0x0000;02 Illegal Data Address
61287;0;0;0x0000;02 Illegal Data Address
61288;0;0;0x0000;02 Illegal Data Address
61289;0;0;0x0000;02 Illegal Data Address
61290;0;0;0x0000;02 Illegal Data Address
61291;0;0;0x0000;02 Illegal Data Address
61292;0;0;0x0000;02 Illegal Data Address
61293;0;0;0x0000;02 Illegal Data Address
61294;0;0;0x0000;02 Illegal Data Address
61295;0;0;0x0000;02 Illegal Data Address
61296;0;0;0x0000;02 Illegal Data Address
61297;0;0;0x0000;02 Illegal Data Address
61298;0;0;0x0000;02 Illegal Data Address
61299;0;0;0x0000;02 Illegal Data Address
61300;0;0;0x0000;02 Illegal Data Address
61301;0;0;0x0000;02 Illegal Data Address
61302;0;0;0x0000;02 Illegal Data Address
61303;0;0;0x0000;02 Illegal Data Address
61304;0;0;0x0000;02 Illegal Data Address
61305;0;0;0x0000;02 Illegal Data Address
61306;0;0;0x0000;02 Illegal Data Address
61307;0;0;0x0000;02 Illegal Data Address
61308;0;0;0x0000;02 Illegal Data Address
61309;0;0;0x0000;02 Illegal Data Address
61310;0;0;0x0000;02 Illegal Data Address
61311;0;0;0x0000;02 Illegal Data Address
61312;0;0;0x0000;02 Illegal Data Address
61313;0;0;0x0000;02 Illegal Data Address
61314;0;0;0x0000;02 Illegal Data Address
61315;0;0;0x0000;02 Illegal Data Address
61316;0;0;0x0000;02 Illegal Data Address
61317;0;0;0x0000;02 Illegal Data Address
61318;0;0;0x0000;02 Illegal Data Address
61319;0;0;0x0000;02 Illegal Data Address
61320;0;0;0x0000;02 Illegal Data Address
61321;0;0;0x0000;02 Illegal Data Address
61322;0;0;0x0000;02 Illegal Data Address
61323;0;0;0x0000;02 Illegal Data Address
61324;0;0;0x0000;02 Illegal Data Address
61325;0;0;0x0000;02 Illegal Data Address
61326;0;0;0x0000;02 Illegal Data Address
61327;0;0;0x0000;02 Illegal Data Address
61328;0;0;0x0000;02 Illegal Data Address
61329;0;0;0x0000;02 Illegal Data Address
61330;0;0;0x0000;02 Illegal Data Address
61331;0;0;0x0000;02 Illegal Data Address
61332;0;0;0x0000;02 Illegal Data Address
61333;0;0;0x0000;02 Illegal Data Address
61334;0;0;0x0000;02 Illegal Data Address
61335;0;0;0x0000;02 Illegal Data Address
61336;0;0;0x0000;02 Illegal Data Address
61337;0;0;0x0000;02 Illegal Data Address
61338;0;0;0x0000;02 Illegal Data Address
61339;0;0;0x0000;02 Illegal Data Address
61340;0;0;0x0000;02 Illegal Data Address
61341;0;0;0x0000;02 Illegal Data Address
61342;0;0;0x0000;02 Illegal Data Address
61343;0;0;0x0000;02 Illegal Data Address
61344;0;0;0x0000;02 Illegal Data Address
61345;0;0;0x0000;02 Illegal Data Address
61346;0;0;0x0000;02 Illegal Data Address
61347;0;0;0x0000;02 Illegal Data Address
61348;0;0;0x0000;02 Illegal Data Address
61349;0;0;0x0000;02 Illegal Data Address
61350;0;0;0x0000;02 Illegal Data Address
61351;0;0;0x0000;02 Illegal Data Address
61352;0;0;0x0000;02 Illegal Data Address
61353;0;0;0x0000;02 Illegal Data Address
61354;0;0;0x0000;02 Illegal Data Address
61355;0;0;0x0000;02 Illegal Data Address
61356;0;0;0x0000;02 Illegal Data Address
61357;0;0;0x0000;02 Illegal Data Address
61358;0;0;0x0000;02 Illegal Data Address
61359;0;0;0x0000;02 Illegal Data Address
61360;0;0;0x0000;02 Illegal Data Address
61361;0;0;0x0000;02 Illegal Data Address
61362;0;0;0x0000;02 Illegal Data Address
61363;0;0;0x0000;02 Illegal Data Address
61364;0;0;0x0000;02 Illegal Data Address
61365;0;0;0x0000;02 Illegal Data Address
61366;0;0;0x0000;02 Illegal Data Address
61367;0;0;0x0000;02 Illegal Data Address
61368;0;0;0x0000;02 Illegal Data Address
61369;0;0;0x0000;02 Illegal Data Address
61370;0;0;0x0000;02 Illegal Data Address
61371;0;0;0x0000;02 Illegal Data Address
61372;0;0;0x0000;02 Illegal Data Address
61373;0;0;0x0000;02 Illegal Data Address
61374;0;0;0x0000;02 Illegal Data Address
61375;0;0;0x0000;02 Illegal Data Address
61376;0;0;0x0000;02 Illegal Data Address
61377;0;0;0x0000;02 Illegal Data Address
61378;0;0;0x0000;02 Illegal Data Address
61379;0;0;0x0000;02 Illegal Data Address
61380;0;0;0x0000;02 Illegal Data Address
61381;0;0;0x0000;02 Illegal Data Address
61382;0;0;0x0000;02 Illegal Data Address
61383;0;0;0x0000;02 Illegal Data Address
61384;0;0;0x0000;02 Illegal Data Address
61385;0;0;0x0000;02 Illegal Data Address
61386;0;0;0x0000;02 Illegal Data Address
61387;0;0;0x0000;02 Illegal Data Address
61388;0;0;0x0000;02 Illegal Data Address
61389;0;0;0x0000;02 Illegal Data Address
61390;0;0;0x0000;02 Illegal Data Address
61391;0;0;0x0000;02 Illegal Data Address
61392;0;0;0x0000;02 Illegal Data Address
61393;0;0;0x0000;02 Illegal Data Address
61394;0;0;0x0000;02 Illegal Data Address
61395;0;0;0x0000;02 Illegal Data Address
61396;0;0;0x0000;02 Illegal Data Address
61397;0;0;0x0000;02 Illegal Data Address
61398;0;0;0x0000;02 Illegal Data Address
61399;0;0;0x0000;02 Illegal Data Address
61400;0;0;0x0000;02 Illegal Data Address
61401;0;0;0x0000;02 Illegal Data Address
61402;0;0;0x0000;02 Illegal Data Address
61403;0;0;0x0000;02 Illegal Data Address
61404;0;0;0x0000;02 Illegal Data Address
61405;0;0;0x0000;02 Illegal Data Address
61406;0;0;0x0000;02 Illegal Data Address
61407;0;0;0x0000;02 Illegal Data Address
61408;0;0;0x0000;02 Illegal Data Address
61409;0;0;0x0000;02 Illegal Data Address
61410;0;0;0x0000;02 Illegal Data Address
61411;0;0;0x0000;02 Illegal Data Address
61412;0;0;0x0000;02 Illegal Data Address
61413;0;0;0x0000;02 Illegal Data Address
61414;0;0;0x0000;02 Illegal Data Address
61415;0;0;0x0000;02 Illegal Data Address
61416;0;0;0x0000;02 Illegal Data Address
61417;0;0;0x0000;02 Illegal Data Address
61418;0;0;0x0000;02 Illegal Data Address
61419;0;0;0x0000;02 Illegal Data Address
61420;0;0;0x0000;02 Illegal Data Address
61421;0;0;0x0000;02 Illegal Data Address
61422;0;0;0x0000;02 Illegal Data Address
61423;0;0;0x0000;02 Illegal Data Address
61424;0;0;0x0000;02 Illegal Data Address
61425;0;0;0x0000;02 Illegal Data Address
61426;0;0;0x0000;02 Illegal Data Address
61427;0;0;0x0000;02 Illegal Data Address
61428;0;0;0x0000;02 Illegal Data Address
61429;0;0;0x0000;02 Illegal Data Address
61430;0;0;0x0000;02 Illegal Data Address
61431;0;0;0x0000;02 Illegal Data Address
61432;0;0;0x0000;02 Illegal Data Address
61433;0;0;0x0000;02 Illegal Data Address
61434;0;0;0x0000;02 Illegal Data Address
61435;0;0;0x0000;02 Illegal Data Address
61436;0;0;0x0000;02 Illegal Data Address
61437;0;0;0x0000;02 Illegal Data Address
61438;0;0;0x0000;02 Illegal Data Address
61439;0;0;0x0000;02 Illegal Data Address
61440;0;0;0x0000;02 Illegal Data Address
61441;0;0;0x0000;02 Illegal Data Address
61442;0;0;0x0000;02 Illegal Data Address
61443;0;0;0x0000;02 Illegal Data Address
61444;0;0;0x0000;02 Illegal Data Address
61445;0;0;0x0000;02 Illegal Data Address
61446;0;0;0x0000;02 Illegal Data Address
61447;0;0;0x0000;02 Illegal Data Address
61448;0;0;0x0000;02 Illegal Data Address
61449;0;0;0x0000;02 Illegal Data Address
61450;0;0;0x0000;02 Illegal Data Address
61451;0;0;0x0000;02 Illegal Data Address
61452;0;0;0x0000;02 Illegal Data Address
61453;0;0;0x0000;02 Illegal Data Address
61454;0;0;0x0000;02 Illegal Data Address
61455;0;0;0x0000;02 Illegal Data Address
61456;0;0;0x0000;02 Illegal Data Address
61457;0;0;0x0000;02 Illegal Data Address
61458;0;0;0x0000;02 Illegal Data Address
61459;0;0;0x0000;02 Illegal Data Address
61460;0;0;0x0000;02 Illegal Data Address
61461;0;0;0x0000;02 Illegal Data Address
61462;0;0;0x0000;02 Illegal Data Address
61463;0;0;0x0000;02 Illegal Data Address
61464;0;0;0x0000;02 Illegal Data Address
61465;0;0;0x0000;02 Illegal Data Address
61466;0;0;0x0000;02 Illegal Data Address
61467;0;0;0x0000;02 Illegal Data Address
61468;0;0;0x0000;02 Illegal Data Address
61469;0;0;0x0000;02 Illegal Data Address
61470;0;0;0x0000;02 Illegal Data Address
61471;0;0;0x0000;02 Illegal Data Address
61472;0;0;0x0000;02 Illegal Data Address
61473;0;0;0x0000;02 Illegal Data Address
61474;0;0;0x0000;02 Illegal Data Address
61475;0;0;0x0000;02 Illegal Data Address
61476;0;0;0x0000;02 Illegal Data Address
61477;0;0;0x0000;02 Illegal Data Address
61478;0;0;0x0000;02 Illegal Data Address
61479;0;0;0x0000;02 Illegal Data Address
61480;0;0;0x0000;02 Illegal Data Address
61481;0;0;0x0000;02 Illegal Data Address
61482;0;0;0x0000;02 Illegal Data Address
61483;0;0;0x0000;02 Illegal Data Address
61484;0;0;0x0000;02 Illegal Data Address
61485;0;0;0x0000;02 Illegal Data Address
61486;0;0;0x0000;02 Illegal Data Address
61487;0;0;0x0000;02 Illegal Data Address
61488;0;0;0x0000;02 Illegal Data Address
61489;0;0;0x0000;02 Illegal Data Address
61490;0;0;0x0000;02 Illegal Data Address
61491;0;0;0x0000;02 Illegal Data Address
61492;0;0;0x0000;02 Illegal Data Address
61493;0;0;0x0000;02 Illegal Data Address
61494;0;0;0x0000;02 Illegal Data Address
61495;0;0;0x0000;02 Illegal Data Address
61496;0;0;0x0000;02 Illegal Data Address
61497;0;0;0x0000;02 Illegal Data Address
61498;0;0;0x0000;02 Illegal Data Address
61499;0;0;0x0000;02 Illegal Data Address
61500;0;0;0x0000;02 Illegal Data Address
61501;0;0;0x0000;02 Illegal Data Address
61502;0;0;0x0000;02 Illegal Data Address
61503;0;0;0x0000;02 Illegal Data Address
61504;0;0;0x0000;02 Illegal Data Address
61505;0;0;0x0000;02 Illegal Data Address
61506;0;0;0x0000;02 Illegal Data Address
61507;0;0;0x0000;02 Illegal Data Address
61508;0;0;0x0000;02 Illegal Data Address
61509;0;0;0x0000;02 Illegal Data Address
61510;0;0;0x0000;02 Illegal Data Address
61511;0;0;0x0000;02 Illegal Data Address
61512;0;0;0x0000;02 Illegal Data Address
61513;0;0;0x0000;02 Illegal Data Address
61514;0;0;0x0000;02 Illegal Data Address
61515;0;0;0x0000;02 Illegal Data Address
61516;0;0;0x0000;02 Illegal Data Address
61517;0;0;0x0000;02 Illegal Data Address
61518;0;0;0x0000;02 Illegal Data Address
61519;0;0;0x0000;02 Illegal Data Address
61520;0;0;0x0000;02 Illegal Data Address
61521;0;0;0x0000;02 Illegal Data Address
61522;0;0;0x0000;02 Illegal Data Address
61523;0;0;0x0000;02 Illegal Data Address
61524;0;0;0x0000;02 Illegal Data Address
61525;0;0;0x0000;02 Illegal Data Address
61526;0;0;0x0000;02 Illegal Data Address
61527;0;0;0x0000;02 Illegal Data Address
61528;0;0;0x0000;02 Illegal Data Address
61529;0;0;0x0000;02 Illegal Data Address
61530;0;0;0x0000;02 Illegal Data Address
61531;0;0;0x0000;02 Illegal Data Address
61532;0;0;0x0000;02 Illegal Data Address
61533;0;0;0x0000;02 Illegal Data Address
61534;0;0;0x0000;02 Illegal Data Address
61535;0;0;0x0000;02 Illegal Data Address
61536;0;0;0x0000;02 Illegal Data Address
61537;0;0;0x0000;02 Illegal Data Address
61538;0;0;0x0000;02 Illegal Data Address
61539;0;0;0x0000;02 Illegal Data Address
61540;0;0;0x0000;02 Illegal Data Address
61541;0;0;0x0000;02 Illegal Data Address
61542;0;0;0x0000;02 Illegal Data Address
61543;0;0;0x0000;02 Illegal Data Address
61544;0;0;0x0000;02 Illegal Data Address
61545;0;0;0x0000;02 Illegal Data Address
61546;0;0;0x0000;02 Illegal Data Address
61547;0;0;0x0000;02 Illegal Data Address
61548;0;0;0x0000;02 Illegal Data Address
61549;0;0;0x0000;02 Illegal Data Address
61550;0;0;0x0000;02 Illegal Data Address
61551;0;0;0x0000;02 Illegal Data Address
61552;0;0;0x0000;02 Illegal Data Address
61553;0;0;0x0000;02 Illegal Data Address
61554;0;0;0x0000;02 Illegal Data Address
61555;0;0;0x0000;02 Illegal Data Address
61556;0;0;0x0000;02 Illegal Data Address
61557;0;0;0x0000;02 Illegal Data Address
61558;0;0;0x0000;02 Illegal Data Address
61559;0;0;0x0000;02 Illegal Data Address
61560;0;0;0x0000;02 Illegal Data Address
61561;0;0;0x0000;02 Illegal Data Address
61562;0;0;0x0000;02 Illegal Data Address
61563;0;0;0x0000;02 Illegal Data Address
61564;0;0;0x0000;02 Illegal Data Address
61565;0;0;0x0000;02 Illegal Data Address
61566;0;0;0x0000;02 Illegal Data Address
61567;0;0;0x0000;02 Illegal Data Address
61568;0;0;0x0000;02 Illegal Data Address
61569;0;0;0x0000;02 Illegal Data Address
61570;0;0;0x0000;02 Illegal Data Address
61571;0;0;0x0000;02 Illegal Data Address
61572;0;0;0x0000;02 Illegal Data Address
61573;0;0;0x0000;02 Illegal Data Address
61574;0;0;0x0000;02 Illegal Data Address
61575;0;0;0x0000;02 Illegal Data Address
61576;0;0;0x0000;02 Illegal Data Address
61577;0;0;0x0000;02 Illegal Data Address
61578;0;0;0x0000;02 Illegal Data Address
61579;0;0;0x0000;02 Illegal Data Address
61580;0;0;0x0000;02 Illegal Data Address
61581;0;0;0x0000;02 Illegal Data Address
61582;0;0;0x0000;02 Illegal Data Address
61583;0;0;0x0000;02 Illegal Data Address
61584;0;0;0x0000;02 Illegal Data Address
61585;0;0;0x0000;02 Illegal Data Address
61586;0;0;0x0000;02 Illegal Data Address
61587;0;0;0x0000;02 Illegal Data Address
61588;0;0;0x0000;02 Illegal Data Address
61589;0;0;0x0000;02 Illegal Data Address
61590;0;0;0x0000;02 Illegal Data Address
61591;0;0;0x0000;02 Illegal Data Address
61592;0;0;0x0000;02 Illegal Data Address
61593;0;0;0x0000;02 Illegal Data Address
61594;0;0;0x0000;02 Illegal Data Address
61595;0;0;0x0000;02 Illegal Data Address
61596;0;0;0x0000;02 Illegal Data Address
61597;0;0;0x0000;02 Illegal Data Address
61598;0;0;0x0000;02 Illegal Data Address
61599;0;0;0x0000;02 Illegal Data Address
61600;0;0;0x0000;02 Illegal Data Address
61601;0;0;0x0000;02 Illegal Data Address
61602;0;0;0x0000;02 Illegal Data Address
61603;0;0;0x0000;02 Illegal Data Address
61604;0;0;0x0000;02 Illegal Data Address
61605;0;0;0x0000;02 Illegal Data Address
61606;0;0;0x0000;02 Illegal Data Address
61607;0;0;0x0000;02 Illegal Data Address
61608;0;0;0x0000;02 Illegal Data Address
61609;0;0;0x0000;02 Illegal Data Address
61610;0;0;0x0000;02 Illegal Data Address
61611;0;0;0x0000;02 Illegal Data Address
61612;0;0;0x0000;02 Illegal Data Address
61613;0;0;0x0000;02 Illegal Data Address
61614;0;0;0x0000;02 Illegal Data Address
61615;0;0;0x0000;02 Illegal Data Address
61616;0;0;0x0000;02 Illegal Data Address
61617;0;0;0x0000;02 Illegal Data Address
61618;0;0;0x0000;02 Illegal Data Address
61619;0;0;0x0000;02 Illegal Data Address
61620;0;0;0x0000;02 Illegal Data Address
61621;0;0;0x0000;02 Illegal Data Address
61622;0;0;0x0000;02 Illegal Data Address
61623;0;0;0x0000;02 Illegal Data Address
61624;0;0;0x0000;02 Illegal Data Address
61625;0;0;0x0000;02 Illegal Data Address
61626;0;0;0x0000;02 Illegal Data Address
61627;0;0;0x0000;02 Illegal Data Address
61628;0;0;0x0000;02 Illegal Data Address
61629;0;0;0x0000;02 Illegal Data Address
61630;0;0;0x0000;02 Illegal Data Address
61631;0;0;0x0000;02 Illegal Data Address
61632;0;0;0x0000;02 Illegal Data Address
61633;0;0;0x0000;02 Illegal Data Address
61634;0;0;0x0000;02 Illegal Data Address
61635;0;0;0x0000;02 Illegal Data Address
61636;0;0;0x0000;02 Illegal Data Address
61637;0;0;0x0000;02 Illegal Data Address
61638;0;0;0x0000;02 Illegal Data Address
61639;0;0;0x0000;02 Illegal Data Address
61640;0;0;0x0000;02 Illegal Data Address
61641;0;0;0x0000;02 Illegal Data Address
61642;0;0;0x0000;02 Illegal Data Address
61643;0;0;0x0000;02 Illegal Data Address
61644;0;0;0x0000;02 Illegal Data Address
61645;0;0;0x0000;02 Illegal Data Address
61646;0;0;0x0000;02 Illegal Data Address
61647;0;0;0x0000;02 Illegal Data Address
61648;0;0;0x0000;02 Illegal Data Address
61649;0;0;0x0000;02 Illegal Data Address
61650;0;0;0x0000;02 Illegal Data Address
61651;0;0;0x0000;02 Illegal Data Address
61652;0;0;0x0000;02 Illegal Data Address
61653;0;0;0x0000;02 Illegal Data Address
61654;0;0;0x0000;02 Illegal Data Address
61655;0;0;0x0000;02 Illegal Data Address
61656;0;0;0x0000;02 Illegal Data Address
61657;0;0;0x0000;02 Illegal Data Address
61658;0;0;0x0000;02 Illegal Data Address
61659;0;0;0x0000;02 Illegal Data Address
61660;0;0;0x0000;02 Illegal Data Address
61661;0;0;0x0000;02 Illegal Data Address
61662;0;0;0x0000;02 Illegal Data Address
61663;0;0;0x0000;02 Illegal Data Address
61664;0;0;0x0000;02 Illegal Data Address
61665;0;0;0x0000;02 Illegal Data Address
61666;0;0;0x0000;02 Illegal Data Address
61667;0;0;0x0000;02 Illegal Data Address
61668;0;0;0x0000;02 Illegal Data Address
61669;0;0;0x0000;02 Illegal Data Address
61670;0;0;0x0000;02 Illegal Data Address
61671;0;0;0x0000;02 Illegal Data Address
61672;0;0;0x0000;02 Illegal Data Address
61673;0;0;0x0000;02 Illegal Data Address
61674;0;0;0x0000;02 Illegal Data Address
61675;0;0;0x0000;02 Illegal Data Address
61676;0;0;0x0000;02 Illegal Data Address
61677;0;0;0x0000;02 Illegal Data Address
61678;0;0;0x0000;02 Illegal Data Address
61679;0;0;0x0000;02 Illegal Data Address
61680;0;0;0x0000;02 Illegal Data Address
61681;0;0;0x0000;02 Illegal Data Address
61682;0;0;0x0000;02 Illegal Data Address
61683;0;0;0x0000;02 Illegal Data Address
61684;0;0;0x0000;02 Illegal Data Address
61685;0;0;0x0000;02 Illegal Data Address
61686;0;0;0x0000;02 Illegal Data Address
61687;0;0;0x0000;02 Illegal Data Address
61688;0;0;0x0000;02 Illegal Data Address
61689;0;0;0x0000;02 Illegal Data Address
61690;0;0;0x0000;02 Illegal Data Address
61691;0;0;0x0000;02 Illegal Data Address
61692;0;0;0x0000;02 Illegal Data Address
61693;0;0;0x0000;02 Illegal Data Address
61694;0;0;0x0000;02 Illegal Data Address
61695;0;0;0x0000;02 Illegal Data Address
61696;0;0;0x0000;02 Illegal Data Address
61697;0;0;0x0000;02 Illegal Data Address
61698;0;0;0x0000;02 Illegal Data Address
61699;0;0;0x0000;02 Illegal Data Address
61700;0;0;0x0000;02 Illegal Data Address
61701;0;0;0x0000;02 Illegal Data Address
61702;0;0;0x0000;02 Illegal Data Address
61703;0;0;0x0000;02 Illegal Data Address
61704;0;0;0x0000;02 Illegal Data Address
61705;0;0;0x0000;02 Illegal Data Address
61706;0;0;0x0000;02 Illegal Data Address
61707;0;0;0x0000;02 Illegal Data Address
61708;0;0;0x0000;02 Illegal Data Address
61709;0;0;0x0000;02 Illegal Data Address
61710;0;0;0x0000;02 Illegal Data Address
61711;0;0;0x0000;02 Illegal Data Address
61712;0;0;0x0000;02 Illegal Data Address
61713;0;0;0x0000;02 Illegal Data Address
61714;0;0;0x0000;02 Illegal Data Address
61715;0;0;0x0000;02 Illegal Data Address
61716;0;0;0x0000;02 Illegal Data Address
61717;0;0;0x0000;02 Illegal Data Address
61718;0;0;0x0000;02 Illegal Data Address
61719;0;0;0x0000;02 Illegal Data Address
61720;0;0;0x0000;02 Illegal Data Address
61721;0;0;0x0000;02 Illegal Data Address
61722;0;0;0x0000;02 Illegal Data Address
61723;0;0;0x0000;02 Illegal Data Address
61724;0;0;0x0000;02 Illegal Data Address
61725;0;0;0x0000;02 Illegal Data Address
61726;0;0;0x0000;02 Illegal Data Address
61727;0;0;0x0000;02 Illegal Data Address
61728;0;0;0x0000;02 Illegal Data Address
61729;0;0;0x0000;02 Illegal Data Address
61730;0;0;0x0000;02 Illegal Data Address
61731;0;0;0x0000;02 Illegal Data Address
61732;0;0;0x0000;02 Illegal Data Address
61733;0;0;0x0000;02 Illegal Data Address
61734;0;0;0x0000;02 Illegal Data Address
61735;0;0;0x0000;02 Illegal Data Address
61736;0;0;0x0000;02 Illegal Data Address
61737;0;0;0x0000;02 Illegal Data Address
61738;0;0;0x0000;02 Illegal Data Address
61739;0;0;0x0000;02 Illegal Data Address
61740;0;0;0x0000;02 Illegal Data Address
61741;0;0;0x0000;02 Illegal Data Address
61742;0;0;0x0000;02 Illegal Data Address
61743;0;0;0x0000;02 Illegal Data Address
61744;0;0;0x0000;02 Illegal Data Address
61745;0;0;0x0000;02 Illegal Data Address
61746;0;0;0x0000;02 Illegal Data Address
61747;0;0;0x0000;02 Illegal Data Address
61748;0;0;0x0000;02 Illegal Data Address
61749;0;0;0x0000;02 Illegal Data Address
61750;0;0;0x0000;02 Illegal Data Address
61751;0;0;0x0000;02 Illegal Data Address
61752;0;0;0x0000;02 Illegal Data Address
61753;0;0;0x0000;02 Illegal Data Address
61754;0;0;0x0000;02 Illegal Data Address
61755;0;0;0x0000;02 Illegal Data Address
61756;0;0;0x0000;02 Illegal Data Address
61757;0;0;0x0000;02 Illegal Data Address
61758;0;0;0x0000;02 Illegal Data Address
61759;0;0;0x0000;02 Illegal Data Address
61760;0;0;0x0000;02 Illegal Data Address
61761;0;0;0x0000;02 Illegal Data Address
61762;0;0;0x0000;02 Illegal Data Address
61763;0;0;0x0000;02 Illegal Data Address
61764;0;0;0x0000;02 Illegal Data Address
61765;0;0;0x0000;02 Illegal Data Address
61766;0;0;0x0000;02 Illegal Data Address
61767;0;0;0x0000;02 Illegal Data Address
61768;0;0;0x0000;02 Illegal Data Address
61769;0;0;0x0000;02 Illegal Data Address
61770;0;0;0x0000;02 Illegal Data Address
61771;0;0;0x0000;02 Illegal Data Address
61772;0;0;0x0000;02 Illegal Data Address
61773;0;0;0x0000;02 Illegal Data Address
61774;0;0;0x0000;02 Illegal Data Address
61775;0;0;0x0000;02 Illegal Data Address
61776;0;0;0x0000;02 Illegal Data Address
61777;0;0;0x0000;02 Illegal Data Address
61778;0;0;0x0000;02 Illegal Data Address
61779;0;0;0x0000;02 Illegal Data Address
61780;0;0;0x0000;02 Illegal Data Address
61781;0;0;0x0000;02 Illegal Data Address
61782;0;0;0x0000;02 Illegal Data Address
61783;0;0;0x0000;02 Illegal Data Address
61784;0;0;0x0000;02 Illegal Data Address
61785;0;0;0x0000;02 Illegal Data Address
61786;0;0;0x0000;02 Illegal Data Address
61787;0;0;0x0000;02 Illegal Data Address
61788;0;0;0x0000;02 Illegal Data Address
61789;0;0;0x0000;02 Illegal Data Address
61790;0;0;0x0000;02 Illegal Data Address
61791;0;0;0x0000;02 Illegal Data Address
61792;0;0;0x0000;02 Illegal Data Address
61793;0;0;0x0000;02 Illegal Data Address
61794;0;0;0x0000;02 Illegal Data Address
61795;0;0;0x0000;02 Illegal Data Address
61796;0;0;0x0000;02 Illegal Data Address
61797;0;0;0x0000;02 Illegal Data Address
61798;0;0;0x0000;02 Illegal Data Address
61799;0;0;0x0000;02 Illegal Data Address
61800;0;0;0x0000;02 Illegal Data Address
61801;0;0;0x0000;02 Illegal Data Address
61802;0;0;0x0000;02 Illegal Data Address
61803;0;0;0x0000;02 Illegal Data Address
61804;0;0;0x0000;02 Illegal Data Address
61805;0;0;0x0000;02 Illegal Data Address
61806;0;0;0x0000;02 Illegal Data Address
61807;0;0;0x0000;02 Illegal Data Address
61808;0;0;0x0000;02 Illegal Data Address
61809;0;0;0x0000;02 Illegal Data Address
61810;0;0;0x0000;02 Illegal Data Address
61811;0;0;0x0000;02 Illegal Data Address
61812;0;0;0x0000;02 Illegal Data Address
61813;0;0;0x0000;02 Illegal Data Address
61814;0;0;0x0000;02 Illegal Data Address
61815;0;0;0x0000;02 Illegal Data Address
61816;0;0;0x0000;02 Illegal Data Address
61817;0;0;0x0000;02 Illegal Data Address
61818;0;0;0x0000;02 Illegal Data Address
61819;0;0;0x0000;02 Illegal Data Address
61820;0;0;0x0000;02 Illegal Data Address
61821;0;0;0x0000;02 Illegal Data Address
61822;0;0;0x0000;02 Illegal Data Address
61823;0;0;0x0000;02 Illegal Data Address
61824;0;0;0x0000;02 Illegal Data Address
61825;0;0;0x0000;02 Illegal Data Address
61826;0;0;0x0000;02 Illegal Data Address
61827;0;0;0x0000;02 Illegal Data Address
61828;0;0;0x0000;02 Illegal Data Address
61829;0;0;0x0000;02 Illegal Data Address
61830;0;0;0x0000;02 Illegal Data Address
61831;0;0;0x0000;02 Illegal Data Address
61832;0;0;0x0000;02 Illegal Data Address
61833;0;0;0x0000;02 Illegal Data Address
61834;0;0;0x0000;02 Illegal Data Address
61835;0;0;0x0000;02 Illegal Data Address
61836;0;0;0x0000;02 Illegal Data Address
61837;0;0;0x0000;02 Illegal Data Address
61838;0;0;0x0000;02 Illegal Data Address
61839;0;0;0x0000;02 Illegal Data Address
61840;0;0;0x0000;02 Illegal Data Address
61841;0;0;0x0000;02 Illegal Data Address
61842;0;0;0x0000;02 Illegal Data Address
61843;0;0;0x0000;02 Illegal Data Address
61844;0;0;0x0000;02 Illegal Data Address
61845;0;0;0x0000;02 Illegal Data Address
61846;0;0;0x0000;02 Illegal Data Address
61847;0;0;0x0000;02 Illegal Data Address
61848;0;0;0x0000;02 Illegal Data Address
61849;0;0;0x0000;02 Illegal Data Address
61850;0;0;0x0000;02 Illegal Data Address
61851;0;0;0x0000;02 Illegal Data Address
61852;0;0;0x0000;02 Illegal Data Address
61853;0;0;0x0000;02 Illegal Data Address
61854;0;0;0x0000;02 Illegal Data Address
61855;0;0;0x0000;02 Illegal Data Address
61856;0;0;0x0000;02 Illegal Data Address
61857;0;0;0x0000;02 Illegal Data Address
61858;0;0;0x0000;02 Illegal Data Address
61859;0;0;0x0000;02 Illegal Data Address
61860;0;0;0x0000;02 Illegal Data Address
61861;0;0;0x0000;02 Illegal Data Address
61862;0;0;0x0000;02 Illegal Data Address
61863;0;0;0x0000;02 Illegal Data Address
61864;0;0;0x0000;02 Illegal Data Address
61865;0;0;0x0000;02 Illegal Data Address
61866;0;0;0x0000;02 Illegal Data Address
61867;0;0;0x0000;02 Illegal Data Address
61868;0;0;0x0000;02 Illegal Data Address
61869;0;0;0x0000;02 Illegal Data Address
61870;0;0;0x0000;02 Illegal Data Address
61871;0;0;0x0000;02 Illegal Data Address
61872;0;0;0x0000;02 Illegal Data Address
61873;0;0;0x0000;02 Illegal Data Address
61874;0;0;0x0000;02 Illegal Data Address
61875;0;0;0x0000;02 Illegal Data Address
61876;0;0;0x0000;02 Illegal Data Address
61877;0;0;0x0000;02 Illegal Data Address
61878;0;0;0x0000;02 Illegal Data Address
61879;0;0;0x0000;02 Illegal Data Address
61880;0;0;0x0000;02 Illegal Data Address
61881;0;0;0x0000;02 Illegal Data Address
61882;0;0;0x0000;02 Illegal Data Address
61883;0;0;0x0000;02 Illegal Data Address
61884;0;0;0x0000;02 Illegal Data Address
61885;0;0;0x0000;02 Illegal Data Address
61886;0;0;0x0000;02 Illegal Data Address
61887;0;0;0x0000;02 Illegal Data Address
61888;0;0;0x0000;02 Illegal Data Address
61889;0;0;0x0000;02 Illegal Data Address
61890;0;0;0x0000;02 Illegal Data Address
61891;0;0;0x0000;02 Illegal Data Address
61892;0;0;0x0000;02 Illegal Data Address
61893;0;0;0x0000;02 Illegal Data Address
61894;0;0;0x0000;02 Illegal Data Address
61895;0;0;0x0000;02 Illegal Data Address
61896;0;0;0x0000;02 Illegal Data Address
61897;0;0;0x0000;02 Illegal Data Address
61898;0;0;0x0000;02 Illegal Data Address
61899;0;0;0x0000;02 Illegal Data Address
61900;0;0;0x0000;02 Illegal Data Address
61901;0;0;0x0000;02 Illegal Data Address
61902;0;0;0x0000;02 Illegal Data Address
61903;0;0;0x0000;02 Illegal Data Address
61904;0;0;0x0000;02 Illegal Data Address
61905;0;0;0x0000;02 Illegal Data Address
61906;0;0;0x0000;02 Illegal Data Address
61907;0;0;0x0000;02 Illegal Data Address
61908;0;0;0x0000;02 Illegal Data Address
61909;0;0;0x0000;02 Illegal Data Address
61910;0;0;0x0000;02 Illegal Data Address
61911;0;0;0x0000;02 Illegal Data Address
61912;0;0;0x0000;02 Illegal Data Address
61913;0;0;0x0000;02 Illegal Data Address
61914;0;0;0x0000;02 Illegal Data Address
61915;0;0;0x0000;02 Illegal Data Address
61916;0;0;0x0000;02 Illegal Data Address
61917;0;0;0x0000;02 Illegal Data Address
61918;0;0;0x0000;02 Illegal Data Address
61919;0;0;0x0000;02 Illegal Data Address
61920;0;0;0x0000;02 Illegal Data Address
61921;0;0;0x0000;02 Illegal Data Address
61922;0;0;0x0000;02 Illegal Data Address
61923;0;0;0x0000;02 Illegal Data Address
61924;0;0;0x0000;02 Illegal Data Address
61925;0;0;0x0000;02 Illegal Data Address
61926;0;0;0x0000;02 Illegal Data Address
61927;0;0;0x0000;02 Illegal Data Address
61928;0;0;0x0000;02 Illegal Data Address
61929;0;0;0x0000;02 Illegal Data Address
61930;0;0;0x0000;02 Illegal Data Address
61931;0;0;0x0000;02 Illegal Data Address
61932;0;0;0x0000;02 Illegal Data Address
61933;0;0;0x0000;02 Illegal Data Address
61934;0;0;0x0000;02 Illegal Data Address
61935;0;0;0x0000;02 Illegal Data Address
61936;0;0;0x0000;02 Illegal Data Address
61937;0;0;0x0000;02 Illegal Data Address
61938;0;0;0x0000;02 Illegal Data Address
61939;0;0;0x0000;02 Illegal Data Address
61940;0;0;0x0000;02 Illegal Data Address
61941;0;0;0x0000;02 Illegal Data Address
61942;0;0;0x0000;02 Illegal Data Address
61943;0;0;0x0000;02 Illegal Data Address
61944;0;0;0x0000;02 Illegal Data Address
61945;0;0;0x0000;02 Illegal Data Address
61946;0;0;0x0000;02 Illegal Data Address
61947;0;0;0x0000;02 Illegal Data Address
61948;0;0;0x0000;02 Illegal Data Address
61949;0;0;0x0000;02 Illegal Data Address
61950;0;0;0x0000;02 Illegal Data Address
61951;0;0;0x0000;02 Illegal Data Address
61952;0;0;0x0000;02 Illegal Data Address
61953;0;0;0x0000;02 Illegal Data Address
61954;0;0;0x0000;02 Illegal Data Address
61955;0;0;0x0000;02 Illegal Data Address
61956;0;0;0x0000;02 Illegal Data Address
61957;0;0;0x0000;02 Illegal Data Address
61958;0;0;0x0000;02 Illegal Data Address
61959;0;0;0x0000;02 Illegal Data Address
61960;0;0;0x0000;02 Illegal Data Address
61961;0;0;0x0000;02 Illegal Data Address
61962;0;0;0x0000;02 Illegal Data Address
61963;0;0;0x0000;02 Illegal Data Address
61964;0;0;0x0000;02 Illegal Data Address
61965;0;0;0x0000;02 Illegal Data Address
61966;0;0;0x0000;02 Illegal Data Address
61967;0;0;0x0000;02 Illegal Data Address
61968;0;0;0x0000;02 Illegal Data Address
61969;0;0;0x0000;02 Illegal Data Address
61970;0;0;0x0000;02 Illegal Data Address
61971;0;0;0x0000;02 Illegal Data Address
61972;0;0;0x0000;02 Illegal Data Address
61973;0;0;0x0000;02 Illegal Data Address
61974;0;0;0x0000;02 Illegal Data Address
61975;0;0;0x0000;02 Illegal Data Address
61976;0;0;0x0000;02 Illegal Data Address
61977;0;0;0x0000;02 Illegal Data Address
61978;0;0;0x0000;02 Illegal Data Address
61979;0;0;0x0000;02 Illegal Data Address
61980;0;0;0x0000;02 Illegal Data Address
61981;0;0;0x0000;02 Illegal Data Address
61982;0;0;0x0000;02 Illegal Data Address
61983;0;0;0x0000;02 Illegal Data Address
61984;0;0;0x0000;02 Illegal Data Address
61985;0;0;0x0000;02 Illegal Data Address
61986;0;0;0x0000;02 Illegal Data Address
61987;0;0;0x0000;02 Illegal Data Address
61988;0;0;0x0000;02 Illegal Data Address
61989;0;0;0x0000;02 Illegal Data Address
61990;0;0;0x0000;02 Illegal Data Address
61991;0;0;0x0000;02 Illegal Data Address
61992;0;0;0x0000;02 Illegal Data Address
61993;0;0;0x0000;02 Illegal Data Address
61994;0;0;0x0000;02 Illegal Data Address
61995;0;0;0x0000;02 Illegal Data Address
61996;0;0;0x0000;02 Illegal Data Address
61997;0;0;0x0000;02 Illegal Data Address
61998;0;0;0x0000;02 Illegal Data Address
61999;0;0;0x0000;02 Illegal Data Address
62000;0;0;0x0000;02 Illegal Data Address
62001;0;0;0x0000;02 Illegal Data Address
62002;0;0;0x0000;02 Illegal Data Address
62003;0;0;0x0000;02 Illegal Data Address
62004;0;0;0x0000;02 Illegal Data Address
62005;0;0;0x0000;02 Illegal Data Address
62006;0;0;0x0000;02 Illegal Data Address
62007;0;0;0x0000;02 Illegal Data Address
62008;0;0;0x0000;02 Illegal Data Address
62009;0;0;0x0000;02 Illegal Data Address
62010;0;0;0x0000;02 Illegal Data Address
62011;0;0;0x0000;02 Illegal Data Address
62012;0;0;0x0000;02 Illegal Data Address
62013;0;0;0x0000;02 Illegal Data Address
62014;0;0;0x0000;02 Illegal Data Address
62015;0;0;0x0000;02 Illegal Data Address
62016;0;0;0x0000;02 Illegal Data Address
62017;0;0;0x0000;02 Illegal Data Address
62018;0;0;0x0000;02 Illegal Data Address
62019;0;0;0x0000;02 Illegal Data Address
62020;0;0;0x0000;02 Illegal Data Address
62021;0;0;0x0000;02 Illegal Data Address
62022;0;0;0x0000;02 Illegal Data Address
62023;0;0;0x0000;02 Illegal Data Address
62024;0;0;0x0000;02 Illegal Data Address
62025;0;0;0x0000;02 Illegal Data Address
62026;0;0;0x0000;02 Illegal Data Address
62027;0;0;0x0000;02 Illegal Data Address
62028;0;0;0x0000;02 Illegal Data Address
62029;0;0;0x0000;02 Illegal Data Address
62030;0;0;0x0000;02 Illegal Data Address
62031;0;0;0x0000;02 Illegal Data Address
62032;0;0;0x0000;02 Illegal Data Address
62033;0;0;0x0000;02 Illegal Data Address
62034;0;0;0x0000;02 Illegal Data Address
62035;0;0;0x0000;02 Illegal Data Address
62036;0;0;0x0000;02 Illegal Data Address
62037;0;0;0x0000;02 Illegal Data Address
62038;0;0;0x0000;02 Illegal Data Address
62039;0;0;0x0000;02 Illegal Data Address
62040;0;0;0x0000;02 Illegal Data Address
62041;0;0;0x0000;02 Illegal Data Address
62042;0;0;0x0000;02 Illegal Data Address
62043;0;0;0x0000;02 Illegal Data Address
62044;0;0;0x0000;02 Illegal Data Address
62045;0;0;0x0000;02 Illegal Data Address
62046;0;0;0x0000;02 Illegal Data Address
62047;0;0;0x0000;02 Illegal Data Address
62048;0;0;0x0000;02 Illegal Data Address
62049;0;0;0x0000;02 Illegal Data Address
62050;0;0;0x0000;02 Illegal Data Address
62051;0;0;0x0000;02 Illegal Data Address
62052;0;0;0x0000;02 Illegal Data Address
62053;0;0;0x0000;02 Illegal Data Address
62054;0;0;0x0000;02 Illegal Data Address
62055;0;0;0x0000;02 Illegal Data Address
62056;0;0;0x0000;02 Illegal Data Address
62057;0;0;0x0000;02 Illegal Data Address
62058;0;0;0x0000;02 Illegal Data Address
62059;0;0;0x0000;02 Illegal Data Address
62060;0;0;0x0000;02 Illegal Data Address
62061;0;0;0x0000;02 Illegal Data Address
62062;0;0;0x0000;02 Illegal Data Address
62063;0;0;0x0000;02 Illegal Data Address
62064;0;0;0x0000;02 Illegal Data Address
62065;0;0;0x0000;02 Illegal Data Address
62066;0;0;0x0000;02 Illegal Data Address
62067;0;0;0x0000;02 Illegal Data Address
62068;0;0;0x0000;02 Illegal Data Address
62069;0;0;0x0000;02 Illegal Data Address
62070;0;0;0x0000;02 Illegal Data Address
62071;0;0;0x0000;02 Illegal Data Address
62072;0;0;0x0000;02 Illegal Data Address
62073;0;0;0x0000;02 Illegal Data Address
62074;0;0;0x0000;02 Illegal Data Address
62075;0;0;0x0000;02 Illegal Data Address
62076;0;0;0x0000;02 Illegal Data Address
62077;0;0;0x0000;02 Illegal Data Address
62078;0;0;0x0000;02 Illegal Data Address
62079;0;0;0x0000;02 Illegal Data Address
62080;0;0;0x0000;02 Illegal Data Address
62081;0;0;0x0000;02 Illegal Data Address
62082;0;0;0x0000;02 Illegal Data Address
62083;0;0;0x0000;02 Illegal Data Address
62084;0;0;0x0000;02 Illegal Data Address
62085;0;0;0x0000;02 Illegal Data Address
62086;0;0;0x0000;02 Illegal Data Address
62087;0;0;0x0000;02 Illegal Data Address
62088;0;0;0x0000;02 Illegal Data Address
62089;0;0;0x0000;02 Illegal Data Address
62090;0;0;0x0000;02 Illegal Data Address
62091;0;0;0x0000;02 Illegal Data Address
62092;0;0;0x0000;02 Illegal Data Address
62093;0;0;0x0000;02 Illegal Data Address
62094;0;0;0x0000;02 Illegal Data Address
62095;0;0;0x0000;02 Illegal Data Address
62096;0;0;0x0000;02 Illegal Data Address
62097;0;0;0x0000;02 Illegal Data Address
62098;0;0;0x0000;02 Illegal Data Address
62099;0;0;0x0000;02 Illegal Data Address
62100;0;0;0x0000;02 Illegal Data Address
62101;0;0;0x0000;02 Illegal Data Address
62102;0;0;0x0000;02 Illegal Data Address
62103;0;0;0x0000;02 Illegal Data Address
62104;0;0;0x0000;02 Illegal Data Address
62105;0;0;0x0000;02 Illegal Data Address
62106;0;0;0x0000;02 Illegal Data Address
62107;0;0;0x0000;02 Illegal Data Address
62108;0;0;0x0000;02 Illegal Data Address
62109;0;0;0x0000;02 Illegal Data Address
62110;0;0;0x0000;02 Illegal Data Address
62111;0;0;0x0000;02 Illegal Data Address
62112;0;0;0x0000;02 Illegal Data Address
62113;0;0;0x0000;02 Illegal Data Address
62114;0;0;0x0000;02 Illegal Data Address
62115;0;0;0x0000;02 Illegal Data Address
62116;0;0;0x0000;02 Illegal Data Address
62117;0;0;0x0000;02 Illegal Data Address
62118;0;0;0x0000;02 Illegal Data Address
62119;0;0;0x0000;02 Illegal Data Address
62120;0;0;0x0000;02 Illegal Data Address
62121;0;0;0x0000;02 Illegal Data Address
62122;0;0;0x0000;02 Illegal Data Address
62123;0;0;0x0000;02 Illegal Data Address
62124;0;0;0x0000;02 Illegal Data Address
62125;0;0;0x0000;02 Illegal Data Address
62126;0;0;0x0000;02 Illegal Data Address
62127;0;0;0x0000;02 Illegal Data Address
62128;0;0;0x0000;02 Illegal Data Address
62129;0;0;0x0000;02 Illegal Data Address
62130;0;0;0x0000;02 Illegal Data Address
62131;0;0;0x0000;02 Illegal Data Address
62132;0;0;0x0000;02 Illegal Data Address
62133;0;0;0x0000;02 Illegal Data Address
62134;0;0;0x0000;02 Illegal Data Address
62135;0;0;0x0000;02 Illegal Data Address
62136;0;0;0x0000;02 Illegal Data Address
62137;0;0;0x0000;02 Illegal Data Address
62138;0;0;0x0000;02 Illegal Data Address
62139;0;0;0x0000;02 Illegal Data Address
62140;0;0;0x0000;02 Illegal Data Address
62141;0;0;0x0000;02 Illegal Data Address
62142;0;0;0x0000;02 Illegal Data Address
62143;0;0;0x0000;02 Illegal Data Address
62144;0;0;0x0000;02 Illegal Data Address
62145;0;0;0x0000;02 Illegal Data Address
62146;0;0;0x0000;02 Illegal Data Address
62147;0;0;0x0000;02 Illegal Data Address
62148;0;0;0x0000;02 Illegal Data Address
62149;0;0;0x0000;02 Illegal Data Address
62150;0;0;0x0000;02 Illegal Data Address
62151;0;0;0x0000;02 Illegal Data Address
62152;0;0;0x0000;02 Illegal Data Address
62153;0;0;0x0000;02 Illegal Data Address
62154;0;0;0x0000;02 Illegal Data Address
62155;0;0;0x0000;02 Illegal Data Address
62156;0;0;0x0000;02 Illegal Data Address
62157;0;0;0x0000;02 Illegal Data Address
62158;0;0;0x0000;02 Illegal Data Address
62159;0;0;0x0000;02 Illegal Data Address
62160;0;0;0x0000;02 Illegal Data Address
62161;0;0;0x0000;02 Illegal Data Address
62162;0;0;0x0000;02 Illegal Data Address
62163;0;0;0x0000;02 Illegal Data Address
62164;0;0;0x0000;02 Illegal Data Address
62165;0;0;0x0000;02 Illegal Data Address
62166;0;0;0x0000;02 Illegal Data Address
62167;0;0;0x0000;02 Illegal Data Address
62168;0;0;0x0000;02 Illegal Data Address
62169;0;0;0x0000;02 Illegal Data Address
62170;0;0;0x0000;02 Illegal Data Address
62171;0;0;0x0000;02 Illegal Data Address
62172;0;0;0x0000;02 Illegal Data Address
62173;0;0;0x0000;02 Illegal Data Address
62174;0;0;0x0000;02 Illegal Data Address
62175;0;0;0x0000;02 Illegal Data Address
62176;0;0;0x0000;02 Illegal Data Address
62177;0;0;0x0000;02 Illegal Data Address
62178;0;0;0x0000;02 Illegal Data Address
62179;0;0;0x0000;02 Illegal Data Address
62180;0;0;0x0000;02 Illegal Data Address
62181;0;0;0x0000;02 Illegal Data Address
62182;0;0;0x0000;02 Illegal Data Address
62183;0;0;0x0000;02 Illegal Data Address
62184;0;0;0x0000;02 Illegal Data Address
62185;0;0;0x0000;02 Illegal Data Address
62186;0;0;0x0000;02 Illegal Data Address
62187;0;0;0x0000;02 Illegal Data Address
62188;0;0;0x0000;02 Illegal Data Address
62189;0;0;0x0000;02 Illegal Data Address
62190;0;0;0x0000;02 Illegal Data Address
62191;0;0;0x0000;02 Illegal Data Address
62192;0;0;0x0000;02 Illegal Data Address
62193;0;0;0x0000;02 Illegal Data Address
62194;0;0;0x0000;02 Illegal Data Address
62195;0;0;0x0000;02 Illegal Data Address
62196;0;0;0x0000;02 Illegal Data Address
62197;0;0;0x0000;02 Illegal Data Address
62198;0;0;0x0000;02 Illegal Data Address
62199;0;0;0x0000;02 Illegal Data Address
62200;0;0;0x0000;02 Illegal Data Address
62201;0;0;0x0000;02 Illegal Data Address
62202;0;0;0x0000;02 Illegal Data Address
62203;0;0;0x0000;02 Illegal Data Address
62204;0;0;0x0000;02 Illegal Data Address
62205;0;0;0x0000;02 Illegal Data Address
62206;0;0;0x0000;02 Illegal Data Address
62207;0;0;0x0000;02 Illegal Data Address
62208;0;0;0x0000;02 Illegal Data Address
62209;0;0;0x0000;02 Illegal Data Address
62210;0;0;0x0000;02 Illegal Data Address
62211;0;0;0x0000;02 Illegal Data Address
62212;0;0;0x0000;02 Illegal Data Address
62213;0;0;0x0000;02 Illegal Data Address
62214;0;0;0x0000;02 Illegal Data Address
62215;0;0;0x0000;02 Illegal Data Address
62216;0;0;0x0000;02 Illegal Data Address
62217;0;0;0x0000;02 Illegal Data Address
62218;0;0;0x0000;02 Illegal Data Address
62219;0;0;0x0000;02 Illegal Data Address
62220;0;0;0x0000;02 Illegal Data Address
62221;0;0;0x0000;02 Illegal Data Address
62222;0;0;0x0000;02 Illegal Data Address
62223;0;0;0x0000;02 Illegal Data Address
62224;0;0;0x0000;02 Illegal Data Address
62225;0;0;0x0000;02 Illegal Data Address
62226;0;0;0x0000;02 Illegal Data Address
62227;0;0;0x0000;02 Illegal Data Address
62228;0;0;0x0000;02 Illegal Data Address
62229;0;0;0x0000;02 Illegal Data Address
62230;0;0;0x0000;02 Illegal Data Address
62231;0;0;0x0000;02 Illegal Data Address
62232;0;0;0x0000;02 Illegal Data Address
62233;0;0;0x0000;02 Illegal Data Address
62234;0;0;0x0000;02 Illegal Data Address
62235;0;0;0x0000;02 Illegal Data Address
62236;0;0;0x0000;02 Illegal Data Address
62237;0;0;0x0000;02 Illegal Data Address
62238;0;0;0x0000;02 Illegal Data Address
62239;0;0;0x0000;02 Illegal Data Address
62240;0;0;0x0000;02 Illegal Data Address
62241;0;0;0x0000;02 Illegal Data Address
62242;0;0;0x0000;02 Illegal Data Address
62243;0;0;0x0000;02 Illegal Data Address
62244;0;0;0x0000;02 Illegal Data Address
62245;0;0;0x0000;02 Illegal Data Address
62246;0;0;0x0000;02 Illegal Data Address
62247;0;0;0x0000;02 Illegal Data Address
62248;0;0;0x0000;02 Illegal Data Address
62249;0;0;0x0000;02 Illegal Data Address
62250;0;0;0x0000;02 Illegal Data Address
62251;0;0;0x0000;02 Illegal Data Address
62252;0;0;0x0000;02 Illegal Data Address
62253;0;0;0x0000;02 Illegal Data Address
62254;0;0;0x0000;02 Illegal Data Address
62255;0;0;0x0000;02 Illegal Data Address
62256;0;0;0x0000;02 Illegal Data Address
62257;0;0;0x0000;02 Illegal Data Address
62258;0;0;0x0000;02 Illegal Data Address
62259;0;0;0x0000;02 Illegal Data Address
62260;0;0;0x0000;02 Illegal Data Address
62261;0;0;0x0000;02 Illegal Data Address
62262;0;0;0x0000;02 Illegal Data Address
62263;0;0;0x0000;02 Illegal Data Address
62264;0;0;0x0000;02 Illegal Data Address
62265;0;0;0x0000;02 Illegal Data Address
62266;0;0;0x0000;02 Illegal Data Address
62267;0;0;0x0000;02 Illegal Data Address
62268;0;0;0x0000;02 Illegal Data Address
62269;0;0;0x0000;02 Illegal Data Address
62270;0;0;0x0000;02 Illegal Data Address
62271;0;0;0x0000;02 Illegal Data Address
62272;0;0;0x0000;02 Illegal Data Address
62273;0;0;0x0000;02 Illegal Data Address
62274;0;0;0x0000;02 Illegal Data Address
62275;0;0;0x0000;02 Illegal Data Address
62276;0;0;0x0000;02 Illegal Data Address
62277;0;0;0x0000;02 Illegal Data Address
62278;0;0;0x0000;02 Illegal Data Address
62279;0;0;0x0000;02 Illegal Data Address
62280;0;0;0x0000;02 Illegal Data Address
62281;0;0;0x0000;02 Illegal Data Address
62282;0;0;0x0000;02 Illegal Data Address
62283;0;0;0x0000;02 Illegal Data Address
62284;0;0;0x0000;02 Illegal Data Address
62285;0;0;0x0000;02 Illegal Data Address
62286;0;0;0x0000;02 Illegal Data Address
62287;0;0;0x0000;02 Illegal Data Address
62288;0;0;0x0000;02 Illegal Data Address
62289;0;0;0x0000;02 Illegal Data Address
62290;0;0;0x0000;02 Illegal Data Address
62291;0;0;0x0000;02 Illegal Data Address
62292;0;0;0x0000;02 Illegal Data Address
62293;0;0;0x0000;02 Illegal Data Address
62294;0;0;0x0000;02 Illegal Data Address
62295;0;0;0x0000;02 Illegal Data Address
62296;0;0;0x0000;02 Illegal Data Address
62297;0;0;0x0000;02 Illegal Data Address
62298;0;0;0x0000;02 Illegal Data Address
62299;0;0;0x0000;02 Illegal Data Address
62300;0;0;0x0000;02 Illegal Data Address
62301;0;0;0x0000;02 Illegal Data Address
62302;0;0;0x0000;02 Illegal Data Address
62303;0;0;0x0000;02 Illegal Data Address
62304;0;0;0x0000;02 Illegal Data Address
62305;0;0;0x0000;02 Illegal Data Address
62306;0;0;0x0000;02 Illegal Data Address
62307;0;0;0x0000;02 Illegal Data Address
62308;0;0;0x0000;02 Illegal Data Address
62309;0;0;0x0000;02 Illegal Data Address
62310;0;0;0x0000;02 Illegal Data Address
62311;0;0;0x0000;02 Illegal Data Address
62312;0;0;0x0000;02 Illegal Data Address
62313;0;0;0x0000;02 Illegal Data Address
62314;0;0;0x0000;02 Illegal Data Address
62315;0;0;0x0000;02 Illegal Data Address
62316;0;0;0x0000;02 Illegal Data Address
62317;0;0;0x0000;02 Illegal Data Address
62318;0;0;0x0000;02 Illegal Data Address
62319;0;0;0x0000;02 Illegal Data Address
62320;0;0;0x0000;02 Illegal Data Address
62321;0;0;0x0000;02 Illegal Data Address
62322;0;0;0x0000;02 Illegal Data Address
62323;0;0;0x0000;02 Illegal Data Address
62324;0;0;0x0000;02 Illegal Data Address
62325;0;0;0x0000;02 Illegal Data Address
62326;0;0;0x0000;02 Illegal Data Address
62327;0;0;0x0000;02 Illegal Data Address
62328;0;0;0x0000;02 Illegal Data Address
62329;0;0;0x0000;02 Illegal Data Address
62330;0;0;0x0000;02 Illegal Data Address
62331;0;0;0x0000;02 Illegal Data Address
62332;0;0;0x0000;02 Illegal Data Address
62333;0;0;0x0000;02 Illegal Data Address
62334;0;0;0x0000;02 Illegal Data Address
62335;0;0;0x0000;02 Illegal Data Address
62336;0;0;0x0000;02 Illegal Data Address
62337;0;0;0x0000;02 Illegal Data Address
62338;0;0;0x0000;02 Illegal Data Address
62339;0;0;0x0000;02 Illegal Data Address
62340;0;0;0x0000;02 Illegal Data Address
62341;0;0;0x0000;02 Illegal Data Address
62342;0;0;0x0000;02 Illegal Data Address
62343;0;0;0x0000;02 Illegal Data Address
62344;0;0;0x0000;02 Illegal Data Address
62345;0;0;0x0000;02 Illegal Data Address
62346;0;0;0x0000;02 Illegal Data Address
62347;0;0;0x0000;02 Illegal Data Address
62348;0;0;0x0000;02 Illegal Data Address
62349;0;0;0x0000;02 Illegal Data Address
62350;0;0;0x0000;02 Illegal Data Address
62351;0;0;0x0000;02 Illegal Data Address
62352;0;0;0x0000;02 Illegal Data Address
62353;0;0;0x0000;02 Illegal Data Address
62354;0;0;0x0000;02 Illegal Data Address
62355;0;0;0x0000;02 Illegal Data Address
62356;0;0;0x0000;02 Illegal Data Address
62357;0;0;0x0000;02 Illegal Data Address
62358;0;0;0x0000;02 Illegal Data Address
62359;0;0;0x0000;02 Illegal Data Address
62360;0;0;0x0000;02 Illegal Data Address
62361;0;0;0x0000;02 Illegal Data Address
62362;0;0;0x0000;02 Illegal Data Address
62363;0;0;0x0000;02 Illegal Data Address
62364;0;0;0x0000;02 Illegal Data Address
62365;0;0;0x0000;02 Illegal Data Address
62366;0;0;0x0000;02 Illegal Data Address
62367;0;0;0x0000;02 Illegal Data Address
62368;0;0;0x0000;02 Illegal Data Address
62369;0;0;0x0000;02 Illegal Data Address
62370;0;0;0x0000;02 Illegal Data Address
62371;0;0;0x0000;02 Illegal Data Address
62372;0;0;0x0000;02 Illegal Data Address
62373;0;0;0x0000;02 Illegal Data Address
62374;0;0;0x0000;02 Illegal Data Address
62375;0;0;0x0000;02 Illegal Data Address
62376;0;0;0x0000;02 Illegal Data Address
62377;0;0;0x0000;02 Illegal Data Address
62378;0;0;0x0000;02 Illegal Data Address
62379;0;0;0x0000;02 Illegal Data Address
62380;0;0;0x0000;02 Illegal Data Address
62381;0;0;0x0000;02 Illegal Data Address
62382;0;0;0x0000;02 Illegal Data Address
62383;0;0;0x0000;02 Illegal Data Address
62384;0;0;0x0000;02 Illegal Data Address
62385;0;0;0x0000;02 Illegal Data Address
62386;0;0;0x0000;02 Illegal Data Address
62387;0;0;0x0000;02 Illegal Data Address
62388;0;0;0x0000;02 Illegal Data Address
62389;0;0;0x0000;02 Illegal Data Address
62390;0;0;0x0000;02 Illegal Data Address
62391;0;0;0x0000;02 Illegal Data Address
62392;0;0;0x0000;02 Illegal Data Address
62393;0;0;0x0000;02 Illegal Data Address
62394;0;0;0x0000;02 Illegal Data Address
62395;0;0;0x0000;02 Illegal Data Address
62396;0;0;0x0000;02 Illegal Data Address
62397;0;0;0x0000;02 Illegal Data Address
62398;0;0;0x0000;02 Illegal Data Address
62399;0;0;0x0000;02 Illegal Data Address
62400;0;0;0x0000;02 Illegal Data Address
62401;0;0;0x0000;02 Illegal Data Address
62402;0;0;0x0000;02 Illegal Data Address
62403;0;0;0x0000;02 Illegal Data Address
62404;0;0;0x0000;02 Illegal Data Address
62405;0;0;0x0000;02 Illegal Data Address
62406;0;0;0x0000;02 Illegal Data Address
62407;0;0;0x0000;02 Illegal Data Address
62408;0;0;0x0000;02 Illegal Data Address
62409;0;0;0x0000;02 Illegal Data Address
62410;0;0;0x0000;02 Illegal Data Address
62411;0;0;0x0000;02 Illegal Data Address
62412;0;0;0x0000;02 Illegal Data Address
62413;0;0;0x0000;02 Illegal Data Address
62414;0;0;0x0000;02 Illegal Data Address
62415;0;0;0x0000;02 Illegal Data Address
62416;0;0;0x0000;02 Illegal Data Address
62417;0;0;0x0000;02 Illegal Data Address
62418;0;0;0x0000;02 Illegal Data Address
62419;0;0;0x0000;02 Illegal Data Address
62420;0;0;0x0000;02 Illegal Data Address
62421;0;0;0x0000;02 Illegal Data Address
62422;0;0;0x0000;02 Illegal Data Address
62423;0;0;0x0000;02 Illegal Data Address
62424;0;0;0x0000;02 Illegal Data Address
62425;0;0;0x0000;02 Illegal Data Address
62426;0;0;0x0000;02 Illegal Data Address
62427;0;0;0x0000;02 Illegal Data Address
62428;0;0;0x0000;02 Illegal Data Address
62429;0;0;0x0000;02 Illegal Data Address
62430;0;0;0x0000;02 Illegal Data Address
62431;0;0;0x0000;02 Illegal Data Address
62432;0;0;0x0000;02 Illegal Data Address
62433;0;0;0x0000;02 Illegal Data Address
62434;0;0;0x0000;02 Illegal Data Address
62435;0;0;0x0000;02 Illegal Data Address
62436;0;0;0x0000;02 Illegal Data Address
62437;0;0;0x0000;02 Illegal Data Address
62438;0;0;0x0000;02 Illegal Data Address
62439;0;0;0x0000;02 Illegal Data Address
62440;0;0;0x0000;02 Illegal Data Address
62441;0;0;0x0000;02 Illegal Data Address
62442;0;0;0x0000;02 Illegal Data Address
62443;0;0;0x0000;02 Illegal Data Address
62444;0;0;0x0000;02 Illegal Data Address
62445;0;0;0x0000;02 Illegal Data Address
62446;0;0;0x0000;02 Illegal Data Address
62447;0;0;0x0000;02 Illegal Data Address
62448;0;0;0x0000;02 Illegal Data Address
62449;0;0;0x0000;02 Illegal Data Address
62450;0;0;0x0000;02 Illegal Data Address
62451;0;0;0x0000;02 Illegal Data Address
62452;0;0;0x0000;02 Illegal Data Address
62453;0;0;0x0000;02 Illegal Data Address
62454;0;0;0x0000;02 Illegal Data Address
62455;0;0;0x0000;02 Illegal Data Address
62456;0;0;0x0000;02 Illegal Data Address
62457;0;0;0x0000;02 Illegal Data Address
62458;0;0;0x0000;02 Illegal Data Address
62459;0;0;0x0000;02 Illegal Data Address
62460;0;0;0x0000;02 Illegal Data Address
62461;0;0;0x0000;02 Illegal Data Address
62462;0;0;0x0000;02 Illegal Data Address
62463;0;0;0x0000;02 Illegal Data Address
62464;0;0;0x0000;02 Illegal Data Address
62465;0;0;0x0000;02 Illegal Data Address
62466;0;0;0x0000;02 Illegal Data Address
62467;0;0;0x0000;02 Illegal Data Address
62468;0;0;0x0000;02 Illegal Data Address
62469;0;0;0x0000;02 Illegal Data Address
62470;0;0;0x0000;02 Illegal Data Address
62471;0;0;0x0000;02 Illegal Data Address
62472;0;0;0x0000;02 Illegal Data Address
62473;0;0;0x0000;02 Illegal Data Address
62474;0;0;0x0000;02 Illegal Data Address
62475;0;0;0x0000;02 Illegal Data Address
62476;0;0;0x0000;02 Illegal Data Address
62477;0;0;0x0000;02 Illegal Data Address
62478;0;0;0x0000;02 Illegal Data Address
62479;0;0;0x0000;02 Illegal Data Address
62480;0;0;0x0000;02 Illegal Data Address
62481;0;0;0x0000;02 Illegal Data Address
62482;0;0;0x0000;02 Illegal Data Address
62483;0;0;0x0000;02 Illegal Data Address
62484;0;0;0x0000;02 Illegal Data Address
62485;0;0;0x0000;02 Illegal Data Address
62486;0;0;0x0000;02 Illegal Data Address
62487;0;0;0x0000;02 Illegal Data Address
62488;0;0;0x0000;02 Illegal Data Address
62489;0;0;0x0000;02 Illegal Data Address
62490;0;0;0x0000;02 Illegal Data Address
62491;0;0;0x0000;02 Illegal Data Address
62492;0;0;0x0000;02 Illegal Data Address
62493;0;0;0x0000;02 Illegal Data Address
62494;0;0;0x0000;02 Illegal Data Address
62495;0;0;0x0000;02 Illegal Data Address
62496;0;0;0x0000;02 Illegal Data Address
62497;0;0;0x0000;02 Illegal Data Address
62498;0;0;0x0000;02 Illegal Data Address
62499;0;0;0x0000;02 Illegal Data Address
62500;0;0;0x0000;02 Illegal Data Address
62501;0;0;0x0000;02 Illegal Data Address
62502;0;0;0x0000;02 Illegal Data Address
62503;0;0;0x0000;02 Illegal Data Address
62504;0;0;0x0000;02 Illegal Data Address
62505;0;0;0x0000;02 Illegal Data Address
62506;0;0;0x0000;02 Illegal Data Address
62507;0;0;0x0000;02 Illegal Data Address
62508;0;0;0x0000;02 Illegal Data Address
62509;0;0;0x0000;02 Illegal Data Address
62510;0;0;0x0000;02 Illegal Data Address
62511;0;0;0x0000;02 Illegal Data Address
62512;0;0;0x0000;02 Illegal Data Address
62513;0;0;0x0000;02 Illegal Data Address
62514;0;0;0x0000;02 Illegal Data Address
62515;0;0;0x0000;02 Illegal Data Address
62516;0;0;0x0000;02 Illegal Data Address
62517;0;0;0x0000;02 Illegal Data Address
62518;0;0;0x0000;02 Illegal Data Address
62519;0;0;0x0000;02 Illegal Data Address
62520;0;0;0x0000;02 Illegal Data Address
62521;0;0;0x0000;02 Illegal Data Address
62522;0;0;0x0000;02 Illegal Data Address
62523;0;0;0x0000;02 Illegal Data Address
62524;0;0;0x0000;02 Illegal Data Address
62525;0;0;0x0000;02 Illegal Data Address
62526;0;0;0x0000;02 Illegal Data Address
62527;0;0;0x0000;02 Illegal Data Address
62528;0;0;0x0000;02 Illegal Data Address
62529;0;0;0x0000;02 Illegal Data Address
62530;0;0;0x0000;02 Illegal Data Address
62531;0;0;0x0000;02 Illegal Data Address
62532;0;0;0x0000;02 Illegal Data Address
62533;0;0;0x0000;02 Illegal Data Address
62534;0;0;0x0000;02 Illegal Data Address
62535;0;0;0x0000;02 Illegal Data Address
62536;0;0;0x0000;02 Illegal Data Address
62537;0;0;0x0000;02 Illegal Data Address
62538;0;0;0x0000;02 Illegal Data Address
62539;0;0;0x0000;02 Illegal Data Address
62540;0;0;0x0000;02 Illegal Data Address
62541;0;0;0x0000;02 Illegal Data Address
62542;0;0;0x0000;02 Illegal Data Address
62543;0;0;0x0000;02 Illegal Data Address
62544;0;0;0x0000;02 Illegal Data Address
62545;0;0;0x0000;02 Illegal Data Address
62546;0;0;0x0000;02 Illegal Data Address
62547;0;0;0x0000;02 Illegal Data Address
62548;0;0;0x0000;02 Illegal Data Address
62549;0;0;0x0000;02 Illegal Data Address
62550;0;0;0x0000;02 Illegal Data Address
62551;0;0;0x0000;02 Illegal Data Address
62552;0;0;0x0000;02 Illegal Data Address
62553;0;0;0x0000;02 Illegal Data Address
62554;0;0;0x0000;02 Illegal Data Address
62555;0;0;0x0000;02 Illegal Data Address
62556;0;0;0x0000;02 Illegal Data Address
62557;0;0;0x0000;02 Illegal Data Address
62558;0;0;0x0000;02 Illegal Data Address
62559;0;0;0x0000;02 Illegal Data Address
62560;0;0;0x0000;02 Illegal Data Address
62561;0;0;0x0000;02 Illegal Data Address
62562;0;0;0x0000;02 Illegal Data Address
62563;0;0;0x0000;02 Illegal Data Address
62564;0;0;0x0000;02 Illegal Data Address
62565;0;0;0x0000;02 Illegal Data Address
62566;0;0;0x0000;02 Illegal Data Address
62567;0;0;0x0000;02 Illegal Data Address
62568;0;0;0x0000;02 Illegal Data Address
62569;0;0;0x0000;02 Illegal Data Address
62570;0;0;0x0000;02 Illegal Data Address
62571;0;0;0x0000;02 Illegal Data Address
62572;0;0;0x0000;02 Illegal Data Address
62573;0;0;0x0000;02 Illegal Data Address
62574;0;0;0x0000;02 Illegal Data Address
62575;0;0;0x0000;02 Illegal Data Address
62576;0;0;0x0000;02 Illegal Data Address
62577;0;0;0x0000;02 Illegal Data Address
62578;0;0;0x0000;02 Illegal Data Address
62579;0;0;0x0000;02 Illegal Data Address
62580;0;0;0x0000;02 Illegal Data Address
62581;0;0;0x0000;02 Illegal Data Address
62582;0;0;0x0000;02 Illegal Data Address
62583;0;0;0x0000;02 Illegal Data Address
62584;0;0;0x0000;02 Illegal Data Address
62585;0;0;0x0000;02 Illegal Data Address
62586;0;0;0x0000;02 Illegal Data Address
62587;0;0;0x0000;02 Illegal Data Address
62588;0;0;0x0000;02 Illegal Data Address
62589;0;0;0x0000;02 Illegal Data Address
62590;0;0;0x0000;02 Illegal Data Address
62591;0;0;0x0000;02 Illegal Data Address
62592;0;0;0x0000;02 Illegal Data Address
62593;0;0;0x0000;02 Illegal Data Address
62594;0;0;0x0000;02 Illegal Data Address
62595;0;0;0x0000;02 Illegal Data Address
62596;0;0;0x0000;02 Illegal Data Address
62597;0;0;0x0000;02 Illegal Data Address
62598;0;0;0x0000;02 Illegal Data Address
62599;0;0;0x0000;02 Illegal Data Address
62600;0;0;0x0000;02 Illegal Data Address
62601;0;0;0x0000;02 Illegal Data Address
62602;0;0;0x0000;02 Illegal Data Address
62603;0;0;0x0000;02 Illegal Data Address
62604;0;0;0x0000;02 Illegal Data Address
62605;0;0;0x0000;02 Illegal Data Address
62606;0;0;0x0000;02 Illegal Data Address
62607;0;0;0x0000;02 Illegal Data Address
62608;0;0;0x0000;02 Illegal Data Address
62609;0;0;0x0000;02 Illegal Data Address
62610;0;0;0x0000;02 Illegal Data Address
62611;0;0;0x0000;02 Illegal Data Address
62612;0;0;0x0000;02 Illegal Data Address
62613;0;0;0x0000;02 Illegal Data Address
62614;0;0;0x0000;02 Illegal Data Address
62615;0;0;0x0000;02 Illegal Data Address
62616;0;0;0x0000;02 Illegal Data Address
62617;0;0;0x0000;02 Illegal Data Address
62618;0;0;0x0000;02 Illegal Data Address
62619;0;0;0x0000;02 Illegal Data Address
62620;0;0;0x0000;02 Illegal Data Address
62621;0;0;0x0000;02 Illegal Data Address
62622;0;0;0x0000;02 Illegal Data Address
62623;0;0;0x0000;02 Illegal Data Address
62624;0;0;0x0000;02 Illegal Data Address
62625;0;0;0x0000;02 Illegal Data Address
62626;0;0;0x0000;02 Illegal Data Address
62627;0;0;0x0000;02 Illegal Data Address
62628;0;0;0x0000;02 Illegal Data Address
62629;0;0;0x0000;02 Illegal Data Address
62630;0;0;0x0000;02 Illegal Data Address
62631;0;0;0x0000;02 Illegal Data Address
62632;0;0;0x0000;02 Illegal Data Address
62633;0;0;0x0000;02 Illegal Data Address
62634;0;0;0x0000;02 Illegal Data Address
62635;0;0;0x0000;02 Illegal Data Address
62636;0;0;0x0000;02 Illegal Data Address
62637;0;0;0x0000;02 Illegal Data Address
62638;0;0;0x0000;02 Illegal Data Address
62639;0;0;0x0000;02 Illegal Data Address
62640;0;0;0x0000;02 Illegal Data Address
62641;0;0;0x0000;02 Illegal Data Address
62642;0;0;0x0000;02 Illegal Data Address
62643;0;0;0x0000;02 Illegal Data Address
62644;0;0;0x0000;02 Illegal Data Address
62645;0;0;0x0000;02 Illegal Data Address
62646;0;0;0x0000;02 Illegal Data Address
62647;0;0;0x0000;02 Illegal Data Address
62648;0;0;0x0000;02 Illegal Data Address
62649;0;0;0x0000;02 Illegal Data Address
62650;0;0;0x0000;02 Illegal Data Address
62651;0;0;0x0000;02 Illegal Data Address
62652;0;0;0x0000;02 Illegal Data Address
62653;0;0;0x0000;02 Illegal Data Address
62654;0;0;0x0000;02 Illegal Data Address
62655;0;0;0x0000;02 Illegal Data Address
62656;0;0;0x0000;02 Illegal Data Address
62657;0;0;0x0000;02 Illegal Data Address
62658;0;0;0x0000;02 Illegal Data Address
62659;0;0;0x0000;02 Illegal Data Address
62660;0;0;0x0000;02 Illegal Data Address
62661;0;0;0x0000;02 Illegal Data Address
62662;0;0;0x0000;02 Illegal Data Address
62663;0;0;0x0000;02 Illegal Data Address
62664;0;0;0x0000;02 Illegal Data Address
62665;0;0;0x0000;02 Illegal Data Address
62666;0;0;0x0000;02 Illegal Data Address
62667;0;0;0x0000;02 Illegal Data Address
62668;0;0;0x0000;02 Illegal Data Address
62669;0;0;0x0000;02 Illegal Data Address
62670;0;0;0x0000;02 Illegal Data Address
62671;0;0;0x0000;02 Illegal Data Address
62672;0;0;0x0000;02 Illegal Data Address
62673;0;0;0x0000;02 Illegal Data Address
62674;0;0;0x0000;02 Illegal Data Address
62675;0;0;0x0000;02 Illegal Data Address
62676;0;0;0x0000;02 Illegal Data Address
62677;0;0;0x0000;02 Illegal Data Address
62678;0;0;0x0000;02 Illegal Data Address
62679;0;0;0x0000;02 Illegal Data Address
62680;0;0;0x0000;02 Illegal Data Address
62681;0;0;0x0000;02 Illegal Data Address
62682;0;0;0x0000;02 Illegal Data Address
62683;0;0;0x0000;02 Illegal Data Address
62684;0;0;0x0000;02 Illegal Data Address
62685;0;0;0x0000;02 Illegal Data Address
62686;0;0;0x0000;02 Illegal Data Address
62687;0;0;0x0000;02 Illegal Data Address
62688;0;0;0x0000;02 Illegal Data Address
62689;0;0;0x0000;02 Illegal Data Address
62690;0;0;0x0000;02 Illegal Data Address
62691;0;0;0x0000;02 Illegal Data Address
62692;0;0;0x0000;02 Illegal Data Address
62693;0;0;0x0000;02 Illegal Data Address
62694;0;0;0x0000;02 Illegal Data Address
62695;0;0;0x0000;02 Illegal Data Address
62696;0;0;0x0000;02 Illegal Data Address
62697;0;0;0x0000;02 Illegal Data Address
62698;0;0;0x0000;02 Illegal Data Address
62699;0;0;0x0000;02 Illegal Data Address
62700;0;0;0x0000;02 Illegal Data Address
62701;0;0;0x0000;02 Illegal Data Address
62702;0;0;0x0000;02 Illegal Data Address
62703;0;0;0x0000;02 Illegal Data Address
62704;0;0;0x0000;02 Illegal Data Address
62705;0;0;0x0000;02 Illegal Data Address
62706;0;0;0x0000;02 Illegal Data Address
62707;0;0;0x0000;02 Illegal Data Address
62708;0;0;0x0000;02 Illegal Data Address
62709;0;0;0x0000;02 Illegal Data Address
62710;0;0;0x0000;02 Illegal Data Address
62711;0;0;0x0000;02 Illegal Data Address
62712;0;0;0x0000;02 Illegal Data Address
62713;0;0;0x0000;02 Illegal Data Address
62714;0;0;0x0000;02 Illegal Data Address
62715;0;0;0x0000;02 Illegal Data Address
62716;0;0;0x0000;02 Illegal Data Address
62717;0;0;0x0000;02 Illegal Data Address
62718;0;0;0x0000;02 Illegal Data Address
62719;0;0;0x0000;02 Illegal Data Address
62720;0;0;0x0000;02 Illegal Data Address
62721;0;0;0x0000;02 Illegal Data Address
62722;0;0;0x0000;02 Illegal Data Address
62723;0;0;0x0000;02 Illegal Data Address
62724;0;0;0x0000;02 Illegal Data Address
62725;0;0;0x0000;02 Illegal Data Address
62726;0;0;0x0000;02 Illegal Data Address
62727;0;0;0x0000;02 Illegal Data Address
62728;0;0;0x0000;02 Illegal Data Address
62729;0;0;0x0000;02 Illegal Data Address
62730;0;0;0x0000;02 Illegal Data Address
62731;0;0;0x0000;02 Illegal Data Address
62732;0;0;0x0000;02 Illegal Data Address
62733;0;0;0x0000;02 Illegal Data Address
62734;0;0;0x0000;02 Illegal Data Address
62735;0;0;0x0000;02 Illegal Data Address
62736;0;0;0x0000;02 Illegal Data Address
62737;0;0;0x0000;02 Illegal Data Address
62738;0;0;0x0000;02 Illegal Data Address
62739;0;0;0x0000;02 Illegal Data Address
62740;0;0;0x0000;02 Illegal Data Address
62741;0;0;0x0000;02 Illegal Data Address
62742;0;0;0x0000;02 Illegal Data Address
62743;0;0;0x0000;02 Illegal Data Address
62744;0;0;0x0000;02 Illegal Data Address
62745;0;0;0x0000;02 Illegal Data Address
62746;0;0;0x0000;02 Illegal Data Address
62747;0;0;0x0000;02 Illegal Data Address
62748;0;0;0x0000;02 Illegal Data Address
62749;0;0;0x0000;02 Illegal Data Address
62750;0;0;0x0000;02 Illegal Data Address
62751;0;0;0x0000;02 Illegal Data Address
62752;0;0;0x0000;02 Illegal Data Address
62753;0;0;0x0000;02 Illegal Data Address
62754;0;0;0x0000;02 Illegal Data Address
62755;0;0;0x0000;02 Illegal Data Address
62756;0;0;0x0000;02 Illegal Data Address
62757;0;0;0x0000;02 Illegal Data Address
62758;0;0;0x0000;02 Illegal Data Address
62759;0;0;0x0000;02 Illegal Data Address
62760;0;0;0x0000;02 Illegal Data Address
62761;0;0;0x0000;02 Illegal Data Address
62762;0;0;0x0000;02 Illegal Data Address
62763;0;0;0x0000;02 Illegal Data Address
62764;0;0;0x0000;02 Illegal Data Address
62765;0;0;0x0000;02 Illegal Data Address
62766;0;0;0x0000;02 Illegal Data Address
62767;0;0;0x0000;02 Illegal Data Address
62768;0;0;0x0000;02 Illegal Data Address
62769;0;0;0x0000;02 Illegal Data Address
62770;0;0;0x0000;02 Illegal Data Address
62771;0;0;0x0000;02 Illegal Data Address
62772;0;0;0x0000;02 Illegal Data Address
62773;0;0;0x0000;02 Illegal Data Address
62774;0;0;0x0000;02 Illegal Data Address
62775;0;0;0x0000;02 Illegal Data Address
62776;0;0;0x0000;02 Illegal Data Address
62777;0;0;0x0000;02 Illegal Data Address
62778;0;0;0x0000;02 Illegal Data Address
62779;0;0;0x0000;02 Illegal Data Address
62780;0;0;0x0000;02 Illegal Data Address
62781;0;0;0x0000;02 Illegal Data Address
62782;0;0;0x0000;02 Illegal Data Address
62783;0;0;0x0000;02 Illegal Data Address
62784;0;0;0x0000;02 Illegal Data Address
62785;0;0;0x0000;02 Illegal Data Address
62786;0;0;0x0000;02 Illegal Data Address
62787;0;0;0x0000;02 Illegal Data Address
62788;0;0;0x0000;02 Illegal Data Address
62789;0;0;0x0000;02 Illegal Data Address
62790;0;0;0x0000;02 Illegal Data Address
62791;0;0;0x0000;02 Illegal Data Address
62792;0;0;0x0000;02 Illegal Data Address
62793;0;0;0x0000;02 Illegal Data Address
62794;0;0;0x0000;02 Illegal Data Address
62795;0;0;0x0000;02 Illegal Data Address
62796;0;0;0x0000;02 Illegal Data Address
62797;0;0;0x0000;02 Illegal Data Address
62798;0;0;0x0000;02 Illegal Data Address
62799;0;0;0x0000;02 Illegal Data Address
62800;0;0;0x0000;02 Illegal Data Address
62801;0;0;0x0000;02 Illegal Data Address
62802;0;0;0x0000;02 Illegal Data Address
62803;0;0;0x0000;02 Illegal Data Address
62804;0;0;0x0000;02 Illegal Data Address
62805;0;0;0x0000;02 Illegal Data Address
62806;0;0;0x0000;02 Illegal Data Address
62807;0;0;0x0000;02 Illegal Data Address
62808;0;0;0x0000;02 Illegal Data Address
62809;0;0;0x0000;02 Illegal Data Address
62810;0;0;0x0000;02 Illegal Data Address
62811;0;0;0x0000;02 Illegal Data Address
62812;0;0;0x0000;02 Illegal Data Address
62813;0;0;0x0000;02 Illegal Data Address
62814;0;0;0x0000;02 Illegal Data Address
62815;0;0;0x0000;02 Illegal Data Address
62816;0;0;0x0000;02 Illegal Data Address
62817;0;0;0x0000;02 Illegal Data Address
62818;0;0;0x0000;02 Illegal Data Address
62819;0;0;0x0000;02 Illegal Data Address
62820;0;0;0x0000;02 Illegal Data Address
62821;0;0;0x0000;02 Illegal Data Address
62822;0;0;0x0000;02 Illegal Data Address
62823;0;0;0x0000;02 Illegal Data Address
62824;0;0;0x0000;02 Illegal Data Address
62825;0;0;0x0000;02 Illegal Data Address
62826;0;0;0x0000;02 Illegal Data Address
62827;0;0;0x0000;02 Illegal Data Address
62828;0;0;0x0000;02 Illegal Data Address
62829;0;0;0x0000;02 Illegal Data Address
62830;0;0;0x0000;02 Illegal Data Address
62831;0;0;0x0000;02 Illegal Data Address
62832;0;0;0x0000;02 Illegal Data Address
62833;0;0;0x0000;02 Illegal Data Address
62834;0;0;0x0000;02 Illegal Data Address
62835;0;0;0x0000;02 Illegal Data Address
62836;0;0;0x0000;02 Illegal Data Address
62837;0;0;0x0000;02 Illegal Data Address
62838;0;0;0x0000;02 Illegal Data Address
62839;0;0;0x0000;02 Illegal Data Address
62840;0;0;0x0000;02 Illegal Data Address
62841;0;0;0x0000;02 Illegal Data Address
62842;0;0;0x0000;02 Illegal Data Address
62843;0;0;0x0000;02 Illegal Data Address
62844;0;0;0x0000;02 Illegal Data Address
62845;0;0;0x0000;02 Illegal Data Address
62846;0;0;0x0000;02 Illegal Data Address
62847;0;0;0x0000;02 Illegal Data Address
62848;0;0;0x0000;02 Illegal Data Address
62849;0;0;0x0000;02 Illegal Data Address
62850;0;0;0x0000;02 Illegal Data Address
62851;0;0;0x0000;02 Illegal Data Address
62852;0;0;0x0000;02 Illegal Data Address
62853;0;0;0x0000;02 Illegal Data Address
62854;0;0;0x0000;02 Illegal Data Address
62855;0;0;0x0000;02 Illegal Data Address
62856;0;0;0x0000;02 Illegal Data Address
62857;0;0;0x0000;02 Illegal Data Address
62858;0;0;0x0000;02 Illegal Data Address
62859;0;0;0x0000;02 Illegal Data Address
62860;0;0;0x0000;02 Illegal Data Address
62861;0;0;0x0000;02 Illegal Data Address
62862;0;0;0x0000;02 Illegal Data Address
62863;0;0;0x0000;02 Illegal Data Address
62864;0;0;0x0000;02 Illegal Data Address
62865;0;0;0x0000;02 Illegal Data Address
62866;0;0;0x0000;02 Illegal Data Address
62867;0;0;0x0000;02 Illegal Data Address
62868;0;0;0x0000;02 Illegal Data Address
62869;0;0;0x0000;02 Illegal Data Address
62870;0;0;0x0000;02 Illegal Data Address
62871;0;0;0x0000;02 Illegal Data Address
62872;0;0;0x0000;02 Illegal Data Address
62873;0;0;0x0000;02 Illegal Data Address
62874;0;0;0x0000;02 Illegal Data Address
62875;0;0;0x0000;02 Illegal Data Address
62876;0;0;0x0000;02 Illegal Data Address
62877;0;0;0x0000;02 Illegal Data Address
62878;0;0;0x0000;02 Illegal Data Address
62879;0;0;0x0000;02 Illegal Data Address
62880;0;0;0x0000;02 Illegal Data Address
62881;0;0;0x0000;02 Illegal Data Address
62882;0;0;0x0000;02 Illegal Data Address
62883;0;0;0x0000;02 Illegal Data Address
62884;0;0;0x0000;02 Illegal Data Address
62885;0;0;0x0000;02 Illegal Data Address
62886;0;0;0x0000;02 Illegal Data Address
62887;0;0;0x0000;02 Illegal Data Address
62888;0;0;0x0000;02 Illegal Data Address
62889;0;0;0x0000;02 Illegal Data Address
62890;0;0;0x0000;02 Illegal Data Address
62891;0;0;0x0000;02 Illegal Data Address
62892;0;0;0x0000;02 Illegal Data Address
62893;0;0;0x0000;02 Illegal Data Address
62894;0;0;0x0000;02 Illegal Data Address
62895;0;0;0x0000;02 Illegal Data Address
62896;0;0;0x0000;02 Illegal Data Address
62897;0;0;0x0000;02 Illegal Data Address
62898;0;0;0x0000;02 Illegal Data Address
62899;0;0;0x0000;02 Illegal Data Address
62900;0;0;0x0000;02 Illegal Data Address
62901;0;0;0x0000;02 Illegal Data Address
62902;0;0;0x0000;02 Illegal Data Address
62903;0;0;0x0000;02 Illegal Data Address
62904;0;0;0x0000;02 Illegal Data Address
62905;0;0;0x0000;02 Illegal Data Address
62906;0;0;0x0000;02 Illegal Data Address
62907;0;0;0x0000;02 Illegal Data Address
62908;0;0;0x0000;02 Illegal Data Address
62909;0;0;0x0000;02 Illegal Data Address
62910;0;0;0x0000;02 Illegal Data Address
62911;0;0;0x0000;02 Illegal Data Address
62912;0;0;0x0000;02 Illegal Data Address
62913;0;0;0x0000;02 Illegal Data Address
62914;0;0;0x0000;02 Illegal Data Address
62915;0;0;0x0000;02 Illegal Data Address
62916;0;0;0x0000;02 Illegal Data Address
62917;0;0;0x0000;02 Illegal Data Address
62918;0;0;0x0000;02 Illegal Data Address
62919;0;0;0x0000;02 Illegal Data Address
62920;0;0;0x0000;02 Illegal Data Address
62921;0;0;0x0000;02 Illegal Data Address
62922;0;0;0x0000;02 Illegal Data Address
62923;0;0;0x0000;02 Illegal Data Address
62924;0;0;0x0000;02 Illegal Data Address
62925;0;0;0x0000;02 Illegal Data Address
62926;0;0;0x0000;02 Illegal Data Address
62927;0;0;0x0000;02 Illegal Data Address
62928;0;0;0x0000;02 Illegal Data Address
62929;0;0;0x0000;02 Illegal Data Address
62930;0;0;0x0000;02 Illegal Data Address
62931;0;0;0x0000;02 Illegal Data Address
62932;0;0;0x0000;02 Illegal Data Address
62933;0;0;0x0000;02 Illegal Data Address
62934;0;0;0x0000;02 Illegal Data Address
62935;0;0;0x0000;02 Illegal Data Address
62936;0;0;0x0000;02 Illegal Data Address
62937;0;0;0x0000;02 Illegal Data Address
62938;0;0;0x0000;02 Illegal Data Address
62939;0;0;0x0000;02 Illegal Data Address
62940;0;0;0x0000;02 Illegal Data Address
62941;0;0;0x0000;02 Illegal Data Address
62942;0;0;0x0000;02 Illegal Data Address
62943;0;0;0x0000;02 Illegal Data Address
62944;0;0;0x0000;02 Illegal Data Address
62945;0;0;0x0000;02 Illegal Data Address
62946;0;0;0x0000;02 Illegal Data Address
62947;0;0;0x0000;02 Illegal Data Address
62948;0;0;0x0000;02 Illegal Data Address
62949;0;0;0x0000;02 Illegal Data Address
62950;0;0;0x0000;02 Illegal Data Address
62951;0;0;0x0000;02 Illegal Data Address
62952;0;0;0x0000;02 Illegal Data Address
62953;0;0;0x0000;02 Illegal Data Address
62954;0;0;0x0000;02 Illegal Data Address
62955;0;0;0x0000;02 Illegal Data Address
62956;0;0;0x0000;02 Illegal Data Address
62957;0;0;0x0000;02 Illegal Data Address
62958;0;0;0x0000;02 Illegal Data Address
62959;0;0;0x0000;02 Illegal Data Address
62960;0;0;0x0000;02 Illegal Data Address
62961;0;0;0x0000;02 Illegal Data Address
62962;0;0;0x0000;02 Illegal Data Address
62963;0;0;0x0000;02 Illegal Data Address
62964;0;0;0x0000;02 Illegal Data Address
62965;0;0;0x0000;02 Illegal Data Address
62966;0;0;0x0000;02 Illegal Data Address
62967;0;0;0x0000;02 Illegal Data Address
62968;0;0;0x0000;02 Illegal Data Address
62969;0;0;0x0000;02 Illegal Data Address
62970;0;0;0x0000;02 Illegal Data Address
62971;0;0;0x0000;02 Illegal Data Address
62972;0;0;0x0000;02 Illegal Data Address
62973;0;0;0x0000;02 Illegal Data Address
62974;0;0;0x0000;02 Illegal Data Address
62975;0;0;0x0000;02 Illegal Data Address
62976;0;0;0x0000;02 Illegal Data Address
62977;0;0;0x0000;02 Illegal Data Address
62978;0;0;0x0000;02 Illegal Data Address
62979;0;0;0x0000;02 Illegal Data Address
62980;0;0;0x0000;02 Illegal Data Address
62981;0;0;0x0000;02 Illegal Data Address
62982;0;0;0x0000;02 Illegal Data Address
62983;0;0;0x0000;02 Illegal Data Address
62984;0;0;0x0000;02 Illegal Data Address
62985;0;0;0x0000;02 Illegal Data Address
62986;0;0;0x0000;02 Illegal Data Address
62987;0;0;0x0000;02 Illegal Data Address
62988;0;0;0x0000;02 Illegal Data Address
62989;0;0;0x0000;02 Illegal Data Address
62990;0;0;0x0000;02 Illegal Data Address
62991;0;0;0x0000;02 Illegal Data Address
62992;0;0;0x0000;02 Illegal Data Address
62993;0;0;0x0000;02 Illegal Data Address
62994;0;0;0x0000;02 Illegal Data Address
62995;0;0;0x0000;02 Illegal Data Address
62996;0;0;0x0000;02 Illegal Data Address
62997;0;0;0x0000;02 Illegal Data Address
62998;0;0;0x0000;02 Illegal Data Address
62999;0;0;0x0000;02 Illegal Data Address
63000;0;0;0x0000;02 Illegal Data Address
63001;0;0;0x0000;02 Illegal Data Address
63002;0;0;0x0000;02 Illegal Data Address
63003;0;0;0x0000;02 Illegal Data Address
63004;0;0;0x0000;02 Illegal Data Address
63005;0;0;0x0000;02 Illegal Data Address
63006;0;0;0x0000;02 Illegal Data Address
63007;0;0;0x0000;02 Illegal Data Address
63008;0;0;0x0000;02 Illegal Data Address
63009;0;0;0x0000;02 Illegal Data Address
63010;0;0;0x0000;02 Illegal Data Address
63011;0;0;0x0000;02 Illegal Data Address
63012;0;0;0x0000;02 Illegal Data Address
63013;0;0;0x0000;02 Illegal Data Address
63014;0;0;0x0000;02 Illegal Data Address
63015;0;0;0x0000;02 Illegal Data Address
63016;0;0;0x0000;02 Illegal Data Address
63017;0;0;0x0000;02 Illegal Data Address
63018;0;0;0x0000;02 Illegal Data Address
63019;0;0;0x0000;02 Illegal Data Address
63020;0;0;0x0000;02 Illegal Data Address
63021;0;0;0x0000;02 Illegal Data Address
63022;0;0;0x0000;02 Illegal Data Address
63023;0;0;0x0000;02 Illegal Data Address
63024;0;0;0x0000;02 Illegal Data Address
63025;0;0;0x0000;02 Illegal Data Address
63026;0;0;0x0000;02 Illegal Data Address
63027;0;0;0x0000;02 Illegal Data Address
63028;0;0;0x0000;02 Illegal Data Address
63029;0;0;0x0000;02 Illegal Data Address
63030;0;0;0x0000;02 Illegal Data Address
63031;0;0;0x0000;02 Illegal Data Address
63032;0;0;0x0000;02 Illegal Data Address
63033;0;0;0x0000;02 Illegal Data Address
63034;0;0;0x0000;02 Illegal Data Address
63035;0;0;0x0000;02 Illegal Data Address
63036;0;0;0x0000;02 Illegal Data Address
63037;0;0;0x0000;02 Illegal Data Address
63038;0;0;0x0000;02 Illegal Data Address
63039;0;0;0x0000;02 Illegal Data Address
63040;0;0;0x0000;02 Illegal Data Address
63041;0;0;0x0000;02 Illegal Data Address
63042;0;0;0x0000;02 Illegal Data Address
63043;0;0;0x0000;02 Illegal Data Address
63044;0;0;0x0000;02 Illegal Data Address
63045;0;0;0x0000;02 Illegal Data Address
63046;0;0;0x0000;02 Illegal Data Address
63047;0;0;0x0000;02 Illegal Data Address
63048;0;0;0x0000;02 Illegal Data Address
63049;0;0;0x0000;02 Illegal Data Address
63050;0;0;0x0000;02 Illegal Data Address
63051;0;0;0x0000;02 Illegal Data Address
63052;0;0;0x0000;02 Illegal Data Address
63053;0;0;0x0000;02 Illegal Data Address
63054;0;0;0x0000;02 Illegal Data Address
63055;0;0;0x0000;02 Illegal Data Address
63056;0;0;0x0000;02 Illegal Data Address
63057;0;0;0x0000;02 Illegal Data Address
63058;0;0;0x0000;02 Illegal Data Address
63059;0;0;0x0000;02 Illegal Data Address
63060;0;0;0x0000;02 Illegal Data Address
63061;0;0;0x0000;02 Illegal Data Address
63062;0;0;0x0000;02 Illegal Data Address
63063;0;0;0x0000;02 Illegal Data Address
63064;0;0;0x0000;02 Illegal Data Address
63065;0;0;0x0000;02 Illegal Data Address
63066;0;0;0x0000;02 Illegal Data Address
63067;0;0;0x0000;02 Illegal Data Address
63068;0;0;0x0000;02 Illegal Data Address
63069;0;0;0x0000;02 Illegal Data Address
63070;0;0;0x0000;02 Illegal Data Address
63071;0;0;0x0000;02 Illegal Data Address
63072;0;0;0x0000;02 Illegal Data Address
63073;0;0;0x0000;02 Illegal Data Address
63074;0;0;0x0000;02 Illegal Data Address
63075;0;0;0x0000;02 Illegal Data Address
63076;0;0;0x0000;02 Illegal Data Address
63077;0;0;0x0000;02 Illegal Data Address
63078;0;0;0x0000;02 Illegal Data Address
63079;0;0;0x0000;02 Illegal Data Address
63080;0;0;0x0000;02 Illegal Data Address
63081;0;0;0x0000;02 Illegal Data Address
63082;0;0;0x0000;02 Illegal Data Address
63083;0;0;0x0000;02 Illegal Data Address
63084;0;0;0x0000;02 Illegal Data Address
63085;0;0;0x0000;02 Illegal Data Address
63086;0;0;0x0000;02 Illegal Data Address
63087;0;0;0x0000;02 Illegal Data Address
63088;0;0;0x0000;02 Illegal Data Address
63089;0;0;0x0000;02 Illegal Data Address
63090;0;0;0x0000;02 Illegal Data Address
63091;0;0;0x0000;02 Illegal Data Address
63092;0;0;0x0000;02 Illegal Data Address
63093;0;0;0x0000;02 Illegal Data Address
63094;0;0;0x0000;02 Illegal Data Address
63095;0;0;0x0000;02 Illegal Data Address
63096;0;0;0x0000;02 Illegal Data Address
63097;0;0;0x0000;02 Illegal Data Address
63098;0;0;0x0000;02 Illegal Data Address
63099;0;0;0x0000;02 Illegal Data Address
63100;0;0;0x0000;02 Illegal Data Address
63101;0;0;0x0000;02 Illegal Data Address
63102;0;0;0x0000;02 Illegal Data Address
63103;0;0;0x0000;02 Illegal Data Address
63104;0;0;0x0000;02 Illegal Data Address
63105;0;0;0x0000;02 Illegal Data Address
63106;0;0;0x0000;02 Illegal Data Address
63107;0;0;0x0000;02 Illegal Data Address
63108;0;0;0x0000;02 Illegal Data Address
63109;0;0;0x0000;02 Illegal Data Address
63110;0;0;0x0000;02 Illegal Data Address
63111;0;0;0x0000;02 Illegal Data Address
63112;0;0;0x0000;02 Illegal Data Address
63113;0;0;0x0000;02 Illegal Data Address
63114;0;0;0x0000;02 Illegal Data Address
63115;0;0;0x0000;02 Illegal Data Address
63116;0;0;0x0000;02 Illegal Data Address
63117;0;0;0x0000;02 Illegal Data Address
63118;0;0;0x0000;02 Illegal Data Address
63119;0;0;0x0000;02 Illegal Data Address
63120;0;0;0x0000;02 Illegal Data Address
63121;0;0;0x0000;02 Illegal Data Address
63122;0;0;0x0000;02 Illegal Data Address
63123;0;0;0x0000;02 Illegal Data Address
63124;0;0;0x0000;02 Illegal Data Address
63125;0;0;0x0000;02 Illegal Data Address
63126;0;0;0x0000;02 Illegal Data Address
63127;0;0;0x0000;02 Illegal Data Address
63128;0;0;0x0000;02 Illegal Data Address
63129;0;0;0x0000;02 Illegal Data Address
63130;0;0;0x0000;02 Illegal Data Address
63131;0;0;0x0000;02 Illegal Data Address
63132;0;0;0x0000;02 Illegal Data Address
63133;0;0;0x0000;02 Illegal Data Address
63134;0;0;0x0000;02 Illegal Data Address
63135;0;0;0x0000;02 Illegal Data Address
63136;0;0;0x0000;02 Illegal Data Address
63137;0;0;0x0000;02 Illegal Data Address
63138;0;0;0x0000;02 Illegal Data Address
63139;0;0;0x0000;02 Illegal Data Address
63140;0;0;0x0000;02 Illegal Data Address
63141;0;0;0x0000;02 Illegal Data Address
63142;0;0;0x0000;02 Illegal Data Address
63143;0;0;0x0000;02 Illegal Data Address
63144;0;0;0x0000;02 Illegal Data Address
63145;0;0;0x0000;02 Illegal Data Address
63146;0;0;0x0000;02 Illegal Data Address
63147;0;0;0x0000;02 Illegal Data Address
63148;0;0;0x0000;02 Illegal Data Address
63149;0;0;0x0000;02 Illegal Data Address
63150;0;0;0x0000;02 Illegal Data Address
63151;0;0;0x0000;02 Illegal Data Address
63152;0;0;0x0000;02 Illegal Data Address
63153;0;0;0x0000;02 Illegal Data Address
63154;0;0;0x0000;02 Illegal Data Address
63155;0;0;0x0000;02 Illegal Data Address
63156;0;0;0x0000;02 Illegal Data Address
63157;0;0;0x0000;02 Illegal Data Address
63158;0;0;0x0000;02 Illegal Data Address
63159;0;0;0x0000;02 Illegal Data Address
63160;0;0;0x0000;02 Illegal Data Address
63161;0;0;0x0000;02 Illegal Data Address
63162;0;0;0x0000;02 Illegal Data Address
63163;0;0;0x0000;02 Illegal Data Address
63164;0;0;0x0000;02 Illegal Data Address
63165;0;0;0x0000;02 Illegal Data Address
63166;0;0;0x0000;02 Illegal Data Address
63167;0;0;0x0000;02 Illegal Data Address
63168;0;0;0x0000;02 Illegal Data Address
63169;0;0;0x0000;02 Illegal Data Address
63170;0;0;0x0000;02 Illegal Data Address
63171;0;0;0x0000;02 Illegal Data Address
63172;0;0;0x0000;02 Illegal Data Address
63173;0;0;0x0000;02 Illegal Data Address
63174;0;0;0x0000;02 Illegal Data Address
63175;0;0;0x0000;02 Illegal Data Address
63176;0;0;0x0000;02 Illegal Data Address
63177;0;0;0x0000;02 Illegal Data Address
63178;0;0;0x0000;02 Illegal Data Address
63179;0;0;0x0000;02 Illegal Data Address
63180;0;0;0x0000;02 Illegal Data Address
63181;0;0;0x0000;02 Illegal Data Address
63182;0;0;0x0000;02 Illegal Data Address
63183;0;0;0x0000;02 Illegal Data Address
63184;0;0;0x0000;02 Illegal Data Address
63185;0;0;0x0000;02 Illegal Data Address
63186;0;0;0x0000;02 Illegal Data Address
63187;0;0;0x0000;02 Illegal Data Address
63188;0;0;0x0000;02 Illegal Data Address
63189;0;0;0x0000;02 Illegal Data Address
63190;0;0;0x0000;02 Illegal Data Address
63191;0;0;0x0000;02 Illegal Data Address
63192;0;0;0x0000;02 Illegal Data Address
63193;0;0;0x0000;02 Illegal Data Address
63194;0;0;0x0000;02 Illegal Data Address
63195;0;0;0x0000;02 Illegal Data Address
63196;0;0;0x0000;02 Illegal Data Address
63197;0;0;0x0000;02 Illegal Data Address
63198;0;0;0x0000;02 Illegal Data Address
63199;0;0;0x0000;02 Illegal Data Address
63200;0;0;0x0000;02 Illegal Data Address
63201;0;0;0x0000;02 Illegal Data Address
63202;0;0;0x0000;02 Illegal Data Address
63203;0;0;0x0000;02 Illegal Data Address
63204;0;0;0x0000;02 Illegal Data Address
63205;0;0;0x0000;02 Illegal Data Address
63206;0;0;0x0000;02 Illegal Data Address
63207;0;0;0x0000;02 Illegal Data Address
63208;0;0;0x0000;02 Illegal Data Address
63209;0;0;0x0000;02 Illegal Data Address
63210;0;0;0x0000;02 Illegal Data Address
63211;0;0;0x0000;02 Illegal Data Address
63212;0;0;0x0000;02 Illegal Data Address
63213;0;0;0x0000;02 Illegal Data Address
63214;0;0;0x0000;02 Illegal Data Address
63215;0;0;0x0000;02 Illegal Data Address
63216;0;0;0x0000;02 Illegal Data Address
63217;0;0;0x0000;02 Illegal Data Address
63218;0;0;0x0000;02 Illegal Data Address
63219;0;0;0x0000;02 Illegal Data Address
63220;0;0;0x0000;02 Illegal Data Address
63221;0;0;0x0000;02 Illegal Data Address
63222;0;0;0x0000;02 Illegal Data Address
63223;0;0;0x0000;02 Illegal Data Address
63224;0;0;0x0000;02 Illegal Data Address
63225;0;0;0x0000;02 Illegal Data Address
63226;0;0;0x0000;02 Illegal Data Address
63227;0;0;0x0000;02 Illegal Data Address
63228;0;0;0x0000;02 Illegal Data Address
63229;0;0;0x0000;02 Illegal Data Address
63230;0;0;0x0000;02 Illegal Data Address
63231;0;0;0x0000;02 Illegal Data Address
63232;0;0;0x0000;02 Illegal Data Address
63233;0;0;0x0000;02 Illegal Data Address
63234;0;0;0x0000;02 Illegal Data Address
63235;0;0;0x0000;02 Illegal Data Address
63236;0;0;0x0000;02 Illegal Data Address
63237;0;0;0x0000;02 Illegal Data Address
63238;0;0;0x0000;02 Illegal Data Address
63239;0;0;0x0000;02 Illegal Data Address
63240;0;0;0x0000;02 Illegal Data Address
63241;0;0;0x0000;02 Illegal Data Address
63242;0;0;0x0000;02 Illegal Data Address
63243;0;0;0x0000;02 Illegal Data Address
63244;0;0;0x0000;02 Illegal Data Address
63245;0;0;0x0000;02 Illegal Data Address
63246;0;0;0x0000;02 Illegal Data Address
63247;0;0;0x0000;02 Illegal Data Address
63248;0;0;0x0000;02 Illegal Data Address
63249;0;0;0x0000;02 Illegal Data Address
63250;0;0;0x0000;02 Illegal Data Address
63251;0;0;0x0000;02 Illegal Data Address
63252;0;0;0x0000;02 Illegal Data Address
63253;0;0;0x0000;02 Illegal Data Address
63254;0;0;0x0000;02 Illegal Data Address
63255;0;0;0x0000;02 Illegal Data Address
63256;0;0;0x0000;02 Illegal Data Address
63257;0;0;0x0000;02 Illegal Data Address
63258;0;0;0x0000;02 Illegal Data Address
63259;0;0;0x0000;02 Illegal Data Address
63260;0;0;0x0000;02 Illegal Data Address
63261;0;0;0x0000;02 Illegal Data Address
63262;0;0;0x0000;02 Illegal Data Address
63263;0;0;0x0000;02 Illegal Data Address
63264;0;0;0x0000;02 Illegal Data Address
63265;0;0;0x0000;02 Illegal Data Address
63266;0;0;0x0000;02 Illegal Data Address
63267;0;0;0x0000;02 Illegal Data Address
63268;0;0;0x0000;02 Illegal Data Address
63269;0;0;0x0000;02 Illegal Data Address
63270;0;0;0x0000;02 Illegal Data Address
63271;0;0;0x0000;02 Illegal Data Address
63272;0;0;0x0000;02 Illegal Data Address
63273;0;0;0x0000;02 Illegal Data Address
63274;0;0;0x0000;02 Illegal Data Address
63275;0;0;0x0000;02 Illegal Data Address
63276;0;0;0x0000;02 Illegal Data Address
63277;0;0;0x0000;02 Illegal Data Address
63278;0;0;0x0000;02 Illegal Data Address
63279;0;0;0x0000;02 Illegal Data Address
63280;0;0;0x0000;02 Illegal Data Address
63281;0;0;0x0000;02 Illegal Data Address
63282;0;0;0x0000;02 Illegal Data Address
63283;0;0;0x0000;02 Illegal Data Address
63284;0;0;0x0000;02 Illegal Data Address
63285;0;0;0x0000;02 Illegal Data Address
63286;0;0;0x0000;02 Illegal Data Address
63287;0;0;0x0000;02 Illegal Data Address
63288;0;0;0x0000;02 Illegal Data Address
63289;0;0;0x0000;02 Illegal Data Address
63290;0;0;0x0000;02 Illegal Data Address
63291;0;0;0x0000;02 Illegal Data Address
63292;0;0;0x0000;02 Illegal Data Address
63293;0;0;0x0000;02 Illegal Data Address
63294;0;0;0x0000;02 Illegal Data Address
63295;0;0;0x0000;02 Illegal Data Address
63296;0;0;0x0000;02 Illegal Data Address
63297;0;0;0x0000;02 Illegal Data Address
63298;0;0;0x0000;02 Illegal Data Address
63299;0;0;0x0000;02 Illegal Data Address
63300;0;0;0x0000;02 Illegal Data Address
63301;0;0;0x0000;02 Illegal Data Address
63302;0;0;0x0000;02 Illegal Data Address
63303;0;0;0x0000;02 Illegal Data Address
63304;0;0;0x0000;02 Illegal Data Address
63305;0;0;0x0000;02 Illegal Data Address
63306;0;0;0x0000;02 Illegal Data Address
63307;0;0;0x0000;02 Illegal Data Address
63308;0;0;0x0000;02 Illegal Data Address
63309;0;0;0x0000;02 Illegal Data Address
63310;0;0;0x0000;02 Illegal Data Address
63311;0;0;0x0000;02 Illegal Data Address
63312;0;0;0x0000;02 Illegal Data Address
63313;0;0;0x0000;02 Illegal Data Address
63314;0;0;0x0000;02 Illegal Data Address
63315;0;0;0x0000;02 Illegal Data Address
63316;0;0;0x0000;02 Illegal Data Address
63317;0;0;0x0000;02 Illegal Data Address
63318;0;0;0x0000;02 Illegal Data Address
63319;0;0;0x0000;02 Illegal Data Address
63320;0;0;0x0000;02 Illegal Data Address
63321;0;0;0x0000;02 Illegal Data Address
63322;0;0;0x0000;02 Illegal Data Address
63323;0;0;0x0000;02 Illegal Data Address
63324;0;0;0x0000;02 Illegal Data Address
63325;0;0;0x0000;02 Illegal Data Address
63326;0;0;0x0000;02 Illegal Data Address
63327;0;0;0x0000;02 Illegal Data Address
63328;0;0;0x0000;02 Illegal Data Address
63329;0;0;0x0000;02 Illegal Data Address
63330;0;0;0x0000;02 Illegal Data Address
63331;0;0;0x0000;02 Illegal Data Address
63332;0;0;0x0000;02 Illegal Data Address
63333;0;0;0x0000;02 Illegal Data Address
63334;0;0;0x0000;02 Illegal Data Address
63335;0;0;0x0000;02 Illegal Data Address
63336;0;0;0x0000;02 Illegal Data Address
63337;0;0;0x0000;02 Illegal Data Address
63338;0;0;0x0000;02 Illegal Data Address
63339;0;0;0x0000;02 Illegal Data Address
63340;0;0;0x0000;02 Illegal Data Address
63341;0;0;0x0000;02 Illegal Data Address
63342;0;0;0x0000;02 Illegal Data Address
63343;0;0;0x0000;02 Illegal Data Address
63344;0;0;0x0000;02 Illegal Data Address
63345;0;0;0x0000;02 Illegal Data Address
63346;0;0;0x0000;02 Illegal Data Address
63347;0;0;0x0000;02 Illegal Data Address
63348;0;0;0x0000;02 Illegal Data Address
63349;0;0;0x0000;02 Illegal Data Address
63350;0;0;0x0000;02 Illegal Data Address
63351;0;0;0x0000;02 Illegal Data Address
63352;0;0;0x0000;02 Illegal Data Address
63353;0;0;0x0000;02 Illegal Data Address
63354;0;0;0x0000;02 Illegal Data Address
63355;0;0;0x0000;02 Illegal Data Address
63356;0;0;0x0000;02 Illegal Data Address
63357;0;0;0x0000;02 Illegal Data Address
63358;0;0;0x0000;02 Illegal Data Address
63359;0;0;0x0000;02 Illegal Data Address
63360;0;0;0x0000;02 Illegal Data Address
63361;0;0;0x0000;02 Illegal Data Address
63362;0;0;0x0000;02 Illegal Data Address
63363;0;0;0x0000;02 Illegal Data Address
63364;0;0;0x0000;02 Illegal Data Address
63365;0;0;0x0000;02 Illegal Data Address
63366;0;0;0x0000;02 Illegal Data Address
63367;0;0;0x0000;02 Illegal Data Address
63368;0;0;0x0000;02 Illegal Data Address
63369;0;0;0x0000;02 Illegal Data Address
63370;0;0;0x0000;02 Illegal Data Address
63371;0;0;0x0000;02 Illegal Data Address
63372;0;0;0x0000;02 Illegal Data Address
63373;0;0;0x0000;02 Illegal Data Address
63374;0;0;0x0000;02 Illegal Data Address
63375;0;0;0x0000;02 Illegal Data Address
63376;0;0;0x0000;02 Illegal Data Address
63377;0;0;0x0000;02 Illegal Data Address
63378;0;0;0x0000;02 Illegal Data Address
63379;0;0;0x0000;02 Illegal Data Address
63380;0;0;0x0000;02 Illegal Data Address
63381;0;0;0x0000;02 Illegal Data Address
63382;0;0;0x0000;02 Illegal Data Address
63383;0;0;0x0000;02 Illegal Data Address
63384;0;0;0x0000;02 Illegal Data Address
63385;0;0;0x0000;02 Illegal Data Address
63386;0;0;0x0000;02 Illegal Data Address
63387;0;0;0x0000;02 Illegal Data Address
63388;0;0;0x0000;02 Illegal Data Address
63389;0;0;0x0000;02 Illegal Data Address
63390;0;0;0x0000;02 Illegal Data Address
63391;0;0;0x0000;02 Illegal Data Address
63392;0;0;0x0000;02 Illegal Data Address
63393;0;0;0x0000;02 Illegal Data Address
63394;0;0;0x0000;02 Illegal Data Address
63395;0;0;0x0000;02 Illegal Data Address
63396;0;0;0x0000;02 Illegal Data Address
63397;0;0;0x0000;02 Illegal Data Address
63398;0;0;0x0000;02 Illegal Data Address
63399;0;0;0x0000;02 Illegal Data Address
63400;0;0;0x0000;02 Illegal Data Address
63401;0;0;0x0000;02 Illegal Data Address
63402;0;0;0x0000;02 Illegal Data Address
63403;0;0;0x0000;02 Illegal Data Address
63404;0;0;0x0000;02 Illegal Data Address
63405;0;0;0x0000;02 Illegal Data Address
63406;0;0;0x0000;02 Illegal Data Address
63407;0;0;0x0000;02 Illegal Data Address
63408;0;0;0x0000;02 Illegal Data Address
63409;0;0;0x0000;02 Illegal Data Address
63410;0;0;0x0000;02 Illegal Data Address
63411;0;0;0x0000;02 Illegal Data Address
63412;0;0;0x0000;02 Illegal Data Address
63413;0;0;0x0000;02 Illegal Data Address
63414;0;0;0x0000;02 Illegal Data Address
63415;0;0;0x0000;02 Illegal Data Address
63416;0;0;0x0000;02 Illegal Data Address
63417;0;0;0x0000;02 Illegal Data Address
63418;0;0;0x0000;02 Illegal Data Address
63419;0;0;0x0000;02 Illegal Data Address
63420;0;0;0x0000;02 Illegal Data Address
63421;0;0;0x0000;02 Illegal Data Address
63422;0;0;0x0000;02 Illegal Data Address
63423;0;0;0x0000;02 Illegal Data Address
63424;0;0;0x0000;02 Illegal Data Address
63425;0;0;0x0000;02 Illegal Data Address
63426;0;0;0x0000;02 Illegal Data Address
63427;0;0;0x0000;02 Illegal Data Address
63428;0;0;0x0000;02 Illegal Data Address
63429;0;0;0x0000;02 Illegal Data Address
63430;0;0;0x0000;02 Illegal Data Address
63431;0;0;0x0000;02 Illegal Data Address
63432;0;0;0x0000;02 Illegal Data Address
63433;0;0;0x0000;02 Illegal Data Address
63434;0;0;0x0000;02 Illegal Data Address
63435;0;0;0x0000;02 Illegal Data Address
63436;0;0;0x0000;02 Illegal Data Address
63437;0;0;0x0000;02 Illegal Data Address
63438;0;0;0x0000;02 Illegal Data Address
63439;0;0;0x0000;02 Illegal Data Address
63440;0;0;0x0000;02 Illegal Data Address
63441;0;0;0x0000;02 Illegal Data Address
63442;0;0;0x0000;02 Illegal Data Address
63443;0;0;0x0000;02 Illegal Data Address
63444;0;0;0x0000;02 Illegal Data Address
63445;0;0;0x0000;02 Illegal Data Address
63446;0;0;0x0000;02 Illegal Data Address
63447;0;0;0x0000;02 Illegal Data Address
63448;0;0;0x0000;02 Illegal Data Address
63449;0;0;0x0000;02 Illegal Data Address
63450;0;0;0x0000;02 Illegal Data Address
63451;0;0;0x0000;02 Illegal Data Address
63452;0;0;0x0000;02 Illegal Data Address
63453;0;0;0x0000;02 Illegal Data Address
63454;0;0;0x0000;02 Illegal Data Address
63455;0;0;0x0000;02 Illegal Data Address
63456;0;0;0x0000;02 Illegal Data Address
63457;0;0;0x0000;02 Illegal Data Address
63458;0;0;0x0000;02 Illegal Data Address
63459;0;0;0x0000;02 Illegal Data Address
63460;0;0;0x0000;02 Illegal Data Address
63461;0;0;0x0000;02 Illegal Data Address
63462;0;0;0x0000;02 Illegal Data Address
63463;0;0;0x0000;02 Illegal Data Address
63464;0;0;0x0000;02 Illegal Data Address
63465;0;0;0x0000;02 Illegal Data Address
63466;0;0;0x0000;02 Illegal Data Address
63467;0;0;0x0000;02 Illegal Data Address
63468;0;0;0x0000;02 Illegal Data Address
63469;0;0;0x0000;02 Illegal Data Address
63470;0;0;0x0000;02 Illegal Data Address
63471;0;0;0x0000;02 Illegal Data Address
63472;0;0;0x0000;02 Illegal Data Address
63473;0;0;0x0000;02 Illegal Data Address
63474;0;0;0x0000;02 Illegal Data Address
63475;0;0;0x0000;02 Illegal Data Address
63476;0;0;0x0000;02 Illegal Data Address
63477;0;0;0x0000;02 Illegal Data Address
63478;0;0;0x0000;02 Illegal Data Address
63479;0;0;0x0000;02 Illegal Data Address
63480;0;0;0x0000;02 Illegal Data Address
63481;0;0;0x0000;02 Illegal Data Address
63482;0;0;0x0000;02 Illegal Data Address
63483;0;0;0x0000;02 Illegal Data Address
63484;0;0;0x0000;02 Illegal Data Address
63485;0;0;0x0000;02 Illegal Data Address
63486;0;0;0x0000;02 Illegal Data Address
63487;0;0;0x0000;02 Illegal Data Address
63488;0;0;0x0000;02 Illegal Data Address
63489;0;0;0x0000;02 Illegal Data Address
63490;0;0;0x0000;02 Illegal Data Address
63491;0;0;0x0000;02 Illegal Data Address
63492;0;0;0x0000;02 Illegal Data Address
63493;0;0;0x0000;02 Illegal Data Address
63494;0;0;0x0000;02 Illegal Data Address
63495;0;0;0x0000;02 Illegal Data Address
63496;0;0;0x0000;02 Illegal Data Address
63497;0;0;0x0000;02 Illegal Data Address
63498;0;0;0x0000;02 Illegal Data Address
63499;0;0;0x0000;02 Illegal Data Address
63500;0;0;0x0000;02 Illegal Data Address
63501;0;0;0x0000;02 Illegal Data Address
63502;0;0;0x0000;02 Illegal Data Address
63503;0;0;0x0000;02 Illegal Data Address
63504;0;0;0x0000;02 Illegal Data Address
63505;0;0;0x0000;02 Illegal Data Address
63506;0;0;0x0000;02 Illegal Data Address
63507;0;0;0x0000;02 Illegal Data Address
63508;0;0;0x0000;02 Illegal Data Address
63509;0;0;0x0000;02 Illegal Data Address
63510;0;0;0x0000;02 Illegal Data Address
63511;0;0;0x0000;02 Illegal Data Address
63512;0;0;0x0000;02 Illegal Data Address
63513;0;0;0x0000;02 Illegal Data Address
63514;0;0;0x0000;02 Illegal Data Address
63515;0;0;0x0000;02 Illegal Data Address
63516;0;0;0x0000;02 Illegal Data Address
63517;0;0;0x0000;02 Illegal Data Address
63518;0;0;0x0000;02 Illegal Data Address
63519;0;0;0x0000;02 Illegal Data Address
63520;0;0;0x0000;02 Illegal Data Address
63521;0;0;0x0000;02 Illegal Data Address
63522;0;0;0x0000;02 Illegal Data Address
63523;0;0;0x0000;02 Illegal Data Address
63524;0;0;0x0000;02 Illegal Data Address
63525;0;0;0x0000;02 Illegal Data Address
63526;0;0;0x0000;02 Illegal Data Address
63527;0;0;0x0000;02 Illegal Data Address
63528;0;0;0x0000;02 Illegal Data Address
63529;0;0;0x0000;02 Illegal Data Address
63530;0;0;0x0000;02 Illegal Data Address
63531;0;0;0x0000;02 Illegal Data Address
63532;0;0;0x0000;02 Illegal Data Address
63533;0;0;0x0000;02 Illegal Data Address
63534;0;0;0x0000;02 Illegal Data Address
63535;0;0;0x0000;02 Illegal Data Address
63536;0;0;0x0000;02 Illegal Data Address
63537;0;0;0x0000;02 Illegal Data Address
63538;0;0;0x0000;02 Illegal Data Address
63539;0;0;0x0000;02 Illegal Data Address
63540;0;0;0x0000;02 Illegal Data Address
63541;0;0;0x0000;02 Illegal Data Address
63542;0;0;0x0000;02 Illegal Data Address
63543;0;0;0x0000;02 Illegal Data Address
63544;0;0;0x0000;02 Illegal Data Address
63545;0;0;0x0000;02 Illegal Data Address
63546;0;0;0x0000;02 Illegal Data Address
63547;0;0;0x0000;02 Illegal Data Address
63548;0;0;0x0000;02 Illegal Data Address
63549;0;0;0x0000;02 Illegal Data Address
63550;0;0;0x0000;02 Illegal Data Address
63551;0;0;0x0000;02 Illegal Data Address
63552;0;0;0x0000;02 Illegal Data Address
63553;0;0;0x0000;02 Illegal Data Address
63554;0;0;0x0000;02 Illegal Data Address
63555;0;0;0x0000;02 Illegal Data Address
63556;0;0;0x0000;02 Illegal Data Address
63557;0;0;0x0000;02 Illegal Data Address
63558;0;0;0x0000;02 Illegal Data Address
63559;0;0;0x0000;02 Illegal Data Address
63560;0;0;0x0000;02 Illegal Data Address
63561;0;0;0x0000;02 Illegal Data Address
63562;0;0;0x0000;02 Illegal Data Address
63563;0;0;0x0000;02 Illegal Data Address
63564;0;0;0x0000;02 Illegal Data Address
63565;0;0;0x0000;02 Illegal Data Address
63566;0;0;0x0000;02 Illegal Data Address
63567;0;0;0x0000;02 Illegal Data Address
63568;0;0;0x0000;02 Illegal Data Address
63569;0;0;0x0000;02 Illegal Data Address
63570;0;0;0x0000;02 Illegal Data Address
63571;0;0;0x0000;02 Illegal Data Address
63572;0;0;0x0000;02 Illegal Data Address
63573;0;0;0x0000;02 Illegal Data Address
63574;0;0;0x0000;02 Illegal Data Address
63575;0;0;0x0000;02 Illegal Data Address
63576;0;0;0x0000;02 Illegal Data Address
63577;0;0;0x0000;02 Illegal Data Address
63578;0;0;0x0000;02 Illegal Data Address
63579;0;0;0x0000;02 Illegal Data Address
63580;0;0;0x0000;02 Illegal Data Address
63581;0;0;0x0000;02 Illegal Data Address
63582;0;0;0x0000;02 Illegal Data Address
63583;0;0;0x0000;02 Illegal Data Address
63584;0;0;0x0000;02 Illegal Data Address
63585;0;0;0x0000;02 Illegal Data Address
63586;0;0;0x0000;02 Illegal Data Address
63587;0;0;0x0000;02 Illegal Data Address
63588;0;0;0x0000;02 Illegal Data Address
63589;0;0;0x0000;02 Illegal Data Address
63590;0;0;0x0000;02 Illegal Data Address
63591;0;0;0x0000;02 Illegal Data Address
63592;0;0;0x0000;02 Illegal Data Address
63593;0;0;0x0000;02 Illegal Data Address
63594;0;0;0x0000;02 Illegal Data Address
63595;0;0;0x0000;02 Illegal Data Address
63596;0;0;0x0000;02 Illegal Data Address
63597;0;0;0x0000;02 Illegal Data Address
63598;0;0;0x0000;02 Illegal Data Address
63599;0;0;0x0000;02 Illegal Data Address
63600;0;0;0x0000;02 Illegal Data Address
63601;0;0;0x0000;02 Illegal Data Address
63602;0;0;0x0000;02 Illegal Data Address
63603;0;0;0x0000;02 Illegal Data Address
63604;0;0;0x0000;02 Illegal Data Address
63605;0;0;0x0000;02 Illegal Data Address
63606;0;0;0x0000;02 Illegal Data Address
63607;0;0;0x0000;02 Illegal Data Address
63608;0;0;0x0000;02 Illegal Data Address
63609;0;0;0x0000;02 Illegal Data Address
63610;0;0;0x0000;02 Illegal Data Address
63611;0;0;0x0000;02 Illegal Data Address
63612;0;0;0x0000;02 Illegal Data Address
63613;0;0;0x0000;02 Illegal Data Address
63614;0;0;0x0000;02 Illegal Data Address
63615;0;0;0x0000;02 Illegal Data Address
63616;0;0;0x0000;02 Illegal Data Address
63617;0;0;0x0000;02 Illegal Data Address
63618;0;0;0x0000;02 Illegal Data Address
63619;0;0;0x0000;02 Illegal Data Address
63620;0;0;0x0000;02 Illegal Data Address
63621;0;0;0x0000;02 Illegal Data Address
63622;0;0;0x0000;02 Illegal Data Address
63623;0;0;0x0000;02 Illegal Data Address
63624;0;0;0x0000;02 Illegal Data Address
63625;0;0;0x0000;02 Illegal Data Address
63626;0;0;0x0000;02 Illegal Data Address
63627;0;0;0x0000;02 Illegal Data Address
63628;0;0;0x0000;02 Illegal Data Address
63629;0;0;0x0000;02 Illegal Data Address
63630;0;0;0x0000;02 Illegal Data Address
63631;0;0;0x0000;02 Illegal Data Address
63632;0;0;0x0000;02 Illegal Data Address
63633;0;0;0x0000;02 Illegal Data Address
63634;0;0;0x0000;02 Illegal Data Address
63635;0;0;0x0000;02 Illegal Data Address
63636;0;0;0x0000;02 Illegal Data Address
63637;0;0;0x0000;02 Illegal Data Address
63638;0;0;0x0000;02 Illegal Data Address
63639;0;0;0x0000;02 Illegal Data Address
63640;0;0;0x0000;02 Illegal Data Address
63641;0;0;0x0000;02 Illegal Data Address
63642;0;0;0x0000;02 Illegal Data Address
63643;0;0;0x0000;02 Illegal Data Address
63644;0;0;0x0000;02 Illegal Data Address
63645;0;0;0x0000;02 Illegal Data Address
63646;0;0;0x0000;02 Illegal Data Address
63647;0;0;0x0000;02 Illegal Data Address
63648;0;0;0x0000;02 Illegal Data Address
63649;0;0;0x0000;02 Illegal Data Address
63650;0;0;0x0000;02 Illegal Data Address
63651;0;0;0x0000;02 Illegal Data Address
63652;0;0;0x0000;02 Illegal Data Address
63653;0;0;0x0000;02 Illegal Data Address
63654;0;0;0x0000;02 Illegal Data Address
63655;0;0;0x0000;02 Illegal Data Address
63656;0;0;0x0000;02 Illegal Data Address
63657;0;0;0x0000;02 Illegal Data Address
63658;0;0;0x0000;02 Illegal Data Address
63659;0;0;0x0000;02 Illegal Data Address
63660;0;0;0x0000;02 Illegal Data Address
63661;0;0;0x0000;02 Illegal Data Address
63662;0;0;0x0000;02 Illegal Data Address
63663;0;0;0x0000;02 Illegal Data Address
63664;0;0;0x0000;02 Illegal Data Address
63665;0;0;0x0000;02 Illegal Data Address
63666;0;0;0x0000;02 Illegal Data Address
63667;0;0;0x0000;02 Illegal Data Address
63668;0;0;0x0000;02 Illegal Data Address
63669;0;0;0x0000;02 Illegal Data Address
63670;0;0;0x0000;02 Illegal Data Address
63671;0;0;0x0000;02 Illegal Data Address
63672;0;0;0x0000;02 Illegal Data Address
63673;0;0;0x0000;02 Illegal Data Address
63674;0;0;0x0000;02 Illegal Data Address
63675;0;0;0x0000;02 Illegal Data Address
63676;0;0;0x0000;02 Illegal Data Address
63677;0;0;0x0000;02 Illegal Data Address
63678;0;0;0x0000;02 Illegal Data Address
63679;0;0;0x0000;02 Illegal Data Address
63680;0;0;0x0000;02 Illegal Data Address
63681;0;0;0x0000;02 Illegal Data Address
63682;0;0;0x0000;02 Illegal Data Address
63683;0;0;0x0000;02 Illegal Data Address
63684;0;0;0x0000;02 Illegal Data Address
63685;0;0;0x0000;02 Illegal Data Address
63686;0;0;0x0000;02 Illegal Data Address
63687;0;0;0x0000;02 Illegal Data Address
63688;0;0;0x0000;02 Illegal Data Address
63689;0;0;0x0000;02 Illegal Data Address
63690;0;0;0x0000;02 Illegal Data Address
63691;0;0;0x0000;02 Illegal Data Address
63692;0;0;0x0000;02 Illegal Data Address
63693;0;0;0x0000;02 Illegal Data Address
63694;0;0;0x0000;02 Illegal Data Address
63695;0;0;0x0000;02 Illegal Data Address
63696;0;0;0x0000;02 Illegal Data Address
63697;0;0;0x0000;02 Illegal Data Address
63698;0;0;0x0000;02 Illegal Data Address
63699;0;0;0x0000;02 Illegal Data Address
63700;0;0;0x0000;02 Illegal Data Address
63701;0;0;0x0000;02 Illegal Data Address
63702;0;0;0x0000;02 Illegal Data Address
63703;0;0;0x0000;02 Illegal Data Address
63704;0;0;0x0000;02 Illegal Data Address
63705;0;0;0x0000;02 Illegal Data Address
63706;0;0;0x0000;02 Illegal Data Address
63707;0;0;0x0000;02 Illegal Data Address
63708;0;0;0x0000;02 Illegal Data Address
63709;0;0;0x0000;02 Illegal Data Address
63710;0;0;0x0000;02 Illegal Data Address
63711;0;0;0x0000;02 Illegal Data Address
63712;0;0;0x0000;02 Illegal Data Address
63713;0;0;0x0000;02 Illegal Data Address
63714;0;0;0x0000;02 Illegal Data Address
63715;0;0;0x0000;02 Illegal Data Address
63716;0;0;0x0000;02 Illegal Data Address
63717;0;0;0x0000;02 Illegal Data Address
63718;0;0;0x0000;02 Illegal Data Address
63719;0;0;0x0000;02 Illegal Data Address
63720;0;0;0x0000;02 Illegal Data Address
63721;0;0;0x0000;02 Illegal Data Address
63722;0;0;0x0000;02 Illegal Data Address
63723;0;0;0x0000;02 Illegal Data Address
63724;0;0;0x0000;02 Illegal Data Address
63725;0;0;0x0000;02 Illegal Data Address
63726;0;0;0x0000;02 Illegal Data Address
63727;0;0;0x0000;02 Illegal Data Address
63728;0;0;0x0000;02 Illegal Data Address
63729;0;0;0x0000;02 Illegal Data Address
63730;0;0;0x0000;02 Illegal Data Address
63731;0;0;0x0000;02 Illegal Data Address
63732;0;0;0x0000;02 Illegal Data Address
63733;0;0;0x0000;02 Illegal Data Address
63734;0;0;0x0000;02 Illegal Data Address
63735;0;0;0x0000;02 Illegal Data Address
63736;0;0;0x0000;02 Illegal Data Address
63737;0;0;0x0000;02 Illegal Data Address
63738;0;0;0x0000;02 Illegal Data Address
63739;0;0;0x0000;02 Illegal Data Address
63740;0;0;0x0000;02 Illegal Data Address
63741;0;0;0x0000;02 Illegal Data Address
63742;0;0;0x0000;02 Illegal Data Address
63743;0;0;0x0000;02 Illegal Data Address
63744;0;0;0x0000;02 Illegal Data Address
63745;0;0;0x0000;02 Illegal Data Address
63746;0;0;0x0000;02 Illegal Data Address
63747;0;0;0x0000;02 Illegal Data Address
63748;0;0;0x0000;02 Illegal Data Address
63749;0;0;0x0000;02 Illegal Data Address
63750;0;0;0x0000;02 Illegal Data Address
63751;0;0;0x0000;02 Illegal Data Address
63752;0;0;0x0000;02 Illegal Data Address
63753;0;0;0x0000;02 Illegal Data Address
63754;0;0;0x0000;02 Illegal Data Address
63755;0;0;0x0000;02 Illegal Data Address
63756;0;0;0x0000;02 Illegal Data Address
63757;0;0;0x0000;02 Illegal Data Address
63758;0;0;0x0000;02 Illegal Data Address
63759;0;0;0x0000;02 Illegal Data Address
63760;0;0;0x0000;02 Illegal Data Address
63761;0;0;0x0000;02 Illegal Data Address
63762;0;0;0x0000;02 Illegal Data Address
63763;0;0;0x0000;02 Illegal Data Address
63764;0;0;0x0000;02 Illegal Data Address
63765;0;0;0x0000;02 Illegal Data Address
63766;0;0;0x0000;02 Illegal Data Address
63767;0;0;0x0000;02 Illegal Data Address
63768;0;0;0x0000;02 Illegal Data Address
63769;0;0;0x0000;02 Illegal Data Address
63770;0;0;0x0000;02 Illegal Data Address
63771;0;0;0x0000;02 Illegal Data Address
63772;0;0;0x0000;02 Illegal Data Address
63773;0;0;0x0000;02 Illegal Data Address
63774;0;0;0x0000;02 Illegal Data Address
63775;0;0;0x0000;02 Illegal Data Address
63776;0;0;0x0000;02 Illegal Data Address
63777;0;0;0x0000;02 Illegal Data Address
63778;0;0;0x0000;02 Illegal Data Address
63779;0;0;0x0000;02 Illegal Data Address
63780;0;0;0x0000;02 Illegal Data Address
63781;0;0;0x0000;02 Illegal Data Address
63782;0;0;0x0000;02 Illegal Data Address
63783;0;0;0x0000;02 Illegal Data Address
63784;0;0;0x0000;02 Illegal Data Address
63785;0;0;0x0000;02 Illegal Data Address
63786;0;0;0x0000;02 Illegal Data Address
63787;0;0;0x0000;02 Illegal Data Address
63788;0;0;0x0000;02 Illegal Data Address
63789;0;0;0x0000;02 Illegal Data Address
63790;0;0;0x0000;02 Illegal Data Address
63791;0;0;0x0000;02 Illegal Data Address
63792;0;0;0x0000;02 Illegal Data Address
63793;0;0;0x0000;02 Illegal Data Address
63794;0;0;0x0000;02 Illegal Data Address
63795;0;0;0x0000;02 Illegal Data Address
63796;0;0;0x0000;02 Illegal Data Address
63797;0;0;0x0000;02 Illegal Data Address
63798;0;0;0x0000;02 Illegal Data Address
63799;0;0;0x0000;02 Illegal Data Address
63800;0;0;0x0000;02 Illegal Data Address
63801;0;0;0x0000;02 Illegal Data Address
63802;0;0;0x0000;02 Illegal Data Address
63803;0;0;0x0000;02 Illegal Data Address
63804;0;0;0x0000;02 Illegal Data Address
63805;0;0;0x0000;02 Illegal Data Address
63806;0;0;0x0000;02 Illegal Data Address
63807;0;0;0x0000;02 Illegal Data Address
63808;0;0;0x0000;02 Illegal Data Address
63809;0;0;0x0000;02 Illegal Data Address
63810;0;0;0x0000;02 Illegal Data Address
63811;0;0;0x0000;02 Illegal Data Address
63812;0;0;0x0000;02 Illegal Data Address
63813;0;0;0x0000;02 Illegal Data Address
63814;0;0;0x0000;02 Illegal Data Address
63815;0;0;0x0000;02 Illegal Data Address
63816;0;0;0x0000;02 Illegal Data Address
63817;0;0;0x0000;02 Illegal Data Address
63818;0;0;0x0000;02 Illegal Data Address
63819;0;0;0x0000;02 Illegal Data Address
63820;0;0;0x0000;02 Illegal Data Address
63821;0;0;0x0000;02 Illegal Data Address
63822;0;0;0x0000;02 Illegal Data Address
63823;0;0;0x0000;02 Illegal Data Address
63824;0;0;0x0000;02 Illegal Data Address
63825;0;0;0x0000;02 Illegal Data Address
63826;0;0;0x0000;02 Illegal Data Address
63827;0;0;0x0000;02 Illegal Data Address
63828;0;0;0x0000;02 Illegal Data Address
63829;0;0;0x0000;02 Illegal Data Address
63830;0;0;0x0000;02 Illegal Data Address
63831;0;0;0x0000;02 Illegal Data Address
63832;0;0;0x0000;02 Illegal Data Address
63833;0;0;0x0000;02 Illegal Data Address
63834;0;0;0x0000;02 Illegal Data Address
63835;0;0;0x0000;02 Illegal Data Address
63836;0;0;0x0000;02 Illegal Data Address
63837;0;0;0x0000;02 Illegal Data Address
63838;0;0;0x0000;02 Illegal Data Address
63839;0;0;0x0000;02 Illegal Data Address
63840;0;0;0x0000;02 Illegal Data Address
63841;0;0;0x0000;02 Illegal Data Address
63842;0;0;0x0000;02 Illegal Data Address
63843;0;0;0x0000;02 Illegal Data Address
63844;0;0;0x0000;02 Illegal Data Address
63845;0;0;0x0000;02 Illegal Data Address
63846;0;0;0x0000;02 Illegal Data Address
63847;0;0;0x0000;02 Illegal Data Address
63848;0;0;0x0000;02 Illegal Data Address
63849;0;0;0x0000;02 Illegal Data Address
63850;0;0;0x0000;02 Illegal Data Address
63851;0;0;0x0000;02 Illegal Data Address
63852;0;0;0x0000;02 Illegal Data Address
63853;0;0;0x0000;02 Illegal Data Address
63854;0;0;0x0000;02 Illegal Data Address
63855;0;0;0x0000;02 Illegal Data Address
63856;0;0;0x0000;02 Illegal Data Address
63857;0;0;0x0000;02 Illegal Data Address
63858;0;0;0x0000;02 Illegal Data Address
63859;0;0;0x0000;02 Illegal Data Address
63860;0;0;0x0000;02 Illegal Data Address
63861;0;0;0x0000;02 Illegal Data Address
63862;0;0;0x0000;02 Illegal Data Address
63863;0;0;0x0000;02 Illegal Data Address
63864;0;0;0x0000;02 Illegal Data Address
63865;0;0;0x0000;02 Illegal Data Address
63866;0;0;0x0000;02 Illegal Data Address
63867;0;0;0x0000;02 Illegal Data Address
63868;0;0;0x0000;02 Illegal Data Address
63869;0;0;0x0000;02 Illegal Data Address
63870;0;0;0x0000;02 Illegal Data Address
63871;0;0;0x0000;02 Illegal Data Address
63872;0;0;0x0000;02 Illegal Data Address
63873;0;0;0x0000;02 Illegal Data Address
63874;0;0;0x0000;02 Illegal Data Address
63875;0;0;0x0000;02 Illegal Data Address
63876;0;0;0x0000;02 Illegal Data Address
63877;0;0;0x0000;02 Illegal Data Address
63878;0;0;0x0000;02 Illegal Data Address
63879;0;0;0x0000;02 Illegal Data Address
63880;0;0;0x0000;02 Illegal Data Address
63881;0;0;0x0000;02 Illegal Data Address
63882;0;0;0x0000;02 Illegal Data Address
63883;0;0;0x0000;02 Illegal Data Address
63884;0;0;0x0000;02 Illegal Data Address
63885;0;0;0x0000;02 Illegal Data Address
63886;0;0;0x0000;02 Illegal Data Address
63887;0;0;0x0000;02 Illegal Data Address
63888;0;0;0x0000;02 Illegal Data Address
63889;0;0;0x0000;02 Illegal Data Address
63890;0;0;0x0000;02 Illegal Data Address
63891;0;0;0x0000;02 Illegal Data Address
63892;0;0;0x0000;02 Illegal Data Address
63893;0;0;0x0000;02 Illegal Data Address
63894;0;0;0x0000;02 Illegal Data Address
63895;0;0;0x0000;02 Illegal Data Address
63896;0;0;0x0000;02 Illegal Data Address
63897;0;0;0x0000;02 Illegal Data Address
63898;0;0;0x0000;02 Illegal Data Address
63899;0;0;0x0000;02 Illegal Data Address
63900;0;0;0x0000;02 Illegal Data Address
63901;0;0;0x0000;02 Illegal Data Address
63902;0;0;0x0000;02 Illegal Data Address
63903;0;0;0x0000;02 Illegal Data Address
63904;0;0;0x0000;02 Illegal Data Address
63905;0;0;0x0000;02 Illegal Data Address
63906;0;0;0x0000;02 Illegal Data Address
63907;0;0;0x0000;02 Illegal Data Address
63908;0;0;0x0000;02 Illegal Data Address
63909;0;0;0x0000;02 Illegal Data Address
63910;0;0;0x0000;02 Illegal Data Address
63911;0;0;0x0000;02 Illegal Data Address
63912;0;0;0x0000;02 Illegal Data Address
63913;0;0;0x0000;02 Illegal Data Address
63914;0;0;0x0000;02 Illegal Data Address
63915;0;0;0x0000;02 Illegal Data Address
63916;0;0;0x0000;02 Illegal Data Address
63917;0;0;0x0000;02 Illegal Data Address
63918;0;0;0x0000;02 Illegal Data Address
63919;0;0;0x0000;02 Illegal Data Address
63920;0;0;0x0000;02 Illegal Data Address
63921;0;0;0x0000;02 Illegal Data Address
63922;0;0;0x0000;02 Illegal Data Address
63923;0;0;0x0000;02 Illegal Data Address
63924;0;0;0x0000;02 Illegal Data Address
63925;0;0;0x0000;02 Illegal Data Address
63926;0;0;0x0000;02 Illegal Data Address
63927;0;0;0x0000;02 Illegal Data Address
63928;0;0;0x0000;02 Illegal Data Address
63929;0;0;0x0000;02 Illegal Data Address
63930;0;0;0x0000;02 Illegal Data Address
63931;0;0;0x0000;02 Illegal Data Address
63932;0;0;0x0000;02 Illegal Data Address
63933;0;0;0x0000;02 Illegal Data Address
63934;0;0;0x0000;02 Illegal Data Address
63935;0;0;0x0000;02 Illegal Data Address
63936;0;0;0x0000;02 Illegal Data Address
63937;0;0;0x0000;02 Illegal Data Address
63938;0;0;0x0000;02 Illegal Data Address
63939;0;0;0x0000;02 Illegal Data Address
63940;0;0;0x0000;02 Illegal Data Address
63941;0;0;0x0000;02 Illegal Data Address
63942;0;0;0x0000;02 Illegal Data Address
63943;0;0;0x0000;02 Illegal Data Address
63944;0;0;0x0000;02 Illegal Data Address
63945;0;0;0x0000;02 Illegal Data Address
63946;0;0;0x0000;02 Illegal Data Address
63947;0;0;0x0000;02 Illegal Data Address
63948;0;0;0x0000;02 Illegal Data Address
63949;0;0;0x0000;02 Illegal Data Address
63950;0;0;0x0000;02 Illegal Data Address
63951;0;0;0x0000;02 Illegal Data Address
63952;0;0;0x0000;02 Illegal Data Address
63953;0;0;0x0000;02 Illegal Data Address
63954;0;0;0x0000;02 Illegal Data Address
63955;0;0;0x0000;02 Illegal Data Address
63956;0;0;0x0000;02 Illegal Data Address
63957;0;0;0x0000;02 Illegal Data Address
63958;0;0;0x0000;02 Illegal Data Address
63959;0;0;0x0000;02 Illegal Data Address
63960;0;0;0x0000;02 Illegal Data Address
63961;0;0;0x0000;02 Illegal Data Address
63962;0;0;0x0000;02 Illegal Data Address
63963;0;0;0x0000;02 Illegal Data Address
63964;0;0;0x0000;02 Illegal Data Address
63965;0;0;0x0000;02 Illegal Data Address
63966;0;0;0x0000;02 Illegal Data Address
63967;0;0;0x0000;02 Illegal Data Address
63968;0;0;0x0000;02 Illegal Data Address
63969;0;0;0x0000;02 Illegal Data Address
63970;0;0;0x0000;02 Illegal Data Address
63971;0;0;0x0000;02 Illegal Data Address
63972;0;0;0x0000;02 Illegal Data Address
63973;0;0;0x0000;02 Illegal Data Address
63974;0;0;0x0000;02 Illegal Data Address
63975;0;0;0x0000;02 Illegal Data Address
63976;0;0;0x0000;02 Illegal Data Address
63977;0;0;0x0000;02 Illegal Data Address
63978;0;0;0x0000;02 Illegal Data Address
63979;0;0;0x0000;02 Illegal Data Address
63980;0;0;0x0000;02 Illegal Data Address
63981;0;0;0x0000;02 Illegal Data Address
63982;0;0;0x0000;02 Illegal Data Address
63983;0;0;0x0000;02 Illegal Data Address
63984;0;0;0x0000;02 Illegal Data Address
63985;0;0;0x0000;02 Illegal Data Address
63986;0;0;0x0000;02 Illegal Data Address
63987;0;0;0x0000;02 Illegal Data Address
63988;0;0;0x0000;02 Illegal Data Address
63989;0;0;0x0000;02 Illegal Data Address
63990;0;0;0x0000;02 Illegal Data Address
63991;0;0;0x0000;02 Illegal Data Address
63992;0;0;0x0000;02 Illegal Data Address
63993;0;0;0x0000;02 Illegal Data Address
63994;0;0;0x0000;02 Illegal Data Address
63995;0;0;0x0000;02 Illegal Data Address
63996;0;0;0x0000;02 Illegal Data Address
63997;0;0;0x0000;02 Illegal Data Address
63998;0;0;0x0000;02 Illegal Data Address
63999;0;0;0x0000;02 Illegal Data Address
64000;0;0;0x0000;02 Illegal Data Address
64001;0;0;0x0000;02 Illegal Data Address
64002;0;0;0x0000;02 Illegal Data Address
64003;0;0;0x0000;02 Illegal Data Address
64004;0;0;0x0000;02 Illegal Data Address
64005;0;0;0x0000;02 Illegal Data Address
64006;0;0;0x0000;02 Illegal Data Address
64007;0;0;0x0000;02 Illegal Data Address
64008;0;0;0x0000;02 Illegal Data Address
64009;0;0;0x0000;02 Illegal Data Address
64010;0;0;0x0000;02 Illegal Data Address
64011;0;0;0x0000;02 Illegal Data Address
64012;0;0;0x0000;02 Illegal Data Address
64013;0;0;0x0000;02 Illegal Data Address
64014;0;0;0x0000;02 Illegal Data Address
64015;0;0;0x0000;02 Illegal Data Address
64016;0;0;0x0000;02 Illegal Data Address
64017;0;0;0x0000;02 Illegal Data Address
64018;0;0;0x0000;02 Illegal Data Address
64019;0;0;0x0000;02 Illegal Data Address
64020;0;0;0x0000;02 Illegal Data Address
64021;0;0;0x0000;02 Illegal Data Address
64022;0;0;0x0000;02 Illegal Data Address
64023;0;0;0x0000;02 Illegal Data Address
64024;0;0;0x0000;02 Illegal Data Address
64025;0;0;0x0000;02 Illegal Data Address
64026;0;0;0x0000;02 Illegal Data Address
64027;0;0;0x0000;02 Illegal Data Address
64028;0;0;0x0000;02 Illegal Data Address
64029;0;0;0x0000;02 Illegal Data Address
64030;0;0;0x0000;02 Illegal Data Address
64031;0;0;0x0000;02 Illegal Data Address
64032;0;0;0x0000;02 Illegal Data Address
64033;0;0;0x0000;02 Illegal Data Address
64034;0;0;0x0000;02 Illegal Data Address
64035;0;0;0x0000;02 Illegal Data Address
64036;0;0;0x0000;02 Illegal Data Address
64037;0;0;0x0000;02 Illegal Data Address
64038;0;0;0x0000;02 Illegal Data Address
64039;0;0;0x0000;02 Illegal Data Address
64040;0;0;0x0000;02 Illegal Data Address
64041;0;0;0x0000;02 Illegal Data Address
64042;0;0;0x0000;02 Illegal Data Address
64043;0;0;0x0000;02 Illegal Data Address
64044;0;0;0x0000;02 Illegal Data Address
64045;0;0;0x0000;02 Illegal Data Address
64046;0;0;0x0000;02 Illegal Data Address
64047;0;0;0x0000;02 Illegal Data Address
64048;0;0;0x0000;02 Illegal Data Address
64049;0;0;0x0000;02 Illegal Data Address
64050;0;0;0x0000;02 Illegal Data Address
64051;0;0;0x0000;02 Illegal Data Address
64052;0;0;0x0000;02 Illegal Data Address
64053;0;0;0x0000;02 Illegal Data Address
64054;0;0;0x0000;02 Illegal Data Address
64055;0;0;0x0000;02 Illegal Data Address
64056;0;0;0x0000;02 Illegal Data Address
64057;0;0;0x0000;02 Illegal Data Address
64058;0;0;0x0000;02 Illegal Data Address
64059;0;0;0x0000;02 Illegal Data Address
64060;0;0;0x0000;02 Illegal Data Address
64061;0;0;0x0000;02 Illegal Data Address
64062;0;0;0x0000;02 Illegal Data Address
64063;0;0;0x0000;02 Illegal Data Address
64064;0;0;0x0000;02 Illegal Data Address
64065;0;0;0x0000;02 Illegal Data Address
64066;0;0;0x0000;02 Illegal Data Address
64067;0;0;0x0000;02 Illegal Data Address
64068;0;0;0x0000;02 Illegal Data Address
64069;0;0;0x0000;02 Illegal Data Address
64070;0;0;0x0000;02 Illegal Data Address
64071;0;0;0x0000;02 Illegal Data Address
64072;0;0;0x0000;02 Illegal Data Address
64073;0;0;0x0000;02 Illegal Data Address
64074;0;0;0x0000;02 Illegal Data Address
64075;0;0;0x0000;02 Illegal Data Address
64076;0;0;0x0000;02 Illegal Data Address
64077;0;0;0x0000;02 Illegal Data Address
64078;0;0;0x0000;02 Illegal Data Address
64079;0;0;0x0000;02 Illegal Data Address
64080;0;0;0x0000;02 Illegal Data Address
64081;0;0;0x0000;02 Illegal Data Address
64082;0;0;0x0000;02 Illegal Data Address
64083;0;0;0x0000;02 Illegal Data Address
64084;0;0;0x0000;02 Illegal Data Address
64085;0;0;0x0000;02 Illegal Data Address
64086;0;0;0x0000;02 Illegal Data Address
64087;0;0;0x0000;02 Illegal Data Address
64088;0;0;0x0000;02 Illegal Data Address
64089;0;0;0x0000;02 Illegal Data Address
64090;0;0;0x0000;02 Illegal Data Address
64091;0;0;0x0000;02 Illegal Data Address
64092;0;0;0x0000;02 Illegal Data Address
64093;0;0;0x0000;02 Illegal Data Address
64094;0;0;0x0000;02 Illegal Data Address
64095;0;0;0x0000;02 Illegal Data Address
64096;0;0;0x0000;02 Illegal Data Address
64097;0;0;0x0000;02 Illegal Data Address
64098;0;0;0x0000;02 Illegal Data Address
64099;0;0;0x0000;02 Illegal Data Address
64100;0;0;0x0000;02 Illegal Data Address
64101;0;0;0x0000;02 Illegal Data Address
64102;0;0;0x0000;02 Illegal Data Address
64103;0;0;0x0000;02 Illegal Data Address
64104;0;0;0x0000;02 Illegal Data Address
64105;0;0;0x0000;02 Illegal Data Address
64106;0;0;0x0000;02 Illegal Data Address
64107;0;0;0x0000;02 Illegal Data Address
64108;0;0;0x0000;02 Illegal Data Address
64109;0;0;0x0000;02 Illegal Data Address
64110;0;0;0x0000;02 Illegal Data Address
64111;0;0;0x0000;02 Illegal Data Address
64112;0;0;0x0000;02 Illegal Data Address
64113;0;0;0x0000;02 Illegal Data Address
64114;0;0;0x0000;02 Illegal Data Address
64115;0;0;0x0000;02 Illegal Data Address
64116;0;0;0x0000;02 Illegal Data Address
64117;0;0;0x0000;02 Illegal Data Address
64118;0;0;0x0000;02 Illegal Data Address
64119;0;0;0x0000;02 Illegal Data Address
64120;0;0;0x0000;02 Illegal Data Address
64121;0;0;0x0000;02 Illegal Data Address
64122;0;0;0x0000;02 Illegal Data Address
64123;0;0;0x0000;02 Illegal Data Address
64124;0;0;0x0000;02 Illegal Data Address
64125;0;0;0x0000;02 Illegal Data Address
64126;0;0;0x0000;02 Illegal Data Address
64127;0;0;0x0000;02 Illegal Data Address
64128;0;0;0x0000;02 Illegal Data Address
64129;0;0;0x0000;02 Illegal Data Address
64130;0;0;0x0000;02 Illegal Data Address
64131;0;0;0x0000;02 Illegal Data Address
64132;0;0;0x0000;02 Illegal Data Address
64133;0;0;0x0000;02 Illegal Data Address
64134;0;0;0x0000;02 Illegal Data Address
64135;0;0;0x0000;02 Illegal Data Address
64136;0;0;0x0000;02 Illegal Data Address
64137;0;0;0x0000;02 Illegal Data Address
64138;0;0;0x0000;02 Illegal Data Address
64139;0;0;0x0000;02 Illegal Data Address
64140;0;0;0x0000;02 Illegal Data Address
64141;0;0;0x0000;02 Illegal Data Address
64142;0;0;0x0000;02 Illegal Data Address
64143;0;0;0x0000;02 Illegal Data Address
64144;0;0;0x0000;02 Illegal Data Address
64145;0;0;0x0000;02 Illegal Data Address
64146;0;0;0x0000;02 Illegal Data Address
64147;0;0;0x0000;02 Illegal Data Address
64148;0;0;0x0000;02 Illegal Data Address
64149;0;0;0x0000;02 Illegal Data Address
64150;0;0;0x0000;02 Illegal Data Address
64151;0;0;0x0000;02 Illegal Data Address
64152;0;0;0x0000;02 Illegal Data Address
64153;0;0;0x0000;02 Illegal Data Address
64154;0;0;0x0000;02 Illegal Data Address
64155;0;0;0x0000;02 Illegal Data Address
64156;0;0;0x0000;02 Illegal Data Address
64157;0;0;0x0000;02 Illegal Data Address
64158;0;0;0x0000;02 Illegal Data Address
64159;0;0;0x0000;02 Illegal Data Address
64160;0;0;0x0000;02 Illegal Data Address
64161;0;0;0x0000;02 Illegal Data Address
64162;0;0;0x0000;02 Illegal Data Address
64163;0;0;0x0000;02 Illegal Data Address
64164;0;0;0x0000;02 Illegal Data Address
64165;0;0;0x0000;02 Illegal Data Address
64166;0;0;0x0000;02 Illegal Data Address
64167;0;0;0x0000;02 Illegal Data Address
64168;0;0;0x0000;02 Illegal Data Address
64169;0;0;0x0000;02 Illegal Data Address
64170;0;0;0x0000;02 Illegal Data Address
64171;0;0;0x0000;02 Illegal Data Address
64172;0;0;0x0000;02 Illegal Data Address
64173;0;0;0x0000;02 Illegal Data Address
64174;0;0;0x0000;02 Illegal Data Address
64175;0;0;0x0000;02 Illegal Data Address
64176;0;0;0x0000;02 Illegal Data Address
64177;0;0;0x0000;02 Illegal Data Address
64178;0;0;0x0000;02 Illegal Data Address
64179;0;0;0x0000;02 Illegal Data Address
64180;0;0;0x0000;02 Illegal Data Address
64181;0;0;0x0000;02 Illegal Data Address
64182;0;0;0x0000;02 Illegal Data Address
64183;0;0;0x0000;02 Illegal Data Address
64184;0;0;0x0000;02 Illegal Data Address
64185;0;0;0x0000;02 Illegal Data Address
64186;0;0;0x0000;02 Illegal Data Address
64187;0;0;0x0000;02 Illegal Data Address
64188;0;0;0x0000;02 Illegal Data Address
64189;0;0;0x0000;02 Illegal Data Address
64190;0;0;0x0000;02 Illegal Data Address
64191;0;0;0x0000;02 Illegal Data Address
64192;0;0;0x0000;02 Illegal Data Address
64193;0;0;0x0000;02 Illegal Data Address
64194;0;0;0x0000;02 Illegal Data Address
64195;0;0;0x0000;02 Illegal Data Address
64196;0;0;0x0000;02 Illegal Data Address
64197;0;0;0x0000;02 Illegal Data Address
64198;0;0;0x0000;02 Illegal Data Address
64199;0;0;0x0000;02 Illegal Data Address
64200;0;0;0x0000;02 Illegal Data Address
64201;0;0;0x0000;02 Illegal Data Address
64202;0;0;0x0000;02 Illegal Data Address
64203;0;0;0x0000;02 Illegal Data Address
64204;0;0;0x0000;02 Illegal Data Address
64205;0;0;0x0000;02 Illegal Data Address
64206;0;0;0x0000;02 Illegal Data Address
64207;0;0;0x0000;02 Illegal Data Address
64208;0;0;0x0000;02 Illegal Data Address
64209;0;0;0x0000;02 Illegal Data Address
64210;0;0;0x0000;02 Illegal Data Address
64211;0;0;0x0000;02 Illegal Data Address
64212;0;0;0x0000;02 Illegal Data Address
64213;0;0;0x0000;02 Illegal Data Address
64214;0;0;0x0000;02 Illegal Data Address
64215;0;0;0x0000;02 Illegal Data Address
64216;0;0;0x0000;02 Illegal Data Address
64217;0;0;0x0000;02 Illegal Data Address
64218;0;0;0x0000;02 Illegal Data Address
64219;0;0;0x0000;02 Illegal Data Address
64220;0;0;0x0000;02 Illegal Data Address
64221;0;0;0x0000;02 Illegal Data Address
64222;0;0;0x0000;02 Illegal Data Address
64223;0;0;0x0000;02 Illegal Data Address
64224;0;0;0x0000;02 Illegal Data Address
64225;0;0;0x0000;02 Illegal Data Address
64226;0;0;0x0000;02 Illegal Data Address
64227;0;0;0x0000;02 Illegal Data Address
64228;0;0;0x0000;02 Illegal Data Address
64229;0;0;0x0000;02 Illegal Data Address
64230;0;0;0x0000;02 Illegal Data Address
64231;0;0;0x0000;02 Illegal Data Address
64232;0;0;0x0000;02 Illegal Data Address
64233;0;0;0x0000;02 Illegal Data Address
64234;0;0;0x0000;02 Illegal Data Address
64235;0;0;0x0000;02 Illegal Data Address
64236;0;0;0x0000;02 Illegal Data Address
64237;0;0;0x0000;02 Illegal Data Address
64238;0;0;0x0000;02 Illegal Data Address
64239;0;0;0x0000;02 Illegal Data Address
64240;0;0;0x0000;02 Illegal Data Address
64241;0;0;0x0000;02 Illegal Data Address
64242;0;0;0x0000;02 Illegal Data Address
64243;0;0;0x0000;02 Illegal Data Address
64244;0;0;0x0000;02 Illegal Data Address
64245;0;0;0x0000;02 Illegal Data Address
64246;0;0;0x0000;02 Illegal Data Address
64247;0;0;0x0000;02 Illegal Data Address
64248;0;0;0x0000;02 Illegal Data Address
64249;0;0;0x0000;02 Illegal Data Address
64250;0;0;0x0000;02 Illegal Data Address
64251;0;0;0x0000;02 Illegal Data Address
64252;0;0;0x0000;02 Illegal Data Address
64253;0;0;0x0000;02 Illegal Data Address
64254;0;0;0x0000;02 Illegal Data Address
64255;0;0;0x0000;02 Illegal Data Address
64256;0;0;0x0000;02 Illegal Data Address
64257;0;0;0x0000;02 Illegal Data Address
64258;0;0;0x0000;02 Illegal Data Address
64259;0;0;0x0000;02 Illegal Data Address
64260;0;0;0x0000;02 Illegal Data Address
64261;0;0;0x0000;02 Illegal Data Address
64262;0;0;0x0000;02 Illegal Data Address
64263;0;0;0x0000;02 Illegal Data Address
64264;0;0;0x0000;02 Illegal Data Address
64265;0;0;0x0000;02 Illegal Data Address
64266;0;0;0x0000;02 Illegal Data Address
64267;0;0;0x0000;02 Illegal Data Address
64268;0;0;0x0000;02 Illegal Data Address
64269;0;0;0x0000;02 Illegal Data Address
64270;0;0;0x0000;02 Illegal Data Address
64271;0;0;0x0000;02 Illegal Data Address
64272;0;0;0x0000;02 Illegal Data Address
64273;0;0;0x0000;02 Illegal Data Address
64274;0;0;0x0000;02 Illegal Data Address
64275;0;0;0x0000;02 Illegal Data Address
64276;0;0;0x0000;02 Illegal Data Address
64277;0;0;0x0000;02 Illegal Data Address
64278;0;0;0x0000;02 Illegal Data Address
64279;0;0;0x0000;02 Illegal Data Address
64280;0;0;0x0000;02 Illegal Data Address
64281;0;0;0x0000;02 Illegal Data Address
64282;0;0;0x0000;02 Illegal Data Address
64283;0;0;0x0000;02 Illegal Data Address
64284;0;0;0x0000;02 Illegal Data Address
64285;0;0;0x0000;02 Illegal Data Address
64286;0;0;0x0000;02 Illegal Data Address
64287;0;0;0x0000;02 Illegal Data Address
64288;0;0;0x0000;02 Illegal Data Address
64289;0;0;0x0000;02 Illegal Data Address
64290;0;0;0x0000;02 Illegal Data Address
64291;0;0;0x0000;02 Illegal Data Address
64292;0;0;0x0000;02 Illegal Data Address
64293;0;0;0x0000;02 Illegal Data Address
64294;0;0;0x0000;02 Illegal Data Address
64295;0;0;0x0000;02 Illegal Data Address
64296;0;0;0x0000;02 Illegal Data Address
64297;0;0;0x0000;02 Illegal Data Address
64298;0;0;0x0000;02 Illegal Data Address
64299;0;0;0x0000;02 Illegal Data Address
64300;0;0;0x0000;02 Illegal Data Address
64301;0;0;0x0000;02 Illegal Data Address
64302;0;0;0x0000;02 Illegal Data Address
64303;0;0;0x0000;02 Illegal Data Address
64304;0;0;0x0000;02 Illegal Data Address
64305;0;0;0x0000;02 Illegal Data Address
64306;0;0;0x0000;02 Illegal Data Address
64307;0;0;0x0000;02 Illegal Data Address
64308;0;0;0x0000;02 Illegal Data Address
64309;0;0;0x0000;02 Illegal Data Address
64310;0;0;0x0000;02 Illegal Data Address
64311;0;0;0x0000;02 Illegal Data Address
64312;0;0;0x0000;02 Illegal Data Address
64313;0;0;0x0000;02 Illegal Data Address
64314;0;0;0x0000;02 Illegal Data Address
64315;0;0;0x0000;02 Illegal Data Address
64316;0;0;0x0000;02 Illegal Data Address
64317;0;0;0x0000;02 Illegal Data Address
64318;0;0;0x0000;02 Illegal Data Address
64319;0;0;0x0000;02 Illegal Data Address
64320;0;0;0x0000;02 Illegal Data Address
64321;0;0;0x0000;02 Illegal Data Address
64322;0;0;0x0000;02 Illegal Data Address
64323;0;0;0x0000;02 Illegal Data Address
64324;0;0;0x0000;02 Illegal Data Address
64325;0;0;0x0000;02 Illegal Data Address
64326;0;0;0x0000;02 Illegal Data Address
64327;0;0;0x0000;02 Illegal Data Address
64328;0;0;0x0000;02 Illegal Data Address
64329;0;0;0x0000;02 Illegal Data Address
64330;0;0;0x0000;02 Illegal Data Address
64331;0;0;0x0000;02 Illegal Data Address
64332;0;0;0x0000;02 Illegal Data Address
64333;0;0;0x0000;02 Illegal Data Address
64334;0;0;0x0000;02 Illegal Data Address
64335;0;0;0x0000;02 Illegal Data Address
64336;0;0;0x0000;02 Illegal Data Address
64337;0;0;0x0000;02 Illegal Data Address
64338;0;0;0x0000;02 Illegal Data Address
64339;0;0;0x0000;02 Illegal Data Address
64340;0;0;0x0000;02 Illegal Data Address
64341;0;0;0x0000;02 Illegal Data Address
64342;0;0;0x0000;02 Illegal Data Address
64343;0;0;0x0000;02 Illegal Data Address
64344;0;0;0x0000;02 Illegal Data Address
64345;0;0;0x0000;02 Illegal Data Address
64346;0;0;0x0000;02 Illegal Data Address
64347;0;0;0x0000;02 Illegal Data Address
64348;0;0;0x0000;02 Illegal Data Address
64349;0;0;0x0000;02 Illegal Data Address
64350;0;0;0x0000;02 Illegal Data Address
64351;0;0;0x0000;02 Illegal Data Address
64352;0;0;0x0000;02 Illegal Data Address
64353;0;0;0x0000;02 Illegal Data Address
64354;0;0;0x0000;02 Illegal Data Address
64355;0;0;0x0000;02 Illegal Data Address
64356;0;0;0x0000;02 Illegal Data Address
64357;0;0;0x0000;02 Illegal Data Address
64358;0;0;0x0000;02 Illegal Data Address
64359;0;0;0x0000;02 Illegal Data Address
64360;0;0;0x0000;02 Illegal Data Address
64361;0;0;0x0000;02 Illegal Data Address
64362;0;0;0x0000;02 Illegal Data Address
64363;0;0;0x0000;02 Illegal Data Address
64364;0;0;0x0000;02 Illegal Data Address
64365;0;0;0x0000;02 Illegal Data Address
64366;0;0;0x0000;02 Illegal Data Address
64367;0;0;0x0000;02 Illegal Data Address
64368;0;0;0x0000;02 Illegal Data Address
64369;0;0;0x0000;02 Illegal Data Address
64370;0;0;0x0000;02 Illegal Data Address
64371;0;0;0x0000;02 Illegal Data Address
64372;0;0;0x0000;02 Illegal Data Address
64373;0;0;0x0000;02 Illegal Data Address
64374;0;0;0x0000;02 Illegal Data Address
64375;0;0;0x0000;02 Illegal Data Address
64376;0;0;0x0000;02 Illegal Data Address
64377;0;0;0x0000;02 Illegal Data Address
64378;0;0;0x0000;02 Illegal Data Address
64379;0;0;0x0000;02 Illegal Data Address
64380;0;0;0x0000;02 Illegal Data Address
64381;0;0;0x0000;02 Illegal Data Address
64382;0;0;0x0000;02 Illegal Data Address
64383;0;0;0x0000;02 Illegal Data Address
64384;0;0;0x0000;02 Illegal Data Address
64385;0;0;0x0000;02 Illegal Data Address
64386;0;0;0x0000;02 Illegal Data Address
64387;0;0;0x0000;02 Illegal Data Address
64388;0;0;0x0000;02 Illegal Data Address
64389;0;0;0x0000;02 Illegal Data Address
64390;0;0;0x0000;02 Illegal Data Address
64391;0;0;0x0000;02 Illegal Data Address
64392;0;0;0x0000;02 Illegal Data Address
64393;0;0;0x0000;02 Illegal Data Address
64394;0;0;0x0000;02 Illegal Data Address
64395;0;0;0x0000;02 Illegal Data Address
64396;0;0;0x0000;02 Illegal Data Address
64397;0;0;0x0000;02 Illegal Data Address
64398;0;0;0x0000;02 Illegal Data Address
64399;0;0;0x0000;02 Illegal Data Address
64400;0;0;0x0000;02 Illegal Data Address
64401;0;0;0x0000;02 Illegal Data Address
64402;0;0;0x0000;02 Illegal Data Address
64403;0;0;0x0000;02 Illegal Data Address
64404;0;0;0x0000;02 Illegal Data Address
64405;0;0;0x0000;02 Illegal Data Address
64406;0;0;0x0000;02 Illegal Data Address
64407;0;0;0x0000;02 Illegal Data Address
64408;0;0;0x0000;02 Illegal Data Address
64409;0;0;0x0000;02 Illegal Data Address
64410;0;0;0x0000;02 Illegal Data Address
64411;0;0;0x0000;02 Illegal Data Address
64412;0;0;0x0000;02 Illegal Data Address
64413;0;0;0x0000;02 Illegal Data Address
64414;0;0;0x0000;02 Illegal Data Address
64415;0;0;0x0000;02 Illegal Data Address
64416;0;0;0x0000;02 Illegal Data Address
64417;0;0;0x0000;02 Illegal Data Address
64418;0;0;0x0000;02 Illegal Data Address
64419;0;0;0x0000;02 Illegal Data Address
64420;0;0;0x0000;02 Illegal Data Address
64421;0;0;0x0000;02 Illegal Data Address
64422;0;0;0x0000;02 Illegal Data Address
64423;0;0;0x0000;02 Illegal Data Address
64424;0;0;0x0000;02 Illegal Data Address
64425;0;0;0x0000;02 Illegal Data Address
64426;0;0;0x0000;02 Illegal Data Address
64427;0;0;0x0000;02 Illegal Data Address
64428;0;0;0x0000;02 Illegal Data Address
64429;0;0;0x0000;02 Illegal Data Address
64430;0;0;0x0000;02 Illegal Data Address
64431;0;0;0x0000;02 Illegal Data Address
64432;0;0;0x0000;02 Illegal Data Address
64433;0;0;0x0000;02 Illegal Data Address
64434;0;0;0x0000;02 Illegal Data Address
64435;0;0;0x0000;02 Illegal Data Address
64436;0;0;0x0000;02 Illegal Data Address
64437;0;0;0x0000;02 Illegal Data Address
64438;0;0;0x0000;02 Illegal Data Address
64439;0;0;0x0000;02 Illegal Data Address
64440;0;0;0x0000;02 Illegal Data Address
64441;0;0;0x0000;02 Illegal Data Address
64442;0;0;0x0000;02 Illegal Data Address
64443;0;0;0x0000;02 Illegal Data Address
64444;0;0;0x0000;02 Illegal Data Address
64445;0;0;0x0000;02 Illegal Data Address
64446;0;0;0x0000;02 Illegal Data Address
64447;0;0;0x0000;02 Illegal Data Address
64448;0;0;0x0000;02 Illegal Data Address
64449;0;0;0x0000;02 Illegal Data Address
64450;0;0;0x0000;02 Illegal Data Address
64451;0;0;0x0000;02 Illegal Data Address
64452;0;0;0x0000;02 Illegal Data Address
64453;0;0;0x0000;02 Illegal Data Address
64454;0;0;0x0000;02 Illegal Data Address
64455;0;0;0x0000;02 Illegal Data Address
64456;0;0;0x0000;02 Illegal Data Address
64457;0;0;0x0000;02 Illegal Data Address
64458;0;0;0x0000;02 Illegal Data Address
64459;0;0;0x0000;02 Illegal Data Address
64460;0;0;0x0000;02 Illegal Data Address
64461;0;0;0x0000;02 Illegal Data Address
64462;0;0;0x0000;02 Illegal Data Address
64463;0;0;0x0000;02 Illegal Data Address
64464;0;0;0x0000;02 Illegal Data Address
64465;0;0;0x0000;02 Illegal Data Address
64466;0;0;0x0000;02 Illegal Data Address
64467;0;0;0x0000;02 Illegal Data Address
64468;0;0;0x0000;02 Illegal Data Address
64469;0;0;0x0000;02 Illegal Data Address
64470;0;0;0x0000;02 Illegal Data Address
64471;0;0;0x0000;02 Illegal Data Address
64472;0;0;0x0000;02 Illegal Data Address
64473;0;0;0x0000;02 Illegal Data Address
64474;0;0;0x0000;02 Illegal Data Address
64475;0;0;0x0000;02 Illegal Data Address
64476;0;0;0x0000;02 Illegal Data Address
64477;0;0;0x0000;02 Illegal Data Address
64478;0;0;0x0000;02 Illegal Data Address
64479;0;0;0x0000;02 Illegal Data Address
64480;0;0;0x0000;02 Illegal Data Address
64481;0;0;0x0000;02 Illegal Data Address
64482;0;0;0x0000;02 Illegal Data Address
64483;0;0;0x0000;02 Illegal Data Address
64484;0;0;0x0000;02 Illegal Data Address
64485;0;0;0x0000;02 Illegal Data Address
64486;0;0;0x0000;02 Illegal Data Address
64487;0;0;0x0000;02 Illegal Data Address
64488;0;0;0x0000;02 Illegal Data Address
64489;0;0;0x0000;02 Illegal Data Address
64490;0;0;0x0000;02 Illegal Data Address
64491;0;0;0x0000;02 Illegal Data Address
64492;0;0;0x0000;02 Illegal Data Address
64493;0;0;0x0000;02 Illegal Data Address
64494;0;0;0x0000;02 Illegal Data Address
64495;0;0;0x0000;02 Illegal Data Address
64496;0;0;0x0000;02 Illegal Data Address
64497;0;0;0x0000;02 Illegal Data Address
64498;0;0;0x0000;02 Illegal Data Address
64499;0;0;0x0000;02 Illegal Data Address
64500;0;0;0x0000;02 Illegal Data Address
64501;0;0;0x0000;02 Illegal Data Address
64502;0;0;0x0000;02 Illegal Data Address
64503;0;0;0x0000;02 Illegal Data Address
64504;0;0;0x0000;02 Illegal Data Address
64505;0;0;0x0000;02 Illegal Data Address
64506;0;0;0x0000;02 Illegal Data Address
64507;0;0;0x0000;02 Illegal Data Address
64508;0;0;0x0000;02 Illegal Data Address
64509;0;0;0x0000;02 Illegal Data Address
64510;0;0;0x0000;02 Illegal Data Address
64511;0;0;0x0000;02 Illegal Data Address
64512;0;0;0x0000;02 Illegal Data Address
64513;0;0;0x0000;02 Illegal Data Address
64514;0;0;0x0000;02 Illegal Data Address
64515;0;0;0x0000;02 Illegal Data Address
64516;0;0;0x0000;02 Illegal Data Address
64517;0;0;0x0000;02 Illegal Data Address
64518;0;0;0x0000;02 Illegal Data Address
64519;0;0;0x0000;02 Illegal Data Address
64520;0;0;0x0000;02 Illegal Data Address
64521;0;0;0x0000;02 Illegal Data Address
64522;0;0;0x0000;02 Illegal Data Address
64523;0;0;0x0000;02 Illegal Data Address
64524;0;0;0x0000;02 Illegal Data Address
64525;0;0;0x0000;02 Illegal Data Address
64526;0;0;0x0000;02 Illegal Data Address
64527;0;0;0x0000;02 Illegal Data Address
64528;0;0;0x0000;02 Illegal Data Address
64529;0;0;0x0000;02 Illegal Data Address
64530;0;0;0x0000;02 Illegal Data Address
64531;0;0;0x0000;02 Illegal Data Address
64532;0;0;0x0000;02 Illegal Data Address
64533;0;0;0x0000;02 Illegal Data Address
64534;0;0;0x0000;02 Illegal Data Address
64535;0;0;0x0000;02 Illegal Data Address
64536;0;0;0x0000;02 Illegal Data Address
64537;0;0;0x0000;02 Illegal Data Address
64538;0;0;0x0000;02 Illegal Data Address
64539;0;0;0x0000;02 Illegal Data Address
64540;0;0;0x0000;02 Illegal Data Address
64541;0;0;0x0000;02 Illegal Data Address
64542;0;0;0x0000;02 Illegal Data Address
64543;0;0;0x0000;02 Illegal Data Address
64544;0;0;0x0000;02 Illegal Data Address
64545;0;0;0x0000;02 Illegal Data Address
64546;0;0;0x0000;02 Illegal Data Address
64547;0;0;0x0000;02 Illegal Data Address
64548;0;0;0x0000;02 Illegal Data Address
64549;0;0;0x0000;02 Illegal Data Address
64550;0;0;0x0000;02 Illegal Data Address
64551;0;0;0x0000;02 Illegal Data Address
64552;0;0;0x0000;02 Illegal Data Address
64553;0;0;0x0000;02 Illegal Data Address
64554;0;0;0x0000;02 Illegal Data Address
64555;0;0;0x0000;02 Illegal Data Address
64556;0;0;0x0000;02 Illegal Data Address
64557;0;0;0x0000;02 Illegal Data Address
64558;0;0;0x0000;02 Illegal Data Address
64559;0;0;0x0000;02 Illegal Data Address
64560;0;0;0x0000;02 Illegal Data Address
64561;0;0;0x0000;02 Illegal Data Address
64562;0;0;0x0000;02 Illegal Data Address
64563;0;0;0x0000;02 Illegal Data Address
64564;0;0;0x0000;02 Illegal Data Address
64565;0;0;0x0000;02 Illegal Data Address
64566;0;0;0x0000;02 Illegal Data Address
64567;0;0;0x0000;02 Illegal Data Address
64568;0;0;0x0000;02 Illegal Data Address
64569;0;0;0x0000;02 Illegal Data Address
64570;0;0;0x0000;02 Illegal Data Address
64571;0;0;0x0000;02 Illegal Data Address
64572;0;0;0x0000;02 Illegal Data Address
64573;0;0;0x0000;02 Illegal Data Address
64574;0;0;0x0000;02 Illegal Data Address
64575;0;0;0x0000;02 Illegal Data Address
64576;0;0;0x0000;02 Illegal Data Address
64577;0;0;0x0000;02 Illegal Data Address
64578;0;0;0x0000;02 Illegal Data Address
64579;0;0;0x0000;02 Illegal Data Address
64580;0;0;0x0000;02 Illegal Data Address
64581;0;0;0x0000;02 Illegal Data Address
64582;0;0;0x0000;02 Illegal Data Address
64583;0;0;0x0000;02 Illegal Data Address
64584;0;0;0x0000;02 Illegal Data Address
64585;0;0;0x0000;02 Illegal Data Address
64586;0;0;0x0000;02 Illegal Data Address
64587;0;0;0x0000;02 Illegal Data Address
64588;0;0;0x0000;02 Illegal Data Address
64589;0;0;0x0000;02 Illegal Data Address
64590;0;0;0x0000;02 Illegal Data Address
64591;0;0;0x0000;02 Illegal Data Address
64592;0;0;0x0000;02 Illegal Data Address
64593;0;0;0x0000;02 Illegal Data Address
64594;0;0;0x0000;02 Illegal Data Address
64595;0;0;0x0000;02 Illegal Data Address
64596;0;0;0x0000;02 Illegal Data Address
64597;0;0;0x0000;02 Illegal Data Address
64598;0;0;0x0000;02 Illegal Data Address
64599;0;0;0x0000;02 Illegal Data Address
64600;0;0;0x0000;02 Illegal Data Address
64601;0;0;0x0000;02 Illegal Data Address
64602;0;0;0x0000;02 Illegal Data Address
64603;0;0;0x0000;02 Illegal Data Address
64604;0;0;0x0000;02 Illegal Data Address
64605;0;0;0x0000;02 Illegal Data Address
64606;0;0;0x0000;02 Illegal Data Address
64607;0;0;0x0000;02 Illegal Data Address
64608;0;0;0x0000;02 Illegal Data Address
64609;0;0;0x0000;02 Illegal Data Address
64610;0;0;0x0000;02 Illegal Data Address
64611;0;0;0x0000;02 Illegal Data Address
64612;0;0;0x0000;02 Illegal Data Address
64613;0;0;0x0000;02 Illegal Data Address
64614;0;0;0x0000;02 Illegal Data Address
64615;0;0;0x0000;02 Illegal Data Address
64616;0;0;0x0000;02 Illegal Data Address
64617;0;0;0x0000;02 Illegal Data Address
64618;0;0;0x0000;02 Illegal Data Address
64619;0;0;0x0000;02 Illegal Data Address
64620;0;0;0x0000;02 Illegal Data Address
64621;0;0;0x0000;02 Illegal Data Address
64622;0;0;0x0000;02 Illegal Data Address
64623;0;0;0x0000;02 Illegal Data Address
64624;0;0;0x0000;02 Illegal Data Address
64625;0;0;0x0000;02 Illegal Data Address
64626;0;0;0x0000;02 Illegal Data Address
64627;0;0;0x0000;02 Illegal Data Address
64628;0;0;0x0000;02 Illegal Data Address
64629;0;0;0x0000;02 Illegal Data Address
64630;0;0;0x0000;02 Illegal Data Address
64631;0;0;0x0000;02 Illegal Data Address
64632;0;0;0x0000;02 Illegal Data Address
64633;0;0;0x0000;02 Illegal Data Address
64634;0;0;0x0000;02 Illegal Data Address
64635;0;0;0x0000;02 Illegal Data Address
64636;0;0;0x0000;02 Illegal Data Address
64637;0;0;0x0000;02 Illegal Data Address
64638;0;0;0x0000;02 Illegal Data Address
64639;0;0;0x0000;02 Illegal Data Address
64640;0;0;0x0000;02 Illegal Data Address
64641;0;0;0x0000;02 Illegal Data Address
64642;0;0;0x0000;02 Illegal Data Address
64643;0;0;0x0000;02 Illegal Data Address
64644;0;0;0x0000;02 Illegal Data Address
64645;0;0;0x0000;02 Illegal Data Address
64646;0;0;0x0000;02 Illegal Data Address
64647;0;0;0x0000;02 Illegal Data Address
64648;0;0;0x0000;02 Illegal Data Address
64649;0;0;0x0000;02 Illegal Data Address
64650;0;0;0x0000;02 Illegal Data Address
64651;0;0;0x0000;02 Illegal Data Address
64652;0;0;0x0000;02 Illegal Data Address
64653;0;0;0x0000;02 Illegal Data Address
64654;0;0;0x0000;02 Illegal Data Address
64655;0;0;0x0000;02 Illegal Data Address
64656;0;0;0x0000;02 Illegal Data Address
64657;0;0;0x0000;02 Illegal Data Address
64658;0;0;0x0000;02 Illegal Data Address
64659;0;0;0x0000;02 Illegal Data Address
64660;0;0;0x0000;02 Illegal Data Address
64661;0;0;0x0000;02 Illegal Data Address
64662;0;0;0x0000;02 Illegal Data Address
64663;0;0;0x0000;02 Illegal Data Address
64664;0;0;0x0000;02 Illegal Data Address
64665;0;0;0x0000;02 Illegal Data Address
64666;0;0;0x0000;02 Illegal Data Address
64667;0;0;0x0000;02 Illegal Data Address
64668;0;0;0x0000;02 Illegal Data Address
64669;0;0;0x0000;02 Illegal Data Address
64670;0;0;0x0000;02 Illegal Data Address
64671;0;0;0x0000;02 Illegal Data Address
64672;0;0;0x0000;02 Illegal Data Address
64673;0;0;0x0000;02 Illegal Data Address
64674;0;0;0x0000;02 Illegal Data Address
64675;0;0;0x0000;02 Illegal Data Address
64676;0;0;0x0000;02 Illegal Data Address
64677;0;0;0x0000;02 Illegal Data Address
64678;0;0;0x0000;02 Illegal Data Address
64679;0;0;0x0000;02 Illegal Data Address
64680;0;0;0x0000;02 Illegal Data Address
64681;0;0;0x0000;02 Illegal Data Address
64682;0;0;0x0000;02 Illegal Data Address
64683;0;0;0x0000;02 Illegal Data Address
64684;0;0;0x0000;02 Illegal Data Address
64685;0;0;0x0000;02 Illegal Data Address
64686;0;0;0x0000;02 Illegal Data Address
64687;0;0;0x0000;02 Illegal Data Address
64688;0;0;0x0000;02 Illegal Data Address
64689;0;0;0x0000;02 Illegal Data Address
64690;0;0;0x0000;02 Illegal Data Address
64691;0;0;0x0000;02 Illegal Data Address
64692;0;0;0x0000;02 Illegal Data Address
64693;0;0;0x0000;02 Illegal Data Address
64694;0;0;0x0000;02 Illegal Data Address
64695;0;0;0x0000;02 Illegal Data Address
64696;0;0;0x0000;02 Illegal Data Address
64697;0;0;0x0000;02 Illegal Data Address
64698;0;0;0x0000;02 Illegal Data Address
64699;0;0;0x0000;02 Illegal Data Address
64700;0;0;0x0000;02 Illegal Data Address
64701;0;0;0x0000;02 Illegal Data Address
64702;0;0;0x0000;02 Illegal Data Address
64703;0;0;0x0000;02 Illegal Data Address
64704;0;0;0x0000;02 Illegal Data Address
64705;0;0;0x0000;02 Illegal Data Address
64706;0;0;0x0000;02 Illegal Data Address
64707;0;0;0x0000;02 Illegal Data Address
64708;0;0;0x0000;02 Illegal Data Address
64709;0;0;0x0000;02 Illegal Data Address
64710;0;0;0x0000;02 Illegal Data Address
64711;0;0;0x0000;02 Illegal Data Address
64712;0;0;0x0000;02 Illegal Data Address
64713;0;0;0x0000;02 Illegal Data Address
64714;0;0;0x0000;02 Illegal Data Address
64715;0;0;0x0000;02 Illegal Data Address
64716;0;0;0x0000;02 Illegal Data Address
64717;0;0;0x0000;02 Illegal Data Address
64718;0;0;0x0000;02 Illegal Data Address
64719;0;0;0x0000;02 Illegal Data Address
64720;0;0;0x0000;02 Illegal Data Address
64721;0;0;0x0000;02 Illegal Data Address
64722;0;0;0x0000;02 Illegal Data Address
64723;0;0;0x0000;02 Illegal Data Address
64724;0;0;0x0000;02 Illegal Data Address
64725;0;0;0x0000;02 Illegal Data Address
64726;0;0;0x0000;02 Illegal Data Address
64727;0;0;0x0000;02 Illegal Data Address
64728;0;0;0x0000;02 Illegal Data Address
64729;0;0;0x0000;02 Illegal Data Address
64730;0;0;0x0000;02 Illegal Data Address
64731;0;0;0x0000;02 Illegal Data Address
64732;0;0;0x0000;02 Illegal Data Address
64733;0;0;0x0000;02 Illegal Data Address
64734;0;0;0x0000;02 Illegal Data Address
64735;0;0;0x0000;02 Illegal Data Address
64736;0;0;0x0000;02 Illegal Data Address
64737;0;0;0x0000;02 Illegal Data Address
64738;0;0;0x0000;02 Illegal Data Address
64739;0;0;0x0000;02 Illegal Data Address
64740;0;0;0x0000;02 Illegal Data Address
64741;0;0;0x0000;02 Illegal Data Address
64742;0;0;0x0000;02 Illegal Data Address
64743;0;0;0x0000;02 Illegal Data Address
64744;0;0;0x0000;02 Illegal Data Address
64745;0;0;0x0000;02 Illegal Data Address
64746;0;0;0x0000;02 Illegal Data Address
64747;0;0;0x0000;02 Illegal Data Address
64748;0;0;0x0000;02 Illegal Data Address
64749;0;0;0x0000;02 Illegal Data Address
64750;0;0;0x0000;02 Illegal Data Address
64751;0;0;0x0000;02 Illegal Data Address
64752;0;0;0x0000;02 Illegal Data Address
64753;0;0;0x0000;02 Illegal Data Address
64754;0;0;0x0000;02 Illegal Data Address
64755;0;0;0x0000;02 Illegal Data Address
64756;0;0;0x0000;02 Illegal Data Address
64757;0;0;0x0000;02 Illegal Data Address
64758;0;0;0x0000;02 Illegal Data Address
64759;0;0;0x0000;02 Illegal Data Address
64760;0;0;0x0000;02 Illegal Data Address
64761;0;0;0x0000;02 Illegal Data Address
64762;0;0;0x0000;02 Illegal Data Address
64763;0;0;0x0000;02 Illegal Data Address
64764;0;0;0x0000;02 Illegal Data Address
64765;0;0;0x0000;02 Illegal Data Address
64766;0;0;0x0000;02 Illegal Data Address
64767;0;0;0x0000;02 Illegal Data Address
64768;0;0;0x0000;02 Illegal Data Address
64769;0;0;0x0000;02 Illegal Data Address
64770;0;0;0x0000;02 Illegal Data Address
64771;0;0;0x0000;02 Illegal Data Address
64772;0;0;0x0000;02 Illegal Data Address
64773;0;0;0x0000;02 Illegal Data Address
64774;0;0;0x0000;02 Illegal Data Address
64775;0;0;0x0000;02 Illegal Data Address
64776;0;0;0x0000;02 Illegal Data Address
64777;0;0;0x0000;02 Illegal Data Address
64778;0;0;0x0000;02 Illegal Data Address
64779;0;0;0x0000;02 Illegal Data Address
64780;0;0;0x0000;02 Illegal Data Address
64781;0;0;0x0000;02 Illegal Data Address
64782;0;0;0x0000;02 Illegal Data Address
64783;0;0;0x0000;02 Illegal Data Address
64784;0;0;0x0000;02 Illegal Data Address
64785;0;0;0x0000;02 Illegal Data Address
64786;0;0;0x0000;02 Illegal Data Address
64787;0;0;0x0000;02 Illegal Data Address
64788;0;0;0x0000;02 Illegal Data Address
64789;0;0;0x0000;02 Illegal Data Address
64790;0;0;0x0000;02 Illegal Data Address
64791;0;0;0x0000;02 Illegal Data Address
64792;0;0;0x0000;02 Illegal Data Address
64793;0;0;0x0000;02 Illegal Data Address
64794;0;0;0x0000;02 Illegal Data Address
64795;0;0;0x0000;02 Illegal Data Address
64796;0;0;0x0000;02 Illegal Data Address
64797;0;0;0x0000;02 Illegal Data Address
64798;0;0;0x0000;02 Illegal Data Address
64799;0;0;0x0000;02 Illegal Data Address
64800;0;0;0x0000;02 Illegal Data Address
64801;0;0;0x0000;02 Illegal Data Address
64802;0;0;0x0000;02 Illegal Data Address
64803;0;0;0x0000;02 Illegal Data Address
64804;0;0;0x0000;02 Illegal Data Address
64805;0;0;0x0000;02 Illegal Data Address
64806;0;0;0x0000;02 Illegal Data Address
64807;0;0;0x0000;02 Illegal Data Address
64808;0;0;0x0000;02 Illegal Data Address
64809;0;0;0x0000;02 Illegal Data Address
64810;0;0;0x0000;02 Illegal Data Address
64811;0;0;0x0000;02 Illegal Data Address
64812;0;0;0x0000;02 Illegal Data Address
64813;0;0;0x0000;02 Illegal Data Address
64814;0;0;0x0000;02 Illegal Data Address
64815;0;0;0x0000;02 Illegal Data Address
64816;0;0;0x0000;02 Illegal Data Address
64817;0;0;0x0000;02 Illegal Data Address
64818;0;0;0x0000;02 Illegal Data Address
64819;0;0;0x0000;02 Illegal Data Address
64820;0;0;0x0000;02 Illegal Data Address
64821;0;0;0x0000;02 Illegal Data Address
64822;0;0;0x0000;02 Illegal Data Address
64823;0;0;0x0000;02 Illegal Data Address
64824;0;0;0x0000;02 Illegal Data Address
64825;0;0;0x0000;02 Illegal Data Address
64826;0;0;0x0000;02 Illegal Data Address
64827;0;0;0x0000;02 Illegal Data Address
64828;0;0;0x0000;02 Illegal Data Address
64829;0;0;0x0000;02 Illegal Data Address
64830;0;0;0x0000;02 Illegal Data Address
64831;0;0;0x0000;02 Illegal Data Address
64832;0;0;0x0000;02 Illegal Data Address
64833;0;0;0x0000;02 Illegal Data Address
64834;0;0;0x0000;02 Illegal Data Address
64835;0;0;0x0000;02 Illegal Data Address
64836;0;0;0x0000;02 Illegal Data Address
64837;0;0;0x0000;02 Illegal Data Address
64838;0;0;0x0000;02 Illegal Data Address
64839;0;0;0x0000;02 Illegal Data Address
64840;0;0;0x0000;02 Illegal Data Address
64841;0;0;0x0000;02 Illegal Data Address
64842;0;0;0x0000;02 Illegal Data Address
64843;0;0;0x0000;02 Illegal Data Address
64844;0;0;0x0000;02 Illegal Data Address
64845;0;0;0x0000;02 Illegal Data Address
64846;0;0;0x0000;02 Illegal Data Address
64847;0;0;0x0000;02 Illegal Data Address
64848;0;0;0x0000;02 Illegal Data Address
64849;0;0;0x0000;02 Illegal Data Address
64850;0;0;0x0000;02 Illegal Data Address
64851;0;0;0x0000;02 Illegal Data Address
64852;0;0;0x0000;02 Illegal Data Address
64853;0;0;0x0000;02 Illegal Data Address
64854;0;0;0x0000;02 Illegal Data Address
64855;0;0;0x0000;02 Illegal Data Address
64856;0;0;0x0000;02 Illegal Data Address
64857;0;0;0x0000;02 Illegal Data Address
64858;0;0;0x0000;02 Illegal Data Address
64859;0;0;0x0000;02 Illegal Data Address
64860;0;0;0x0000;02 Illegal Data Address
64861;0;0;0x0000;02 Illegal Data Address
64862;0;0;0x0000;02 Illegal Data Address
64863;0;0;0x0000;02 Illegal Data Address
64864;0;0;0x0000;02 Illegal Data Address
64865;0;0;0x0000;02 Illegal Data Address
64866;0;0;0x0000;02 Illegal Data Address
64867;0;0;0x0000;02 Illegal Data Address
64868;0;0;0x0000;02 Illegal Data Address
64869;0;0;0x0000;02 Illegal Data Address
64870;0;0;0x0000;02 Illegal Data Address
64871;0;0;0x0000;02 Illegal Data Address
64872;0;0;0x0000;02 Illegal Data Address
64873;0;0;0x0000;02 Illegal Data Address
64874;0;0;0x0000;02 Illegal Data Address
64875;0;0;0x0000;02 Illegal Data Address
64876;0;0;0x0000;02 Illegal Data Address
64877;0;0;0x0000;02 Illegal Data Address
64878;0;0;0x0000;02 Illegal Data Address
64879;0;0;0x0000;02 Illegal Data Address
64880;0;0;0x0000;02 Illegal Data Address
64881;0;0;0x0000;02 Illegal Data Address
64882;0;0;0x0000;02 Illegal Data Address
64883;0;0;0x0000;02 Illegal Data Address
64884;0;0;0x0000;02 Illegal Data Address
64885;0;0;0x0000;02 Illegal Data Address
64886;0;0;0x0000;02 Illegal Data Address
64887;0;0;0x0000;02 Illegal Data Address
64888;0;0;0x0000;02 Illegal Data Address
64889;0;0;0x0000;02 Illegal Data Address
64890;0;0;0x0000;02 Illegal Data Address
64891;0;0;0x0000;02 Illegal Data Address
64892;0;0;0x0000;02 Illegal Data Address
64893;0;0;0x0000;02 Illegal Data Address
64894;0;0;0x0000;02 Illegal Data Address
64895;0;0;0x0000;02 Illegal Data Address
64896;0;0;0x0000;02 Illegal Data Address
64897;0;0;0x0000;02 Illegal Data Address
64898;0;0;0x0000;02 Illegal Data Address
64899;0;0;0x0000;02 Illegal Data Address
64900;0;0;0x0000;02 Illegal Data Address
64901;0;0;0x0000;02 Illegal Data Address
64902;0;0;0x0000;02 Illegal Data Address
64903;0;0;0x0000;02 Illegal Data Address
64904;0;0;0x0000;02 Illegal Data Address
64905;0;0;0x0000;02 Illegal Data Address
64906;0;0;0x0000;02 Illegal Data Address
64907;0;0;0x0000;02 Illegal Data Address
64908;0;0;0x0000;02 Illegal Data Address
64909;0;0;0x0000;02 Illegal Data Address
64910;0;0;0x0000;02 Illegal Data Address
64911;0;0;0x0000;02 Illegal Data Address
64912;0;0;0x0000;02 Illegal Data Address
64913;0;0;0x0000;02 Illegal Data Address
64914;0;0;0x0000;02 Illegal Data Address
64915;0;0;0x0000;02 Illegal Data Address
64916;0;0;0x0000;02 Illegal Data Address
64917;0;0;0x0000;02 Illegal Data Address
64918;0;0;0x0000;02 Illegal Data Address
64919;0;0;0x0000;02 Illegal Data Address
64920;0;0;0x0000;02 Illegal Data Address
64921;0;0;0x0000;02 Illegal Data Address
64922;0;0;0x0000;02 Illegal Data Address
64923;0;0;0x0000;02 Illegal Data Address
64924;0;0;0x0000;02 Illegal Data Address
64925;0;0;0x0000;02 Illegal Data Address
64926;0;0;0x0000;02 Illegal Data Address
64927;0;0;0x0000;02 Illegal Data Address
64928;0;0;0x0000;02 Illegal Data Address
64929;0;0;0x0000;02 Illegal Data Address
64930;0;0;0x0000;02 Illegal Data Address
64931;0;0;0x0000;02 Illegal Data Address
64932;0;0;0x0000;02 Illegal Data Address
64933;0;0;0x0000;02 Illegal Data Address
64934;0;0;0x0000;02 Illegal Data Address
64935;0;0;0x0000;02 Illegal Data Address
64936;0;0;0x0000;02 Illegal Data Address
64937;0;0;0x0000;02 Illegal Data Address
64938;0;0;0x0000;02 Illegal Data Address
64939;0;0;0x0000;02 Illegal Data Address
64940;0;0;0x0000;02 Illegal Data Address
64941;0;0;0x0000;02 Illegal Data Address
64942;0;0;0x0000;02 Illegal Data Address
64943;0;0;0x0000;02 Illegal Data Address
64944;0;0;0x0000;02 Illegal Data Address
64945;0;0;0x0000;02 Illegal Data Address
64946;0;0;0x0000;02 Illegal Data Address
64947;0;0;0x0000;02 Illegal Data Address
64948;0;0;0x0000;02 Illegal Data Address
64949;0;0;0x0000;02 Illegal Data Address
64950;0;0;0x0000;02 Illegal Data Address
64951;0;0;0x0000;02 Illegal Data Address
64952;0;0;0x0000;02 Illegal Data Address
64953;0;0;0x0000;02 Illegal Data Address
64954;0;0;0x0000;02 Illegal Data Address
64955;0;0;0x0000;02 Illegal Data Address
64956;0;0;0x0000;02 Illegal Data Address
64957;0;0;0x0000;02 Illegal Data Address
64958;0;0;0x0000;02 Illegal Data Address
64959;0;0;0x0000;02 Illegal Data Address
64960;0;0;0x0000;02 Illegal Data Address
64961;0;0;0x0000;02 Illegal Data Address
64962;0;0;0x0000;02 Illegal Data Address
64963;0;0;0x0000;02 Illegal Data Address
64964;0;0;0x0000;02 Illegal Data Address
64965;0;0;0x0000;02 Illegal Data Address
64966;0;0;0x0000;02 Illegal Data Address
64967;0;0;0x0000;02 Illegal Data Address
64968;0;0;0x0000;02 Illegal Data Address
64969;0;0;0x0000;02 Illegal Data Address
64970;0;0;0x0000;02 Illegal Data Address
64971;0;0;0x0000;02 Illegal Data Address
64972;0;0;0x0000;02 Illegal Data Address
64973;0;0;0x0000;02 Illegal Data Address
64974;0;0;0x0000;02 Illegal Data Address
64975;0;0;0x0000;02 Illegal Data Address
64976;0;0;0x0000;02 Illegal Data Address
64977;0;0;0x0000;02 Illegal Data Address
64978;0;0;0x0000;02 Illegal Data Address
64979;0;0;0x0000;02 Illegal Data Address
64980;0;0;0x0000;02 Illegal Data Address
64981;0;0;0x0000;02 Illegal Data Address
64982;0;0;0x0000;02 Illegal Data Address
64983;0;0;0x0000;02 Illegal Data Address
64984;0;0;0x0000;02 Illegal Data Address
64985;0;0;0x0000;02 Illegal Data Address
64986;0;0;0x0000;02 Illegal Data Address
64987;0;0;0x0000;02 Illegal Data Address
64988;0;0;0x0000;02 Illegal Data Address
64989;0;0;0x0000;02 Illegal Data Address
64990;0;0;0x0000;02 Illegal Data Address
64991;0;0;0x0000;02 Illegal Data Address
64992;0;0;0x0000;02 Illegal Data Address
64993;0;0;0x0000;02 Illegal Data Address
64994;0;0;0x0000;02 Illegal Data Address
64995;0;0;0x0000;02 Illegal Data Address
64996;0;0;0x0000;02 Illegal Data Address
64997;0;0;0x0000;02 Illegal Data Address
64998;0;0;0x0000;02 Illegal Data Address
64999;0;0;0x0000;02 Illegal Data Address
65000;0;0;0x0000;02 Illegal Data Address
65001;0;0;0x0000;02 Illegal Data Address
65002;0;0;0x0000;02 Illegal Data Address
65003;0;0;0x0000;02 Illegal Data Address
65004;0;0;0x0000;02 Illegal Data Address
65005;0;0;0x0000;02 Illegal Data Address
65006;0;0;0x0000;02 Illegal Data Address
65007;0;0;0x0000;02 Illegal Data Address
65008;0;0;0x0000;02 Illegal Data Address
65009;0;0;0x0000;02 Illegal Data Address
65010;0;0;0x0000;02 Illegal Data Address
65011;0;0;0x0000;02 Illegal Data Address
65012;0;0;0x0000;02 Illegal Data Address
65013;0;0;0x0000;02 Illegal Data Address
65014;0;0;0x0000;02 Illegal Data Address
65015;0;0;0x0000;02 Illegal Data Address
65016;0;0;0x0000;02 Illegal Data Address
65017;0;0;0x0000;02 Illegal Data Address
65018;0;0;0x0000;02 Illegal Data Address
65019;0;0;0x0000;02 Illegal Data Address
65020;0;0;0x0000;02 Illegal Data Address
65021;0;0;0x0000;02 Illegal Data Address
65022;0;0;0x0000;02 Illegal Data Address
65023;0;0;0x0000;02 Illegal Data Address
65024;0;0;0x0000;02 Illegal Data Address
65025;0;0;0x0000;02 Illegal Data Address
65026;0;0;0x0000;02 Illegal Data Address
65027;0;0;0x0000;02 Illegal Data Address
65028;0;0;0x0000;02 Illegal Data Address
65029;0;0;0x0000;02 Illegal Data Address
65030;0;0;0x0000;02 Illegal Data Address
65031;0;0;0x0000;02 Illegal Data Address
65032;0;0;0x0000;02 Illegal Data Address
65033;0;0;0x0000;02 Illegal Data Address
65034;0;0;0x0000;02 Illegal Data Address
65035;0;0;0x0000;02 Illegal Data Address
65036;0;0;0x0000;02 Illegal Data Address
65037;0;0;0x0000;02 Illegal Data Address
65038;0;0;0x0000;02 Illegal Data Address
65039;0;0;0x0000;02 Illegal Data Address
65040;0;0;0x0000;02 Illegal Data Address
65041;0;0;0x0000;02 Illegal Data Address
65042;0;0;0x0000;02 Illegal Data Address
65043;0;0;0x0000;02 Illegal Data Address
65044;0;0;0x0000;02 Illegal Data Address
65045;0;0;0x0000;02 Illegal Data Address
65046;0;0;0x0000;02 Illegal Data Address
65047;0;0;0x0000;02 Illegal Data Address
65048;0;0;0x0000;02 Illegal Data Address
65049;0;0;0x0000;02 Illegal Data Address
65050;0;0;0x0000;02 Illegal Data Address
65051;0;0;0x0000;02 Illegal Data Address
65052;0;0;0x0000;02 Illegal Data Address
65053;0;0;0x0000;02 Illegal Data Address
65054;0;0;0x0000;02 Illegal Data Address
65055;0;0;0x0000;02 Illegal Data Address
65056;0;0;0x0000;02 Illegal Data Address
65057;0;0;0x0000;02 Illegal Data Address
65058;0;0;0x0000;02 Illegal Data Address
65059;0;0;0x0000;02 Illegal Data Address
65060;0;0;0x0000;02 Illegal Data Address
65061;0;0;0x0000;02 Illegal Data Address
65062;0;0;0x0000;02 Illegal Data Address
65063;0;0;0x0000;02 Illegal Data Address
65064;0;0;0x0000;02 Illegal Data Address
65065;0;0;0x0000;02 Illegal Data Address
65066;0;0;0x0000;02 Illegal Data Address
65067;0;0;0x0000;02 Illegal Data Address
65068;0;0;0x0000;02 Illegal Data Address
65069;0;0;0x0000;02 Illegal Data Address
65070;0;0;0x0000;02 Illegal Data Address
65071;0;0;0x0000;02 Illegal Data Address
65072;0;0;0x0000;02 Illegal Data Address
65073;0;0;0x0000;02 Illegal Data Address
65074;0;0;0x0000;02 Illegal Data Address
65075;0;0;0x0000;02 Illegal Data Address
65076;0;0;0x0000;02 Illegal Data Address
65077;0;0;0x0000;02 Illegal Data Address
65078;0;0;0x0000;02 Illegal Data Address
65079;0;0;0x0000;02 Illegal Data Address
65080;0;0;0x0000;02 Illegal Data Address
65081;0;0;0x0000;02 Illegal Data Address
65082;0;0;0x0000;02 Illegal Data Address
65083;0;0;0x0000;02 Illegal Data Address
65084;0;0;0x0000;02 Illegal Data Address
65085;0;0;0x0000;02 Illegal Data Address
65086;0;0;0x0000;02 Illegal Data Address
65087;0;0;0x0000;02 Illegal Data Address
65088;0;0;0x0000;02 Illegal Data Address
65089;0;0;0x0000;02 Illegal Data Address
65090;0;0;0x0000;02 Illegal Data Address
65091;0;0;0x0000;02 Illegal Data Address
65092;0;0;0x0000;02 Illegal Data Address
65093;0;0;0x0000;02 Illegal Data Address
65094;0;0;0x0000;02 Illegal Data Address
65095;0;0;0x0000;02 Illegal Data Address
65096;0;0;0x0000;02 Illegal Data Address
65097;0;0;0x0000;02 Illegal Data Address
65098;0;0;0x0000;02 Illegal Data Address
65099;0;0;0x0000;02 Illegal Data Address
65100;0;0;0x0000;02 Illegal Data Address
65101;0;0;0x0000;02 Illegal Data Address
65102;0;0;0x0000;02 Illegal Data Address
65103;0;0;0x0000;02 Illegal Data Address
65104;0;0;0x0000;02 Illegal Data Address
65105;0;0;0x0000;02 Illegal Data Address
65106;0;0;0x0000;02 Illegal Data Address
65107;0;0;0x0000;02 Illegal Data Address
65108;0;0;0x0000;02 Illegal Data Address
65109;0;0;0x0000;02 Illegal Data Address
65110;0;0;0x0000;02 Illegal Data Address
65111;0;0;0x0000;02 Illegal Data Address
65112;0;0;0x0000;02 Illegal Data Address
65113;0;0;0x0000;02 Illegal Data Address
65114;0;0;0x0000;02 Illegal Data Address
65115;0;0;0x0000;02 Illegal Data Address
65116;0;0;0x0000;02 Illegal Data Address
65117;0;0;0x0000;02 Illegal Data Address
65118;0;0;0x0000;02 Illegal Data Address
65119;0;0;0x0000;02 Illegal Data Address
65120;0;0;0x0000;02 Illegal Data Address
65121;0;0;0x0000;02 Illegal Data Address
65122;0;0;0x0000;02 Illegal Data Address
65123;0;0;0x0000;02 Illegal Data Address
65124;0;0;0x0000;02 Illegal Data Address
65125;0;0;0x0000;02 Illegal Data Address
65126;0;0;0x0000;02 Illegal Data Address
65127;0;0;0x0000;02 Illegal Data Address
65128;0;0;0x0000;02 Illegal Data Address
65129;0;0;0x0000;02 Illegal Data Address
65130;0;0;0x0000;02 Illegal Data Address
65131;0;0;0x0000;02 Illegal Data Address
65132;0;0;0x0000;02 Illegal Data Address
65133;0;0;0x0000;02 Illegal Data Address
65134;0;0;0x0000;02 Illegal Data Address
65135;0;0;0x0000;02 Illegal Data Address
65136;0;0;0x0000;02 Illegal Data Address
65137;0;0;0x0000;02 Illegal Data Address
65138;0;0;0x0000;02 Illegal Data Address
65139;0;0;0x0000;02 Illegal Data Address
65140;0;0;0x0000;02 Illegal Data Address
65141;0;0;0x0000;02 Illegal Data Address
65142;0;0;0x0000;02 Illegal Data Address
65143;0;0;0x0000;02 Illegal Data Address
65144;0;0;0x0000;02 Illegal Data Address
65145;0;0;0x0000;02 Illegal Data Address
65146;0;0;0x0000;02 Illegal Data Address
65147;0;0;0x0000;02 Illegal Data Address
65148;0;0;0x0000;02 Illegal Data Address
65149;0;0;0x0000;02 Illegal Data Address
65150;0;0;0x0000;02 Illegal Data Address
65151;0;0;0x0000;02 Illegal Data Address
65152;0;0;0x0000;02 Illegal Data Address
65153;0;0;0x0000;02 Illegal Data Address
65154;0;0;0x0000;02 Illegal Data Address
65155;0;0;0x0000;02 Illegal Data Address
65156;0;0;0x0000;02 Illegal Data Address
65157;0;0;0x0000;02 Illegal Data Address
65158;0;0;0x0000;02 Illegal Data Address
65159;0;0;0x0000;02 Illegal Data Address
65160;0;0;0x0000;02 Illegal Data Address
65161;0;0;0x0000;02 Illegal Data Address
65162;0;0;0x0000;02 Illegal Data Address
65163;0;0;0x0000;02 Illegal Data Address
65164;0;0;0x0000;02 Illegal Data Address
65165;0;0;0x0000;02 Illegal Data Address
65166;0;0;0x0000;02 Illegal Data Address
65167;0;0;0x0000;02 Illegal Data Address
65168;0;0;0x0000;02 Illegal Data Address
65169;0;0;0x0000;02 Illegal Data Address
65170;0;0;0x0000;02 Illegal Data Address
65171;0;0;0x0000;02 Illegal Data Address
65172;0;0;0x0000;02 Illegal Data Address
65173;0;0;0x0000;02 Illegal Data Address
65174;0;0;0x0000;02 Illegal Data Address
65175;0;0;0x0000;02 Illegal Data Address
65176;0;0;0x0000;02 Illegal Data Address
65177;0;0;0x0000;02 Illegal Data Address
65178;0;0;0x0000;02 Illegal Data Address
65179;0;0;0x0000;02 Illegal Data Address
65180;0;0;0x0000;02 Illegal Data Address
65181;0;0;0x0000;02 Illegal Data Address
65182;0;0;0x0000;02 Illegal Data Address
65183;0;0;0x0000;02 Illegal Data Address
65184;0;0;0x0000;02 Illegal Data Address
65185;0;0;0x0000;02 Illegal Data Address
65186;0;0;0x0000;02 Illegal Data Address
65187;0;0;0x0000;02 Illegal Data Address
65188;0;0;0x0000;02 Illegal Data Address
65189;0;0;0x0000;02 Illegal Data Address
65190;0;0;0x0000;02 Illegal Data Address
65191;0;0;0x0000;02 Illegal Data Address
65192;0;0;0x0000;02 Illegal Data Address
65193;0;0;0x0000;02 Illegal Data Address
65194;0;0;0x0000;02 Illegal Data Address
65195;0;0;0x0000;02 Illegal Data Address
65196;0;0;0x0000;02 Illegal Data Address
65197;0;0;0x0000;02 Illegal Data Address
65198;0;0;0x0000;02 Illegal Data Address
65199;0;0;0x0000;02 Illegal Data Address
65200;0;0;0x0000;02 Illegal Data Address
65201;0;0;0x0000;02 Illegal Data Address
65202;0;0;0x0000;02 Illegal Data Address
65203;0;0;0x0000;02 Illegal Data Address
65204;0;0;0x0000;02 Illegal Data Address
65205;0;0;0x0000;02 Illegal Data Address
65206;0;0;0x0000;02 Illegal Data Address
65207;0;0;0x0000;02 Illegal Data Address
65208;0;0;0x0000;02 Illegal Data Address
65209;0;0;0x0000;02 Illegal Data Address
65210;0;0;0x0000;02 Illegal Data Address
65211;0;0;0x0000;02 Illegal Data Address
65212;0;0;0x0000;02 Illegal Data Address
65213;0;0;0x0000;02 Illegal Data Address
65214;0;0;0x0000;02 Illegal Data Address
65215;0;0;0x0000;02 Illegal Data Address
65216;0;0;0x0000;02 Illegal Data Address
65217;0;0;0x0000;02 Illegal Data Address
65218;0;0;0x0000;02 Illegal Data Address
65219;0;0;0x0000;02 Illegal Data Address
65220;0;0;0x0000;02 Illegal Data Address
65221;0;0;0x0000;02 Illegal Data Address
65222;0;0;0x0000;02 Illegal Data Address
65223;0;0;0x0000;02 Illegal Data Address
65224;0;0;0x0000;02 Illegal Data Address
65225;0;0;0x0000;02 Illegal Data Address
65226;0;0;0x0000;02 Illegal Data Address
65227;0;0;0x0000;02 Illegal Data Address
65228;0;0;0x0000;02 Illegal Data Address
65229;0;0;0x0000;02 Illegal Data Address
65230;0;0;0x0000;02 Illegal Data Address
65231;0;0;0x0000;02 Illegal Data Address
65232;0;0;0x0000;02 Illegal Data Address
65233;0;0;0x0000;02 Illegal Data Address
65234;0;0;0x0000;02 Illegal Data Address
65235;0;0;0x0000;02 Illegal Data Address
65236;0;0;0x0000;02 Illegal Data Address
65237;0;0;0x0000;02 Illegal Data Address
65238;0;0;0x0000;02 Illegal Data Address
65239;0;0;0x0000;02 Illegal Data Address
65240;0;0;0x0000;02 Illegal Data Address
65241;0;0;0x0000;02 Illegal Data Address
65242;0;0;0x0000;02 Illegal Data Address
65243;0;0;0x0000;02 Illegal Data Address
65244;0;0;0x0000;02 Illegal Data Address
65245;0;0;0x0000;02 Illegal Data Address
65246;0;0;0x0000;02 Illegal Data Address
65247;0;0;0x0000;02 Illegal Data Address
65248;0;0;0x0000;02 Illegal Data Address
65249;0;0;0x0000;02 Illegal Data Address
65250;0;0;0x0000;02 Illegal Data Address
65251;0;0;0x0000;02 Illegal Data Address
65252;0;0;0x0000;02 Illegal Data Address
65253;0;0;0x0000;02 Illegal Data Address
65254;0;0;0x0000;02 Illegal Data Address
65255;0;0;0x0000;02 Illegal Data Address
65256;0;0;0x0000;02 Illegal Data Address
65257;0;0;0x0000;02 Illegal Data Address
65258;0;0;0x0000;02 Illegal Data Address
65259;0;0;0x0000;02 Illegal Data Address
65260;0;0;0x0000;02 Illegal Data Address
65261;0;0;0x0000;02 Illegal Data Address
65262;0;0;0x0000;02 Illegal Data Address
65263;0;0;0x0000;02 Illegal Data Address
65264;0;0;0x0000;02 Illegal Data Address
65265;0;0;0x0000;02 Illegal Data Address
65266;0;0;0x0000;02 Illegal Data Address
65267;0;0;0x0000;02 Illegal Data Address
65268;0;0;0x0000;02 Illegal Data Address
65269;0;0;0x0000;02 Illegal Data Address
65270;0;0;0x0000;02 Illegal Data Address
65271;0;0;0x0000;02 Illegal Data Address
65272;0;0;0x0000;02 Illegal Data Address
65273;0;0;0x0000;02 Illegal Data Address
65274;0;0;0x0000;02 Illegal Data Address
65275;0;0;0x0000;02 Illegal Data Address
65276;0;0;0x0000;02 Illegal Data Address
65277;0;0;0x0000;02 Illegal Data Address
65278;0;0;0x0000;02 Illegal Data Address
65279;0;0;0x0000;02 Illegal Data Address
65280;0;0;0x0000;02 Illegal Data Address
65281;0;0;0x0000;02 Illegal Data Address
65282;0;0;0x0000;02 Illegal Data Address
65283;0;0;0x0000;02 Illegal Data Address
65284;0;0;0x0000;02 Illegal Data Address
65285;0;0;0x0000;02 Illegal Data Address
65286;0;0;0x0000;02 Illegal Data Address
65287;0;0;0x0000;02 Illegal Data Address
65288;0;0;0x0000;02 Illegal Data Address
65289;0;0;0x0000;02 Illegal Data Address
65290;0;0;0x0000;02 Illegal Data Address
65291;0;0;0x0000;02 Illegal Data Address
65292;0;0;0x0000;02 Illegal Data Address
65293;0;0;0x0000;02 Illegal Data Address
65294;0;0;0x0000;02 Illegal Data Address
65295;0;0;0x0000;02 Illegal Data Address
65296;0;0;0x0000;02 Illegal Data Address
65297;0;0;0x0000;02 Illegal Data Address
65298;0;0;0x0000;02 Illegal Data Address
65299;0;0;0x0000;02 Illegal Data Address
65300;0;0;0x0000;02 Illegal Data Address
65301;0;0;0x0000;02 Illegal Data Address
65302;0;0;0x0000;02 Illegal Data Address
65303;0;0;0x0000;02 Illegal Data Address
65304;0;0;0x0000;02 Illegal Data Address
65305;0;0;0x0000;02 Illegal Data Address
65306;0;0;0x0000;02 Illegal Data Address
65307;0;0;0x0000;02 Illegal Data Address
65308;0;0;0x0000;02 Illegal Data Address
65309;0;0;0x0000;02 Illegal Data Address
65310;0;0;0x0000;02 Illegal Data Address
65311;0;0;0x0000;02 Illegal Data Address
65312;0;0;0x0000;02 Illegal Data Address
65313;0;0;0x0000;02 Illegal Data Address
65314;0;0;0x0000;02 Illegal Data Address
65315;0;0;0x0000;02 Illegal Data Address
65316;0;0;0x0000;02 Illegal Data Address
65317;0;0;0x0000;02 Illegal Data Address
65318;0;0;0x0000;02 Illegal Data Address
65319;0;0;0x0000;02 Illegal Data Address
65320;0;0;0x0000;02 Illegal Data Address
65321;0;0;0x0000;02 Illegal Data Address
65322;0;0;0x0000;02 Illegal Data Address
65323;0;0;0x0000;02 Illegal Data Address
65324;0;0;0x0000;02 Illegal Data Address
65325;0;0;0x0000;02 Illegal Data Address
65326;0;0;0x0000;02 Illegal Data Address
65327;0;0;0x0000;02 Illegal Data Address
65328;0;0;0x0000;02 Illegal Data Address
65329;0;0;0x0000;02 Illegal Data Address
65330;0;0;0x0000;02 Illegal Data Address
65331;0;0;0x0000;02 Illegal Data Address
65332;0;0;0x0000;02 Illegal Data Address
65333;0;0;0x0000;02 Illegal Data Address
65334;0;0;0x0000;02 Illegal Data Address
65335;0;0;0x0000;02 Illegal Data Address
65336;0;0;0x0000;02 Illegal Data Address
65337;0;0;0x0000;02 Illegal Data Address
65338;0;0;0x0000;02 Illegal Data Address
65339;0;0;0x0000;02 Illegal Data Address
65340;0;0;0x0000;02 Illegal Data Address
65341;0;0;0x0000;02 Illegal Data Address
65342;0;0;0x0000;02 Illegal Data Address
65343;0;0;0x0000;02 Illegal Data Address
65344;0;0;0x0000;02 Illegal Data Address
65345;0;0;0x0000;02 Illegal Data Address
65346;0;0;0x0000;02 Illegal Data Address
65347;0;0;0x0000;02 Illegal Data Address
65348;0;0;0x0000;02 Illegal Data Address
65349;0;0;0x0000;02 Illegal Data Address
65350;0;0;0x0000;02 Illegal Data Address
65351;0;0;0x0000;02 Illegal Data Address
65352;0;0;0x0000;02 Illegal Data Address
65353;0;0;0x0000;02 Illegal Data Address
65354;0;0;0x0000;02 Illegal Data Address
65355;0;0;0x0000;02 Illegal Data Address
65356;0;0;0x0000;02 Illegal Data Address
65357;0;0;0x0000;02 Illegal Data Address
65358;0;0;0x0000;02 Illegal Data Address
65359;0;0;0x0000;02 Illegal Data Address
65360;0;0;0x0000;02 Illegal Data Address
65361;0;0;0x0000;02 Illegal Data Address
65362;0;0;0x0000;02 Illegal Data Address
65363;0;0;0x0000;02 Illegal Data Address
65364;0;0;0x0000;02 Illegal Data Address
65365;0;0;0x0000;02 Illegal Data Address
65366;0;0;0x0000;02 Illegal Data Address
65367;0;0;0x0000;02 Illegal Data Address
65368;0;0;0x0000;02 Illegal Data Address
65369;0;0;0x0000;02 Illegal Data Address
65370;0;0;0x0000;02 Illegal Data Address
65371;0;0;0x0000;02 Illegal Data Address
65372;0;0;0x0000;02 Illegal Data Address
65373;0;0;0x0000;02 Illegal Data Address
65374;0;0;0x0000;02 Illegal Data Address
65375;0;0;0x0000;02 Illegal Data Address
65376;0;0;0x0000;02 Illegal Data Address
65377;0;0;0x0000;02 Illegal Data Address
65378;0;0;0x0000;02 Illegal Data Address
65379;0;0;0x0000;02 Illegal Data Address
65380;0;0;0x0000;02 Illegal Data Address
65381;0;0;0x0000;02 Illegal Data Address
65382;0;0;0x0000;02 Illegal Data Address
65383;0;0;0x0000;02 Illegal Data Address
65384;0;0;0x0000;02 Illegal Data Address
65385;0;0;0x0000;02 Illegal Data Address
65386;0;0;0x0000;02 Illegal Data Address
65387;0;0;0x0000;02 Illegal Data Address
65388;0;0;0x0000;02 Illegal Data Address
65389;0;0;0x0000;02 Illegal Data Address
65390;0;0;0x0000;02 Illegal Data Address
65391;0;0;0x0000;02 Illegal Data Address
65392;0;0;0x0000;02 Illegal Data Address
65393;0;0;0x0000;02 Illegal Data Address
65394;0;0;0x0000;02 Illegal Data Address
65395;0;0;0x0000;02 Illegal Data Address
65396;0;0;0x0000;02 Illegal Data Address
65397;0;0;0x0000;02 Illegal Data Address
65398;0;0;0x0000;02 Illegal Data Address
65399;0;0;0x0000;02 Illegal Data Address
65400;0;0;0x0000;02 Illegal Data Address
65401;0;0;0x0000;02 Illegal Data Address
65402;0;0;0x0000;02 Illegal Data Address
65403;0;0;0x0000;02 Illegal Data Address
65404;0;0;0x0000;02 Illegal Data Address
65405;0;0;0x0000;02 Illegal Data Address
65406;0;0;0x0000;02 Illegal Data Address
65407;0;0;0x0000;02 Illegal Data Address
65408;0;0;0x0000;02 Illegal Data Address
65409;0;0;0x0000;02 Illegal Data Address
65410;0;0;0x0000;02 Illegal Data Address
65411;0;0;0x0000;02 Illegal Data Address
65412;0;0;0x0000;02 Illegal Data Address
65413;0;0;0x0000;02 Illegal Data Address
65414;0;0;0x0000;02 Illegal Data Address
65415;0;0;0x0000;02 Illegal Data Address
65416;0;0;0x0000;02 Illegal Data Address
65417;0;0;0x0000;02 Illegal Data Address
65418;0;0;0x0000;02 Illegal Data Address
65419;0;0;0x0000;02 Illegal Data Address
65420;0;0;0x0000;02 Illegal Data Address
65421;0;0;0x0000;02 Illegal Data Address
65422;0;0;0x0000;02 Illegal Data Address
65423;0;0;0x0000;02 Illegal Data Address
65424;0;0;0x0000;02 Illegal Data Address
65425;0;0;0x0000;02 Illegal Data Address
65426;0;0;0x0000;02 Illegal Data Address
65427;0;0;0x0000;02 Illegal Data Address
65428;0;0;0x0000;02 Illegal Data Address
65429;0;0;0x0000;02 Illegal Data Address
65430;0;0;0x0000;02 Illegal Data Address
65431;0;0;0x0000;02 Illegal Data Address
65432;0;0;0x0000;02 Illegal Data Address
65433;0;0;0x0000;02 Illegal Data Address
65434;0;0;0x0000;02 Illegal Data Address
65435;0;0;0x0000;02 Illegal Data Address
65436;0;0;0x0000;02 Illegal Data Address
65437;0;0;0x0000;02 Illegal Data Address
65438;0;0;0x0000;02 Illegal Data Address
65439;0;0;0x0000;02 Illegal Data Address
65440;0;0;0x0000;02 Illegal Data Address
65441;0;0;0x0000;02 Illegal Data Address
65442;0;0;0x0000;02 Illegal Data Address
65443;0;0;0x0000;02 Illegal Data Address
65444;0;0;0x0000;02 Illegal Data Address
65445;0;0;0x0000;02 Illegal Data Address
65446;0;0;0x0000;02 Illegal Data Address
65447;0;0;0x0000;02 Illegal Data Address
65448;0;0;0x0000;02 Illegal Data Address
65449;0;0;0x0000;02 Illegal Data Address
65450;0;0;0x0000;02 Illegal Data Address
65451;0;0;0x0000;02 Illegal Data Address
65452;0;0;0x0000;02 Illegal Data Address
65453;0;0;0x0000;02 Illegal Data Address
65454;0;0;0x0000;02 Illegal Data Address
65455;0;0;0x0000;02 Illegal Data Address
65456;0;0;0x0000;02 Illegal Data Address
65457;0;0;0x0000;02 Illegal Data Address
65458;0;0;0x0000;02 Illegal Data Address
65459;0;0;0x0000;02 Illegal Data Address
65460;0;0;0x0000;02 Illegal Data Address
65461;0;0;0x0000;02 Illegal Data Address
65462;0;0;0x0000;02 Illegal Data Address
65463;0;0;0x0000;02 Illegal Data Address
65464;0;0;0x0000;02 Illegal Data Address
65465;0;0;0x0000;02 Illegal Data Address
65466;0;0;0x0000;02 Illegal Data Address
65467;0;0;0x0000;02 Illegal Data Address
65468;0;0;0x0000;02 Illegal Data Address
65469;0;0;0x0000;02 Illegal Data Address
65470;0;0;0x0000;02 Illegal Data Address
65471;0;0;0x0000;02 Illegal Data Address
65472;0;0;0x0000;02 Illegal Data Address
65473;0;0;0x0000;02 Illegal Data Address
65474;0;0;0x0000;02 Illegal Data Address
65475;0;0;0x0000;02 Illegal Data Address
65476;0;0;0x0000;02 Illegal Data Address
65477;0;0;0x0000;02 Illegal Data Address
65478;0;0;0x0000;02 Illegal Data Address
65479;0;0;0x0000;02 Illegal Data Address
65480;0;0;0x0000;02 Illegal Data Address
65481;0;0;0x0000;02 Illegal Data Address
65482;0;0;0x0000;02 Illegal Data Address
65483;0;0;0x0000;02 Illegal Data Address
65484;0;0;0x0000;02 Illegal Data Address
65485;0;0;0x0000;02 Illegal Data Address
65486;0;0;0x0000;02 Illegal Data Address
65487;0;0;0x0000;02 Illegal Data Address
65488;0;0;0x0000;02 Illegal Data Address
65489;0;0;0x0000;02 Illegal Data Address
65490;0;0;0x0000;02 Illegal Data Address
65491;0;0;0x0000;02 Illegal Data Address
65492;0;0;0x0000;02 Illegal Data Address
65493;0;0;0x0000;02 Illegal Data Address
65494;0;0;0x0000;02 Illegal Data Address
65495;0;0;0x0000;02 Illegal Data Address
65496;0;0;0x0000;02 Illegal Data Address
65497;0;0;0x0000;02 Illegal Data Address
65498;0;0;0x0000;02 Illegal Data Address
65499;0;0;0x0000;02 Illegal Data Address
65500;0;0;0x0000;02 Illegal Data Address
65501;0;0;0x0000;02 Illegal Data Address
65502;0;0;0x0000;02 Illegal Data Address
65503;0;0;0x0000;02 Illegal Data Address
65504;0;0;0x0000;02 Illegal Data Address
65505;0;0;0x0000;02 Illegal Data Address
65506;0;0;0x0000;02 Illegal Data Address
65507;0;0;0x0000;02 Illegal Data Address
65508;0;0;0x0000;02 Illegal Data Address
65509;0;0;0x0000;02 Illegal Data Address
65510;0;0;0x0000;02 Illegal Data Address
65511;0;0;0x0000;02 Illegal Data Address
65512;0;0;0x0000;02 Illegal Data Address
65513;0;0;0x0000;02 Illegal Data Address
65514;0;0;0x0000;02 Illegal Data Address
65515;0;0;0x0000;02 Illegal Data Address
65516;0;0;0x0000;02 Illegal Data Address
65517;0;0;0x0000;02 Illegal Data Address
65518;0;0;0x0000;02 Illegal Data Address
65519;0;0;0x0000;02 Illegal Data Address
65520;0;0;0x0000;02 Illegal Data Address
65521;0;0;0x0000;02 Illegal Data Address
65522;0;0;0x0000;02 Illegal Data Address
65523;0;0;0x0000;02 Illegal Data Address
65524;0;0;0x0000;02 Illegal Data Address
65525;0;0;0x0000;02 Illegal Data Address
65526;0;0;0x0000;02 Illegal Data Address
65527;0;0;0x0000;02 Illegal Data Address
65528;0;0;0x0000;02 Illegal Data Address
65529;0;0;0x0000;02 Illegal Data Address
65530;0;0;0x0000;02 Illegal Data Address
65531;0;0;0x0000;02 Illegal Data Address
65532;0;0;0x0000;02 Illegal Data Address
65533;0;0;0x0000;02 Illegal Data Address
65534;0;0;0x0000;02 Illegal Data Address
65535;0;0;0x0000;02 Illegal Data Address
