10000;0;0;0x0000;Response ok
10001;0;0;0x0000;Response ok
10002;0;0;0x0000;Response ok
10003;0;0;0x0000;Response ok
10004;0;0;0x0000;Response ok
10005;0;0;0x0000;Response ok
10006;0;0;0x0000;Response ok
10007;0;0;0x0000;Response ok
10008;0;0;0x0000;Response ok
10009;3206;3206;0x0C86;Response ok
10010;10608;10608;0x2970;Response ok
10011;20602;20602;0x507A;Response ok
10012;-16216;49320;0xC0A8;Response ok
10013;-19725;45811;0xB2F3;Response ok
10014;-16216;49320;0xC0A8;Response ok
10015;-19967;45569;0xB201;Response ok
10016;-1;65535;0xFFFF;Response ok
10017;-256;65280;0xFF00;Response ok
10018;-16216;49320;0xC0A8;Response ok
10019;-19967;45569;0xB201;Response ok
10020;0;0;0x0000;Response ok
10021;0;0;0x0000;Response ok
10022;-16216;49320;0xC0A8;Response ok
10023;254;254;0x00FE;Response ok
10024;0;0;0x0000;Response ok
10025;0;0;0x0000;Response ok
10026;-1;65535;0xFFFF;Response ok
10027;-256;65280;0xFF00;Response ok
10028;0;0;0x0000;Response ok
10029;0;0;0x0000;Response ok
10030;0;0;0x0000;Response ok
10031;0;0;0x0000;Response ok
10032;0;0;0x0000;02 Illegal Data Address
10033;0;0;0x0000;02 Illegal Data Address
10034;0;0;0x0000;02 Illegal Data Address
10035;0;0;0x0000;02 Illegal Data Address
10036;0;0;0x0000;02 Illegal Data Address
10037;0;0;0x0000;02 Illegal Data Address
10038;0;0;0x0000;02 Illegal Data Address
10039;0;0;0x0000;02 Illegal Data Address
10040;0;0;0x0000;02 Illegal Data Address
10041;0;0;0x0000;02 Illegal Data Address
10042;0;0;0x0000;02 Illegal Data Address
10043;0;0;0x0000;02 Illegal Data Address
10044;0;0;0x0000;02 Illegal Data Address
10045;0;0;0x0000;02 Illegal Data Address
10046;0;0;0x0000;02 Illegal Data Address
10047;0;0;0x0000;02 Illegal Data Address
10048;0;0;0x0000;02 Illegal Data Address
10049;0;0;0x0000;02 Illegal Data Address
10050;0;0;0x0000;02 Illegal Data Address
10051;0;0;0x0000;02 Illegal Data Address
10052;0;0;0x0000;02 Illegal Data Address
10053;0;0;0x0000;02 Illegal Data Address
10054;0;0;0x0000;02 Illegal Data Address
10055;0;0;0x0000;02 Illegal Data Address
10056;0;0;0x0000;02 Illegal Data Address
10057;0;0;0x0000;02 Illegal Data Address
10058;0;0;0x0000;02 Illegal Data Address
10059;0;0;0x0000;02 Illegal Data Address
10060;0;0;0x0000;02 Illegal Data Address
10061;0;0;0x0000;02 Illegal Data Address
10062;0;0;0x0000;02 Illegal Data Address
10063;0;0;0x0000;02 Illegal Data Address
10064;0;0;0x0000;02 Illegal Data Address
10065;0;0;0x0000;02 Illegal Data Address
10066;0;0;0x0000;02 Illegal Data Address
10067;0;0;0x0000;02 Illegal Data Address
10068;0;0;0x0000;02 Illegal Data Address
10069;0;0;0x0000;02 Illegal Data Address
10070;0;0;0x0000;02 Illegal Data Address
10071;0;0;0x0000;02 Illegal Data Address
10072;0;0;0x0000;02 Illegal Data Address
10073;0;0;0x0000;02 Illegal Data Address
10074;0;0;0x0000;02 Illegal Data Address
10075;0;0;0x0000;02 Illegal Data Address
10076;0;0;0x0000;02 Illegal Data Address
10077;0;0;0x0000;02 Illegal Data Address
10078;0;0;0x0000;02 Illegal Data Address
10079;0;0;0x0000;02 Illegal Data Address
10080;0;0;0x0000;02 Illegal Data Address
10081;0;0;0x0000;02 Illegal Data Address
10082;0;0;0x0000;02 Illegal Data Address
10083;0;0;0x0000;02 Illegal Data Address
10084;0;0;0x0000;02 Illegal Data Address
10085;0;0;0x0000;02 Illegal Data Address
10086;0;0;0x0000;02 Illegal Data Address
10087;0;0;0x0000;02 Illegal Data Address
10088;0;0;0x0000;02 Illegal Data Address
10089;0;0;0x0000;02 Illegal Data Address
10090;0;0;0x0000;02 Illegal Data Address
10091;0;0;0x0000;02 Illegal Data Address
10092;0;0;0x0000;02 Illegal Data Address
10093;0;0;0x0000;02 Illegal Data Address
10094;0;0;0x0000;02 Illegal Data Address
10095;0;0;0x0000;02 Illegal Data Address
10096;0;0;0x0000;02 Illegal Data Address
10097;0;0;0x0000;02 Illegal Data Address
10098;0;0;0x0000;02 Illegal Data Address
10099;0;0;0x0000;02 Illegal Data Address
10100;0;0;0x0000;02 Illegal Data Address
10101;0;0;0x0000;02 Illegal Data Address
10102;0;0;0x0000;02 Illegal Data Address
10103;0;0;0x0000;02 Illegal Data Address
10104;0;0;0x0000;02 Illegal Data Address
10105;0;0;0x0000;02 Illegal Data Address
10106;0;0;0x0000;02 Illegal Data Address
10107;0;0;0x0000;02 Illegal Data Address
10108;0;0;0x0000;02 Illegal Data Address
10109;0;0;0x0000;02 Illegal Data Address
10110;0;0;0x0000;02 Illegal Data Address
10111;0;0;0x0000;02 Illegal Data Address
10112;0;0;0x0000;02 Illegal Data Address
10113;0;0;0x0000;02 Illegal Data Address
10114;0;0;0x0000;02 Illegal Data Address
10115;0;0;0x0000;02 Illegal Data Address
10116;0;0;0x0000;02 Illegal Data Address
10117;0;0;0x0000;02 Illegal Data Address
10118;0;0;0x0000;02 Illegal Data Address
10119;0;0;0x0000;02 Illegal Data Address
10120;0;0;0x0000;02 Illegal Data Address
10121;0;0;0x0000;02 Illegal Data Address
10122;0;0;0x0000;02 Illegal Data Address
10123;0;0;0x0000;02 Illegal Data Address
10124;0;0;0x0000;02 Illegal Data Address
10125;0;0;0x0000;02 Illegal Data Address
10126;0;0;0x0000;02 Illegal Data Address
10127;0;0;0x0000;02 Illegal Data Address
10128;0;0;0x0000;02 Illegal Data Address
10129;0;0;0x0000;02 Illegal Data Address
10130;0;0;0x0000;02 Illegal Data Address
10131;0;0;0x0000;02 Illegal Data Address
10132;0;0;0x0000;02 Illegal Data Address
10133;0;0;0x0000;02 Illegal Data Address
10134;0;0;0x0000;02 Illegal Data Address
10135;0;0;0x0000;02 Illegal Data Address
10136;0;0;0x0000;02 Illegal Data Address
10137;0;0;0x0000;02 Illegal Data Address
10138;0;0;0x0000;02 Illegal Data Address
10139;0;0;0x0000;02 Illegal Data Address
10140;0;0;0x0000;02 Illegal Data Address
10141;0;0;0x0000;02 Illegal Data Address
10142;0;0;0x0000;02 Illegal Data Address
10143;0;0;0x0000;02 Illegal Data Address
10144;0;0;0x0000;02 Illegal Data Address
10145;0;0;0x0000;02 Illegal Data Address
10146;0;0;0x0000;02 Illegal Data Address
10147;0;0;0x0000;02 Illegal Data Address
10148;0;0;0x0000;02 Illegal Data Address
10149;0;0;0x0000;02 Illegal Data Address
10150;0;0;0x0000;02 Illegal Data Address
10151;0;0;0x0000;02 Illegal Data Address
10152;0;0;0x0000;02 Illegal Data Address
10153;0;0;0x0000;02 Illegal Data Address
10154;0;0;0x0000;02 Illegal Data Address
10155;0;0;0x0000;02 Illegal Data Address
10156;0;0;0x0000;02 Illegal Data Address
10157;0;0;0x0000;02 Illegal Data Address
10158;0;0;0x0000;02 Illegal Data Address
10159;0;0;0x0000;02 Illegal Data Address
10160;0;0;0x0000;02 Illegal Data Address
10161;0;0;0x0000;02 Illegal Data Address
10162;0;0;0x0000;02 Illegal Data Address
10163;0;0;0x0000;02 Illegal Data Address
10164;0;0;0x0000;02 Illegal Data Address
10165;0;0;0x0000;02 Illegal Data Address
10166;0;0;0x0000;02 Illegal Data Address
10167;0;0;0x0000;02 Illegal Data Address
10168;0;0;0x0000;02 Illegal Data Address
10169;0;0;0x0000;02 Illegal Data Address
10170;0;0;0x0000;02 Illegal Data Address
10171;0;0;0x0000;02 Illegal Data Address
10172;0;0;0x0000;02 Illegal Data Address
10173;0;0;0x0000;02 Illegal Data Address
10174;0;0;0x0000;02 Illegal Data Address
10175;0;0;0x0000;02 Illegal Data Address
10176;0;0;0x0000;02 Illegal Data Address
10177;0;0;0x0000;02 Illegal Data Address
10178;0;0;0x0000;02 Illegal Data Address
10179;0;0;0x0000;02 Illegal Data Address
10180;0;0;0x0000;02 Illegal Data Address
10181;0;0;0x0000;02 Illegal Data Address
10182;0;0;0x0000;02 Illegal Data Address
10183;0;0;0x0000;02 Illegal Data Address
10184;0;0;0x0000;02 Illegal Data Address
10185;0;0;0x0000;02 Illegal Data Address
10186;0;0;0x0000;02 Illegal Data Address
10187;0;0;0x0000;02 Illegal Data Address
10188;0;0;0x0000;02 Illegal Data Address
10189;0;0;0x0000;02 Illegal Data Address
10190;0;0;0x0000;02 Illegal Data Address
10191;0;0;0x0000;02 Illegal Data Address
10192;0;0;0x0000;02 Illegal Data Address
10193;0;0;0x0000;02 Illegal Data Address
10194;0;0;0x0000;02 Illegal Data Address
10195;0;0;0x0000;02 Illegal Data Address
10196;0;0;0x0000;02 Illegal Data Address
10197;0;0;0x0000;02 Illegal Data Address
10198;0;0;0x0000;02 Illegal Data Address
10199;0;0;0x0000;02 Illegal Data Address
10200;0;0;0x0000;02 Illegal Data Address
10201;0;0;0x0000;02 Illegal Data Address
10202;0;0;0x0000;02 Illegal Data Address
10203;0;0;0x0000;02 Illegal Data Address
10204;0;0;0x0000;02 Illegal Data Address
10205;0;0;0x0000;02 Illegal Data Address
10206;0;0;0x0000;02 Illegal Data Address
10207;0;0;0x0000;02 Illegal Data Address
10208;0;0;0x0000;02 Illegal Data Address
10209;0;0;0x0000;02 Illegal Data Address
10210;0;0;0x0000;02 Illegal Data Address
10211;0;0;0x0000;02 Illegal Data Address
10212;0;0;0x0000;02 Illegal Data Address
10213;0;0;0x0000;02 Illegal Data Address
10214;0;0;0x0000;02 Illegal Data Address
10215;0;0;0x0000;02 Illegal Data Address
10216;0;0;0x0000;02 Illegal Data Address
10217;0;0;0x0000;02 Illegal Data Address
10218;0;0;0x0000;02 Illegal Data Address
10219;0;0;0x0000;02 Illegal Data Address
10220;0;0;0x0000;02 Illegal Data Address
10221;0;0;0x0000;02 Illegal Data Address
10222;0;0;0x0000;02 Illegal Data Address
10223;0;0;0x0000;02 Illegal Data Address
10224;0;0;0x0000;02 Illegal Data Address
10225;0;0;0x0000;02 Illegal Data Address
10226;0;0;0x0000;02 Illegal Data Address
10227;0;0;0x0000;02 Illegal Data Address
10228;0;0;0x0000;02 Illegal Data Address
10229;0;0;0x0000;02 Illegal Data Address
10230;0;0;0x0000;02 Illegal Data Address
10231;0;0;0x0000;02 Illegal Data Address
10232;0;0;0x0000;02 Illegal Data Address
10233;0;0;0x0000;02 Illegal Data Address
10234;0;0;0x0000;02 Illegal Data Address
10235;0;0;0x0000;02 Illegal Data Address
10236;0;0;0x0000;02 Illegal Data Address
10237;0;0;0x0000;02 Illegal Data Address
10238;0;0;0x0000;02 Illegal Data Address
10239;0;0;0x0000;02 Illegal Data Address
10240;0;0;0x0000;02 Illegal Data Address
10241;0;0;0x0000;02 Illegal Data Address
10242;0;0;0x0000;02 Illegal Data Address
10243;0;0;0x0000;02 Illegal Data Address
10244;0;0;0x0000;02 Illegal Data Address
10245;0;0;0x0000;02 Illegal Data Address
10246;0;0;0x0000;02 Illegal Data Address
10247;0;0;0x0000;02 Illegal Data Address
10248;0;0;0x0000;02 Illegal Data Address
10249;0;0;0x0000;02 Illegal Data Address
10250;0;0;0x0000;02 Illegal Data Address
10251;0;0;0x0000;02 Illegal Data Address
10252;0;0;0x0000;02 Illegal Data Address
10253;0;0;0x0000;02 Illegal Data Address
10254;0;0;0x0000;02 Illegal Data Address
10255;0;0;0x0000;02 Illegal Data Address
10256;0;0;0x0000;02 Illegal Data Address
10257;0;0;0x0000;02 Illegal Data Address
10258;0;0;0x0000;02 Illegal Data Address
10259;0;0;0x0000;02 Illegal Data Address
10260;0;0;0x0000;02 Illegal Data Address
10261;0;0;0x0000;02 Illegal Data Address
10262;0;0;0x0000;02 Illegal Data Address
10263;0;0;0x0000;02 Illegal Data Address
10264;0;0;0x0000;02 Illegal Data Address
10265;0;0;0x0000;02 Illegal Data Address
10266;0;0;0x0000;02 Illegal Data Address
10267;0;0;0x0000;02 Illegal Data Address
10268;0;0;0x0000;02 Illegal Data Address
10269;0;0;0x0000;02 Illegal Data Address
10270;0;0;0x0000;02 Illegal Data Address
10271;0;0;0x0000;02 Illegal Data Address
10272;0;0;0x0000;02 Illegal Data Address
10273;0;0;0x0000;02 Illegal Data Address
10274;0;0;0x0000;02 Illegal Data Address
10275;0;0;0x0000;02 Illegal Data Address
10276;0;0;0x0000;02 Illegal Data Address
10277;0;0;0x0000;02 Illegal Data Address
10278;0;0;0x0000;02 Illegal Data Address
10279;0;0;0x0000;02 Illegal Data Address
10280;0;0;0x0000;02 Illegal Data Address
10281;0;0;0x0000;02 Illegal Data Address
10282;0;0;0x0000;02 Illegal Data Address
10283;0;0;0x0000;02 Illegal Data Address
10284;0;0;0x0000;02 Illegal Data Address
10285;0;0;0x0000;02 Illegal Data Address
10286;0;0;0x0000;02 Illegal Data Address
10287;0;0;0x0000;02 Illegal Data Address
10288;0;0;0x0000;02 Illegal Data Address
10289;0;0;0x0000;02 Illegal Data Address
10290;0;0;0x0000;02 Illegal Data Address
10291;0;0;0x0000;02 Illegal Data Address
10292;0;0;0x0000;02 Illegal Data Address
10293;0;0;0x0000;02 Illegal Data Address
10294;0;0;0x0000;02 Illegal Data Address
10295;0;0;0x0000;02 Illegal Data Address
10296;0;0;0x0000;02 Illegal Data Address
10297;0;0;0x0000;02 Illegal Data Address
10298;0;0;0x0000;02 Illegal Data Address
10299;0;0;0x0000;02 Illegal Data Address
10300;0;0;0x0000;02 Illegal Data Address
10301;0;0;0x0000;02 Illegal Data Address
10302;0;0;0x0000;02 Illegal Data Address
10303;0;0;0x0000;02 Illegal Data Address
10304;0;0;0x0000;02 Illegal Data Address
10305;0;0;0x0000;02 Illegal Data Address
10306;0;0;0x0000;02 Illegal Data Address
10307;0;0;0x0000;02 Illegal Data Address
10308;0;0;0x0000;02 Illegal Data Address
10309;0;0;0x0000;02 Illegal Data Address
10310;0;0;0x0000;02 Illegal Data Address
10311;0;0;0x0000;02 Illegal Data Address
10312;0;0;0x0000;02 Illegal Data Address
10313;0;0;0x0000;02 Illegal Data Address
10314;0;0;0x0000;02 Illegal Data Address
10315;0;0;0x0000;02 Illegal Data Address
10316;0;0;0x0000;02 Illegal Data Address
10317;0;0;0x0000;02 Illegal Data Address
10318;0;0;0x0000;02 Illegal Data Address
10319;0;0;0x0000;02 Illegal Data Address
10320;0;0;0x0000;02 Illegal Data Address
10321;0;0;0x0000;02 Illegal Data Address
10322;0;0;0x0000;02 Illegal Data Address
10323;0;0;0x0000;02 Illegal Data Address
10324;0;0;0x0000;02 Illegal Data Address
10325;0;0;0x0000;02 Illegal Data Address
10326;0;0;0x0000;02 Illegal Data Address
10327;0;0;0x0000;02 Illegal Data Address
10328;0;0;0x0000;02 Illegal Data Address
10329;0;0;0x0000;02 Illegal Data Address
10330;0;0;0x0000;02 Illegal Data Address
10331;0;0;0x0000;02 Illegal Data Address
10332;0;0;0x0000;02 Illegal Data Address
10333;0;0;0x0000;02 Illegal Data Address
10334;0;0;0x0000;02 Illegal Data Address
10335;0;0;0x0000;02 Illegal Data Address
10336;0;0;0x0000;02 Illegal Data Address
10337;0;0;0x0000;02 Illegal Data Address
10338;0;0;0x0000;02 Illegal Data Address
10339;0;0;0x0000;02 Illegal Data Address
10340;0;0;0x0000;02 Illegal Data Address
10341;0;0;0x0000;02 Illegal Data Address
10342;0;0;0x0000;02 Illegal Data Address
10343;0;0;0x0000;02 Illegal Data Address
10344;0;0;0x0000;02 Illegal Data Address
10345;0;0;0x0000;02 Illegal Data Address
10346;0;0;0x0000;02 Illegal Data Address
10347;0;0;0x0000;02 Illegal Data Address
10348;0;0;0x0000;02 Illegal Data Address
10349;0;0;0x0000;02 Illegal Data Address
10350;0;0;0x0000;02 Illegal Data Address
10351;0;0;0x0000;02 Illegal Data Address
10352;0;0;0x0000;02 Illegal Data Address
10353;0;0;0x0000;02 Illegal Data Address
10354;0;0;0x0000;02 Illegal Data Address
10355;0;0;0x0000;02 Illegal Data Address
10356;0;0;0x0000;02 Illegal Data Address
10357;0;0;0x0000;02 Illegal Data Address
10358;0;0;0x0000;02 Illegal Data Address
10359;0;0;0x0000;02 Illegal Data Address
10360;0;0;0x0000;02 Illegal Data Address
10361;0;0;0x0000;02 Illegal Data Address
10362;0;0;0x0000;02 Illegal Data Address
10363;0;0;0x0000;02 Illegal Data Address
10364;0;0;0x0000;02 Illegal Data Address
10365;0;0;0x0000;02 Illegal Data Address
10366;0;0;0x0000;02 Illegal Data Address
10367;0;0;0x0000;02 Illegal Data Address
10368;0;0;0x0000;02 Illegal Data Address
10369;0;0;0x0000;02 Illegal Data Address
10370;0;0;0x0000;02 Illegal Data Address
10371;0;0;0x0000;02 Illegal Data Address
10372;0;0;0x0000;02 Illegal Data Address
10373;0;0;0x0000;02 Illegal Data Address
10374;0;0;0x0000;02 Illegal Data Address
10375;0;0;0x0000;02 Illegal Data Address
10376;0;0;0x0000;02 Illegal Data Address
10377;0;0;0x0000;02 Illegal Data Address
10378;0;0;0x0000;02 Illegal Data Address
10379;0;0;0x0000;02 Illegal Data Address
10380;0;0;0x0000;02 Illegal Data Address
10381;0;0;0x0000;02 Illegal Data Address
10382;0;0;0x0000;02 Illegal Data Address
10383;0;0;0x0000;02 Illegal Data Address
10384;0;0;0x0000;02 Illegal Data Address
10385;0;0;0x0000;02 Illegal Data Address
10386;0;0;0x0000;02 Illegal Data Address
10387;0;0;0x0000;02 Illegal Data Address
10388;0;0;0x0000;02 Illegal Data Address
10389;0;0;0x0000;02 Illegal Data Address
10390;0;0;0x0000;02 Illegal Data Address
10391;0;0;0x0000;02 Illegal Data Address
10392;0;0;0x0000;02 Illegal Data Address
10393;0;0;0x0000;02 Illegal Data Address
10394;0;0;0x0000;02 Illegal Data Address
10395;0;0;0x0000;02 Illegal Data Address
10396;0;0;0x0000;02 Illegal Data Address
10397;0;0;0x0000;02 Illegal Data Address
10398;0;0;0x0000;02 Illegal Data Address
10399;0;0;0x0000;02 Illegal Data Address
10400;0;0;0x0000;02 Illegal Data Address
10401;0;0;0x0000;02 Illegal Data Address
10402;0;0;0x0000;02 Illegal Data Address
10403;0;0;0x0000;02 Illegal Data Address
10404;0;0;0x0000;02 Illegal Data Address
10405;0;0;0x0000;02 Illegal Data Address
10406;0;0;0x0000;02 Illegal Data Address
10407;0;0;0x0000;02 Illegal Data Address
10408;0;0;0x0000;02 Illegal Data Address
10409;0;0;0x0000;02 Illegal Data Address
10410;0;0;0x0000;02 Illegal Data Address
10411;0;0;0x0000;02 Illegal Data Address
10412;0;0;0x0000;02 Illegal Data Address
10413;0;0;0x0000;02 Illegal Data Address
10414;0;0;0x0000;02 Illegal Data Address
10415;0;0;0x0000;02 Illegal Data Address
10416;0;0;0x0000;02 Illegal Data Address
10417;0;0;0x0000;02 Illegal Data Address
10418;0;0;0x0000;02 Illegal Data Address
10419;0;0;0x0000;02 Illegal Data Address
10420;0;0;0x0000;02 Illegal Data Address
10421;0;0;0x0000;02 Illegal Data Address
10422;0;0;0x0000;02 Illegal Data Address
10423;0;0;0x0000;02 Illegal Data Address
10424;0;0;0x0000;02 Illegal Data Address
10425;0;0;0x0000;02 Illegal Data Address
10426;0;0;0x0000;02 Illegal Data Address
10427;0;0;0x0000;02 Illegal Data Address
10428;0;0;0x0000;02 Illegal Data Address
10429;0;0;0x0000;02 Illegal Data Address
10430;0;0;0x0000;02 Illegal Data Address
10431;0;0;0x0000;02 Illegal Data Address
10432;0;0;0x0000;02 Illegal Data Address
10433;0;0;0x0000;02 Illegal Data Address
10434;0;0;0x0000;02 Illegal Data Address
10435;0;0;0x0000;02 Illegal Data Address
10436;0;0;0x0000;02 Illegal Data Address
10437;0;0;0x0000;02 Illegal Data Address
10438;0;0;0x0000;02 Illegal Data Address
10439;0;0;0x0000;02 Illegal Data Address
10440;0;0;0x0000;02 Illegal Data Address
10441;0;0;0x0000;02 Illegal Data Address
10442;0;0;0x0000;02 Illegal Data Address
10443;0;0;0x0000;02 Illegal Data Address
10444;0;0;0x0000;02 Illegal Data Address
10445;0;0;0x0000;02 Illegal Data Address
10446;0;0;0x0000;02 Illegal Data Address
10447;0;0;0x0000;02 Illegal Data Address
10448;0;0;0x0000;02 Illegal Data Address
10449;0;0;0x0000;02 Illegal Data Address
10450;0;0;0x0000;02 Illegal Data Address
10451;0;0;0x0000;02 Illegal Data Address
10452;0;0;0x0000;02 Illegal Data Address
10453;0;0;0x0000;02 Illegal Data Address
10454;0;0;0x0000;02 Illegal Data Address
10455;0;0;0x0000;02 Illegal Data Address
10456;0;0;0x0000;02 Illegal Data Address
10457;0;0;0x0000;02 Illegal Data Address
10458;0;0;0x0000;02 Illegal Data Address
10459;0;0;0x0000;02 Illegal Data Address
10460;0;0;0x0000;02 Illegal Data Address
10461;0;0;0x0000;02 Illegal Data Address
10462;0;0;0x0000;02 Illegal Data Address
10463;0;0;0x0000;02 Illegal Data Address
10464;0;0;0x0000;02 Illegal Data Address
10465;0;0;0x0000;02 Illegal Data Address
10466;0;0;0x0000;02 Illegal Data Address
10467;0;0;0x0000;02 Illegal Data Address
10468;0;0;0x0000;02 Illegal Data Address
10469;0;0;0x0000;02 Illegal Data Address
10470;0;0;0x0000;02 Illegal Data Address
10471;0;0;0x0000;02 Illegal Data Address
10472;0;0;0x0000;02 Illegal Data Address
10473;0;0;0x0000;02 Illegal Data Address
10474;0;0;0x0000;02 Illegal Data Address
10475;0;0;0x0000;02 Illegal Data Address
10476;0;0;0x0000;02 Illegal Data Address
10477;0;0;0x0000;02 Illegal Data Address
10478;0;0;0x0000;02 Illegal Data Address
10479;0;0;0x0000;02 Illegal Data Address
10480;0;0;0x0000;02 Illegal Data Address
10481;0;0;0x0000;02 Illegal Data Address
10482;0;0;0x0000;02 Illegal Data Address
10483;0;0;0x0000;02 Illegal Data Address
10484;0;0;0x0000;02 Illegal Data Address
10485;0;0;0x0000;02 Illegal Data Address
10486;0;0;0x0000;02 Illegal Data Address
10487;0;0;0x0000;02 Illegal Data Address
10488;0;0;0x0000;02 Illegal Data Address
10489;0;0;0x0000;02 Illegal Data Address
10490;0;0;0x0000;02 Illegal Data Address
10491;0;0;0x0000;02 Illegal Data Address
10492;0;0;0x0000;02 Illegal Data Address
10493;0;0;0x0000;02 Illegal Data Address
10494;0;0;0x0000;02 Illegal Data Address
10495;0;0;0x0000;02 Illegal Data Address
10496;0;0;0x0000;02 Illegal Data Address
10497;0;0;0x0000;02 Illegal Data Address
10498;0;0;0x0000;02 Illegal Data Address
10499;0;0;0x0000;02 Illegal Data Address
10500;0;0;0x0000;02 Illegal Data Address
10501;0;0;0x0000;02 Illegal Data Address
10502;0;0;0x0000;02 Illegal Data Address
10503;0;0;0x0000;02 Illegal Data Address
10504;0;0;0x0000;02 Illegal Data Address
10505;0;0;0x0000;02 Illegal Data Address
10506;0;0;0x0000;02 Illegal Data Address
10507;0;0;0x0000;02 Illegal Data Address
10508;0;0;0x0000;02 Illegal Data Address
10509;0;0;0x0000;02 Illegal Data Address
10510;0;0;0x0000;02 Illegal Data Address
10511;0;0;0x0000;02 Illegal Data Address
10512;0;0;0x0000;02 Illegal Data Address
10513;0;0;0x0000;02 Illegal Data Address
10514;0;0;0x0000;02 Illegal Data Address
10515;0;0;0x0000;02 Illegal Data Address
10516;0;0;0x0000;02 Illegal Data Address
10517;0;0;0x0000;02 Illegal Data Address
10518;0;0;0x0000;02 Illegal Data Address
10519;0;0;0x0000;02 Illegal Data Address
10520;0;0;0x0000;02 Illegal Data Address
10521;0;0;0x0000;02 Illegal Data Address
10522;0;0;0x0000;02 Illegal Data Address
10523;0;0;0x0000;02 Illegal Data Address
10524;0;0;0x0000;02 Illegal Data Address
10525;0;0;0x0000;02 Illegal Data Address
10526;0;0;0x0000;02 Illegal Data Address
10527;0;0;0x0000;02 Illegal Data Address
10528;0;0;0x0000;02 Illegal Data Address
10529;0;0;0x0000;02 Illegal Data Address
10530;0;0;0x0000;02 Illegal Data Address
10531;0;0;0x0000;02 Illegal Data Address
10532;0;0;0x0000;02 Illegal Data Address
10533;0;0;0x0000;02 Illegal Data Address
10534;0;0;0x0000;02 Illegal Data Address
10535;0;0;0x0000;02 Illegal Data Address
10536;0;0;0x0000;02 Illegal Data Address
10537;0;0;0x0000;02 Illegal Data Address
10538;0;0;0x0000;02 Illegal Data Address
10539;0;0;0x0000;02 Illegal Data Address
10540;0;0;0x0000;02 Illegal Data Address
10541;0;0;0x0000;02 Illegal Data Address
10542;0;0;0x0000;02 Illegal Data Address
10543;0;0;0x0000;02 Illegal Data Address
10544;0;0;0x0000;02 Illegal Data Address
10545;0;0;0x0000;02 Illegal Data Address
10546;0;0;0x0000;02 Illegal Data Address
10547;0;0;0x0000;02 Illegal Data Address
10548;0;0;0x0000;02 Illegal Data Address
10549;0;0;0x0000;02 Illegal Data Address
10550;0;0;0x0000;02 Illegal Data Address
10551;0;0;0x0000;02 Illegal Data Address
10552;0;0;0x0000;02 Illegal Data Address
10553;0;0;0x0000;02 Illegal Data Address
10554;0;0;0x0000;02 Illegal Data Address
10555;0;0;0x0000;02 Illegal Data Address
10556;0;0;0x0000;02 Illegal Data Address
10557;0;0;0x0000;02 Illegal Data Address
10558;0;0;0x0000;02 Illegal Data Address
10559;0;0;0x0000;02 Illegal Data Address
10560;0;0;0x0000;02 Illegal Data Address
10561;0;0;0x0000;02 Illegal Data Address
10562;0;0;0x0000;02 Illegal Data Address
10563;0;0;0x0000;02 Illegal Data Address
10564;0;0;0x0000;02 Illegal Data Address
10565;0;0;0x0000;02 Illegal Data Address
10566;0;0;0x0000;02 Illegal Data Address
10567;0;0;0x0000;02 Illegal Data Address
10568;0;0;0x0000;02 Illegal Data Address
10569;0;0;0x0000;02 Illegal Data Address
10570;0;0;0x0000;02 Illegal Data Address
10571;0;0;0x0000;02 Illegal Data Address
10572;0;0;0x0000;02 Illegal Data Address
10573;0;0;0x0000;02 Illegal Data Address
10574;0;0;0x0000;02 Illegal Data Address
10575;0;0;0x0000;02 Illegal Data Address
10576;0;0;0x0000;02 Illegal Data Address
10577;0;0;0x0000;02 Illegal Data Address
10578;0;0;0x0000;02 Illegal Data Address
10579;0;0;0x0000;02 Illegal Data Address
10580;0;0;0x0000;02 Illegal Data Address
10581;0;0;0x0000;02 Illegal Data Address
10582;0;0;0x0000;02 Illegal Data Address
10583;0;0;0x0000;02 Illegal Data Address
10584;0;0;0x0000;02 Illegal Data Address
10585;0;0;0x0000;02 Illegal Data Address
10586;0;0;0x0000;02 Illegal Data Address
10587;0;0;0x0000;02 Illegal Data Address
10588;0;0;0x0000;02 Illegal Data Address
10589;0;0;0x0000;02 Illegal Data Address
10590;0;0;0x0000;02 Illegal Data Address
10591;0;0;0x0000;02 Illegal Data Address
10592;0;0;0x0000;02 Illegal Data Address
10593;0;0;0x0000;02 Illegal Data Address
10594;0;0;0x0000;02 Illegal Data Address
10595;0;0;0x0000;02 Illegal Data Address
10596;0;0;0x0000;02 Illegal Data Address
10597;0;0;0x0000;02 Illegal Data Address
10598;0;0;0x0000;02 Illegal Data Address
10599;0;0;0x0000;02 Illegal Data Address
10600;0;0;0x0000;02 Illegal Data Address
10601;0;0;0x0000;02 Illegal Data Address
10602;0;0;0x0000;02 Illegal Data Address
10603;0;0;0x0000;02 Illegal Data Address
10604;0;0;0x0000;02 Illegal Data Address
10605;0;0;0x0000;02 Illegal Data Address
10606;0;0;0x0000;02 Illegal Data Address
10607;0;0;0x0000;02 Illegal Data Address
10608;0;0;0x0000;02 Illegal Data Address
10609;0;0;0x0000;02 Illegal Data Address
10610;0;0;0x0000;02 Illegal Data Address
10611;0;0;0x0000;02 Illegal Data Address
10612;0;0;0x0000;02 Illegal Data Address
10613;0;0;0x0000;02 Illegal Data Address
10614;0;0;0x0000;02 Illegal Data Address
10615;0;0;0x0000;02 Illegal Data Address
10616;0;0;0x0000;02 Illegal Data Address
10617;0;0;0x0000;02 Illegal Data Address
10618;0;0;0x0000;02 Illegal Data Address
10619;0;0;0x0000;02 Illegal Data Address
10620;0;0;0x0000;02 Illegal Data Address
10621;0;0;0x0000;02 Illegal Data Address
10622;0;0;0x0000;02 Illegal Data Address
10623;0;0;0x0000;02 Illegal Data Address
10624;0;0;0x0000;02 Illegal Data Address
10625;0;0;0x0000;02 Illegal Data Address
10626;0;0;0x0000;02 Illegal Data Address
10627;0;0;0x0000;02 Illegal Data Address
10628;0;0;0x0000;02 Illegal Data Address
10629;0;0;0x0000;02 Illegal Data Address
10630;0;0;0x0000;02 Illegal Data Address
10631;0;0;0x0000;02 Illegal Data Address
10632;0;0;0x0000;02 Illegal Data Address
10633;0;0;0x0000;02 Illegal Data Address
10634;0;0;0x0000;02 Illegal Data Address
10635;0;0;0x0000;02 Illegal Data Address
10636;0;0;0x0000;02 Illegal Data Address
10637;0;0;0x0000;02 Illegal Data Address
10638;0;0;0x0000;02 Illegal Data Address
10639;0;0;0x0000;02 Illegal Data Address
10640;0;0;0x0000;02 Illegal Data Address
10641;0;0;0x0000;02 Illegal Data Address
10642;0;0;0x0000;02 Illegal Data Address
10643;0;0;0x0000;02 Illegal Data Address
10644;0;0;0x0000;02 Illegal Data Address
10645;0;0;0x0000;02 Illegal Data Address
10646;0;0;0x0000;02 Illegal Data Address
10647;0;0;0x0000;02 Illegal Data Address
10648;0;0;0x0000;02 Illegal Data Address
10649;0;0;0x0000;02 Illegal Data Address
10650;0;0;0x0000;02 Illegal Data Address
10651;0;0;0x0000;02 Illegal Data Address
10652;0;0;0x0000;02 Illegal Data Address
10653;0;0;0x0000;02 Illegal Data Address
10654;0;0;0x0000;02 Illegal Data Address
10655;0;0;0x0000;02 Illegal Data Address
10656;0;0;0x0000;02 Illegal Data Address
10657;0;0;0x0000;02 Illegal Data Address
10658;0;0;0x0000;02 Illegal Data Address
10659;0;0;0x0000;02 Illegal Data Address
10660;0;0;0x0000;02 Illegal Data Address
10661;0;0;0x0000;02 Illegal Data Address
10662;0;0;0x0000;02 Illegal Data Address
10663;0;0;0x0000;02 Illegal Data Address
10664;0;0;0x0000;02 Illegal Data Address
10665;0;0;0x0000;02 Illegal Data Address
10666;0;0;0x0000;02 Illegal Data Address
10667;0;0;0x0000;02 Illegal Data Address
10668;0;0;0x0000;02 Illegal Data Address
10669;0;0;0x0000;02 Illegal Data Address
10670;0;0;0x0000;02 Illegal Data Address
10671;0;0;0x0000;02 Illegal Data Address
10672;0;0;0x0000;02 Illegal Data Address
10673;0;0;0x0000;02 Illegal Data Address
10674;0;0;0x0000;02 Illegal Data Address
10675;0;0;0x0000;02 Illegal Data Address
10676;0;0;0x0000;02 Illegal Data Address
10677;0;0;0x0000;02 Illegal Data Address
10678;0;0;0x0000;02 Illegal Data Address
10679;0;0;0x0000;02 Illegal Data Address
10680;0;0;0x0000;02 Illegal Data Address
10681;0;0;0x0000;02 Illegal Data Address
10682;0;0;0x0000;02 Illegal Data Address
10683;0;0;0x0000;02 Illegal Data Address
10684;0;0;0x0000;02 Illegal Data Address
10685;0;0;0x0000;02 Illegal Data Address
10686;0;0;0x0000;02 Illegal Data Address
10687;0;0;0x0000;02 Illegal Data Address
10688;0;0;0x0000;02 Illegal Data Address
10689;0;0;0x0000;02 Illegal Data Address
10690;0;0;0x0000;02 Illegal Data Address
10691;0;0;0x0000;02 Illegal Data Address
10692;0;0;0x0000;02 Illegal Data Address
10693;0;0;0x0000;02 Illegal Data Address
10694;0;0;0x0000;02 Illegal Data Address
10695;0;0;0x0000;02 Illegal Data Address
10696;0;0;0x0000;02 Illegal Data Address
10697;0;0;0x0000;02 Illegal Data Address
10698;0;0;0x0000;02 Illegal Data Address
10699;0;0;0x0000;02 Illegal Data Address
10700;0;0;0x0000;02 Illegal Data Address
10701;0;0;0x0000;02 Illegal Data Address
10702;0;0;0x0000;02 Illegal Data Address
10703;0;0;0x0000;02 Illegal Data Address
10704;0;0;0x0000;02 Illegal Data Address
10705;0;0;0x0000;02 Illegal Data Address
10706;0;0;0x0000;02 Illegal Data Address
10707;0;0;0x0000;02 Illegal Data Address
10708;0;0;0x0000;02 Illegal Data Address
10709;0;0;0x0000;02 Illegal Data Address
10710;0;0;0x0000;02 Illegal Data Address
10711;0;0;0x0000;02 Illegal Data Address
10712;0;0;0x0000;02 Illegal Data Address
10713;0;0;0x0000;02 Illegal Data Address
10714;0;0;0x0000;02 Illegal Data Address
10715;0;0;0x0000;02 Illegal Data Address
10716;0;0;0x0000;02 Illegal Data Address
10717;0;0;0x0000;02 Illegal Data Address
10718;0;0;0x0000;02 Illegal Data Address
10719;0;0;0x0000;02 Illegal Data Address
10720;0;0;0x0000;02 Illegal Data Address
10721;0;0;0x0000;02 Illegal Data Address
10722;0;0;0x0000;02 Illegal Data Address
10723;0;0;0x0000;02 Illegal Data Address
10724;0;0;0x0000;02 Illegal Data Address
10725;0;0;0x0000;02 Illegal Data Address
10726;0;0;0x0000;02 Illegal Data Address
10727;0;0;0x0000;02 Illegal Data Address
10728;0;0;0x0000;02 Illegal Data Address
10729;0;0;0x0000;02 Illegal Data Address
10730;0;0;0x0000;02 Illegal Data Address
10731;0;0;0x0000;02 Illegal Data Address
10732;0;0;0x0000;02 Illegal Data Address
10733;0;0;0x0000;02 Illegal Data Address
10734;0;0;0x0000;02 Illegal Data Address
10735;0;0;0x0000;02 Illegal Data Address
10736;0;0;0x0000;02 Illegal Data Address
10737;0;0;0x0000;02 Illegal Data Address
10738;0;0;0x0000;02 Illegal Data Address
10739;0;0;0x0000;02 Illegal Data Address
10740;0;0;0x0000;02 Illegal Data Address
10741;0;0;0x0000;02 Illegal Data Address
10742;0;0;0x0000;02 Illegal Data Address
10743;0;0;0x0000;02 Illegal Data Address
10744;0;0;0x0000;02 Illegal Data Address
10745;0;0;0x0000;02 Illegal Data Address
10746;0;0;0x0000;02 Illegal Data Address
10747;0;0;0x0000;02 Illegal Data Address
10748;0;0;0x0000;02 Illegal Data Address
10749;0;0;0x0000;02 Illegal Data Address
10750;0;0;0x0000;02 Illegal Data Address
10751;0;0;0x0000;02 Illegal Data Address
10752;0;0;0x0000;02 Illegal Data Address
10753;0;0;0x0000;02 Illegal Data Address
10754;0;0;0x0000;02 Illegal Data Address
10755;0;0;0x0000;02 Illegal Data Address
10756;0;0;0x0000;02 Illegal Data Address
10757;0;0;0x0000;02 Illegal Data Address
10758;0;0;0x0000;02 Illegal Data Address
10759;0;0;0x0000;02 Illegal Data Address
10760;0;0;0x0000;02 Illegal Data Address
10761;0;0;0x0000;02 Illegal Data Address
10762;0;0;0x0000;02 Illegal Data Address
10763;0;0;0x0000;02 Illegal Data Address
10764;0;0;0x0000;02 Illegal Data Address
10765;0;0;0x0000;02 Illegal Data Address
10766;0;0;0x0000;02 Illegal Data Address
10767;0;0;0x0000;02 Illegal Data Address
10768;0;0;0x0000;02 Illegal Data Address
10769;0;0;0x0000;02 Illegal Data Address
10770;0;0;0x0000;02 Illegal Data Address
10771;0;0;0x0000;02 Illegal Data Address
10772;0;0;0x0000;02 Illegal Data Address
10773;0;0;0x0000;02 Illegal Data Address
10774;0;0;0x0000;02 Illegal Data Address
10775;0;0;0x0000;02 Illegal Data Address
10776;0;0;0x0000;02 Illegal Data Address
10777;0;0;0x0000;02 Illegal Data Address
10778;0;0;0x0000;02 Illegal Data Address
10779;0;0;0x0000;02 Illegal Data Address
10780;0;0;0x0000;02 Illegal Data Address
10781;0;0;0x0000;02 Illegal Data Address
10782;0;0;0x0000;02 Illegal Data Address
10783;0;0;0x0000;02 Illegal Data Address
10784;0;0;0x0000;02 Illegal Data Address
10785;0;0;0x0000;02 Illegal Data Address
10786;0;0;0x0000;02 Illegal Data Address
10787;0;0;0x0000;02 Illegal Data Address
10788;0;0;0x0000;02 Illegal Data Address
10789;0;0;0x0000;02 Illegal Data Address
10790;0;0;0x0000;02 Illegal Data Address
10791;0;0;0x0000;02 Illegal Data Address
10792;0;0;0x0000;02 Illegal Data Address
10793;0;0;0x0000;02 Illegal Data Address
10794;0;0;0x0000;02 Illegal Data Address
10795;0;0;0x0000;02 Illegal Data Address
10796;0;0;0x0000;02 Illegal Data Address
10797;0;0;0x0000;02 Illegal Data Address
10798;0;0;0x0000;02 Illegal Data Address
10799;0;0;0x0000;02 Illegal Data Address
10800;0;0;0x0000;02 Illegal Data Address
10801;0;0;0x0000;02 Illegal Data Address
10802;0;0;0x0000;02 Illegal Data Address
10803;0;0;0x0000;02 Illegal Data Address
10804;0;0;0x0000;02 Illegal Data Address
10805;0;0;0x0000;02 Illegal Data Address
10806;0;0;0x0000;02 Illegal Data Address
10807;0;0;0x0000;02 Illegal Data Address
10808;0;0;0x0000;02 Illegal Data Address
10809;0;0;0x0000;02 Illegal Data Address
10810;0;0;0x0000;02 Illegal Data Address
10811;0;0;0x0000;02 Illegal Data Address
10812;0;0;0x0000;02 Illegal Data Address
10813;0;0;0x0000;02 Illegal Data Address
10814;0;0;0x0000;02 Illegal Data Address
10815;0;0;0x0000;02 Illegal Data Address
10816;0;0;0x0000;02 Illegal Data Address
10817;0;0;0x0000;02 Illegal Data Address
10818;0;0;0x0000;02 Illegal Data Address
10819;0;0;0x0000;02 Illegal Data Address
10820;0;0;0x0000;02 Illegal Data Address
10821;0;0;0x0000;02 Illegal Data Address
10822;0;0;0x0000;02 Illegal Data Address
10823;0;0;0x0000;02 Illegal Data Address
10824;0;0;0x0000;02 Illegal Data Address
10825;0;0;0x0000;02 Illegal Data Address
10826;0;0;0x0000;02 Illegal Data Address
10827;0;0;0x0000;02 Illegal Data Address
10828;0;0;0x0000;02 Illegal Data Address
10829;0;0;0x0000;02 Illegal Data Address
10830;0;0;0x0000;02 Illegal Data Address
10831;0;0;0x0000;02 Illegal Data Address
10832;0;0;0x0000;02 Illegal Data Address
10833;0;0;0x0000;02 Illegal Data Address
10834;0;0;0x0000;02 Illegal Data Address
10835;0;0;0x0000;02 Illegal Data Address
10836;0;0;0x0000;02 Illegal Data Address
10837;0;0;0x0000;02 Illegal Data Address
10838;0;0;0x0000;02 Illegal Data Address
10839;0;0;0x0000;02 Illegal Data Address
10840;0;0;0x0000;02 Illegal Data Address
10841;0;0;0x0000;02 Illegal Data Address
10842;0;0;0x0000;02 Illegal Data Address
10843;0;0;0x0000;02 Illegal Data Address
10844;0;0;0x0000;02 Illegal Data Address
10845;0;0;0x0000;02 Illegal Data Address
10846;0;0;0x0000;02 Illegal Data Address
10847;0;0;0x0000;02 Illegal Data Address
10848;0;0;0x0000;02 Illegal Data Address
10849;0;0;0x0000;02 Illegal Data Address
10850;0;0;0x0000;02 Illegal Data Address
10851;0;0;0x0000;02 Illegal Data Address
10852;0;0;0x0000;02 Illegal Data Address
10853;0;0;0x0000;02 Illegal Data Address
10854;0;0;0x0000;02 Illegal Data Address
10855;0;0;0x0000;02 Illegal Data Address
10856;0;0;0x0000;02 Illegal Data Address
10857;0;0;0x0000;02 Illegal Data Address
10858;0;0;0x0000;02 Illegal Data Address
10859;0;0;0x0000;02 Illegal Data Address
10860;0;0;0x0000;02 Illegal Data Address
10861;0;0;0x0000;02 Illegal Data Address
10862;0;0;0x0000;02 Illegal Data Address
10863;0;0;0x0000;02 Illegal Data Address
10864;0;0;0x0000;02 Illegal Data Address
10865;0;0;0x0000;02 Illegal Data Address
10866;0;0;0x0000;02 Illegal Data Address
10867;0;0;0x0000;02 Illegal Data Address
10868;0;0;0x0000;02 Illegal Data Address
10869;0;0;0x0000;02 Illegal Data Address
10870;0;0;0x0000;02 Illegal Data Address
10871;0;0;0x0000;02 Illegal Data Address
10872;0;0;0x0000;02 Illegal Data Address
10873;0;0;0x0000;02 Illegal Data Address
10874;0;0;0x0000;02 Illegal Data Address
10875;0;0;0x0000;02 Illegal Data Address
10876;0;0;0x0000;02 Illegal Data Address
10877;0;0;0x0000;02 Illegal Data Address
10878;0;0;0x0000;02 Illegal Data Address
10879;0;0;0x0000;02 Illegal Data Address
10880;0;0;0x0000;02 Illegal Data Address
10881;0;0;0x0000;02 Illegal Data Address
10882;0;0;0x0000;02 Illegal Data Address
10883;0;0;0x0000;02 Illegal Data Address
10884;0;0;0x0000;02 Illegal Data Address
10885;0;0;0x0000;02 Illegal Data Address
10886;0;0;0x0000;02 Illegal Data Address
10887;0;0;0x0000;02 Illegal Data Address
10888;0;0;0x0000;02 Illegal Data Address
10889;0;0;0x0000;02 Illegal Data Address
10890;0;0;0x0000;02 Illegal Data Address
10891;0;0;0x0000;02 Illegal Data Address
10892;0;0;0x0000;02 Illegal Data Address
10893;0;0;0x0000;02 Illegal Data Address
10894;0;0;0x0000;02 Illegal Data Address
10895;0;0;0x0000;02 Illegal Data Address
10896;0;0;0x0000;02 Illegal Data Address
10897;0;0;0x0000;02 Illegal Data Address
10898;0;0;0x0000;02 Illegal Data Address
10899;0;0;0x0000;02 Illegal Data Address
10900;0;0;0x0000;02 Illegal Data Address
10901;0;0;0x0000;02 Illegal Data Address
10902;0;0;0x0000;02 Illegal Data Address
10903;0;0;0x0000;02 Illegal Data Address
10904;0;0;0x0000;02 Illegal Data Address
10905;0;0;0x0000;02 Illegal Data Address
10906;0;0;0x0000;02 Illegal Data Address
10907;0;0;0x0000;02 Illegal Data Address
10908;0;0;0x0000;02 Illegal Data Address
10909;0;0;0x0000;02 Illegal Data Address
10910;0;0;0x0000;02 Illegal Data Address
10911;0;0;0x0000;02 Illegal Data Address
10912;0;0;0x0000;02 Illegal Data Address
10913;0;0;0x0000;02 Illegal Data Address
10914;0;0;0x0000;02 Illegal Data Address
10915;0;0;0x0000;02 Illegal Data Address
10916;0;0;0x0000;02 Illegal Data Address
10917;0;0;0x0000;02 Illegal Data Address
10918;0;0;0x0000;02 Illegal Data Address
10919;0;0;0x0000;02 Illegal Data Address
10920;0;0;0x0000;02 Illegal Data Address
10921;0;0;0x0000;02 Illegal Data Address
10922;0;0;0x0000;02 Illegal Data Address
10923;0;0;0x0000;02 Illegal Data Address
10924;0;0;0x0000;02 Illegal Data Address
10925;0;0;0x0000;02 Illegal Data Address
10926;0;0;0x0000;02 Illegal Data Address
10927;0;0;0x0000;02 Illegal Data Address
10928;0;0;0x0000;02 Illegal Data Address
10929;0;0;0x0000;02 Illegal Data Address
10930;0;0;0x0000;02 Illegal Data Address
10931;0;0;0x0000;02 Illegal Data Address
10932;0;0;0x0000;02 Illegal Data Address
10933;0;0;0x0000;02 Illegal Data Address
10934;0;0;0x0000;02 Illegal Data Address
10935;0;0;0x0000;02 Illegal Data Address
10936;0;0;0x0000;02 Illegal Data Address
10937;0;0;0x0000;02 Illegal Data Address
10938;0;0;0x0000;02 Illegal Data Address
10939;0;0;0x0000;02 Illegal Data Address
10940;0;0;0x0000;02 Illegal Data Address
10941;0;0;0x0000;02 Illegal Data Address
10942;0;0;0x0000;02 Illegal Data Address
10943;0;0;0x0000;02 Illegal Data Address
10944;0;0;0x0000;02 Illegal Data Address
10945;0;0;0x0000;02 Illegal Data Address
10946;0;0;0x0000;02 Illegal Data Address
10947;0;0;0x0000;02 Illegal Data Address
10948;0;0;0x0000;02 Illegal Data Address
10949;0;0;0x0000;02 Illegal Data Address
10950;0;0;0x0000;02 Illegal Data Address
10951;0;0;0x0000;02 Illegal Data Address
10952;0;0;0x0000;02 Illegal Data Address
10953;0;0;0x0000;02 Illegal Data Address
10954;0;0;0x0000;02 Illegal Data Address
10955;0;0;0x0000;02 Illegal Data Address
10956;0;0;0x0000;02 Illegal Data Address
10957;0;0;0x0000;02 Illegal Data Address
10958;0;0;0x0000;02 Illegal Data Address
10959;0;0;0x0000;02 Illegal Data Address
10960;0;0;0x0000;02 Illegal Data Address
10961;0;0;0x0000;02 Illegal Data Address
10962;0;0;0x0000;02 Illegal Data Address
10963;0;0;0x0000;02 Illegal Data Address
10964;0;0;0x0000;02 Illegal Data Address
10965;0;0;0x0000;02 Illegal Data Address
10966;0;0;0x0000;02 Illegal Data Address
10967;0;0;0x0000;02 Illegal Data Address
10968;0;0;0x0000;02 Illegal Data Address
10969;0;0;0x0000;02 Illegal Data Address
10970;0;0;0x0000;02 Illegal Data Address
10971;0;0;0x0000;02 Illegal Data Address
10972;0;0;0x0000;02 Illegal Data Address
10973;0;0;0x0000;02 Illegal Data Address
10974;0;0;0x0000;02 Illegal Data Address
10975;0;0;0x0000;02 Illegal Data Address
10976;0;0;0x0000;02 Illegal Data Address
10977;0;0;0x0000;02 Illegal Data Address
10978;0;0;0x0000;02 Illegal Data Address
10979;0;0;0x0000;02 Illegal Data Address
10980;0;0;0x0000;02 Illegal Data Address
10981;0;0;0x0000;02 Illegal Data Address
10982;0;0;0x0000;02 Illegal Data Address
10983;0;0;0x0000;02 Illegal Data Address
10984;0;0;0x0000;02 Illegal Data Address
10985;0;0;0x0000;02 Illegal Data Address
10986;0;0;0x0000;02 Illegal Data Address
10987;0;0;0x0000;02 Illegal Data Address
10988;0;0;0x0000;02 Illegal Data Address
10989;0;0;0x0000;02 Illegal Data Address
10990;0;0;0x0000;02 Illegal Data Address
10991;0;0;0x0000;02 Illegal Data Address
10992;0;0;0x0000;02 Illegal Data Address
10993;0;0;0x0000;02 Illegal Data Address
10994;0;0;0x0000;02 Illegal Data Address
10995;0;0;0x0000;02 Illegal Data Address
10996;0;0;0x0000;02 Illegal Data Address
10997;0;0;0x0000;02 Illegal Data Address
10998;0;0;0x0000;02 Illegal Data Address
10999;0;0;0x0000;02 Illegal Data Address
11000;0;0;0x0000;02 Illegal Data Address
11001;0;0;0x0000;02 Illegal Data Address
11002;0;0;0x0000;02 Illegal Data Address
11003;0;0;0x0000;02 Illegal Data Address
11004;0;0;0x0000;02 Illegal Data Address
11005;0;0;0x0000;02 Illegal Data Address
11006;0;0;0x0000;02 Illegal Data Address
11007;0;0;0x0000;02 Illegal Data Address
11008;0;0;0x0000;02 Illegal Data Address
11009;0;0;0x0000;02 Illegal Data Address
11010;0;0;0x0000;02 Illegal Data Address
11011;0;0;0x0000;02 Illegal Data Address
11012;0;0;0x0000;02 Illegal Data Address
11013;0;0;0x0000;02 Illegal Data Address
11014;0;0;0x0000;02 Illegal Data Address
11015;0;0;0x0000;02 Illegal Data Address
11016;0;0;0x0000;02 Illegal Data Address
11017;0;0;0x0000;02 Illegal Data Address
11018;0;0;0x0000;02 Illegal Data Address
11019;0;0;0x0000;02 Illegal Data Address
11020;0;0;0x0000;02 Illegal Data Address
11021;0;0;0x0000;02 Illegal Data Address
11022;0;0;0x0000;02 Illegal Data Address
11023;0;0;0x0000;02 Illegal Data Address
11024;0;0;0x0000;02 Illegal Data Address
11025;0;0;0x0000;02 Illegal Data Address
11026;0;0;0x0000;02 Illegal Data Address
11027;0;0;0x0000;02 Illegal Data Address
11028;0;0;0x0000;02 Illegal Data Address
11029;0;0;0x0000;02 Illegal Data Address
11030;0;0;0x0000;02 Illegal Data Address
11031;0;0;0x0000;02 Illegal Data Address
11032;0;0;0x0000;02 Illegal Data Address
11033;0;0;0x0000;02 Illegal Data Address
11034;0;0;0x0000;02 Illegal Data Address
11035;0;0;0x0000;02 Illegal Data Address
11036;0;0;0x0000;02 Illegal Data Address
11037;0;0;0x0000;02 Illegal Data Address
11038;0;0;0x0000;02 Illegal Data Address
11039;0;0;0x0000;02 Illegal Data Address
11040;0;0;0x0000;02 Illegal Data Address
11041;0;0;0x0000;02 Illegal Data Address
11042;0;0;0x0000;02 Illegal Data Address
11043;0;0;0x0000;02 Illegal Data Address
11044;0;0;0x0000;02 Illegal Data Address
11045;0;0;0x0000;02 Illegal Data Address
11046;0;0;0x0000;02 Illegal Data Address
11047;0;0;0x0000;02 Illegal Data Address
11048;0;0;0x0000;02 Illegal Data Address
11049;0;0;0x0000;02 Illegal Data Address
11050;0;0;0x0000;02 Illegal Data Address
11051;0;0;0x0000;02 Illegal Data Address
11052;0;0;0x0000;02 Illegal Data Address
11053;0;0;0x0000;02 Illegal Data Address
11054;0;0;0x0000;02 Illegal Data Address
11055;0;0;0x0000;02 Illegal Data Address
11056;0;0;0x0000;02 Illegal Data Address
11057;0;0;0x0000;02 Illegal Data Address
11058;0;0;0x0000;02 Illegal Data Address
11059;0;0;0x0000;02 Illegal Data Address
11060;0;0;0x0000;02 Illegal Data Address
11061;0;0;0x0000;02 Illegal Data Address
11062;0;0;0x0000;02 Illegal Data Address
11063;0;0;0x0000;02 Illegal Data Address
11064;0;0;0x0000;02 Illegal Data Address
11065;0;0;0x0000;02 Illegal Data Address
11066;0;0;0x0000;02 Illegal Data Address
11067;0;0;0x0000;02 Illegal Data Address
11068;0;0;0x0000;02 Illegal Data Address
11069;0;0;0x0000;02 Illegal Data Address
11070;0;0;0x0000;02 Illegal Data Address
11071;0;0;0x0000;02 Illegal Data Address
11072;0;0;0x0000;02 Illegal Data Address
11073;0;0;0x0000;02 Illegal Data Address
11074;0;0;0x0000;02 Illegal Data Address
11075;0;0;0x0000;02 Illegal Data Address
11076;0;0;0x0000;02 Illegal Data Address
11077;0;0;0x0000;02 Illegal Data Address
11078;0;0;0x0000;02 Illegal Data Address
11079;0;0;0x0000;02 Illegal Data Address
11080;0;0;0x0000;02 Illegal Data Address
11081;0;0;0x0000;02 Illegal Data Address
11082;0;0;0x0000;02 Illegal Data Address
11083;0;0;0x0000;02 Illegal Data Address
11084;0;0;0x0000;02 Illegal Data Address
11085;0;0;0x0000;02 Illegal Data Address
11086;0;0;0x0000;02 Illegal Data Address
11087;0;0;0x0000;02 Illegal Data Address
11088;0;0;0x0000;02 Illegal Data Address
11089;0;0;0x0000;02 Illegal Data Address
11090;0;0;0x0000;02 Illegal Data Address
11091;0;0;0x0000;02 Illegal Data Address
11092;0;0;0x0000;02 Illegal Data Address
11093;0;0;0x0000;02 Illegal Data Address
11094;0;0;0x0000;02 Illegal Data Address
11095;0;0;0x0000;02 Illegal Data Address
11096;0;0;0x0000;02 Illegal Data Address
11097;0;0;0x0000;02 Illegal Data Address
11098;0;0;0x0000;02 Illegal Data Address
11099;0;0;0x0000;02 Illegal Data Address
11100;0;0;0x0000;02 Illegal Data Address
11101;0;0;0x0000;02 Illegal Data Address
11102;0;0;0x0000;02 Illegal Data Address
11103;0;0;0x0000;02 Illegal Data Address
11104;0;0;0x0000;02 Illegal Data Address
11105;0;0;0x0000;02 Illegal Data Address
11106;0;0;0x0000;02 Illegal Data Address
11107;0;0;0x0000;02 Illegal Data Address
11108;0;0;0x0000;02 Illegal Data Address
11109;0;0;0x0000;02 Illegal Data Address
11110;0;0;0x0000;02 Illegal Data Address
11111;0;0;0x0000;02 Illegal Data Address
11112;0;0;0x0000;02 Illegal Data Address
11113;0;0;0x0000;02 Illegal Data Address
11114;0;0;0x0000;02 Illegal Data Address
11115;0;0;0x0000;02 Illegal Data Address
11116;0;0;0x0000;02 Illegal Data Address
11117;0;0;0x0000;02 Illegal Data Address
11118;0;0;0x0000;02 Illegal Data Address
11119;0;0;0x0000;02 Illegal Data Address
11120;0;0;0x0000;02 Illegal Data Address
11121;0;0;0x0000;02 Illegal Data Address
11122;0;0;0x0000;02 Illegal Data Address
11123;0;0;0x0000;02 Illegal Data Address
11124;0;0;0x0000;02 Illegal Data Address
11125;0;0;0x0000;02 Illegal Data Address
11126;0;0;0x0000;02 Illegal Data Address
11127;0;0;0x0000;02 Illegal Data Address
11128;0;0;0x0000;02 Illegal Data Address
11129;0;0;0x0000;02 Illegal Data Address
11130;0;0;0x0000;02 Illegal Data Address
11131;0;0;0x0000;02 Illegal Data Address
11132;0;0;0x0000;02 Illegal Data Address
11133;0;0;0x0000;02 Illegal Data Address
11134;0;0;0x0000;02 Illegal Data Address
11135;0;0;0x0000;02 Illegal Data Address
11136;0;0;0x0000;02 Illegal Data Address
11137;0;0;0x0000;02 Illegal Data Address
11138;0;0;0x0000;02 Illegal Data Address
11139;0;0;0x0000;02 Illegal Data Address
11140;0;0;0x0000;02 Illegal Data Address
11141;0;0;0x0000;02 Illegal Data Address
11142;0;0;0x0000;02 Illegal Data Address
11143;0;0;0x0000;02 Illegal Data Address
11144;0;0;0x0000;02 Illegal Data Address
11145;0;0;0x0000;02 Illegal Data Address
11146;0;0;0x0000;02 Illegal Data Address
11147;0;0;0x0000;02 Illegal Data Address
11148;0;0;0x0000;02 Illegal Data Address
11149;0;0;0x0000;02 Illegal Data Address
11150;0;0;0x0000;02 Illegal Data Address
11151;0;0;0x0000;02 Illegal Data Address
11152;0;0;0x0000;02 Illegal Data Address
11153;0;0;0x0000;02 Illegal Data Address
11154;0;0;0x0000;02 Illegal Data Address
11155;0;0;0x0000;02 Illegal Data Address
11156;0;0;0x0000;02 Illegal Data Address
11157;0;0;0x0000;02 Illegal Data Address
11158;0;0;0x0000;02 Illegal Data Address
11159;0;0;0x0000;02 Illegal Data Address
11160;0;0;0x0000;02 Illegal Data Address
11161;0;0;0x0000;02 Illegal Data Address
11162;0;0;0x0000;02 Illegal Data Address
11163;0;0;0x0000;02 Illegal Data Address
11164;0;0;0x0000;02 Illegal Data Address
11165;0;0;0x0000;02 Illegal Data Address
11166;0;0;0x0000;02 Illegal Data Address
11167;0;0;0x0000;02 Illegal Data Address
11168;0;0;0x0000;02 Illegal Data Address
11169;0;0;0x0000;02 Illegal Data Address
11170;0;0;0x0000;02 Illegal Data Address
11171;0;0;0x0000;02 Illegal Data Address
11172;0;0;0x0000;02 Illegal Data Address
11173;0;0;0x0000;02 Illegal Data Address
11174;0;0;0x0000;02 Illegal Data Address
11175;0;0;0x0000;02 Illegal Data Address
11176;0;0;0x0000;02 Illegal Data Address
11177;0;0;0x0000;02 Illegal Data Address
11178;0;0;0x0000;02 Illegal Data Address
11179;0;0;0x0000;02 Illegal Data Address
11180;0;0;0x0000;02 Illegal Data Address
11181;0;0;0x0000;02 Illegal Data Address
11182;0;0;0x0000;02 Illegal Data Address
11183;0;0;0x0000;02 Illegal Data Address
11184;0;0;0x0000;02 Illegal Data Address
11185;0;0;0x0000;02 Illegal Data Address
11186;0;0;0x0000;02 Illegal Data Address
11187;0;0;0x0000;02 Illegal Data Address
11188;0;0;0x0000;02 Illegal Data Address
11189;0;0;0x0000;02 Illegal Data Address
11190;0;0;0x0000;02 Illegal Data Address
11191;0;0;0x0000;02 Illegal Data Address
11192;0;0;0x0000;02 Illegal Data Address
11193;0;0;0x0000;02 Illegal Data Address
11194;0;0;0x0000;02 Illegal Data Address
11195;0;0;0x0000;02 Illegal Data Address
11196;0;0;0x0000;02 Illegal Data Address
11197;0;0;0x0000;02 Illegal Data Address
11198;0;0;0x0000;02 Illegal Data Address
11199;0;0;0x0000;02 Illegal Data Address
11200;0;0;0x0000;02 Illegal Data Address
11201;0;0;0x0000;02 Illegal Data Address
11202;0;0;0x0000;02 Illegal Data Address
11203;0;0;0x0000;02 Illegal Data Address
11204;0;0;0x0000;02 Illegal Data Address
11205;0;0;0x0000;02 Illegal Data Address
11206;0;0;0x0000;02 Illegal Data Address
11207;0;0;0x0000;02 Illegal Data Address
11208;0;0;0x0000;02 Illegal Data Address
11209;0;0;0x0000;02 Illegal Data Address
11210;0;0;0x0000;02 Illegal Data Address
11211;0;0;0x0000;02 Illegal Data Address
11212;0;0;0x0000;02 Illegal Data Address
11213;0;0;0x0000;02 Illegal Data Address
11214;0;0;0x0000;02 Illegal Data Address
11215;0;0;0x0000;02 Illegal Data Address
11216;0;0;0x0000;02 Illegal Data Address
11217;0;0;0x0000;02 Illegal Data Address
11218;0;0;0x0000;02 Illegal Data Address
11219;0;0;0x0000;02 Illegal Data Address
11220;0;0;0x0000;02 Illegal Data Address
11221;0;0;0x0000;02 Illegal Data Address
11222;0;0;0x0000;02 Illegal Data Address
11223;0;0;0x0000;02 Illegal Data Address
11224;0;0;0x0000;02 Illegal Data Address
11225;0;0;0x0000;02 Illegal Data Address
11226;0;0;0x0000;02 Illegal Data Address
11227;0;0;0x0000;02 Illegal Data Address
11228;0;0;0x0000;02 Illegal Data Address
11229;0;0;0x0000;02 Illegal Data Address
11230;0;0;0x0000;02 Illegal Data Address
11231;0;0;0x0000;02 Illegal Data Address
11232;0;0;0x0000;02 Illegal Data Address
11233;0;0;0x0000;02 Illegal Data Address
11234;0;0;0x0000;02 Illegal Data Address
11235;0;0;0x0000;02 Illegal Data Address
11236;0;0;0x0000;02 Illegal Data Address
11237;0;0;0x0000;02 Illegal Data Address
11238;0;0;0x0000;02 Illegal Data Address
11239;0;0;0x0000;02 Illegal Data Address
11240;0;0;0x0000;02 Illegal Data Address
11241;0;0;0x0000;02 Illegal Data Address
11242;0;0;0x0000;02 Illegal Data Address
11243;0;0;0x0000;02 Illegal Data Address
11244;0;0;0x0000;02 Illegal Data Address
11245;0;0;0x0000;02 Illegal Data Address
11246;0;0;0x0000;02 Illegal Data Address
11247;0;0;0x0000;02 Illegal Data Address
11248;0;0;0x0000;02 Illegal Data Address
11249;0;0;0x0000;02 Illegal Data Address
11250;0;0;0x0000;02 Illegal Data Address
11251;0;0;0x0000;02 Illegal Data Address
11252;0;0;0x0000;02 Illegal Data Address
11253;0;0;0x0000;02 Illegal Data Address
11254;0;0;0x0000;02 Illegal Data Address
11255;0;0;0x0000;02 Illegal Data Address
11256;0;0;0x0000;02 Illegal Data Address
11257;0;0;0x0000;02 Illegal Data Address
11258;0;0;0x0000;02 Illegal Data Address
11259;0;0;0x0000;02 Illegal Data Address
11260;0;0;0x0000;02 Illegal Data Address
11261;0;0;0x0000;02 Illegal Data Address
11262;0;0;0x0000;02 Illegal Data Address
11263;0;0;0x0000;02 Illegal Data Address
11264;0;0;0x0000;02 Illegal Data Address
11265;0;0;0x0000;02 Illegal Data Address
11266;0;0;0x0000;02 Illegal Data Address
11267;0;0;0x0000;02 Illegal Data Address
11268;0;0;0x0000;02 Illegal Data Address
11269;0;0;0x0000;02 Illegal Data Address
11270;0;0;0x0000;02 Illegal Data Address
11271;0;0;0x0000;02 Illegal Data Address
11272;0;0;0x0000;02 Illegal Data Address
11273;0;0;0x0000;02 Illegal Data Address
11274;0;0;0x0000;02 Illegal Data Address
11275;0;0;0x0000;02 Illegal Data Address
11276;0;0;0x0000;02 Illegal Data Address
11277;0;0;0x0000;02 Illegal Data Address
11278;0;0;0x0000;02 Illegal Data Address
11279;0;0;0x0000;02 Illegal Data Address
11280;0;0;0x0000;02 Illegal Data Address
11281;0;0;0x0000;02 Illegal Data Address
11282;0;0;0x0000;02 Illegal Data Address
11283;0;0;0x0000;02 Illegal Data Address
11284;0;0;0x0000;02 Illegal Data Address
11285;0;0;0x0000;02 Illegal Data Address
11286;0;0;0x0000;02 Illegal Data Address
11287;0;0;0x0000;02 Illegal Data Address
11288;0;0;0x0000;02 Illegal Data Address
11289;0;0;0x0000;02 Illegal Data Address
11290;0;0;0x0000;02 Illegal Data Address
11291;0;0;0x0000;02 Illegal Data Address
11292;0;0;0x0000;02 Illegal Data Address
11293;0;0;0x0000;02 Illegal Data Address
11294;0;0;0x0000;02 Illegal Data Address
11295;0;0;0x0000;02 Illegal Data Address
11296;0;0;0x0000;02 Illegal Data Address
11297;0;0;0x0000;02 Illegal Data Address
11298;0;0;0x0000;02 Illegal Data Address
11299;0;0;0x0000;02 Illegal Data Address
11300;0;0;0x0000;02 Illegal Data Address
11301;0;0;0x0000;02 Illegal Data Address
11302;0;0;0x0000;02 Illegal Data Address
11303;0;0;0x0000;02 Illegal Data Address
11304;0;0;0x0000;02 Illegal Data Address
11305;0;0;0x0000;02 Illegal Data Address
11306;0;0;0x0000;02 Illegal Data Address
11307;0;0;0x0000;02 Illegal Data Address
11308;0;0;0x0000;02 Illegal Data Address
11309;0;0;0x0000;02 Illegal Data Address
11310;0;0;0x0000;02 Illegal Data Address
11311;0;0;0x0000;02 Illegal Data Address
11312;0;0;0x0000;02 Illegal Data Address
11313;0;0;0x0000;02 Illegal Data Address
11314;0;0;0x0000;02 Illegal Data Address
11315;0;0;0x0000;02 Illegal Data Address
11316;0;0;0x0000;02 Illegal Data Address
11317;0;0;0x0000;02 Illegal Data Address
11318;0;0;0x0000;02 Illegal Data Address
11319;0;0;0x0000;02 Illegal Data Address
11320;0;0;0x0000;02 Illegal Data Address
11321;0;0;0x0000;02 Illegal Data Address
11322;0;0;0x0000;02 Illegal Data Address
11323;0;0;0x0000;02 Illegal Data Address
11324;0;0;0x0000;02 Illegal Data Address
11325;0;0;0x0000;02 Illegal Data Address
11326;0;0;0x0000;02 Illegal Data Address
11327;0;0;0x0000;02 Illegal Data Address
11328;0;0;0x0000;02 Illegal Data Address
11329;0;0;0x0000;02 Illegal Data Address
11330;0;0;0x0000;02 Illegal Data Address
11331;0;0;0x0000;02 Illegal Data Address
11332;0;0;0x0000;02 Illegal Data Address
11333;0;0;0x0000;02 Illegal Data Address
11334;0;0;0x0000;02 Illegal Data Address
11335;0;0;0x0000;02 Illegal Data Address
11336;0;0;0x0000;02 Illegal Data Address
11337;0;0;0x0000;02 Illegal Data Address
11338;0;0;0x0000;02 Illegal Data Address
11339;0;0;0x0000;02 Illegal Data Address
11340;0;0;0x0000;02 Illegal Data Address
11341;0;0;0x0000;02 Illegal Data Address
11342;0;0;0x0000;02 Illegal Data Address
11343;0;0;0x0000;02 Illegal Data Address
11344;0;0;0x0000;02 Illegal Data Address
11345;0;0;0x0000;02 Illegal Data Address
11346;0;0;0x0000;02 Illegal Data Address
11347;0;0;0x0000;02 Illegal Data Address
11348;0;0;0x0000;02 Illegal Data Address
11349;0;0;0x0000;02 Illegal Data Address
11350;0;0;0x0000;02 Illegal Data Address
11351;0;0;0x0000;02 Illegal Data Address
11352;0;0;0x0000;02 Illegal Data Address
11353;0;0;0x0000;02 Illegal Data Address
11354;0;0;0x0000;02 Illegal Data Address
11355;0;0;0x0000;02 Illegal Data Address
11356;0;0;0x0000;02 Illegal Data Address
11357;0;0;0x0000;02 Illegal Data Address
11358;0;0;0x0000;02 Illegal Data Address
11359;0;0;0x0000;02 Illegal Data Address
11360;0;0;0x0000;02 Illegal Data Address
11361;0;0;0x0000;02 Illegal Data Address
11362;0;0;0x0000;02 Illegal Data Address
11363;0;0;0x0000;02 Illegal Data Address
11364;0;0;0x0000;02 Illegal Data Address
11365;0;0;0x0000;02 Illegal Data Address
11366;0;0;0x0000;02 Illegal Data Address
11367;0;0;0x0000;02 Illegal Data Address
11368;0;0;0x0000;02 Illegal Data Address
11369;0;0;0x0000;02 Illegal Data Address
11370;0;0;0x0000;02 Illegal Data Address
11371;0;0;0x0000;02 Illegal Data Address
11372;0;0;0x0000;02 Illegal Data Address
11373;0;0;0x0000;02 Illegal Data Address
11374;0;0;0x0000;02 Illegal Data Address
11375;0;0;0x0000;02 Illegal Data Address
11376;0;0;0x0000;02 Illegal Data Address
11377;0;0;0x0000;02 Illegal Data Address
11378;0;0;0x0000;02 Illegal Data Address
11379;0;0;0x0000;02 Illegal Data Address
11380;0;0;0x0000;02 Illegal Data Address
11381;0;0;0x0000;02 Illegal Data Address
11382;0;0;0x0000;02 Illegal Data Address
11383;0;0;0x0000;02 Illegal Data Address
11384;0;0;0x0000;02 Illegal Data Address
11385;0;0;0x0000;02 Illegal Data Address
11386;0;0;0x0000;02 Illegal Data Address
11387;0;0;0x0000;02 Illegal Data Address
11388;0;0;0x0000;02 Illegal Data Address
11389;0;0;0x0000;02 Illegal Data Address
11390;0;0;0x0000;02 Illegal Data Address
11391;0;0;0x0000;02 Illegal Data Address
11392;0;0;0x0000;02 Illegal Data Address
11393;0;0;0x0000;02 Illegal Data Address
11394;0;0;0x0000;02 Illegal Data Address
11395;0;0;0x0000;02 Illegal Data Address
11396;0;0;0x0000;02 Illegal Data Address
11397;0;0;0x0000;02 Illegal Data Address
11398;0;0;0x0000;02 Illegal Data Address
11399;0;0;0x0000;02 Illegal Data Address
11400;0;0;0x0000;02 Illegal Data Address
11401;0;0;0x0000;02 Illegal Data Address
11402;0;0;0x0000;02 Illegal Data Address
11403;0;0;0x0000;02 Illegal Data Address
11404;0;0;0x0000;02 Illegal Data Address
11405;0;0;0x0000;02 Illegal Data Address
11406;0;0;0x0000;02 Illegal Data Address
11407;0;0;0x0000;02 Illegal Data Address
11408;0;0;0x0000;02 Illegal Data Address
11409;0;0;0x0000;02 Illegal Data Address
11410;0;0;0x0000;02 Illegal Data Address
11411;0;0;0x0000;02 Illegal Data Address
11412;0;0;0x0000;02 Illegal Data Address
11413;0;0;0x0000;02 Illegal Data Address
11414;0;0;0x0000;02 Illegal Data Address
11415;0;0;0x0000;02 Illegal Data Address
11416;0;0;0x0000;02 Illegal Data Address
11417;0;0;0x0000;02 Illegal Data Address
11418;0;0;0x0000;02 Illegal Data Address
11419;0;0;0x0000;02 Illegal Data Address
11420;0;0;0x0000;02 Illegal Data Address
11421;0;0;0x0000;02 Illegal Data Address
11422;0;0;0x0000;02 Illegal Data Address
11423;0;0;0x0000;02 Illegal Data Address
11424;0;0;0x0000;02 Illegal Data Address
11425;0;0;0x0000;02 Illegal Data Address
11426;0;0;0x0000;02 Illegal Data Address
11427;0;0;0x0000;02 Illegal Data Address
11428;0;0;0x0000;02 Illegal Data Address
11429;0;0;0x0000;02 Illegal Data Address
11430;0;0;0x0000;02 Illegal Data Address
11431;0;0;0x0000;02 Illegal Data Address
11432;0;0;0x0000;02 Illegal Data Address
11433;0;0;0x0000;02 Illegal Data Address
11434;0;0;0x0000;02 Illegal Data Address
11435;0;0;0x0000;02 Illegal Data Address
11436;0;0;0x0000;02 Illegal Data Address
11437;0;0;0x0000;02 Illegal Data Address
11438;0;0;0x0000;02 Illegal Data Address
11439;0;0;0x0000;02 Illegal Data Address
11440;0;0;0x0000;02 Illegal Data Address
11441;0;0;0x0000;02 Illegal Data Address
11442;0;0;0x0000;02 Illegal Data Address
11443;0;0;0x0000;02 Illegal Data Address
11444;0;0;0x0000;02 Illegal Data Address
11445;0;0;0x0000;02 Illegal Data Address
11446;0;0;0x0000;02 Illegal Data Address
11447;0;0;0x0000;02 Illegal Data Address
11448;0;0;0x0000;02 Illegal Data Address
11449;0;0;0x0000;02 Illegal Data Address
11450;0;0;0x0000;02 Illegal Data Address
11451;0;0;0x0000;02 Illegal Data Address
11452;0;0;0x0000;02 Illegal Data Address
11453;0;0;0x0000;02 Illegal Data Address
11454;0;0;0x0000;02 Illegal Data Address
11455;0;0;0x0000;02 Illegal Data Address
11456;0;0;0x0000;02 Illegal Data Address
11457;0;0;0x0000;02 Illegal Data Address
11458;0;0;0x0000;02 Illegal Data Address
11459;0;0;0x0000;02 Illegal Data Address
11460;0;0;0x0000;02 Illegal Data Address
11461;0;0;0x0000;02 Illegal Data Address
11462;0;0;0x0000;02 Illegal Data Address
11463;0;0;0x0000;02 Illegal Data Address
11464;0;0;0x0000;02 Illegal Data Address
11465;0;0;0x0000;02 Illegal Data Address
11466;0;0;0x0000;02 Illegal Data Address
11467;0;0;0x0000;02 Illegal Data Address
11468;0;0;0x0000;02 Illegal Data Address
11469;0;0;0x0000;02 Illegal Data Address
11470;0;0;0x0000;02 Illegal Data Address
11471;0;0;0x0000;02 Illegal Data Address
11472;0;0;0x0000;02 Illegal Data Address
11473;0;0;0x0000;02 Illegal Data Address
11474;0;0;0x0000;02 Illegal Data Address
11475;0;0;0x0000;02 Illegal Data Address
11476;0;0;0x0000;02 Illegal Data Address
11477;0;0;0x0000;02 Illegal Data Address
11478;0;0;0x0000;02 Illegal Data Address
11479;0;0;0x0000;02 Illegal Data Address
11480;0;0;0x0000;02 Illegal Data Address
11481;0;0;0x0000;02 Illegal Data Address
11482;0;0;0x0000;02 Illegal Data Address
11483;0;0;0x0000;02 Illegal Data Address
11484;0;0;0x0000;02 Illegal Data Address
11485;0;0;0x0000;02 Illegal Data Address
11486;0;0;0x0000;02 Illegal Data Address
11487;0;0;0x0000;02 Illegal Data Address
11488;0;0;0x0000;02 Illegal Data Address
11489;0;0;0x0000;02 Illegal Data Address
11490;0;0;0x0000;02 Illegal Data Address
11491;0;0;0x0000;02 Illegal Data Address
11492;0;0;0x0000;02 Illegal Data Address
11493;0;0;0x0000;02 Illegal Data Address
11494;0;0;0x0000;02 Illegal Data Address
11495;0;0;0x0000;02 Illegal Data Address
11496;0;0;0x0000;02 Illegal Data Address
11497;0;0;0x0000;02 Illegal Data Address
11498;0;0;0x0000;02 Illegal Data Address
11499;0;0;0x0000;02 Illegal Data Address
11500;0;0;0x0000;02 Illegal Data Address
11501;0;0;0x0000;02 Illegal Data Address
11502;0;0;0x0000;02 Illegal Data Address
11503;0;0;0x0000;02 Illegal Data Address
11504;0;0;0x0000;02 Illegal Data Address
11505;0;0;0x0000;02 Illegal Data Address
11506;0;0;0x0000;02 Illegal Data Address
11507;0;0;0x0000;02 Illegal Data Address
11508;0;0;0x0000;02 Illegal Data Address
11509;0;0;0x0000;02 Illegal Data Address
11510;0;0;0x0000;02 Illegal Data Address
11511;0;0;0x0000;02 Illegal Data Address
11512;0;0;0x0000;02 Illegal Data Address
11513;0;0;0x0000;02 Illegal Data Address
11514;0;0;0x0000;02 Illegal Data Address
11515;0;0;0x0000;02 Illegal Data Address
11516;0;0;0x0000;02 Illegal Data Address
11517;0;0;0x0000;02 Illegal Data Address
11518;0;0;0x0000;02 Illegal Data Address
11519;0;0;0x0000;02 Illegal Data Address
11520;0;0;0x0000;02 Illegal Data Address
11521;0;0;0x0000;02 Illegal Data Address
11522;0;0;0x0000;02 Illegal Data Address
11523;0;0;0x0000;02 Illegal Data Address
11524;0;0;0x0000;02 Illegal Data Address
11525;0;0;0x0000;02 Illegal Data Address
11526;0;0;0x0000;02 Illegal Data Address
11527;0;0;0x0000;02 Illegal Data Address
11528;0;0;0x0000;02 Illegal Data Address
11529;0;0;0x0000;02 Illegal Data Address
11530;0;0;0x0000;02 Illegal Data Address
11531;0;0;0x0000;02 Illegal Data Address
11532;0;0;0x0000;02 Illegal Data Address
11533;0;0;0x0000;02 Illegal Data Address
11534;0;0;0x0000;02 Illegal Data Address
11535;0;0;0x0000;02 Illegal Data Address
11536;0;0;0x0000;02 Illegal Data Address
11537;0;0;0x0000;02 Illegal Data Address
11538;0;0;0x0000;02 Illegal Data Address
11539;0;0;0x0000;02 Illegal Data Address
11540;0;0;0x0000;02 Illegal Data Address
11541;0;0;0x0000;02 Illegal Data Address
11542;0;0;0x0000;02 Illegal Data Address
11543;0;0;0x0000;02 Illegal Data Address
11544;0;0;0x0000;02 Illegal Data Address
11545;0;0;0x0000;02 Illegal Data Address
11546;0;0;0x0000;02 Illegal Data Address
11547;0;0;0x0000;02 Illegal Data Address
11548;0;0;0x0000;02 Illegal Data Address
11549;0;0;0x0000;02 Illegal Data Address
11550;0;0;0x0000;02 Illegal Data Address
11551;0;0;0x0000;02 Illegal Data Address
11552;0;0;0x0000;02 Illegal Data Address
11553;0;0;0x0000;02 Illegal Data Address
11554;0;0;0x0000;02 Illegal Data Address
11555;0;0;0x0000;02 Illegal Data Address
11556;0;0;0x0000;02 Illegal Data Address
11557;0;0;0x0000;02 Illegal Data Address
11558;0;0;0x0000;02 Illegal Data Address
11559;0;0;0x0000;02 Illegal Data Address
11560;0;0;0x0000;02 Illegal Data Address
11561;0;0;0x0000;02 Illegal Data Address
11562;0;0;0x0000;02 Illegal Data Address
11563;0;0;0x0000;02 Illegal Data Address
11564;0;0;0x0000;02 Illegal Data Address
11565;0;0;0x0000;02 Illegal Data Address
11566;0;0;0x0000;02 Illegal Data Address
11567;0;0;0x0000;02 Illegal Data Address
11568;0;0;0x0000;02 Illegal Data Address
11569;0;0;0x0000;02 Illegal Data Address
11570;0;0;0x0000;02 Illegal Data Address
11571;0;0;0x0000;02 Illegal Data Address
11572;0;0;0x0000;02 Illegal Data Address
11573;0;0;0x0000;02 Illegal Data Address
11574;0;0;0x0000;02 Illegal Data Address
11575;0;0;0x0000;02 Illegal Data Address
11576;0;0;0x0000;02 Illegal Data Address
11577;0;0;0x0000;02 Illegal Data Address
11578;0;0;0x0000;02 Illegal Data Address
11579;0;0;0x0000;02 Illegal Data Address
11580;0;0;0x0000;02 Illegal Data Address
11581;0;0;0x0000;02 Illegal Data Address
11582;0;0;0x0000;02 Illegal Data Address
11583;0;0;0x0000;02 Illegal Data Address
11584;0;0;0x0000;02 Illegal Data Address
11585;0;0;0x0000;02 Illegal Data Address
11586;0;0;0x0000;02 Illegal Data Address
11587;0;0;0x0000;02 Illegal Data Address
11588;0;0;0x0000;02 Illegal Data Address
11589;0;0;0x0000;02 Illegal Data Address
11590;0;0;0x0000;02 Illegal Data Address
11591;0;0;0x0000;02 Illegal Data Address
11592;0;0;0x0000;02 Illegal Data Address
11593;0;0;0x0000;02 Illegal Data Address
11594;0;0;0x0000;02 Illegal Data Address
11595;0;0;0x0000;02 Illegal Data Address
11596;0;0;0x0000;02 Illegal Data Address
11597;0;0;0x0000;02 Illegal Data Address
11598;0;0;0x0000;02 Illegal Data Address
11599;0;0;0x0000;02 Illegal Data Address
11600;0;0;0x0000;02 Illegal Data Address
11601;0;0;0x0000;02 Illegal Data Address
11602;0;0;0x0000;02 Illegal Data Address
11603;0;0;0x0000;02 Illegal Data Address
11604;0;0;0x0000;02 Illegal Data Address
11605;0;0;0x0000;02 Illegal Data Address
11606;0;0;0x0000;02 Illegal Data Address
11607;0;0;0x0000;02 Illegal Data Address
11608;0;0;0x0000;02 Illegal Data Address
11609;0;0;0x0000;02 Illegal Data Address
11610;0;0;0x0000;02 Illegal Data Address
11611;0;0;0x0000;02 Illegal Data Address
11612;0;0;0x0000;02 Illegal Data Address
11613;0;0;0x0000;02 Illegal Data Address
11614;0;0;0x0000;02 Illegal Data Address
11615;0;0;0x0000;02 Illegal Data Address
11616;0;0;0x0000;02 Illegal Data Address
11617;0;0;0x0000;02 Illegal Data Address
11618;0;0;0x0000;02 Illegal Data Address
11619;0;0;0x0000;02 Illegal Data Address
11620;0;0;0x0000;02 Illegal Data Address
11621;0;0;0x0000;02 Illegal Data Address
11622;0;0;0x0000;02 Illegal Data Address
11623;0;0;0x0000;02 Illegal Data Address
11624;0;0;0x0000;02 Illegal Data Address
11625;0;0;0x0000;02 Illegal Data Address
11626;0;0;0x0000;02 Illegal Data Address
11627;0;0;0x0000;02 Illegal Data Address
11628;0;0;0x0000;02 Illegal Data Address
11629;0;0;0x0000;02 Illegal Data Address
11630;0;0;0x0000;02 Illegal Data Address
11631;0;0;0x0000;02 Illegal Data Address
11632;0;0;0x0000;02 Illegal Data Address
11633;0;0;0x0000;02 Illegal Data Address
11634;0;0;0x0000;02 Illegal Data Address
11635;0;0;0x0000;02 Illegal Data Address
11636;0;0;0x0000;02 Illegal Data Address
11637;0;0;0x0000;02 Illegal Data Address
11638;0;0;0x0000;02 Illegal Data Address
11639;0;0;0x0000;02 Illegal Data Address
11640;0;0;0x0000;02 Illegal Data Address
11641;0;0;0x0000;02 Illegal Data Address
11642;0;0;0x0000;02 Illegal Data Address
11643;0;0;0x0000;02 Illegal Data Address
11644;0;0;0x0000;02 Illegal Data Address
11645;0;0;0x0000;02 Illegal Data Address
11646;0;0;0x0000;02 Illegal Data Address
11647;0;0;0x0000;02 Illegal Data Address
11648;0;0;0x0000;02 Illegal Data Address
11649;0;0;0x0000;02 Illegal Data Address
11650;0;0;0x0000;02 Illegal Data Address
11651;0;0;0x0000;02 Illegal Data Address
11652;0;0;0x0000;02 Illegal Data Address
11653;0;0;0x0000;02 Illegal Data Address
11654;0;0;0x0000;02 Illegal Data Address
11655;0;0;0x0000;02 Illegal Data Address
11656;0;0;0x0000;02 Illegal Data Address
11657;0;0;0x0000;02 Illegal Data Address
11658;0;0;0x0000;02 Illegal Data Address
11659;0;0;0x0000;02 Illegal Data Address
11660;0;0;0x0000;02 Illegal Data Address
11661;0;0;0x0000;02 Illegal Data Address
11662;0;0;0x0000;02 Illegal Data Address
11663;0;0;0x0000;02 Illegal Data Address
11664;0;0;0x0000;02 Illegal Data Address
11665;0;0;0x0000;02 Illegal Data Address
11666;0;0;0x0000;02 Illegal Data Address
11667;0;0;0x0000;02 Illegal Data Address
11668;0;0;0x0000;02 Illegal Data Address
11669;0;0;0x0000;02 Illegal Data Address
11670;0;0;0x0000;02 Illegal Data Address
11671;0;0;0x0000;02 Illegal Data Address
11672;0;0;0x0000;02 Illegal Data Address
11673;0;0;0x0000;02 Illegal Data Address
11674;0;0;0x0000;02 Illegal Data Address
11675;0;0;0x0000;02 Illegal Data Address
11676;0;0;0x0000;02 Illegal Data Address
11677;0;0;0x0000;02 Illegal Data Address
11678;0;0;0x0000;02 Illegal Data Address
11679;0;0;0x0000;02 Illegal Data Address
11680;0;0;0x0000;02 Illegal Data Address
11681;0;0;0x0000;02 Illegal Data Address
11682;0;0;0x0000;02 Illegal Data Address
11683;0;0;0x0000;02 Illegal Data Address
11684;0;0;0x0000;02 Illegal Data Address
11685;0;0;0x0000;02 Illegal Data Address
11686;0;0;0x0000;02 Illegal Data Address
11687;0;0;0x0000;02 Illegal Data Address
11688;0;0;0x0000;02 Illegal Data Address
11689;0;0;0x0000;02 Illegal Data Address
11690;0;0;0x0000;02 Illegal Data Address
11691;0;0;0x0000;02 Illegal Data Address
11692;0;0;0x0000;02 Illegal Data Address
11693;0;0;0x0000;02 Illegal Data Address
11694;0;0;0x0000;02 Illegal Data Address
11695;0;0;0x0000;02 Illegal Data Address
11696;0;0;0x0000;02 Illegal Data Address
11697;0;0;0x0000;02 Illegal Data Address
11698;0;0;0x0000;02 Illegal Data Address
11699;0;0;0x0000;02 Illegal Data Address
11700;0;0;0x0000;02 Illegal Data Address
11701;0;0;0x0000;02 Illegal Data Address
11702;0;0;0x0000;02 Illegal Data Address
11703;0;0;0x0000;02 Illegal Data Address
11704;0;0;0x0000;02 Illegal Data Address
11705;0;0;0x0000;02 Illegal Data Address
11706;0;0;0x0000;02 Illegal Data Address
11707;0;0;0x0000;02 Illegal Data Address
11708;0;0;0x0000;02 Illegal Data Address
11709;0;0;0x0000;02 Illegal Data Address
11710;0;0;0x0000;02 Illegal Data Address
11711;0;0;0x0000;02 Illegal Data Address
11712;0;0;0x0000;02 Illegal Data Address
11713;0;0;0x0000;02 Illegal Data Address
11714;0;0;0x0000;02 Illegal Data Address
11715;0;0;0x0000;02 Illegal Data Address
11716;0;0;0x0000;02 Illegal Data Address
11717;0;0;0x0000;02 Illegal Data Address
11718;0;0;0x0000;02 Illegal Data Address
11719;0;0;0x0000;02 Illegal Data Address
11720;0;0;0x0000;02 Illegal Data Address
11721;0;0;0x0000;02 Illegal Data Address
11722;0;0;0x0000;02 Illegal Data Address
11723;0;0;0x0000;02 Illegal Data Address
11724;0;0;0x0000;02 Illegal Data Address
11725;0;0;0x0000;02 Illegal Data Address
11726;0;0;0x0000;02 Illegal Data Address
11727;0;0;0x0000;02 Illegal Data Address
11728;0;0;0x0000;02 Illegal Data Address
11729;0;0;0x0000;02 Illegal Data Address
11730;0;0;0x0000;02 Illegal Data Address
11731;0;0;0x0000;02 Illegal Data Address
11732;0;0;0x0000;02 Illegal Data Address
11733;0;0;0x0000;02 Illegal Data Address
11734;0;0;0x0000;02 Illegal Data Address
11735;0;0;0x0000;02 Illegal Data Address
11736;0;0;0x0000;02 Illegal Data Address
11737;0;0;0x0000;02 Illegal Data Address
11738;0;0;0x0000;02 Illegal Data Address
11739;0;0;0x0000;02 Illegal Data Address
11740;0;0;0x0000;02 Illegal Data Address
11741;0;0;0x0000;02 Illegal Data Address
11742;0;0;0x0000;02 Illegal Data Address
11743;0;0;0x0000;02 Illegal Data Address
11744;0;0;0x0000;02 Illegal Data Address
11745;0;0;0x0000;02 Illegal Data Address
11746;0;0;0x0000;02 Illegal Data Address
11747;0;0;0x0000;02 Illegal Data Address
11748;0;0;0x0000;02 Illegal Data Address
11749;0;0;0x0000;02 Illegal Data Address
11750;0;0;0x0000;02 Illegal Data Address
11751;0;0;0x0000;02 Illegal Data Address
11752;0;0;0x0000;02 Illegal Data Address
11753;0;0;0x0000;02 Illegal Data Address
11754;0;0;0x0000;02 Illegal Data Address
11755;0;0;0x0000;02 Illegal Data Address
11756;0;0;0x0000;02 Illegal Data Address
11757;0;0;0x0000;02 Illegal Data Address
11758;0;0;0x0000;02 Illegal Data Address
11759;0;0;0x0000;02 Illegal Data Address
11760;0;0;0x0000;02 Illegal Data Address
11761;0;0;0x0000;02 Illegal Data Address
11762;0;0;0x0000;02 Illegal Data Address
11763;0;0;0x0000;02 Illegal Data Address
11764;0;0;0x0000;02 Illegal Data Address
11765;0;0;0x0000;02 Illegal Data Address
11766;0;0;0x0000;02 Illegal Data Address
11767;0;0;0x0000;02 Illegal Data Address
11768;0;0;0x0000;02 Illegal Data Address
11769;0;0;0x0000;02 Illegal Data Address
11770;0;0;0x0000;02 Illegal Data Address
11771;0;0;0x0000;02 Illegal Data Address
11772;0;0;0x0000;02 Illegal Data Address
11773;0;0;0x0000;02 Illegal Data Address
11774;0;0;0x0000;02 Illegal Data Address
11775;0;0;0x0000;02 Illegal Data Address
11776;0;0;0x0000;02 Illegal Data Address
11777;0;0;0x0000;02 Illegal Data Address
11778;0;0;0x0000;02 Illegal Data Address
11779;0;0;0x0000;02 Illegal Data Address
11780;0;0;0x0000;02 Illegal Data Address
11781;0;0;0x0000;02 Illegal Data Address
11782;0;0;0x0000;02 Illegal Data Address
11783;0;0;0x0000;02 Illegal Data Address
11784;0;0;0x0000;02 Illegal Data Address
11785;0;0;0x0000;02 Illegal Data Address
11786;0;0;0x0000;02 Illegal Data Address
11787;0;0;0x0000;02 Illegal Data Address
11788;0;0;0x0000;02 Illegal Data Address
11789;0;0;0x0000;02 Illegal Data Address
11790;0;0;0x0000;02 Illegal Data Address
11791;0;0;0x0000;02 Illegal Data Address
11792;0;0;0x0000;02 Illegal Data Address
11793;0;0;0x0000;02 Illegal Data Address
11794;0;0;0x0000;02 Illegal Data Address
11795;0;0;0x0000;02 Illegal Data Address
11796;0;0;0x0000;02 Illegal Data Address
11797;0;0;0x0000;02 Illegal Data Address
11798;0;0;0x0000;02 Illegal Data Address
11799;0;0;0x0000;02 Illegal Data Address
11800;0;0;0x0000;02 Illegal Data Address
11801;0;0;0x0000;02 Illegal Data Address
11802;0;0;0x0000;02 Illegal Data Address
11803;0;0;0x0000;02 Illegal Data Address
11804;0;0;0x0000;02 Illegal Data Address
11805;0;0;0x0000;02 Illegal Data Address
11806;0;0;0x0000;02 Illegal Data Address
11807;0;0;0x0000;02 Illegal Data Address
11808;0;0;0x0000;02 Illegal Data Address
11809;0;0;0x0000;02 Illegal Data Address
11810;0;0;0x0000;02 Illegal Data Address
11811;0;0;0x0000;02 Illegal Data Address
11812;0;0;0x0000;02 Illegal Data Address
11813;0;0;0x0000;02 Illegal Data Address
11814;0;0;0x0000;02 Illegal Data Address
11815;0;0;0x0000;02 Illegal Data Address
11816;0;0;0x0000;02 Illegal Data Address
11817;0;0;0x0000;02 Illegal Data Address
11818;0;0;0x0000;02 Illegal Data Address
11819;0;0;0x0000;02 Illegal Data Address
11820;0;0;0x0000;02 Illegal Data Address
11821;0;0;0x0000;02 Illegal Data Address
11822;0;0;0x0000;02 Illegal Data Address
11823;0;0;0x0000;02 Illegal Data Address
11824;0;0;0x0000;02 Illegal Data Address
11825;0;0;0x0000;02 Illegal Data Address
11826;0;0;0x0000;02 Illegal Data Address
11827;0;0;0x0000;02 Illegal Data Address
11828;0;0;0x0000;02 Illegal Data Address
11829;0;0;0x0000;02 Illegal Data Address
11830;0;0;0x0000;02 Illegal Data Address
11831;0;0;0x0000;02 Illegal Data Address
11832;0;0;0x0000;02 Illegal Data Address
11833;0;0;0x0000;02 Illegal Data Address
11834;0;0;0x0000;02 Illegal Data Address
11835;0;0;0x0000;02 Illegal Data Address
11836;0;0;0x0000;02 Illegal Data Address
11837;0;0;0x0000;02 Illegal Data Address
11838;0;0;0x0000;02 Illegal Data Address
11839;0;0;0x0000;02 Illegal Data Address
11840;0;0;0x0000;02 Illegal Data Address
11841;0;0;0x0000;02 Illegal Data Address
11842;0;0;0x0000;02 Illegal Data Address
11843;0;0;0x0000;02 Illegal Data Address
11844;0;0;0x0000;02 Illegal Data Address
11845;0;0;0x0000;02 Illegal Data Address
11846;0;0;0x0000;02 Illegal Data Address
11847;0;0;0x0000;02 Illegal Data Address
11848;0;0;0x0000;02 Illegal Data Address
11849;0;0;0x0000;02 Illegal Data Address
11850;0;0;0x0000;02 Illegal Data Address
11851;0;0;0x0000;02 Illegal Data Address
11852;0;0;0x0000;02 Illegal Data Address
11853;0;0;0x0000;02 Illegal Data Address
11854;0;0;0x0000;02 Illegal Data Address
11855;0;0;0x0000;02 Illegal Data Address
11856;0;0;0x0000;02 Illegal Data Address
11857;0;0;0x0000;02 Illegal Data Address
11858;0;0;0x0000;02 Illegal Data Address
11859;0;0;0x0000;02 Illegal Data Address
11860;0;0;0x0000;02 Illegal Data Address
11861;0;0;0x0000;02 Illegal Data Address
11862;0;0;0x0000;02 Illegal Data Address
11863;0;0;0x0000;02 Illegal Data Address
11864;0;0;0x0000;02 Illegal Data Address
11865;0;0;0x0000;02 Illegal Data Address
11866;0;0;0x0000;02 Illegal Data Address
11867;0;0;0x0000;02 Illegal Data Address
11868;0;0;0x0000;02 Illegal Data Address
11869;0;0;0x0000;02 Illegal Data Address
11870;0;0;0x0000;02 Illegal Data Address
11871;0;0;0x0000;02 Illegal Data Address
11872;0;0;0x0000;02 Illegal Data Address
11873;0;0;0x0000;02 Illegal Data Address
11874;0;0;0x0000;02 Illegal Data Address
11875;0;0;0x0000;02 Illegal Data Address
11876;0;0;0x0000;02 Illegal Data Address
11877;0;0;0x0000;02 Illegal Data Address
11878;0;0;0x0000;02 Illegal Data Address
11879;0;0;0x0000;02 Illegal Data Address
11880;0;0;0x0000;02 Illegal Data Address
11881;0;0;0x0000;02 Illegal Data Address
11882;0;0;0x0000;02 Illegal Data Address
11883;0;0;0x0000;02 Illegal Data Address
11884;0;0;0x0000;02 Illegal Data Address
11885;0;0;0x0000;02 Illegal Data Address
11886;0;0;0x0000;02 Illegal Data Address
11887;0;0;0x0000;02 Illegal Data Address
11888;0;0;0x0000;02 Illegal Data Address
11889;0;0;0x0000;02 Illegal Data Address
11890;0;0;0x0000;02 Illegal Data Address
11891;0;0;0x0000;02 Illegal Data Address
11892;0;0;0x0000;02 Illegal Data Address
11893;0;0;0x0000;02 Illegal Data Address
11894;0;0;0x0000;02 Illegal Data Address
11895;0;0;0x0000;02 Illegal Data Address
11896;0;0;0x0000;02 Illegal Data Address
11897;0;0;0x0000;02 Illegal Data Address
11898;0;0;0x0000;02 Illegal Data Address
11899;0;0;0x0000;02 Illegal Data Address
11900;0;0;0x0000;02 Illegal Data Address
11901;0;0;0x0000;02 Illegal Data Address
11902;0;0;0x0000;02 Illegal Data Address
11903;0;0;0x0000;02 Illegal Data Address
11904;0;0;0x0000;02 Illegal Data Address
11905;0;0;0x0000;02 Illegal Data Address
11906;0;0;0x0000;02 Illegal Data Address
11907;0;0;0x0000;02 Illegal Data Address
11908;0;0;0x0000;02 Illegal Data Address
11909;0;0;0x0000;02 Illegal Data Address
11910;0;0;0x0000;02 Illegal Data Address
11911;0;0;0x0000;02 Illegal Data Address
11912;0;0;0x0000;02 Illegal Data Address
11913;0;0;0x0000;02 Illegal Data Address
11914;0;0;0x0000;02 Illegal Data Address
11915;0;0;0x0000;02 Illegal Data Address
11916;0;0;0x0000;02 Illegal Data Address
11917;0;0;0x0000;02 Illegal Data Address
11918;0;0;0x0000;02 Illegal Data Address
11919;0;0;0x0000;02 Illegal Data Address
11920;0;0;0x0000;02 Illegal Data Address
11921;0;0;0x0000;02 Illegal Data Address
11922;0;0;0x0000;02 Illegal Data Address
11923;0;0;0x0000;02 Illegal Data Address
11924;0;0;0x0000;02 Illegal Data Address
11925;0;0;0x0000;02 Illegal Data Address
11926;0;0;0x0000;02 Illegal Data Address
11927;0;0;0x0000;02 Illegal Data Address
11928;0;0;0x0000;02 Illegal Data Address
11929;0;0;0x0000;02 Illegal Data Address
11930;0;0;0x0000;02 Illegal Data Address
11931;0;0;0x0000;02 Illegal Data Address
11932;0;0;0x0000;02 Illegal Data Address
11933;0;0;0x0000;02 Illegal Data Address
11934;0;0;0x0000;02 Illegal Data Address
11935;0;0;0x0000;02 Illegal Data Address
11936;0;0;0x0000;02 Illegal Data Address
11937;0;0;0x0000;02 Illegal Data Address
11938;0;0;0x0000;02 Illegal Data Address
11939;0;0;0x0000;02 Illegal Data Address
11940;0;0;0x0000;02 Illegal Data Address
11941;0;0;0x0000;02 Illegal Data Address
11942;0;0;0x0000;02 Illegal Data Address
11943;0;0;0x0000;02 Illegal Data Address
11944;0;0;0x0000;02 Illegal Data Address
11945;0;0;0x0000;02 Illegal Data Address
11946;0;0;0x0000;02 Illegal Data Address
11947;0;0;0x0000;02 Illegal Data Address
11948;0;0;0x0000;02 Illegal Data Address
11949;0;0;0x0000;02 Illegal Data Address
11950;0;0;0x0000;02 Illegal Data Address
11951;0;0;0x0000;02 Illegal Data Address
11952;0;0;0x0000;02 Illegal Data Address
11953;0;0;0x0000;02 Illegal Data Address
11954;0;0;0x0000;02 Illegal Data Address
11955;0;0;0x0000;02 Illegal Data Address
11956;0;0;0x0000;02 Illegal Data Address
11957;0;0;0x0000;02 Illegal Data Address
11958;0;0;0x0000;02 Illegal Data Address
11959;0;0;0x0000;02 Illegal Data Address
11960;0;0;0x0000;02 Illegal Data Address
11961;0;0;0x0000;02 Illegal Data Address
11962;0;0;0x0000;02 Illegal Data Address
11963;0;0;0x0000;02 Illegal Data Address
11964;0;0;0x0000;02 Illegal Data Address
11965;0;0;0x0000;02 Illegal Data Address
11966;0;0;0x0000;02 Illegal Data Address
11967;0;0;0x0000;02 Illegal Data Address
11968;0;0;0x0000;02 Illegal Data Address
11969;0;0;0x0000;02 Illegal Data Address
11970;0;0;0x0000;02 Illegal Data Address
11971;0;0;0x0000;02 Illegal Data Address
11972;0;0;0x0000;02 Illegal Data Address
11973;0;0;0x0000;02 Illegal Data Address
11974;0;0;0x0000;02 Illegal Data Address
11975;0;0;0x0000;02 Illegal Data Address
11976;0;0;0x0000;02 Illegal Data Address
11977;0;0;0x0000;02 Illegal Data Address
11978;0;0;0x0000;02 Illegal Data Address
11979;0;0;0x0000;02 Illegal Data Address
11980;0;0;0x0000;02 Illegal Data Address
11981;0;0;0x0000;02 Illegal Data Address
11982;0;0;0x0000;02 Illegal Data Address
11983;0;0;0x0000;02 Illegal Data Address
11984;0;0;0x0000;02 Illegal Data Address
11985;0;0;0x0000;02 Illegal Data Address
11986;0;0;0x0000;02 Illegal Data Address
11987;0;0;0x0000;02 Illegal Data Address
11988;0;0;0x0000;02 Illegal Data Address
11989;0;0;0x0000;02 Illegal Data Address
11990;0;0;0x0000;02 Illegal Data Address
11991;0;0;0x0000;02 Illegal Data Address
11992;0;0;0x0000;02 Illegal Data Address
11993;0;0;0x0000;02 Illegal Data Address
11994;0;0;0x0000;02 Illegal Data Address
11995;0;0;0x0000;02 Illegal Data Address
11996;0;0;0x0000;02 Illegal Data Address
11997;0;0;0x0000;02 Illegal Data Address
11998;0;0;0x0000;02 Illegal Data Address
11999;0;0;0x0000;02 Illegal Data Address
12000;0;0;0x0000;02 Illegal Data Address
12001;0;0;0x0000;02 Illegal Data Address
12002;0;0;0x0000;02 Illegal Data Address
12003;0;0;0x0000;02 Illegal Data Address
12004;0;0;0x0000;02 Illegal Data Address
12005;0;0;0x0000;02 Illegal Data Address
12006;0;0;0x0000;02 Illegal Data Address
12007;0;0;0x0000;02 Illegal Data Address
12008;0;0;0x0000;02 Illegal Data Address
12009;0;0;0x0000;02 Illegal Data Address
12010;0;0;0x0000;02 Illegal Data Address
12011;0;0;0x0000;02 Illegal Data Address
12012;0;0;0x0000;02 Illegal Data Address
12013;0;0;0x0000;02 Illegal Data Address
12014;0;0;0x0000;02 Illegal Data Address
12015;0;0;0x0000;02 Illegal Data Address
12016;0;0;0x0000;02 Illegal Data Address
12017;0;0;0x0000;02 Illegal Data Address
12018;0;0;0x0000;02 Illegal Data Address
12019;0;0;0x0000;02 Illegal Data Address
12020;0;0;0x0000;02 Illegal Data Address
12021;0;0;0x0000;02 Illegal Data Address
12022;0;0;0x0000;02 Illegal Data Address
12023;0;0;0x0000;02 Illegal Data Address
12024;0;0;0x0000;02 Illegal Data Address
12025;0;0;0x0000;02 Illegal Data Address
12026;0;0;0x0000;02 Illegal Data Address
12027;0;0;0x0000;02 Illegal Data Address
12028;0;0;0x0000;02 Illegal Data Address
12029;0;0;0x0000;02 Illegal Data Address
12030;0;0;0x0000;02 Illegal Data Address
12031;0;0;0x0000;02 Illegal Data Address
12032;0;0;0x0000;02 Illegal Data Address
12033;0;0;0x0000;02 Illegal Data Address
12034;0;0;0x0000;02 Illegal Data Address
12035;0;0;0x0000;02 Illegal Data Address
12036;0;0;0x0000;02 Illegal Data Address
12037;0;0;0x0000;02 Illegal Data Address
12038;0;0;0x0000;02 Illegal Data Address
12039;0;0;0x0000;02 Illegal Data Address
12040;0;0;0x0000;02 Illegal Data Address
12041;0;0;0x0000;02 Illegal Data Address
12042;0;0;0x0000;02 Illegal Data Address
12043;0;0;0x0000;02 Illegal Data Address
12044;0;0;0x0000;02 Illegal Data Address
12045;0;0;0x0000;02 Illegal Data Address
12046;0;0;0x0000;02 Illegal Data Address
12047;0;0;0x0000;02 Illegal Data Address
12048;0;0;0x0000;02 Illegal Data Address
12049;0;0;0x0000;02 Illegal Data Address
12050;0;0;0x0000;02 Illegal Data Address
12051;0;0;0x0000;02 Illegal Data Address
12052;0;0;0x0000;02 Illegal Data Address
12053;0;0;0x0000;02 Illegal Data Address
12054;0;0;0x0000;02 Illegal Data Address
12055;0;0;0x0000;02 Illegal Data Address
12056;0;0;0x0000;02 Illegal Data Address
12057;0;0;0x0000;02 Illegal Data Address
12058;0;0;0x0000;02 Illegal Data Address
12059;0;0;0x0000;02 Illegal Data Address
12060;0;0;0x0000;02 Illegal Data Address
12061;0;0;0x0000;02 Illegal Data Address
12062;0;0;0x0000;02 Illegal Data Address
12063;0;0;0x0000;02 Illegal Data Address
12064;0;0;0x0000;02 Illegal Data Address
12065;0;0;0x0000;02 Illegal Data Address
12066;0;0;0x0000;02 Illegal Data Address
12067;0;0;0x0000;02 Illegal Data Address
12068;0;0;0x0000;02 Illegal Data Address
12069;0;0;0x0000;02 Illegal Data Address
12070;0;0;0x0000;02 Illegal Data Address
12071;0;0;0x0000;02 Illegal Data Address
12072;0;0;0x0000;02 Illegal Data Address
12073;0;0;0x0000;02 Illegal Data Address
12074;0;0;0x0000;02 Illegal Data Address
12075;0;0;0x0000;02 Illegal Data Address
12076;0;0;0x0000;02 Illegal Data Address
12077;0;0;0x0000;02 Illegal Data Address
12078;0;0;0x0000;02 Illegal Data Address
12079;0;0;0x0000;02 Illegal Data Address
12080;0;0;0x0000;02 Illegal Data Address
12081;0;0;0x0000;02 Illegal Data Address
12082;0;0;0x0000;02 Illegal Data Address
12083;0;0;0x0000;02 Illegal Data Address
12084;0;0;0x0000;02 Illegal Data Address
12085;0;0;0x0000;02 Illegal Data Address
12086;0;0;0x0000;02 Illegal Data Address
12087;0;0;0x0000;02 Illegal Data Address
12088;0;0;0x0000;02 Illegal Data Address
12089;0;0;0x0000;02 Illegal Data Address
12090;0;0;0x0000;02 Illegal Data Address
12091;0;0;0x0000;02 Illegal Data Address
12092;0;0;0x0000;02 Illegal Data Address
12093;0;0;0x0000;02 Illegal Data Address
12094;0;0;0x0000;02 Illegal Data Address
12095;0;0;0x0000;02 Illegal Data Address
12096;0;0;0x0000;02 Illegal Data Address
12097;0;0;0x0000;02 Illegal Data Address
12098;0;0;0x0000;02 Illegal Data Address
12099;0;0;0x0000;02 Illegal Data Address
12100;0;0;0x0000;02 Illegal Data Address
12101;0;0;0x0000;02 Illegal Data Address
12102;0;0;0x0000;02 Illegal Data Address
12103;0;0;0x0000;02 Illegal Data Address
12104;0;0;0x0000;02 Illegal Data Address
12105;0;0;0x0000;02 Illegal Data Address
12106;0;0;0x0000;02 Illegal Data Address
12107;0;0;0x0000;02 Illegal Data Address
12108;0;0;0x0000;02 Illegal Data Address
12109;0;0;0x0000;02 Illegal Data Address
12110;0;0;0x0000;02 Illegal Data Address
12111;0;0;0x0000;02 Illegal Data Address
12112;0;0;0x0000;02 Illegal Data Address
12113;0;0;0x0000;02 Illegal Data Address
12114;0;0;0x0000;02 Illegal Data Address
12115;0;0;0x0000;02 Illegal Data Address
12116;0;0;0x0000;02 Illegal Data Address
12117;0;0;0x0000;02 Illegal Data Address
12118;0;0;0x0000;02 Illegal Data Address
12119;0;0;0x0000;02 Illegal Data Address
12120;0;0;0x0000;02 Illegal Data Address
12121;0;0;0x0000;02 Illegal Data Address
12122;0;0;0x0000;02 Illegal Data Address
12123;0;0;0x0000;02 Illegal Data Address
12124;0;0;0x0000;02 Illegal Data Address
12125;0;0;0x0000;02 Illegal Data Address
12126;0;0;0x0000;02 Illegal Data Address
12127;0;0;0x0000;02 Illegal Data Address
12128;0;0;0x0000;02 Illegal Data Address
12129;0;0;0x0000;02 Illegal Data Address
12130;0;0;0x0000;02 Illegal Data Address
12131;0;0;0x0000;02 Illegal Data Address
12132;0;0;0x0000;02 Illegal Data Address
12133;0;0;0x0000;02 Illegal Data Address
12134;0;0;0x0000;02 Illegal Data Address
12135;0;0;0x0000;02 Illegal Data Address
12136;0;0;0x0000;02 Illegal Data Address
12137;0;0;0x0000;02 Illegal Data Address
12138;0;0;0x0000;02 Illegal Data Address
12139;0;0;0x0000;02 Illegal Data Address
12140;0;0;0x0000;02 Illegal Data Address
12141;0;0;0x0000;02 Illegal Data Address
12142;0;0;0x0000;02 Illegal Data Address
12143;0;0;0x0000;02 Illegal Data Address
12144;0;0;0x0000;02 Illegal Data Address
12145;0;0;0x0000;02 Illegal Data Address
12146;0;0;0x0000;02 Illegal Data Address
12147;0;0;0x0000;02 Illegal Data Address
12148;0;0;0x0000;02 Illegal Data Address
12149;0;0;0x0000;02 Illegal Data Address
12150;0;0;0x0000;02 Illegal Data Address
12151;0;0;0x0000;02 Illegal Data Address
12152;0;0;0x0000;02 Illegal Data Address
12153;0;0;0x0000;02 Illegal Data Address
12154;0;0;0x0000;02 Illegal Data Address
12155;0;0;0x0000;02 Illegal Data Address
12156;0;0;0x0000;02 Illegal Data Address
12157;0;0;0x0000;02 Illegal Data Address
12158;0;0;0x0000;02 Illegal Data Address
12159;0;0;0x0000;02 Illegal Data Address
12160;0;0;0x0000;02 Illegal Data Address
12161;0;0;0x0000;02 Illegal Data Address
12162;0;0;0x0000;02 Illegal Data Address
12163;0;0;0x0000;02 Illegal Data Address
12164;0;0;0x0000;02 Illegal Data Address
12165;0;0;0x0000;02 Illegal Data Address
12166;0;0;0x0000;02 Illegal Data Address
12167;0;0;0x0000;02 Illegal Data Address
12168;0;0;0x0000;02 Illegal Data Address
12169;0;0;0x0000;02 Illegal Data Address
12170;0;0;0x0000;02 Illegal Data Address
12171;0;0;0x0000;02 Illegal Data Address
12172;0;0;0x0000;02 Illegal Data Address
12173;0;0;0x0000;02 Illegal Data Address
12174;0;0;0x0000;02 Illegal Data Address
12175;0;0;0x0000;02 Illegal Data Address
12176;0;0;0x0000;02 Illegal Data Address
12177;0;0;0x0000;02 Illegal Data Address
12178;0;0;0x0000;02 Illegal Data Address
12179;0;0;0x0000;02 Illegal Data Address
12180;0;0;0x0000;02 Illegal Data Address
12181;0;0;0x0000;02 Illegal Data Address
12182;0;0;0x0000;02 Illegal Data Address
12183;0;0;0x0000;02 Illegal Data Address
12184;0;0;0x0000;02 Illegal Data Address
12185;0;0;0x0000;02 Illegal Data Address
12186;0;0;0x0000;02 Illegal Data Address
12187;0;0;0x0000;02 Illegal Data Address
12188;0;0;0x0000;02 Illegal Data Address
12189;0;0;0x0000;02 Illegal Data Address
12190;0;0;0x0000;02 Illegal Data Address
12191;0;0;0x0000;02 Illegal Data Address
12192;0;0;0x0000;02 Illegal Data Address
12193;0;0;0x0000;02 Illegal Data Address
12194;0;0;0x0000;02 Illegal Data Address
12195;0;0;0x0000;02 Illegal Data Address
12196;0;0;0x0000;02 Illegal Data Address
12197;0;0;0x0000;02 Illegal Data Address
12198;0;0;0x0000;02 Illegal Data Address
12199;0;0;0x0000;02 Illegal Data Address
12200;0;0;0x0000;02 Illegal Data Address
12201;0;0;0x0000;02 Illegal Data Address
12202;0;0;0x0000;02 Illegal Data Address
12203;0;0;0x0000;02 Illegal Data Address
12204;0;0;0x0000;02 Illegal Data Address
12205;0;0;0x0000;02 Illegal Data Address
12206;0;0;0x0000;02 Illegal Data Address
12207;0;0;0x0000;02 Illegal Data Address
12208;0;0;0x0000;02 Illegal Data Address
12209;0;0;0x0000;02 Illegal Data Address
12210;0;0;0x0000;02 Illegal Data Address
12211;0;0;0x0000;02 Illegal Data Address
12212;0;0;0x0000;02 Illegal Data Address
12213;0;0;0x0000;02 Illegal Data Address
12214;0;0;0x0000;02 Illegal Data Address
12215;0;0;0x0000;02 Illegal Data Address
12216;0;0;0x0000;02 Illegal Data Address
12217;0;0;0x0000;02 Illegal Data Address
12218;0;0;0x0000;02 Illegal Data Address
12219;0;0;0x0000;02 Illegal Data Address
12220;0;0;0x0000;02 Illegal Data Address
12221;0;0;0x0000;02 Illegal Data Address
12222;0;0;0x0000;02 Illegal Data Address
12223;0;0;0x0000;02 Illegal Data Address
12224;0;0;0x0000;02 Illegal Data Address
12225;0;0;0x0000;02 Illegal Data Address
12226;0;0;0x0000;02 Illegal Data Address
12227;0;0;0x0000;02 Illegal Data Address
12228;0;0;0x0000;02 Illegal Data Address
12229;0;0;0x0000;02 Illegal Data Address
12230;0;0;0x0000;02 Illegal Data Address
12231;0;0;0x0000;02 Illegal Data Address
12232;0;0;0x0000;02 Illegal Data Address
12233;0;0;0x0000;02 Illegal Data Address
12234;0;0;0x0000;02 Illegal Data Address
12235;0;0;0x0000;02 Illegal Data Address
12236;0;0;0x0000;02 Illegal Data Address
12237;0;0;0x0000;02 Illegal Data Address
12238;0;0;0x0000;02 Illegal Data Address
12239;0;0;0x0000;02 Illegal Data Address
12240;0;0;0x0000;02 Illegal Data Address
12241;0;0;0x0000;02 Illegal Data Address
12242;0;0;0x0000;02 Illegal Data Address
12243;0;0;0x0000;02 Illegal Data Address
12244;0;0;0x0000;02 Illegal Data Address
12245;0;0;0x0000;02 Illegal Data Address
12246;0;0;0x0000;02 Illegal Data Address
12247;0;0;0x0000;02 Illegal Data Address
12248;0;0;0x0000;02 Illegal Data Address
12249;0;0;0x0000;02 Illegal Data Address
12250;0;0;0x0000;02 Illegal Data Address
12251;0;0;0x0000;02 Illegal Data Address
12252;0;0;0x0000;02 Illegal Data Address
12253;0;0;0x0000;02 Illegal Data Address
12254;0;0;0x0000;02 Illegal Data Address
12255;0;0;0x0000;02 Illegal Data Address
12256;0;0;0x0000;02 Illegal Data Address
12257;0;0;0x0000;02 Illegal Data Address
12258;0;0;0x0000;02 Illegal Data Address
12259;0;0;0x0000;02 Illegal Data Address
12260;0;0;0x0000;02 Illegal Data Address
12261;0;0;0x0000;02 Illegal Data Address
12262;0;0;0x0000;02 Illegal Data Address
12263;0;0;0x0000;02 Illegal Data Address
12264;0;0;0x0000;02 Illegal Data Address
12265;0;0;0x0000;02 Illegal Data Address
12266;0;0;0x0000;02 Illegal Data Address
12267;0;0;0x0000;02 Illegal Data Address
12268;0;0;0x0000;02 Illegal Data Address
12269;0;0;0x0000;02 Illegal Data Address
12270;0;0;0x0000;02 Illegal Data Address
12271;0;0;0x0000;02 Illegal Data Address
12272;0;0;0x0000;02 Illegal Data Address
12273;0;0;0x0000;02 Illegal Data Address
12274;0;0;0x0000;02 Illegal Data Address
12275;0;0;0x0000;02 Illegal Data Address
12276;0;0;0x0000;02 Illegal Data Address
12277;0;0;0x0000;02 Illegal Data Address
12278;0;0;0x0000;02 Illegal Data Address
12279;0;0;0x0000;02 Illegal Data Address
12280;0;0;0x0000;02 Illegal Data Address
12281;0;0;0x0000;02 Illegal Data Address
12282;0;0;0x0000;02 Illegal Data Address
12283;0;0;0x0000;02 Illegal Data Address
12284;0;0;0x0000;02 Illegal Data Address
12285;0;0;0x0000;02 Illegal Data Address
12286;0;0;0x0000;02 Illegal Data Address
12287;0;0;0x0000;02 Illegal Data Address
12288;0;0;0x0000;02 Illegal Data Address
12289;0;0;0x0000;02 Illegal Data Address
12290;0;0;0x0000;02 Illegal Data Address
12291;0;0;0x0000;02 Illegal Data Address
12292;0;0;0x0000;02 Illegal Data Address
12293;0;0;0x0000;02 Illegal Data Address
12294;0;0;0x0000;02 Illegal Data Address
12295;0;0;0x0000;02 Illegal Data Address
12296;0;0;0x0000;02 Illegal Data Address
12297;0;0;0x0000;02 Illegal Data Address
12298;0;0;0x0000;02 Illegal Data Address
12299;0;0;0x0000;02 Illegal Data Address
12300;0;0;0x0000;02 Illegal Data Address
12301;0;0;0x0000;02 Illegal Data Address
12302;0;0;0x0000;02 Illegal Data Address
12303;0;0;0x0000;02 Illegal Data Address
12304;0;0;0x0000;02 Illegal Data Address
12305;0;0;0x0000;02 Illegal Data Address
12306;0;0;0x0000;02 Illegal Data Address
12307;0;0;0x0000;02 Illegal Data Address
12308;0;0;0x0000;02 Illegal Data Address
12309;0;0;0x0000;02 Illegal Data Address
12310;0;0;0x0000;02 Illegal Data Address
12311;0;0;0x0000;02 Illegal Data Address
12312;0;0;0x0000;02 Illegal Data Address
12313;0;0;0x0000;02 Illegal Data Address
12314;0;0;0x0000;02 Illegal Data Address
12315;0;0;0x0000;02 Illegal Data Address
12316;0;0;0x0000;02 Illegal Data Address
12317;0;0;0x0000;02 Illegal Data Address
12318;0;0;0x0000;02 Illegal Data Address
12319;0;0;0x0000;02 Illegal Data Address
12320;0;0;0x0000;02 Illegal Data Address
12321;0;0;0x0000;02 Illegal Data Address
12322;0;0;0x0000;02 Illegal Data Address
12323;0;0;0x0000;02 Illegal Data Address
12324;0;0;0x0000;02 Illegal Data Address
12325;0;0;0x0000;02 Illegal Data Address
12326;0;0;0x0000;02 Illegal Data Address
12327;0;0;0x0000;02 Illegal Data Address
12328;0;0;0x0000;02 Illegal Data Address
12329;0;0;0x0000;02 Illegal Data Address
12330;0;0;0x0000;02 Illegal Data Address
12331;0;0;0x0000;02 Illegal Data Address
12332;0;0;0x0000;02 Illegal Data Address
12333;0;0;0x0000;02 Illegal Data Address
12334;0;0;0x0000;02 Illegal Data Address
12335;0;0;0x0000;02 Illegal Data Address
12336;0;0;0x0000;02 Illegal Data Address
12337;0;0;0x0000;02 Illegal Data Address
12338;0;0;0x0000;02 Illegal Data Address
12339;0;0;0x0000;02 Illegal Data Address
12340;0;0;0x0000;02 Illegal Data Address
12341;0;0;0x0000;02 Illegal Data Address
12342;0;0;0x0000;02 Illegal Data Address
12343;0;0;0x0000;02 Illegal Data Address
12344;0;0;0x0000;02 Illegal Data Address
12345;0;0;0x0000;02 Illegal Data Address
12346;0;0;0x0000;02 Illegal Data Address
12347;0;0;0x0000;02 Illegal Data Address
12348;0;0;0x0000;02 Illegal Data Address
12349;0;0;0x0000;02 Illegal Data Address
12350;0;0;0x0000;02 Illegal Data Address
12351;0;0;0x0000;02 Illegal Data Address
12352;0;0;0x0000;02 Illegal Data Address
12353;0;0;0x0000;02 Illegal Data Address
12354;0;0;0x0000;02 Illegal Data Address
12355;0;0;0x0000;02 Illegal Data Address
12356;0;0;0x0000;02 Illegal Data Address
12357;0;0;0x0000;02 Illegal Data Address
12358;0;0;0x0000;02 Illegal Data Address
12359;0;0;0x0000;02 Illegal Data Address
12360;0;0;0x0000;02 Illegal Data Address
12361;0;0;0x0000;02 Illegal Data Address
12362;0;0;0x0000;02 Illegal Data Address
12363;0;0;0x0000;02 Illegal Data Address
12364;0;0;0x0000;02 Illegal Data Address
12365;0;0;0x0000;02 Illegal Data Address
12366;0;0;0x0000;02 Illegal Data Address
12367;0;0;0x0000;02 Illegal Data Address
12368;0;0;0x0000;02 Illegal Data Address
12369;0;0;0x0000;02 Illegal Data Address
12370;0;0;0x0000;02 Illegal Data Address
12371;0;0;0x0000;02 Illegal Data Address
12372;0;0;0x0000;02 Illegal Data Address
12373;0;0;0x0000;02 Illegal Data Address
12374;0;0;0x0000;02 Illegal Data Address
12375;0;0;0x0000;02 Illegal Data Address
12376;0;0;0x0000;02 Illegal Data Address
12377;0;0;0x0000;02 Illegal Data Address
12378;0;0;0x0000;02 Illegal Data Address
12379;0;0;0x0000;02 Illegal Data Address
12380;0;0;0x0000;02 Illegal Data Address
12381;0;0;0x0000;02 Illegal Data Address
12382;0;0;0x0000;02 Illegal Data Address
12383;0;0;0x0000;02 Illegal Data Address
12384;0;0;0x0000;02 Illegal Data Address
12385;0;0;0x0000;02 Illegal Data Address
12386;0;0;0x0000;02 Illegal Data Address
12387;0;0;0x0000;02 Illegal Data Address
12388;0;0;0x0000;02 Illegal Data Address
12389;0;0;0x0000;02 Illegal Data Address
12390;0;0;0x0000;02 Illegal Data Address
12391;0;0;0x0000;02 Illegal Data Address
12392;0;0;0x0000;02 Illegal Data Address
12393;0;0;0x0000;02 Illegal Data Address
12394;0;0;0x0000;02 Illegal Data Address
12395;0;0;0x0000;02 Illegal Data Address
12396;0;0;0x0000;02 Illegal Data Address
12397;0;0;0x0000;02 Illegal Data Address
12398;0;0;0x0000;02 Illegal Data Address
12399;0;0;0x0000;02 Illegal Data Address
12400;0;0;0x0000;02 Illegal Data Address
12401;0;0;0x0000;02 Illegal Data Address
12402;0;0;0x0000;02 Illegal Data Address
12403;0;0;0x0000;02 Illegal Data Address
12404;0;0;0x0000;02 Illegal Data Address
12405;0;0;0x0000;02 Illegal Data Address
12406;0;0;0x0000;02 Illegal Data Address
12407;0;0;0x0000;02 Illegal Data Address
12408;0;0;0x0000;02 Illegal Data Address
12409;0;0;0x0000;02 Illegal Data Address
12410;0;0;0x0000;02 Illegal Data Address
12411;0;0;0x0000;02 Illegal Data Address
12412;0;0;0x0000;02 Illegal Data Address
12413;0;0;0x0000;02 Illegal Data Address
12414;0;0;0x0000;02 Illegal Data Address
12415;0;0;0x0000;02 Illegal Data Address
12416;0;0;0x0000;02 Illegal Data Address
12417;0;0;0x0000;02 Illegal Data Address
12418;0;0;0x0000;02 Illegal Data Address
12419;0;0;0x0000;02 Illegal Data Address
12420;0;0;0x0000;02 Illegal Data Address
12421;0;0;0x0000;02 Illegal Data Address
12422;0;0;0x0000;02 Illegal Data Address
12423;0;0;0x0000;02 Illegal Data Address
12424;0;0;0x0000;02 Illegal Data Address
12425;0;0;0x0000;02 Illegal Data Address
12426;0;0;0x0000;02 Illegal Data Address
12427;0;0;0x0000;02 Illegal Data Address
12428;0;0;0x0000;02 Illegal Data Address
12429;0;0;0x0000;02 Illegal Data Address
12430;0;0;0x0000;02 Illegal Data Address
12431;0;0;0x0000;02 Illegal Data Address
12432;0;0;0x0000;02 Illegal Data Address
12433;0;0;0x0000;02 Illegal Data Address
12434;0;0;0x0000;02 Illegal Data Address
12435;0;0;0x0000;02 Illegal Data Address
12436;0;0;0x0000;02 Illegal Data Address
12437;0;0;0x0000;02 Illegal Data Address
12438;0;0;0x0000;02 Illegal Data Address
12439;0;0;0x0000;02 Illegal Data Address
12440;0;0;0x0000;02 Illegal Data Address
12441;0;0;0x0000;02 Illegal Data Address
12442;0;0;0x0000;02 Illegal Data Address
12443;0;0;0x0000;02 Illegal Data Address
12444;0;0;0x0000;02 Illegal Data Address
12445;0;0;0x0000;02 Illegal Data Address
12446;0;0;0x0000;02 Illegal Data Address
12447;0;0;0x0000;02 Illegal Data Address
12448;0;0;0x0000;02 Illegal Data Address
12449;0;0;0x0000;02 Illegal Data Address
12450;0;0;0x0000;02 Illegal Data Address
12451;0;0;0x0000;02 Illegal Data Address
12452;0;0;0x0000;02 Illegal Data Address
12453;0;0;0x0000;02 Illegal Data Address
12454;0;0;0x0000;02 Illegal Data Address
12455;0;0;0x0000;02 Illegal Data Address
12456;0;0;0x0000;02 Illegal Data Address
12457;0;0;0x0000;02 Illegal Data Address
12458;0;0;0x0000;02 Illegal Data Address
12459;0;0;0x0000;02 Illegal Data Address
12460;0;0;0x0000;02 Illegal Data Address
12461;0;0;0x0000;02 Illegal Data Address
12462;0;0;0x0000;02 Illegal Data Address
12463;0;0;0x0000;02 Illegal Data Address
12464;0;0;0x0000;02 Illegal Data Address
12465;0;0;0x0000;02 Illegal Data Address
12466;0;0;0x0000;02 Illegal Data Address
12467;0;0;0x0000;02 Illegal Data Address
12468;0;0;0x0000;02 Illegal Data Address
12469;0;0;0x0000;02 Illegal Data Address
12470;0;0;0x0000;02 Illegal Data Address
12471;0;0;0x0000;02 Illegal Data Address
12472;0;0;0x0000;02 Illegal Data Address
12473;0;0;0x0000;02 Illegal Data Address
12474;0;0;0x0000;02 Illegal Data Address
12475;0;0;0x0000;02 Illegal Data Address
12476;0;0;0x0000;02 Illegal Data Address
12477;0;0;0x0000;02 Illegal Data Address
12478;0;0;0x0000;02 Illegal Data Address
12479;0;0;0x0000;02 Illegal Data Address
12480;0;0;0x0000;02 Illegal Data Address
12481;0;0;0x0000;02 Illegal Data Address
12482;0;0;0x0000;02 Illegal Data Address
12483;0;0;0x0000;02 Illegal Data Address
12484;0;0;0x0000;02 Illegal Data Address
12485;0;0;0x0000;02 Illegal Data Address
12486;0;0;0x0000;02 Illegal Data Address
12487;0;0;0x0000;02 Illegal Data Address
12488;0;0;0x0000;02 Illegal Data Address
12489;0;0;0x0000;02 Illegal Data Address
12490;0;0;0x0000;02 Illegal Data Address
12491;0;0;0x0000;02 Illegal Data Address
12492;0;0;0x0000;02 Illegal Data Address
12493;0;0;0x0000;02 Illegal Data Address
12494;0;0;0x0000;02 Illegal Data Address
12495;0;0;0x0000;02 Illegal Data Address
12496;0;0;0x0000;02 Illegal Data Address
12497;0;0;0x0000;02 Illegal Data Address
12498;0;0;0x0000;02 Illegal Data Address
12499;0;0;0x0000;02 Illegal Data Address
12500;0;0;0x0000;02 Illegal Data Address
12501;0;0;0x0000;02 Illegal Data Address
12502;0;0;0x0000;02 Illegal Data Address
12503;0;0;0x0000;02 Illegal Data Address
12504;0;0;0x0000;02 Illegal Data Address
12505;0;0;0x0000;02 Illegal Data Address
12506;0;0;0x0000;02 Illegal Data Address
12507;0;0;0x0000;02 Illegal Data Address
12508;0;0;0x0000;02 Illegal Data Address
12509;0;0;0x0000;02 Illegal Data Address
12510;0;0;0x0000;02 Illegal Data Address
12511;0;0;0x0000;02 Illegal Data Address
12512;0;0;0x0000;02 Illegal Data Address
12513;0;0;0x0000;02 Illegal Data Address
12514;0;0;0x0000;02 Illegal Data Address
12515;0;0;0x0000;02 Illegal Data Address
12516;0;0;0x0000;02 Illegal Data Address
12517;0;0;0x0000;02 Illegal Data Address
12518;0;0;0x0000;02 Illegal Data Address
12519;0;0;0x0000;02 Illegal Data Address
12520;0;0;0x0000;02 Illegal Data Address
12521;0;0;0x0000;02 Illegal Data Address
12522;0;0;0x0000;02 Illegal Data Address
12523;0;0;0x0000;02 Illegal Data Address
12524;0;0;0x0000;02 Illegal Data Address
12525;0;0;0x0000;02 Illegal Data Address
12526;0;0;0x0000;02 Illegal Data Address
12527;0;0;0x0000;02 Illegal Data Address
12528;0;0;0x0000;02 Illegal Data Address
12529;0;0;0x0000;02 Illegal Data Address
12530;0;0;0x0000;02 Illegal Data Address
12531;0;0;0x0000;02 Illegal Data Address
12532;0;0;0x0000;02 Illegal Data Address
12533;0;0;0x0000;02 Illegal Data Address
12534;0;0;0x0000;02 Illegal Data Address
12535;0;0;0x0000;02 Illegal Data Address
12536;0;0;0x0000;02 Illegal Data Address
12537;0;0;0x0000;02 Illegal Data Address
12538;0;0;0x0000;02 Illegal Data Address
12539;0;0;0x0000;02 Illegal Data Address
12540;0;0;0x0000;02 Illegal Data Address
12541;0;0;0x0000;02 Illegal Data Address
12542;0;0;0x0000;02 Illegal Data Address
12543;0;0;0x0000;02 Illegal Data Address
12544;0;0;0x0000;02 Illegal Data Address
12545;0;0;0x0000;02 Illegal Data Address
12546;0;0;0x0000;02 Illegal Data Address
12547;0;0;0x0000;02 Illegal Data Address
12548;0;0;0x0000;02 Illegal Data Address
12549;0;0;0x0000;02 Illegal Data Address
12550;0;0;0x0000;02 Illegal Data Address
12551;0;0;0x0000;02 Illegal Data Address
12552;0;0;0x0000;02 Illegal Data Address
12553;0;0;0x0000;02 Illegal Data Address
12554;0;0;0x0000;02 Illegal Data Address
12555;0;0;0x0000;02 Illegal Data Address
12556;0;0;0x0000;02 Illegal Data Address
12557;0;0;0x0000;02 Illegal Data Address
12558;0;0;0x0000;02 Illegal Data Address
12559;0;0;0x0000;02 Illegal Data Address
12560;0;0;0x0000;02 Illegal Data Address
12561;0;0;0x0000;02 Illegal Data Address
12562;0;0;0x0000;02 Illegal Data Address
12563;0;0;0x0000;02 Illegal Data Address
12564;0;0;0x0000;02 Illegal Data Address
12565;0;0;0x0000;02 Illegal Data Address
12566;0;0;0x0000;02 Illegal Data Address
12567;0;0;0x0000;02 Illegal Data Address
12568;0;0;0x0000;02 Illegal Data Address
12569;0;0;0x0000;02 Illegal Data Address
12570;0;0;0x0000;02 Illegal Data Address
12571;0;0;0x0000;02 Illegal Data Address
12572;0;0;0x0000;02 Illegal Data Address
12573;0;0;0x0000;02 Illegal Data Address
12574;0;0;0x0000;02 Illegal Data Address
12575;0;0;0x0000;02 Illegal Data Address
12576;0;0;0x0000;02 Illegal Data Address
12577;0;0;0x0000;02 Illegal Data Address
12578;0;0;0x0000;02 Illegal Data Address
12579;0;0;0x0000;02 Illegal Data Address
12580;0;0;0x0000;02 Illegal Data Address
12581;0;0;0x0000;02 Illegal Data Address
12582;0;0;0x0000;02 Illegal Data Address
12583;0;0;0x0000;02 Illegal Data Address
12584;0;0;0x0000;02 Illegal Data Address
12585;0;0;0x0000;02 Illegal Data Address
12586;0;0;0x0000;02 Illegal Data Address
12587;0;0;0x0000;02 Illegal Data Address
12588;0;0;0x0000;02 Illegal Data Address
12589;0;0;0x0000;02 Illegal Data Address
12590;0;0;0x0000;02 Illegal Data Address
12591;0;0;0x0000;02 Illegal Data Address
12592;0;0;0x0000;02 Illegal Data Address
12593;0;0;0x0000;02 Illegal Data Address
12594;0;0;0x0000;02 Illegal Data Address
12595;0;0;0x0000;02 Illegal Data Address
12596;0;0;0x0000;02 Illegal Data Address
12597;0;0;0x0000;02 Illegal Data Address
12598;0;0;0x0000;02 Illegal Data Address
12599;0;0;0x0000;02 Illegal Data Address
12600;0;0;0x0000;02 Illegal Data Address
12601;0;0;0x0000;02 Illegal Data Address
12602;0;0;0x0000;02 Illegal Data Address
12603;0;0;0x0000;02 Illegal Data Address
12604;0;0;0x0000;02 Illegal Data Address
12605;0;0;0x0000;02 Illegal Data Address
12606;0;0;0x0000;02 Illegal Data Address
12607;0;0;0x0000;02 Illegal Data Address
12608;0;0;0x0000;02 Illegal Data Address
12609;0;0;0x0000;02 Illegal Data Address
12610;0;0;0x0000;02 Illegal Data Address
12611;0;0;0x0000;02 Illegal Data Address
12612;0;0;0x0000;02 Illegal Data Address
12613;0;0;0x0000;02 Illegal Data Address
12614;0;0;0x0000;02 Illegal Data Address
12615;0;0;0x0000;02 Illegal Data Address
12616;0;0;0x0000;02 Illegal Data Address
12617;0;0;0x0000;02 Illegal Data Address
12618;0;0;0x0000;02 Illegal Data Address
12619;0;0;0x0000;02 Illegal Data Address
12620;0;0;0x0000;02 Illegal Data Address
12621;0;0;0x0000;02 Illegal Data Address
12622;0;0;0x0000;02 Illegal Data Address
12623;0;0;0x0000;02 Illegal Data Address
12624;0;0;0x0000;02 Illegal Data Address
12625;0;0;0x0000;02 Illegal Data Address
12626;0;0;0x0000;02 Illegal Data Address
12627;0;0;0x0000;02 Illegal Data Address
12628;0;0;0x0000;02 Illegal Data Address
12629;0;0;0x0000;02 Illegal Data Address
12630;0;0;0x0000;02 Illegal Data Address
12631;0;0;0x0000;02 Illegal Data Address
12632;0;0;0x0000;02 Illegal Data Address
12633;0;0;0x0000;02 Illegal Data Address
12634;0;0;0x0000;02 Illegal Data Address
12635;0;0;0x0000;02 Illegal Data Address
12636;0;0;0x0000;02 Illegal Data Address
12637;0;0;0x0000;02 Illegal Data Address
12638;0;0;0x0000;02 Illegal Data Address
12639;0;0;0x0000;02 Illegal Data Address
12640;0;0;0x0000;02 Illegal Data Address
12641;0;0;0x0000;02 Illegal Data Address
12642;0;0;0x0000;02 Illegal Data Address
12643;0;0;0x0000;02 Illegal Data Address
12644;0;0;0x0000;02 Illegal Data Address
12645;0;0;0x0000;02 Illegal Data Address
12646;0;0;0x0000;02 Illegal Data Address
12647;0;0;0x0000;02 Illegal Data Address
12648;0;0;0x0000;02 Illegal Data Address
12649;0;0;0x0000;02 Illegal Data Address
12650;0;0;0x0000;02 Illegal Data Address
12651;0;0;0x0000;02 Illegal Data Address
12652;0;0;0x0000;02 Illegal Data Address
12653;0;0;0x0000;02 Illegal Data Address
12654;0;0;0x0000;02 Illegal Data Address
12655;0;0;0x0000;02 Illegal Data Address
12656;0;0;0x0000;02 Illegal Data Address
12657;0;0;0x0000;02 Illegal Data Address
12658;0;0;0x0000;02 Illegal Data Address
12659;0;0;0x0000;02 Illegal Data Address
12660;0;0;0x0000;02 Illegal Data Address
12661;0;0;0x0000;02 Illegal Data Address
12662;0;0;0x0000;02 Illegal Data Address
12663;0;0;0x0000;02 Illegal Data Address
12664;0;0;0x0000;02 Illegal Data Address
12665;0;0;0x0000;02 Illegal Data Address
12666;0;0;0x0000;02 Illegal Data Address
12667;0;0;0x0000;02 Illegal Data Address
12668;0;0;0x0000;02 Illegal Data Address
12669;0;0;0x0000;02 Illegal Data Address
12670;0;0;0x0000;02 Illegal Data Address
12671;0;0;0x0000;02 Illegal Data Address
12672;0;0;0x0000;02 Illegal Data Address
12673;0;0;0x0000;02 Illegal Data Address
12674;0;0;0x0000;02 Illegal Data Address
12675;0;0;0x0000;02 Illegal Data Address
12676;0;0;0x0000;02 Illegal Data Address
12677;0;0;0x0000;02 Illegal Data Address
12678;0;0;0x0000;02 Illegal Data Address
12679;0;0;0x0000;02 Illegal Data Address
12680;0;0;0x0000;02 Illegal Data Address
12681;0;0;0x0000;02 Illegal Data Address
12682;0;0;0x0000;02 Illegal Data Address
12683;0;0;0x0000;02 Illegal Data Address
12684;0;0;0x0000;02 Illegal Data Address
12685;0;0;0x0000;02 Illegal Data Address
12686;0;0;0x0000;02 Illegal Data Address
12687;0;0;0x0000;02 Illegal Data Address
12688;0;0;0x0000;02 Illegal Data Address
12689;0;0;0x0000;02 Illegal Data Address
12690;0;0;0x0000;02 Illegal Data Address
12691;0;0;0x0000;02 Illegal Data Address
12692;0;0;0x0000;02 Illegal Data Address
12693;0;0;0x0000;02 Illegal Data Address
12694;0;0;0x0000;02 Illegal Data Address
12695;0;0;0x0000;02 Illegal Data Address
12696;0;0;0x0000;02 Illegal Data Address
12697;0;0;0x0000;02 Illegal Data Address
12698;0;0;0x0000;02 Illegal Data Address
12699;0;0;0x0000;02 Illegal Data Address
12700;0;0;0x0000;02 Illegal Data Address
12701;0;0;0x0000;02 Illegal Data Address
12702;0;0;0x0000;02 Illegal Data Address
12703;0;0;0x0000;02 Illegal Data Address
12704;0;0;0x0000;02 Illegal Data Address
12705;0;0;0x0000;02 Illegal Data Address
12706;0;0;0x0000;02 Illegal Data Address
12707;0;0;0x0000;02 Illegal Data Address
12708;0;0;0x0000;02 Illegal Data Address
12709;0;0;0x0000;02 Illegal Data Address
12710;0;0;0x0000;02 Illegal Data Address
12711;0;0;0x0000;02 Illegal Data Address
12712;0;0;0x0000;02 Illegal Data Address
12713;0;0;0x0000;02 Illegal Data Address
12714;0;0;0x0000;02 Illegal Data Address
12715;0;0;0x0000;02 Illegal Data Address
12716;0;0;0x0000;02 Illegal Data Address
12717;0;0;0x0000;02 Illegal Data Address
12718;0;0;0x0000;02 Illegal Data Address
12719;0;0;0x0000;02 Illegal Data Address
12720;0;0;0x0000;02 Illegal Data Address
12721;0;0;0x0000;02 Illegal Data Address
12722;0;0;0x0000;02 Illegal Data Address
12723;0;0;0x0000;02 Illegal Data Address
12724;0;0;0x0000;02 Illegal Data Address
12725;0;0;0x0000;02 Illegal Data Address
12726;0;0;0x0000;02 Illegal Data Address
12727;0;0;0x0000;02 Illegal Data Address
12728;0;0;0x0000;02 Illegal Data Address
12729;0;0;0x0000;02 Illegal Data Address
12730;0;0;0x0000;02 Illegal Data Address
12731;0;0;0x0000;02 Illegal Data Address
12732;0;0;0x0000;02 Illegal Data Address
12733;0;0;0x0000;02 Illegal Data Address
12734;0;0;0x0000;02 Illegal Data Address
12735;0;0;0x0000;02 Illegal Data Address
12736;0;0;0x0000;02 Illegal Data Address
12737;0;0;0x0000;02 Illegal Data Address
12738;0;0;0x0000;02 Illegal Data Address
12739;0;0;0x0000;02 Illegal Data Address
12740;0;0;0x0000;02 Illegal Data Address
12741;0;0;0x0000;02 Illegal Data Address
12742;0;0;0x0000;02 Illegal Data Address
12743;0;0;0x0000;02 Illegal Data Address
12744;0;0;0x0000;02 Illegal Data Address
12745;0;0;0x0000;02 Illegal Data Address
12746;0;0;0x0000;02 Illegal Data Address
12747;0;0;0x0000;02 Illegal Data Address
12748;0;0;0x0000;02 Illegal Data Address
12749;0;0;0x0000;02 Illegal Data Address
12750;0;0;0x0000;02 Illegal Data Address
12751;0;0;0x0000;02 Illegal Data Address
12752;0;0;0x0000;02 Illegal Data Address
12753;0;0;0x0000;02 Illegal Data Address
12754;0;0;0x0000;02 Illegal Data Address
12755;0;0;0x0000;02 Illegal Data Address
12756;0;0;0x0000;02 Illegal Data Address
12757;0;0;0x0000;02 Illegal Data Address
12758;0;0;0x0000;02 Illegal Data Address
12759;0;0;0x0000;02 Illegal Data Address
12760;0;0;0x0000;02 Illegal Data Address
12761;0;0;0x0000;02 Illegal Data Address
12762;0;0;0x0000;02 Illegal Data Address
12763;0;0;0x0000;02 Illegal Data Address
12764;0;0;0x0000;02 Illegal Data Address
12765;0;0;0x0000;02 Illegal Data Address
12766;0;0;0x0000;02 Illegal Data Address
12767;0;0;0x0000;02 Illegal Data Address
12768;0;0;0x0000;02 Illegal Data Address
12769;0;0;0x0000;02 Illegal Data Address
12770;0;0;0x0000;02 Illegal Data Address
12771;0;0;0x0000;02 Illegal Data Address
12772;0;0;0x0000;02 Illegal Data Address
12773;0;0;0x0000;02 Illegal Data Address
12774;0;0;0x0000;02 Illegal Data Address
12775;0;0;0x0000;02 Illegal Data Address
12776;0;0;0x0000;02 Illegal Data Address
12777;0;0;0x0000;02 Illegal Data Address
12778;0;0;0x0000;02 Illegal Data Address
12779;0;0;0x0000;02 Illegal Data Address
12780;0;0;0x0000;02 Illegal Data Address
12781;0;0;0x0000;02 Illegal Data Address
12782;0;0;0x0000;02 Illegal Data Address
12783;0;0;0x0000;02 Illegal Data Address
12784;0;0;0x0000;02 Illegal Data Address
12785;0;0;0x0000;02 Illegal Data Address
12786;0;0;0x0000;02 Illegal Data Address
12787;0;0;0x0000;02 Illegal Data Address
12788;0;0;0x0000;02 Illegal Data Address
12789;0;0;0x0000;02 Illegal Data Address
12790;0;0;0x0000;02 Illegal Data Address
12791;0;0;0x0000;02 Illegal Data Address
12792;0;0;0x0000;02 Illegal Data Address
12793;0;0;0x0000;02 Illegal Data Address
12794;0;0;0x0000;02 Illegal Data Address
12795;0;0;0x0000;02 Illegal Data Address
12796;0;0;0x0000;02 Illegal Data Address
12797;0;0;0x0000;02 Illegal Data Address
12798;0;0;0x0000;02 Illegal Data Address
12799;0;0;0x0000;02 Illegal Data Address
12800;0;0;0x0000;02 Illegal Data Address
12801;0;0;0x0000;02 Illegal Data Address
12802;0;0;0x0000;02 Illegal Data Address
12803;0;0;0x0000;02 Illegal Data Address
12804;0;0;0x0000;02 Illegal Data Address
12805;0;0;0x0000;02 Illegal Data Address
12806;0;0;0x0000;02 Illegal Data Address
12807;0;0;0x0000;02 Illegal Data Address
12808;0;0;0x0000;02 Illegal Data Address
12809;0;0;0x0000;02 Illegal Data Address
12810;0;0;0x0000;02 Illegal Data Address
12811;0;0;0x0000;02 Illegal Data Address
12812;0;0;0x0000;02 Illegal Data Address
12813;0;0;0x0000;02 Illegal Data Address
12814;0;0;0x0000;02 Illegal Data Address
12815;0;0;0x0000;02 Illegal Data Address
12816;0;0;0x0000;02 Illegal Data Address
12817;0;0;0x0000;02 Illegal Data Address
12818;0;0;0x0000;02 Illegal Data Address
12819;0;0;0x0000;02 Illegal Data Address
12820;0;0;0x0000;02 Illegal Data Address
12821;0;0;0x0000;02 Illegal Data Address
12822;0;0;0x0000;02 Illegal Data Address
12823;0;0;0x0000;02 Illegal Data Address
12824;0;0;0x0000;02 Illegal Data Address
12825;0;0;0x0000;02 Illegal Data Address
12826;0;0;0x0000;02 Illegal Data Address
12827;0;0;0x0000;02 Illegal Data Address
12828;0;0;0x0000;02 Illegal Data Address
12829;0;0;0x0000;02 Illegal Data Address
12830;0;0;0x0000;02 Illegal Data Address
12831;0;0;0x0000;02 Illegal Data Address
12832;0;0;0x0000;02 Illegal Data Address
12833;0;0;0x0000;02 Illegal Data Address
12834;0;0;0x0000;02 Illegal Data Address
12835;0;0;0x0000;02 Illegal Data Address
12836;0;0;0x0000;02 Illegal Data Address
12837;0;0;0x0000;02 Illegal Data Address
12838;0;0;0x0000;02 Illegal Data Address
12839;0;0;0x0000;02 Illegal Data Address
12840;0;0;0x0000;02 Illegal Data Address
12841;0;0;0x0000;02 Illegal Data Address
12842;0;0;0x0000;02 Illegal Data Address
12843;0;0;0x0000;02 Illegal Data Address
12844;0;0;0x0000;02 Illegal Data Address
12845;0;0;0x0000;02 Illegal Data Address
12846;0;0;0x0000;02 Illegal Data Address
12847;0;0;0x0000;02 Illegal Data Address
12848;0;0;0x0000;02 Illegal Data Address
12849;0;0;0x0000;02 Illegal Data Address
12850;0;0;0x0000;02 Illegal Data Address
12851;0;0;0x0000;02 Illegal Data Address
12852;0;0;0x0000;02 Illegal Data Address
12853;0;0;0x0000;02 Illegal Data Address
12854;0;0;0x0000;02 Illegal Data Address
12855;0;0;0x0000;02 Illegal Data Address
12856;0;0;0x0000;02 Illegal Data Address
12857;0;0;0x0000;02 Illegal Data Address
12858;0;0;0x0000;02 Illegal Data Address
12859;0;0;0x0000;02 Illegal Data Address
12860;0;0;0x0000;02 Illegal Data Address
12861;0;0;0x0000;02 Illegal Data Address
12862;0;0;0x0000;02 Illegal Data Address
12863;0;0;0x0000;02 Illegal Data Address
12864;0;0;0x0000;02 Illegal Data Address
12865;0;0;0x0000;02 Illegal Data Address
12866;0;0;0x0000;02 Illegal Data Address
12867;0;0;0x0000;02 Illegal Data Address
12868;0;0;0x0000;02 Illegal Data Address
12869;0;0;0x0000;02 Illegal Data Address
12870;0;0;0x0000;02 Illegal Data Address
12871;0;0;0x0000;02 Illegal Data Address
12872;0;0;0x0000;02 Illegal Data Address
12873;0;0;0x0000;02 Illegal Data Address
12874;0;0;0x0000;02 Illegal Data Address
12875;0;0;0x0000;02 Illegal Data Address
12876;0;0;0x0000;02 Illegal Data Address
12877;0;0;0x0000;02 Illegal Data Address
12878;0;0;0x0000;02 Illegal Data Address
12879;0;0;0x0000;02 Illegal Data Address
12880;0;0;0x0000;02 Illegal Data Address
12881;0;0;0x0000;02 Illegal Data Address
12882;0;0;0x0000;02 Illegal Data Address
12883;0;0;0x0000;02 Illegal Data Address
12884;0;0;0x0000;02 Illegal Data Address
12885;0;0;0x0000;02 Illegal Data Address
12886;0;0;0x0000;02 Illegal Data Address
12887;0;0;0x0000;02 Illegal Data Address
12888;0;0;0x0000;02 Illegal Data Address
12889;0;0;0x0000;02 Illegal Data Address
12890;0;0;0x0000;02 Illegal Data Address
12891;0;0;0x0000;02 Illegal Data Address
12892;0;0;0x0000;02 Illegal Data Address
12893;0;0;0x0000;02 Illegal Data Address
12894;0;0;0x0000;02 Illegal Data Address
12895;0;0;0x0000;02 Illegal Data Address
12896;0;0;0x0000;02 Illegal Data Address
12897;0;0;0x0000;02 Illegal Data Address
12898;0;0;0x0000;02 Illegal Data Address
12899;0;0;0x0000;02 Illegal Data Address
12900;0;0;0x0000;02 Illegal Data Address
12901;0;0;0x0000;02 Illegal Data Address
12902;0;0;0x0000;02 Illegal Data Address
12903;0;0;0x0000;02 Illegal Data Address
12904;0;0;0x0000;02 Illegal Data Address
12905;0;0;0x0000;02 Illegal Data Address
12906;0;0;0x0000;02 Illegal Data Address
12907;0;0;0x0000;02 Illegal Data Address
12908;0;0;0x0000;02 Illegal Data Address
12909;0;0;0x0000;02 Illegal Data Address
12910;0;0;0x0000;02 Illegal Data Address
12911;0;0;0x0000;02 Illegal Data Address
12912;0;0;0x0000;02 Illegal Data Address
12913;0;0;0x0000;02 Illegal Data Address
12914;0;0;0x0000;02 Illegal Data Address
12915;0;0;0x0000;02 Illegal Data Address
12916;0;0;0x0000;02 Illegal Data Address
12917;0;0;0x0000;02 Illegal Data Address
12918;0;0;0x0000;02 Illegal Data Address
12919;0;0;0x0000;02 Illegal Data Address
12920;0;0;0x0000;02 Illegal Data Address
12921;0;0;0x0000;02 Illegal Data Address
12922;0;0;0x0000;02 Illegal Data Address
12923;0;0;0x0000;02 Illegal Data Address
12924;0;0;0x0000;02 Illegal Data Address
12925;0;0;0x0000;02 Illegal Data Address
12926;0;0;0x0000;02 Illegal Data Address
12927;0;0;0x0000;02 Illegal Data Address
12928;0;0;0x0000;02 Illegal Data Address
12929;0;0;0x0000;02 Illegal Data Address
12930;0;0;0x0000;02 Illegal Data Address
12931;0;0;0x0000;02 Illegal Data Address
12932;0;0;0x0000;02 Illegal Data Address
12933;0;0;0x0000;02 Illegal Data Address
12934;0;0;0x0000;02 Illegal Data Address
12935;0;0;0x0000;02 Illegal Data Address
12936;0;0;0x0000;02 Illegal Data Address
12937;0;0;0x0000;02 Illegal Data Address
12938;0;0;0x0000;02 Illegal Data Address
12939;0;0;0x0000;02 Illegal Data Address
12940;0;0;0x0000;02 Illegal Data Address
12941;0;0;0x0000;02 Illegal Data Address
12942;0;0;0x0000;02 Illegal Data Address
12943;0;0;0x0000;02 Illegal Data Address
12944;0;0;0x0000;02 Illegal Data Address
12945;0;0;0x0000;02 Illegal Data Address
12946;0;0;0x0000;02 Illegal Data Address
12947;0;0;0x0000;02 Illegal Data Address
12948;0;0;0x0000;02 Illegal Data Address
12949;0;0;0x0000;02 Illegal Data Address
12950;0;0;0x0000;02 Illegal Data Address
12951;0;0;0x0000;02 Illegal Data Address
12952;0;0;0x0000;02 Illegal Data Address
12953;0;0;0x0000;02 Illegal Data Address
12954;0;0;0x0000;02 Illegal Data Address
12955;0;0;0x0000;02 Illegal Data Address
12956;0;0;0x0000;02 Illegal Data Address
12957;0;0;0x0000;02 Illegal Data Address
12958;0;0;0x0000;02 Illegal Data Address
12959;0;0;0x0000;02 Illegal Data Address
12960;0;0;0x0000;02 Illegal Data Address
12961;0;0;0x0000;02 Illegal Data Address
12962;0;0;0x0000;02 Illegal Data Address
12963;0;0;0x0000;02 Illegal Data Address
12964;0;0;0x0000;02 Illegal Data Address
12965;0;0;0x0000;02 Illegal Data Address
12966;0;0;0x0000;02 Illegal Data Address
12967;0;0;0x0000;02 Illegal Data Address
12968;0;0;0x0000;02 Illegal Data Address
12969;0;0;0x0000;02 Illegal Data Address
12970;0;0;0x0000;02 Illegal Data Address
12971;0;0;0x0000;02 Illegal Data Address
12972;0;0;0x0000;02 Illegal Data Address
12973;0;0;0x0000;02 Illegal Data Address
12974;0;0;0x0000;02 Illegal Data Address
12975;0;0;0x0000;02 Illegal Data Address
12976;0;0;0x0000;02 Illegal Data Address
12977;0;0;0x0000;02 Illegal Data Address
12978;0;0;0x0000;02 Illegal Data Address
12979;0;0;0x0000;02 Illegal Data Address
12980;0;0;0x0000;02 Illegal Data Address
12981;0;0;0x0000;02 Illegal Data Address
12982;0;0;0x0000;02 Illegal Data Address
12983;0;0;0x0000;02 Illegal Data Address
12984;0;0;0x0000;02 Illegal Data Address
12985;0;0;0x0000;02 Illegal Data Address
12986;0;0;0x0000;02 Illegal Data Address
12987;0;0;0x0000;02 Illegal Data Address
12988;0;0;0x0000;02 Illegal Data Address
12989;0;0;0x0000;02 Illegal Data Address
12990;0;0;0x0000;02 Illegal Data Address
12991;0;0;0x0000;02 Illegal Data Address
12992;0;0;0x0000;02 Illegal Data Address
12993;0;0;0x0000;02 Illegal Data Address
12994;0;0;0x0000;02 Illegal Data Address
12995;0;0;0x0000;02 Illegal Data Address
12996;0;0;0x0000;02 Illegal Data Address
12997;0;0;0x0000;02 Illegal Data Address
12998;0;0;0x0000;02 Illegal Data Address
12999;0;0;0x0000;02 Illegal Data Address
13000;0;0;0x0000;02 Illegal Data Address
13001;0;0;0x0000;02 Illegal Data Address
13002;0;0;0x0000;02 Illegal Data Address
13003;0;0;0x0000;02 Illegal Data Address
13004;0;0;0x0000;02 Illegal Data Address
13005;0;0;0x0000;02 Illegal Data Address
13006;0;0;0x0000;02 Illegal Data Address
13007;0;0;0x0000;02 Illegal Data Address
13008;0;0;0x0000;02 Illegal Data Address
13009;0;0;0x0000;02 Illegal Data Address
13010;0;0;0x0000;02 Illegal Data Address
13011;0;0;0x0000;02 Illegal Data Address
13012;0;0;0x0000;02 Illegal Data Address
13013;0;0;0x0000;02 Illegal Data Address
13014;0;0;0x0000;02 Illegal Data Address
13015;0;0;0x0000;02 Illegal Data Address
13016;0;0;0x0000;02 Illegal Data Address
13017;0;0;0x0000;02 Illegal Data Address
13018;0;0;0x0000;02 Illegal Data Address
13019;0;0;0x0000;02 Illegal Data Address
13020;0;0;0x0000;02 Illegal Data Address
13021;0;0;0x0000;02 Illegal Data Address
13022;0;0;0x0000;02 Illegal Data Address
13023;0;0;0x0000;02 Illegal Data Address
13024;0;0;0x0000;02 Illegal Data Address
13025;0;0;0x0000;02 Illegal Data Address
13026;0;0;0x0000;02 Illegal Data Address
13027;0;0;0x0000;02 Illegal Data Address
13028;0;0;0x0000;02 Illegal Data Address
13029;0;0;0x0000;02 Illegal Data Address
13030;0;0;0x0000;02 Illegal Data Address
13031;0;0;0x0000;02 Illegal Data Address
13032;0;0;0x0000;02 Illegal Data Address
13033;0;0;0x0000;02 Illegal Data Address
13034;0;0;0x0000;02 Illegal Data Address
13035;0;0;0x0000;02 Illegal Data Address
13036;0;0;0x0000;02 Illegal Data Address
13037;0;0;0x0000;02 Illegal Data Address
13038;0;0;0x0000;02 Illegal Data Address
13039;0;0;0x0000;02 Illegal Data Address
13040;0;0;0x0000;02 Illegal Data Address
13041;0;0;0x0000;02 Illegal Data Address
13042;0;0;0x0000;02 Illegal Data Address
13043;0;0;0x0000;02 Illegal Data Address
13044;0;0;0x0000;02 Illegal Data Address
13045;0;0;0x0000;02 Illegal Data Address
13046;0;0;0x0000;02 Illegal Data Address
13047;0;0;0x0000;02 Illegal Data Address
13048;0;0;0x0000;02 Illegal Data Address
13049;0;0;0x0000;02 Illegal Data Address
13050;0;0;0x0000;02 Illegal Data Address
13051;0;0;0x0000;02 Illegal Data Address
13052;0;0;0x0000;02 Illegal Data Address
13053;0;0;0x0000;02 Illegal Data Address
13054;0;0;0x0000;02 Illegal Data Address
13055;0;0;0x0000;02 Illegal Data Address
13056;0;0;0x0000;02 Illegal Data Address
13057;0;0;0x0000;02 Illegal Data Address
13058;0;0;0x0000;02 Illegal Data Address
13059;0;0;0x0000;02 Illegal Data Address
13060;0;0;0x0000;02 Illegal Data Address
13061;0;0;0x0000;02 Illegal Data Address
13062;0;0;0x0000;02 Illegal Data Address
13063;0;0;0x0000;02 Illegal Data Address
13064;0;0;0x0000;02 Illegal Data Address
13065;0;0;0x0000;02 Illegal Data Address
13066;0;0;0x0000;02 Illegal Data Address
13067;0;0;0x0000;02 Illegal Data Address
13068;0;0;0x0000;02 Illegal Data Address
13069;0;0;0x0000;02 Illegal Data Address
13070;0;0;0x0000;02 Illegal Data Address
13071;0;0;0x0000;02 Illegal Data Address
13072;0;0;0x0000;02 Illegal Data Address
13073;0;0;0x0000;02 Illegal Data Address
13074;0;0;0x0000;02 Illegal Data Address
13075;0;0;0x0000;02 Illegal Data Address
13076;0;0;0x0000;02 Illegal Data Address
13077;0;0;0x0000;02 Illegal Data Address
13078;0;0;0x0000;02 Illegal Data Address
13079;0;0;0x0000;02 Illegal Data Address
13080;0;0;0x0000;02 Illegal Data Address
13081;0;0;0x0000;02 Illegal Data Address
13082;0;0;0x0000;02 Illegal Data Address
13083;0;0;0x0000;02 Illegal Data Address
13084;0;0;0x0000;02 Illegal Data Address
13085;0;0;0x0000;02 Illegal Data Address
13086;0;0;0x0000;02 Illegal Data Address
13087;0;0;0x0000;02 Illegal Data Address
13088;0;0;0x0000;02 Illegal Data Address
13089;0;0;0x0000;02 Illegal Data Address
13090;0;0;0x0000;02 Illegal Data Address
13091;0;0;0x0000;02 Illegal Data Address
13092;0;0;0x0000;02 Illegal Data Address
13093;0;0;0x0000;02 Illegal Data Address
13094;0;0;0x0000;02 Illegal Data Address
13095;0;0;0x0000;02 Illegal Data Address
13096;0;0;0x0000;02 Illegal Data Address
13097;0;0;0x0000;02 Illegal Data Address
13098;0;0;0x0000;02 Illegal Data Address
13099;0;0;0x0000;02 Illegal Data Address
13100;0;0;0x0000;02 Illegal Data Address
13101;0;0;0x0000;02 Illegal Data Address
13102;0;0;0x0000;02 Illegal Data Address
13103;0;0;0x0000;02 Illegal Data Address
13104;0;0;0x0000;02 Illegal Data Address
13105;0;0;0x0000;02 Illegal Data Address
13106;0;0;0x0000;02 Illegal Data Address
13107;0;0;0x0000;02 Illegal Data Address
13108;0;0;0x0000;02 Illegal Data Address
13109;0;0;0x0000;02 Illegal Data Address
13110;0;0;0x0000;02 Illegal Data Address
13111;0;0;0x0000;02 Illegal Data Address
13112;0;0;0x0000;02 Illegal Data Address
13113;0;0;0x0000;02 Illegal Data Address
13114;0;0;0x0000;02 Illegal Data Address
13115;0;0;0x0000;02 Illegal Data Address
13116;0;0;0x0000;02 Illegal Data Address
13117;0;0;0x0000;02 Illegal Data Address
13118;0;0;0x0000;02 Illegal Data Address
13119;0;0;0x0000;02 Illegal Data Address
13120;0;0;0x0000;02 Illegal Data Address
13121;0;0;0x0000;02 Illegal Data Address
13122;0;0;0x0000;02 Illegal Data Address
13123;0;0;0x0000;02 Illegal Data Address
13124;0;0;0x0000;02 Illegal Data Address
13125;0;0;0x0000;02 Illegal Data Address
13126;0;0;0x0000;02 Illegal Data Address
13127;0;0;0x0000;02 Illegal Data Address
13128;0;0;0x0000;02 Illegal Data Address
13129;0;0;0x0000;02 Illegal Data Address
13130;0;0;0x0000;02 Illegal Data Address
13131;0;0;0x0000;02 Illegal Data Address
13132;0;0;0x0000;02 Illegal Data Address
13133;0;0;0x0000;02 Illegal Data Address
13134;0;0;0x0000;02 Illegal Data Address
13135;0;0;0x0000;02 Illegal Data Address
13136;0;0;0x0000;02 Illegal Data Address
13137;0;0;0x0000;02 Illegal Data Address
13138;0;0;0x0000;02 Illegal Data Address
13139;0;0;0x0000;02 Illegal Data Address
13140;0;0;0x0000;02 Illegal Data Address
13141;0;0;0x0000;02 Illegal Data Address
13142;0;0;0x0000;02 Illegal Data Address
13143;0;0;0x0000;02 Illegal Data Address
13144;0;0;0x0000;02 Illegal Data Address
13145;0;0;0x0000;02 Illegal Data Address
13146;0;0;0x0000;02 Illegal Data Address
13147;0;0;0x0000;02 Illegal Data Address
13148;0;0;0x0000;02 Illegal Data Address
13149;0;0;0x0000;02 Illegal Data Address
13150;0;0;0x0000;02 Illegal Data Address
13151;0;0;0x0000;02 Illegal Data Address
13152;0;0;0x0000;02 Illegal Data Address
13153;0;0;0x0000;02 Illegal Data Address
13154;0;0;0x0000;02 Illegal Data Address
13155;0;0;0x0000;02 Illegal Data Address
13156;0;0;0x0000;02 Illegal Data Address
13157;0;0;0x0000;02 Illegal Data Address
13158;0;0;0x0000;02 Illegal Data Address
13159;0;0;0x0000;02 Illegal Data Address
13160;0;0;0x0000;02 Illegal Data Address
13161;0;0;0x0000;02 Illegal Data Address
13162;0;0;0x0000;02 Illegal Data Address
13163;0;0;0x0000;02 Illegal Data Address
13164;0;0;0x0000;02 Illegal Data Address
13165;0;0;0x0000;02 Illegal Data Address
13166;0;0;0x0000;02 Illegal Data Address
13167;0;0;0x0000;02 Illegal Data Address
13168;0;0;0x0000;02 Illegal Data Address
13169;0;0;0x0000;02 Illegal Data Address
13170;0;0;0x0000;02 Illegal Data Address
13171;0;0;0x0000;02 Illegal Data Address
13172;0;0;0x0000;02 Illegal Data Address
13173;0;0;0x0000;02 Illegal Data Address
13174;0;0;0x0000;02 Illegal Data Address
13175;0;0;0x0000;02 Illegal Data Address
13176;0;0;0x0000;02 Illegal Data Address
13177;0;0;0x0000;02 Illegal Data Address
13178;0;0;0x0000;02 Illegal Data Address
13179;0;0;0x0000;02 Illegal Data Address
13180;0;0;0x0000;02 Illegal Data Address
13181;0;0;0x0000;02 Illegal Data Address
13182;0;0;0x0000;02 Illegal Data Address
13183;0;0;0x0000;02 Illegal Data Address
13184;0;0;0x0000;02 Illegal Data Address
13185;0;0;0x0000;02 Illegal Data Address
13186;0;0;0x0000;02 Illegal Data Address
13187;0;0;0x0000;02 Illegal Data Address
13188;0;0;0x0000;02 Illegal Data Address
13189;0;0;0x0000;02 Illegal Data Address
13190;0;0;0x0000;02 Illegal Data Address
13191;0;0;0x0000;02 Illegal Data Address
13192;0;0;0x0000;02 Illegal Data Address
13193;0;0;0x0000;02 Illegal Data Address
13194;0;0;0x0000;02 Illegal Data Address
13195;0;0;0x0000;02 Illegal Data Address
13196;0;0;0x0000;02 Illegal Data Address
13197;0;0;0x0000;02 Illegal Data Address
13198;0;0;0x0000;02 Illegal Data Address
13199;0;0;0x0000;02 Illegal Data Address
13200;0;0;0x0000;02 Illegal Data Address
13201;0;0;0x0000;02 Illegal Data Address
13202;0;0;0x0000;02 Illegal Data Address
13203;0;0;0x0000;02 Illegal Data Address
13204;0;0;0x0000;02 Illegal Data Address
13205;0;0;0x0000;02 Illegal Data Address
13206;0;0;0x0000;02 Illegal Data Address
13207;0;0;0x0000;02 Illegal Data Address
13208;0;0;0x0000;02 Illegal Data Address
13209;0;0;0x0000;02 Illegal Data Address
13210;0;0;0x0000;02 Illegal Data Address
13211;0;0;0x0000;02 Illegal Data Address
13212;0;0;0x0000;02 Illegal Data Address
13213;0;0;0x0000;02 Illegal Data Address
13214;0;0;0x0000;02 Illegal Data Address
13215;0;0;0x0000;02 Illegal Data Address
13216;0;0;0x0000;02 Illegal Data Address
13217;0;0;0x0000;02 Illegal Data Address
13218;0;0;0x0000;02 Illegal Data Address
13219;0;0;0x0000;02 Illegal Data Address
13220;0;0;0x0000;02 Illegal Data Address
13221;0;0;0x0000;02 Illegal Data Address
13222;0;0;0x0000;02 Illegal Data Address
13223;0;0;0x0000;02 Illegal Data Address
13224;0;0;0x0000;02 Illegal Data Address
13225;0;0;0x0000;02 Illegal Data Address
13226;0;0;0x0000;02 Illegal Data Address
13227;0;0;0x0000;02 Illegal Data Address
13228;0;0;0x0000;02 Illegal Data Address
13229;0;0;0x0000;02 Illegal Data Address
13230;0;0;0x0000;02 Illegal Data Address
13231;0;0;0x0000;02 Illegal Data Address
13232;0;0;0x0000;02 Illegal Data Address
13233;0;0;0x0000;02 Illegal Data Address
13234;0;0;0x0000;02 Illegal Data Address
13235;0;0;0x0000;02 Illegal Data Address
13236;0;0;0x0000;02 Illegal Data Address
13237;0;0;0x0000;02 Illegal Data Address
13238;0;0;0x0000;02 Illegal Data Address
13239;0;0;0x0000;02 Illegal Data Address
13240;0;0;0x0000;02 Illegal Data Address
13241;0;0;0x0000;02 Illegal Data Address
13242;0;0;0x0000;02 Illegal Data Address
13243;0;0;0x0000;02 Illegal Data Address
13244;0;0;0x0000;02 Illegal Data Address
13245;0;0;0x0000;02 Illegal Data Address
13246;0;0;0x0000;02 Illegal Data Address
13247;0;0;0x0000;02 Illegal Data Address
13248;0;0;0x0000;02 Illegal Data Address
13249;0;0;0x0000;02 Illegal Data Address
13250;0;0;0x0000;02 Illegal Data Address
13251;0;0;0x0000;02 Illegal Data Address
13252;0;0;0x0000;02 Illegal Data Address
13253;0;0;0x0000;02 Illegal Data Address
13254;0;0;0x0000;02 Illegal Data Address
13255;0;0;0x0000;02 Illegal Data Address
13256;0;0;0x0000;02 Illegal Data Address
13257;0;0;0x0000;02 Illegal Data Address
13258;0;0;0x0000;02 Illegal Data Address
13259;0;0;0x0000;02 Illegal Data Address
13260;0;0;0x0000;02 Illegal Data Address
13261;0;0;0x0000;02 Illegal Data Address
13262;0;0;0x0000;02 Illegal Data Address
13263;0;0;0x0000;02 Illegal Data Address
13264;0;0;0x0000;02 Illegal Data Address
13265;0;0;0x0000;02 Illegal Data Address
13266;0;0;0x0000;02 Illegal Data Address
13267;0;0;0x0000;02 Illegal Data Address
13268;0;0;0x0000;02 Illegal Data Address
13269;0;0;0x0000;02 Illegal Data Address
13270;0;0;0x0000;02 Illegal Data Address
13271;0;0;0x0000;02 Illegal Data Address
13272;0;0;0x0000;02 Illegal Data Address
13273;0;0;0x0000;02 Illegal Data Address
13274;0;0;0x0000;02 Illegal Data Address
13275;0;0;0x0000;02 Illegal Data Address
13276;0;0;0x0000;02 Illegal Data Address
13277;0;0;0x0000;02 Illegal Data Address
13278;0;0;0x0000;02 Illegal Data Address
13279;0;0;0x0000;02 Illegal Data Address
13280;0;0;0x0000;02 Illegal Data Address
13281;0;0;0x0000;02 Illegal Data Address
13282;0;0;0x0000;02 Illegal Data Address
13283;0;0;0x0000;02 Illegal Data Address
13284;0;0;0x0000;02 Illegal Data Address
13285;0;0;0x0000;02 Illegal Data Address
13286;0;0;0x0000;02 Illegal Data Address
13287;0;0;0x0000;02 Illegal Data Address
13288;0;0;0x0000;02 Illegal Data Address
13289;0;0;0x0000;02 Illegal Data Address
13290;0;0;0x0000;02 Illegal Data Address
13291;0;0;0x0000;02 Illegal Data Address
13292;0;0;0x0000;02 Illegal Data Address
13293;0;0;0x0000;02 Illegal Data Address
13294;0;0;0x0000;02 Illegal Data Address
13295;0;0;0x0000;02 Illegal Data Address
13296;0;0;0x0000;02 Illegal Data Address
13297;0;0;0x0000;02 Illegal Data Address
13298;0;0;0x0000;02 Illegal Data Address
13299;0;0;0x0000;02 Illegal Data Address
13300;0;0;0x0000;02 Illegal Data Address
13301;0;0;0x0000;02 Illegal Data Address
13302;0;0;0x0000;02 Illegal Data Address
13303;0;0;0x0000;02 Illegal Data Address
13304;0;0;0x0000;02 Illegal Data Address
13305;0;0;0x0000;02 Illegal Data Address
13306;0;0;0x0000;02 Illegal Data Address
13307;0;0;0x0000;02 Illegal Data Address
13308;0;0;0x0000;02 Illegal Data Address
13309;0;0;0x0000;02 Illegal Data Address
13310;0;0;0x0000;02 Illegal Data Address
13311;0;0;0x0000;02 Illegal Data Address
13312;0;0;0x0000;02 Illegal Data Address
13313;0;0;0x0000;02 Illegal Data Address
13314;0;0;0x0000;02 Illegal Data Address
13315;0;0;0x0000;02 Illegal Data Address
13316;0;0;0x0000;02 Illegal Data Address
13317;0;0;0x0000;02 Illegal Data Address
13318;0;0;0x0000;02 Illegal Data Address
13319;0;0;0x0000;02 Illegal Data Address
13320;0;0;0x0000;02 Illegal Data Address
13321;0;0;0x0000;02 Illegal Data Address
13322;0;0;0x0000;02 Illegal Data Address
13323;0;0;0x0000;02 Illegal Data Address
13324;0;0;0x0000;02 Illegal Data Address
13325;0;0;0x0000;02 Illegal Data Address
13326;0;0;0x0000;02 Illegal Data Address
13327;0;0;0x0000;02 Illegal Data Address
13328;0;0;0x0000;02 Illegal Data Address
13329;0;0;0x0000;02 Illegal Data Address
13330;0;0;0x0000;02 Illegal Data Address
13331;0;0;0x0000;02 Illegal Data Address
13332;0;0;0x0000;02 Illegal Data Address
13333;0;0;0x0000;02 Illegal Data Address
13334;0;0;0x0000;02 Illegal Data Address
13335;0;0;0x0000;02 Illegal Data Address
13336;0;0;0x0000;02 Illegal Data Address
13337;0;0;0x0000;02 Illegal Data Address
13338;0;0;0x0000;02 Illegal Data Address
13339;0;0;0x0000;02 Illegal Data Address
13340;0;0;0x0000;02 Illegal Data Address
13341;0;0;0x0000;02 Illegal Data Address
13342;0;0;0x0000;02 Illegal Data Address
13343;0;0;0x0000;02 Illegal Data Address
13344;0;0;0x0000;02 Illegal Data Address
13345;0;0;0x0000;02 Illegal Data Address
13346;0;0;0x0000;02 Illegal Data Address
13347;0;0;0x0000;02 Illegal Data Address
13348;0;0;0x0000;02 Illegal Data Address
13349;0;0;0x0000;02 Illegal Data Address
13350;0;0;0x0000;02 Illegal Data Address
13351;0;0;0x0000;02 Illegal Data Address
13352;0;0;0x0000;02 Illegal Data Address
13353;0;0;0x0000;02 Illegal Data Address
13354;0;0;0x0000;02 Illegal Data Address
13355;0;0;0x0000;02 Illegal Data Address
13356;0;0;0x0000;02 Illegal Data Address
13357;0;0;0x0000;02 Illegal Data Address
13358;0;0;0x0000;02 Illegal Data Address
13359;0;0;0x0000;02 Illegal Data Address
13360;0;0;0x0000;02 Illegal Data Address
13361;0;0;0x0000;02 Illegal Data Address
13362;0;0;0x0000;02 Illegal Data Address
13363;0;0;0x0000;02 Illegal Data Address
13364;0;0;0x0000;02 Illegal Data Address
13365;0;0;0x0000;02 Illegal Data Address
13366;0;0;0x0000;02 Illegal Data Address
13367;0;0;0x0000;02 Illegal Data Address
13368;0;0;0x0000;02 Illegal Data Address
13369;0;0;0x0000;02 Illegal Data Address
13370;0;0;0x0000;02 Illegal Data Address
13371;0;0;0x0000;02 Illegal Data Address
13372;0;0;0x0000;02 Illegal Data Address
13373;0;0;0x0000;02 Illegal Data Address
13374;0;0;0x0000;02 Illegal Data Address
13375;0;0;0x0000;02 Illegal Data Address
13376;0;0;0x0000;02 Illegal Data Address
13377;0;0;0x0000;02 Illegal Data Address
13378;0;0;0x0000;02 Illegal Data Address
13379;0;0;0x0000;02 Illegal Data Address
13380;0;0;0x0000;02 Illegal Data Address
13381;0;0;0x0000;02 Illegal Data Address
13382;0;0;0x0000;02 Illegal Data Address
13383;0;0;0x0000;02 Illegal Data Address
13384;0;0;0x0000;02 Illegal Data Address
13385;0;0;0x0000;02 Illegal Data Address
13386;0;0;0x0000;02 Illegal Data Address
13387;0;0;0x0000;02 Illegal Data Address
13388;0;0;0x0000;02 Illegal Data Address
13389;0;0;0x0000;02 Illegal Data Address
13390;0;0;0x0000;02 Illegal Data Address
13391;0;0;0x0000;02 Illegal Data Address
13392;0;0;0x0000;02 Illegal Data Address
13393;0;0;0x0000;02 Illegal Data Address
13394;0;0;0x0000;02 Illegal Data Address
13395;0;0;0x0000;02 Illegal Data Address
13396;0;0;0x0000;02 Illegal Data Address
13397;0;0;0x0000;02 Illegal Data Address
13398;0;0;0x0000;02 Illegal Data Address
13399;0;0;0x0000;02 Illegal Data Address
13400;0;0;0x0000;02 Illegal Data Address
13401;0;0;0x0000;02 Illegal Data Address
13402;0;0;0x0000;02 Illegal Data Address
13403;0;0;0x0000;02 Illegal Data Address
13404;0;0;0x0000;02 Illegal Data Address
13405;0;0;0x0000;02 Illegal Data Address
13406;0;0;0x0000;02 Illegal Data Address
13407;0;0;0x0000;02 Illegal Data Address
13408;0;0;0x0000;02 Illegal Data Address
13409;0;0;0x0000;02 Illegal Data Address
13410;0;0;0x0000;02 Illegal Data Address
13411;0;0;0x0000;02 Illegal Data Address
13412;0;0;0x0000;02 Illegal Data Address
13413;0;0;0x0000;02 Illegal Data Address
13414;0;0;0x0000;02 Illegal Data Address
13415;0;0;0x0000;02 Illegal Data Address
13416;0;0;0x0000;02 Illegal Data Address
13417;0;0;0x0000;02 Illegal Data Address
13418;0;0;0x0000;02 Illegal Data Address
13419;0;0;0x0000;02 Illegal Data Address
13420;0;0;0x0000;02 Illegal Data Address
13421;0;0;0x0000;02 Illegal Data Address
13422;0;0;0x0000;02 Illegal Data Address
13423;0;0;0x0000;02 Illegal Data Address
13424;0;0;0x0000;02 Illegal Data Address
13425;0;0;0x0000;02 Illegal Data Address
13426;0;0;0x0000;02 Illegal Data Address
13427;0;0;0x0000;02 Illegal Data Address
13428;0;0;0x0000;02 Illegal Data Address
13429;0;0;0x0000;02 Illegal Data Address
13430;0;0;0x0000;02 Illegal Data Address
13431;0;0;0x0000;02 Illegal Data Address
13432;0;0;0x0000;02 Illegal Data Address
13433;0;0;0x0000;02 Illegal Data Address
13434;0;0;0x0000;02 Illegal Data Address
13435;0;0;0x0000;02 Illegal Data Address
13436;0;0;0x0000;02 Illegal Data Address
13437;0;0;0x0000;02 Illegal Data Address
13438;0;0;0x0000;02 Illegal Data Address
13439;0;0;0x0000;02 Illegal Data Address
13440;0;0;0x0000;02 Illegal Data Address
13441;0;0;0x0000;02 Illegal Data Address
13442;0;0;0x0000;02 Illegal Data Address
13443;0;0;0x0000;02 Illegal Data Address
13444;0;0;0x0000;02 Illegal Data Address
13445;0;0;0x0000;02 Illegal Data Address
13446;0;0;0x0000;02 Illegal Data Address
13447;0;0;0x0000;02 Illegal Data Address
13448;0;0;0x0000;02 Illegal Data Address
13449;0;0;0x0000;02 Illegal Data Address
13450;0;0;0x0000;02 Illegal Data Address
13451;0;0;0x0000;02 Illegal Data Address
13452;0;0;0x0000;02 Illegal Data Address
13453;0;0;0x0000;02 Illegal Data Address
13454;0;0;0x0000;02 Illegal Data Address
13455;0;0;0x0000;02 Illegal Data Address
13456;0;0;0x0000;02 Illegal Data Address
13457;0;0;0x0000;02 Illegal Data Address
13458;0;0;0x0000;02 Illegal Data Address
13459;0;0;0x0000;02 Illegal Data Address
13460;0;0;0x0000;02 Illegal Data Address
13461;0;0;0x0000;02 Illegal Data Address
13462;0;0;0x0000;02 Illegal Data Address
13463;0;0;0x0000;02 Illegal Data Address
13464;0;0;0x0000;02 Illegal Data Address
13465;0;0;0x0000;02 Illegal Data Address
13466;0;0;0x0000;02 Illegal Data Address
13467;0;0;0x0000;02 Illegal Data Address
13468;0;0;0x0000;02 Illegal Data Address
13469;0;0;0x0000;02 Illegal Data Address
13470;0;0;0x0000;02 Illegal Data Address
13471;0;0;0x0000;02 Illegal Data Address
13472;0;0;0x0000;02 Illegal Data Address
13473;0;0;0x0000;02 Illegal Data Address
13474;0;0;0x0000;02 Illegal Data Address
13475;0;0;0x0000;02 Illegal Data Address
13476;0;0;0x0000;02 Illegal Data Address
13477;0;0;0x0000;02 Illegal Data Address
13478;0;0;0x0000;02 Illegal Data Address
13479;0;0;0x0000;02 Illegal Data Address
13480;0;0;0x0000;02 Illegal Data Address
13481;0;0;0x0000;02 Illegal Data Address
13482;0;0;0x0000;02 Illegal Data Address
13483;0;0;0x0000;02 Illegal Data Address
13484;0;0;0x0000;02 Illegal Data Address
13485;0;0;0x0000;02 Illegal Data Address
13486;0;0;0x0000;02 Illegal Data Address
13487;0;0;0x0000;02 Illegal Data Address
13488;0;0;0x0000;02 Illegal Data Address
13489;0;0;0x0000;02 Illegal Data Address
13490;0;0;0x0000;02 Illegal Data Address
13491;0;0;0x0000;02 Illegal Data Address
13492;0;0;0x0000;02 Illegal Data Address
13493;0;0;0x0000;02 Illegal Data Address
13494;0;0;0x0000;02 Illegal Data Address
13495;0;0;0x0000;02 Illegal Data Address
13496;0;0;0x0000;02 Illegal Data Address
13497;0;0;0x0000;02 Illegal Data Address
13498;0;0;0x0000;02 Illegal Data Address
13499;0;0;0x0000;02 Illegal Data Address
13500;0;0;0x0000;02 Illegal Data Address
13501;0;0;0x0000;02 Illegal Data Address
13502;0;0;0x0000;02 Illegal Data Address
13503;0;0;0x0000;02 Illegal Data Address
13504;0;0;0x0000;02 Illegal Data Address
13505;0;0;0x0000;02 Illegal Data Address
13506;0;0;0x0000;02 Illegal Data Address
13507;0;0;0x0000;02 Illegal Data Address
13508;0;0;0x0000;02 Illegal Data Address
13509;0;0;0x0000;02 Illegal Data Address
13510;0;0;0x0000;02 Illegal Data Address
13511;0;0;0x0000;02 Illegal Data Address
13512;0;0;0x0000;02 Illegal Data Address
13513;0;0;0x0000;02 Illegal Data Address
13514;0;0;0x0000;02 Illegal Data Address
13515;0;0;0x0000;02 Illegal Data Address
13516;0;0;0x0000;02 Illegal Data Address
13517;0;0;0x0000;02 Illegal Data Address
13518;0;0;0x0000;02 Illegal Data Address
13519;0;0;0x0000;02 Illegal Data Address
13520;0;0;0x0000;02 Illegal Data Address
13521;0;0;0x0000;02 Illegal Data Address
13522;0;0;0x0000;02 Illegal Data Address
13523;0;0;0x0000;02 Illegal Data Address
13524;0;0;0x0000;02 Illegal Data Address
13525;0;0;0x0000;02 Illegal Data Address
13526;0;0;0x0000;02 Illegal Data Address
13527;0;0;0x0000;02 Illegal Data Address
13528;0;0;0x0000;02 Illegal Data Address
13529;0;0;0x0000;02 Illegal Data Address
13530;0;0;0x0000;02 Illegal Data Address
13531;0;0;0x0000;02 Illegal Data Address
13532;0;0;0x0000;02 Illegal Data Address
13533;0;0;0x0000;02 Illegal Data Address
13534;0;0;0x0000;02 Illegal Data Address
13535;0;0;0x0000;02 Illegal Data Address
13536;0;0;0x0000;02 Illegal Data Address
13537;0;0;0x0000;02 Illegal Data Address
13538;0;0;0x0000;02 Illegal Data Address
13539;0;0;0x0000;02 Illegal Data Address
13540;0;0;0x0000;02 Illegal Data Address
13541;0;0;0x0000;02 Illegal Data Address
13542;0;0;0x0000;02 Illegal Data Address
13543;0;0;0x0000;02 Illegal Data Address
13544;0;0;0x0000;02 Illegal Data Address
13545;0;0;0x0000;02 Illegal Data Address
13546;0;0;0x0000;02 Illegal Data Address
13547;0;0;0x0000;02 Illegal Data Address
13548;0;0;0x0000;02 Illegal Data Address
13549;0;0;0x0000;02 Illegal Data Address
13550;0;0;0x0000;02 Illegal Data Address
13551;0;0;0x0000;02 Illegal Data Address
13552;0;0;0x0000;02 Illegal Data Address
13553;0;0;0x0000;02 Illegal Data Address
13554;0;0;0x0000;02 Illegal Data Address
13555;0;0;0x0000;02 Illegal Data Address
13556;0;0;0x0000;02 Illegal Data Address
13557;0;0;0x0000;02 Illegal Data Address
13558;0;0;0x0000;02 Illegal Data Address
13559;0;0;0x0000;02 Illegal Data Address
13560;0;0;0x0000;02 Illegal Data Address
13561;0;0;0x0000;02 Illegal Data Address
13562;0;0;0x0000;02 Illegal Data Address
13563;0;0;0x0000;02 Illegal Data Address
13564;0;0;0x0000;02 Illegal Data Address
13565;0;0;0x0000;02 Illegal Data Address
13566;0;0;0x0000;02 Illegal Data Address
13567;0;0;0x0000;02 Illegal Data Address
13568;0;0;0x0000;02 Illegal Data Address
13569;0;0;0x0000;02 Illegal Data Address
13570;0;0;0x0000;02 Illegal Data Address
13571;0;0;0x0000;02 Illegal Data Address
13572;0;0;0x0000;02 Illegal Data Address
13573;0;0;0x0000;02 Illegal Data Address
13574;0;0;0x0000;02 Illegal Data Address
13575;0;0;0x0000;02 Illegal Data Address
13576;0;0;0x0000;02 Illegal Data Address
13577;0;0;0x0000;02 Illegal Data Address
13578;0;0;0x0000;02 Illegal Data Address
13579;0;0;0x0000;02 Illegal Data Address
13580;0;0;0x0000;02 Illegal Data Address
13581;0;0;0x0000;02 Illegal Data Address
13582;0;0;0x0000;02 Illegal Data Address
13583;0;0;0x0000;02 Illegal Data Address
13584;0;0;0x0000;02 Illegal Data Address
13585;0;0;0x0000;02 Illegal Data Address
13586;0;0;0x0000;02 Illegal Data Address
13587;0;0;0x0000;02 Illegal Data Address
13588;0;0;0x0000;02 Illegal Data Address
13589;0;0;0x0000;02 Illegal Data Address
13590;0;0;0x0000;02 Illegal Data Address
13591;0;0;0x0000;02 Illegal Data Address
13592;0;0;0x0000;02 Illegal Data Address
13593;0;0;0x0000;02 Illegal Data Address
13594;0;0;0x0000;02 Illegal Data Address
13595;0;0;0x0000;02 Illegal Data Address
13596;0;0;0x0000;02 Illegal Data Address
13597;0;0;0x0000;02 Illegal Data Address
13598;0;0;0x0000;02 Illegal Data Address
13599;0;0;0x0000;02 Illegal Data Address
13600;0;0;0x0000;02 Illegal Data Address
13601;0;0;0x0000;02 Illegal Data Address
13602;0;0;0x0000;02 Illegal Data Address
13603;0;0;0x0000;02 Illegal Data Address
13604;0;0;0x0000;02 Illegal Data Address
13605;0;0;0x0000;02 Illegal Data Address
13606;0;0;0x0000;02 Illegal Data Address
13607;0;0;0x0000;02 Illegal Data Address
13608;0;0;0x0000;02 Illegal Data Address
13609;0;0;0x0000;02 Illegal Data Address
13610;0;0;0x0000;02 Illegal Data Address
13611;0;0;0x0000;02 Illegal Data Address
13612;0;0;0x0000;02 Illegal Data Address
13613;0;0;0x0000;02 Illegal Data Address
13614;0;0;0x0000;02 Illegal Data Address
13615;0;0;0x0000;02 Illegal Data Address
13616;0;0;0x0000;02 Illegal Data Address
13617;0;0;0x0000;02 Illegal Data Address
13618;0;0;0x0000;02 Illegal Data Address
13619;0;0;0x0000;02 Illegal Data Address
13620;0;0;0x0000;02 Illegal Data Address
13621;0;0;0x0000;02 Illegal Data Address
13622;0;0;0x0000;02 Illegal Data Address
13623;0;0;0x0000;02 Illegal Data Address
13624;0;0;0x0000;02 Illegal Data Address
13625;0;0;0x0000;02 Illegal Data Address
13626;0;0;0x0000;02 Illegal Data Address
13627;0;0;0x0000;02 Illegal Data Address
13628;0;0;0x0000;02 Illegal Data Address
13629;0;0;0x0000;02 Illegal Data Address
13630;0;0;0x0000;02 Illegal Data Address
13631;0;0;0x0000;02 Illegal Data Address
13632;0;0;0x0000;02 Illegal Data Address
13633;0;0;0x0000;02 Illegal Data Address
13634;0;0;0x0000;02 Illegal Data Address
13635;0;0;0x0000;02 Illegal Data Address
13636;0;0;0x0000;02 Illegal Data Address
13637;0;0;0x0000;02 Illegal Data Address
13638;0;0;0x0000;02 Illegal Data Address
13639;0;0;0x0000;02 Illegal Data Address
13640;0;0;0x0000;02 Illegal Data Address
13641;0;0;0x0000;02 Illegal Data Address
13642;0;0;0x0000;02 Illegal Data Address
13643;0;0;0x0000;02 Illegal Data Address
13644;0;0;0x0000;02 Illegal Data Address
13645;0;0;0x0000;02 Illegal Data Address
13646;0;0;0x0000;02 Illegal Data Address
13647;0;0;0x0000;02 Illegal Data Address
13648;0;0;0x0000;02 Illegal Data Address
13649;0;0;0x0000;02 Illegal Data Address
13650;0;0;0x0000;02 Illegal Data Address
13651;0;0;0x0000;02 Illegal Data Address
13652;0;0;0x0000;02 Illegal Data Address
13653;0;0;0x0000;02 Illegal Data Address
13654;0;0;0x0000;02 Illegal Data Address
13655;0;0;0x0000;02 Illegal Data Address
13656;0;0;0x0000;02 Illegal Data Address
13657;0;0;0x0000;02 Illegal Data Address
13658;0;0;0x0000;02 Illegal Data Address
13659;0;0;0x0000;02 Illegal Data Address
13660;0;0;0x0000;02 Illegal Data Address
13661;0;0;0x0000;02 Illegal Data Address
13662;0;0;0x0000;02 Illegal Data Address
13663;0;0;0x0000;02 Illegal Data Address
13664;0;0;0x0000;02 Illegal Data Address
13665;0;0;0x0000;02 Illegal Data Address
13666;0;0;0x0000;02 Illegal Data Address
13667;0;0;0x0000;02 Illegal Data Address
13668;0;0;0x0000;02 Illegal Data Address
13669;0;0;0x0000;02 Illegal Data Address
13670;0;0;0x0000;02 Illegal Data Address
13671;0;0;0x0000;02 Illegal Data Address
13672;0;0;0x0000;02 Illegal Data Address
13673;0;0;0x0000;02 Illegal Data Address
13674;0;0;0x0000;02 Illegal Data Address
13675;0;0;0x0000;02 Illegal Data Address
13676;0;0;0x0000;02 Illegal Data Address
13677;0;0;0x0000;02 Illegal Data Address
13678;0;0;0x0000;02 Illegal Data Address
13679;0;0;0x0000;02 Illegal Data Address
13680;0;0;0x0000;02 Illegal Data Address
13681;0;0;0x0000;02 Illegal Data Address
13682;0;0;0x0000;02 Illegal Data Address
13683;0;0;0x0000;02 Illegal Data Address
13684;0;0;0x0000;02 Illegal Data Address
13685;0;0;0x0000;02 Illegal Data Address
13686;0;0;0x0000;02 Illegal Data Address
13687;0;0;0x0000;02 Illegal Data Address
13688;0;0;0x0000;02 Illegal Data Address
13689;0;0;0x0000;02 Illegal Data Address
13690;0;0;0x0000;02 Illegal Data Address
13691;0;0;0x0000;02 Illegal Data Address
13692;0;0;0x0000;02 Illegal Data Address
13693;0;0;0x0000;02 Illegal Data Address
13694;0;0;0x0000;02 Illegal Data Address
13695;0;0;0x0000;02 Illegal Data Address
13696;0;0;0x0000;02 Illegal Data Address
13697;0;0;0x0000;02 Illegal Data Address
13698;0;0;0x0000;02 Illegal Data Address
13699;0;0;0x0000;02 Illegal Data Address
13700;0;0;0x0000;02 Illegal Data Address
13701;0;0;0x0000;02 Illegal Data Address
13702;0;0;0x0000;02 Illegal Data Address
13703;0;0;0x0000;02 Illegal Data Address
13704;0;0;0x0000;02 Illegal Data Address
13705;0;0;0x0000;02 Illegal Data Address
13706;0;0;0x0000;02 Illegal Data Address
13707;0;0;0x0000;02 Illegal Data Address
13708;0;0;0x0000;02 Illegal Data Address
13709;0;0;0x0000;02 Illegal Data Address
13710;0;0;0x0000;02 Illegal Data Address
13711;0;0;0x0000;02 Illegal Data Address
13712;0;0;0x0000;02 Illegal Data Address
13713;0;0;0x0000;02 Illegal Data Address
13714;0;0;0x0000;02 Illegal Data Address
13715;0;0;0x0000;02 Illegal Data Address
13716;0;0;0x0000;02 Illegal Data Address
13717;0;0;0x0000;02 Illegal Data Address
13718;0;0;0x0000;02 Illegal Data Address
13719;0;0;0x0000;02 Illegal Data Address
13720;0;0;0x0000;02 Illegal Data Address
13721;0;0;0x0000;02 Illegal Data Address
13722;0;0;0x0000;02 Illegal Data Address
13723;0;0;0x0000;02 Illegal Data Address
13724;0;0;0x0000;02 Illegal Data Address
13725;0;0;0x0000;02 Illegal Data Address
13726;0;0;0x0000;02 Illegal Data Address
13727;0;0;0x0000;02 Illegal Data Address
13728;0;0;0x0000;02 Illegal Data Address
13729;0;0;0x0000;02 Illegal Data Address
13730;0;0;0x0000;02 Illegal Data Address
13731;0;0;0x0000;02 Illegal Data Address
13732;0;0;0x0000;02 Illegal Data Address
13733;0;0;0x0000;02 Illegal Data Address
13734;0;0;0x0000;02 Illegal Data Address
13735;0;0;0x0000;02 Illegal Data Address
13736;0;0;0x0000;02 Illegal Data Address
13737;0;0;0x0000;02 Illegal Data Address
13738;0;0;0x0000;02 Illegal Data Address
13739;0;0;0x0000;02 Illegal Data Address
13740;0;0;0x0000;02 Illegal Data Address
13741;0;0;0x0000;02 Illegal Data Address
13742;0;0;0x0000;02 Illegal Data Address
13743;0;0;0x0000;02 Illegal Data Address
13744;0;0;0x0000;02 Illegal Data Address
13745;0;0;0x0000;02 Illegal Data Address
13746;0;0;0x0000;02 Illegal Data Address
13747;0;0;0x0000;02 Illegal Data Address
13748;0;0;0x0000;02 Illegal Data Address
13749;0;0;0x0000;02 Illegal Data Address
13750;0;0;0x0000;02 Illegal Data Address
13751;0;0;0x0000;02 Illegal Data Address
13752;0;0;0x0000;02 Illegal Data Address
13753;0;0;0x0000;02 Illegal Data Address
13754;0;0;0x0000;02 Illegal Data Address
13755;0;0;0x0000;02 Illegal Data Address
13756;0;0;0x0000;02 Illegal Data Address
13757;0;0;0x0000;02 Illegal Data Address
13758;0;0;0x0000;02 Illegal Data Address
13759;0;0;0x0000;02 Illegal Data Address
13760;0;0;0x0000;02 Illegal Data Address
13761;0;0;0x0000;02 Illegal Data Address
13762;0;0;0x0000;02 Illegal Data Address
13763;0;0;0x0000;02 Illegal Data Address
13764;0;0;0x0000;02 Illegal Data Address
13765;0;0;0x0000;02 Illegal Data Address
13766;0;0;0x0000;02 Illegal Data Address
13767;0;0;0x0000;02 Illegal Data Address
13768;0;0;0x0000;02 Illegal Data Address
13769;0;0;0x0000;02 Illegal Data Address
13770;0;0;0x0000;02 Illegal Data Address
13771;0;0;0x0000;02 Illegal Data Address
13772;0;0;0x0000;02 Illegal Data Address
13773;0;0;0x0000;02 Illegal Data Address
13774;0;0;0x0000;02 Illegal Data Address
13775;0;0;0x0000;02 Illegal Data Address
13776;0;0;0x0000;02 Illegal Data Address
13777;0;0;0x0000;02 Illegal Data Address
13778;0;0;0x0000;02 Illegal Data Address
13779;0;0;0x0000;02 Illegal Data Address
13780;0;0;0x0000;02 Illegal Data Address
13781;0;0;0x0000;02 Illegal Data Address
13782;0;0;0x0000;02 Illegal Data Address
13783;0;0;0x0000;02 Illegal Data Address
13784;0;0;0x0000;02 Illegal Data Address
13785;0;0;0x0000;02 Illegal Data Address
13786;0;0;0x0000;02 Illegal Data Address
13787;0;0;0x0000;02 Illegal Data Address
13788;0;0;0x0000;02 Illegal Data Address
13789;0;0;0x0000;02 Illegal Data Address
13790;0;0;0x0000;02 Illegal Data Address
13791;0;0;0x0000;02 Illegal Data Address
13792;0;0;0x0000;02 Illegal Data Address
13793;0;0;0x0000;02 Illegal Data Address
13794;0;0;0x0000;02 Illegal Data Address
13795;0;0;0x0000;02 Illegal Data Address
13796;0;0;0x0000;02 Illegal Data Address
13797;0;0;0x0000;02 Illegal Data Address
13798;0;0;0x0000;02 Illegal Data Address
13799;0;0;0x0000;02 Illegal Data Address
13800;0;0;0x0000;02 Illegal Data Address
13801;0;0;0x0000;02 Illegal Data Address
13802;0;0;0x0000;02 Illegal Data Address
13803;0;0;0x0000;02 Illegal Data Address
13804;0;0;0x0000;02 Illegal Data Address
13805;0;0;0x0000;02 Illegal Data Address
13806;0;0;0x0000;02 Illegal Data Address
13807;0;0;0x0000;02 Illegal Data Address
13808;0;0;0x0000;02 Illegal Data Address
13809;0;0;0x0000;02 Illegal Data Address
13810;0;0;0x0000;02 Illegal Data Address
13811;0;0;0x0000;02 Illegal Data Address
13812;0;0;0x0000;02 Illegal Data Address
13813;0;0;0x0000;02 Illegal Data Address
13814;0;0;0x0000;02 Illegal Data Address
13815;0;0;0x0000;02 Illegal Data Address
13816;0;0;0x0000;02 Illegal Data Address
13817;0;0;0x0000;02 Illegal Data Address
13818;0;0;0x0000;02 Illegal Data Address
13819;0;0;0x0000;02 Illegal Data Address
13820;0;0;0x0000;02 Illegal Data Address
13821;0;0;0x0000;02 Illegal Data Address
13822;0;0;0x0000;02 Illegal Data Address
13823;0;0;0x0000;02 Illegal Data Address
13824;0;0;0x0000;02 Illegal Data Address
13825;0;0;0x0000;02 Illegal Data Address
13826;0;0;0x0000;02 Illegal Data Address
13827;0;0;0x0000;02 Illegal Data Address
13828;0;0;0x0000;02 Illegal Data Address
13829;0;0;0x0000;02 Illegal Data Address
13830;0;0;0x0000;02 Illegal Data Address
13831;0;0;0x0000;02 Illegal Data Address
13832;0;0;0x0000;02 Illegal Data Address
13833;0;0;0x0000;02 Illegal Data Address
13834;0;0;0x0000;02 Illegal Data Address
13835;0;0;0x0000;02 Illegal Data Address
13836;0;0;0x0000;02 Illegal Data Address
13837;0;0;0x0000;02 Illegal Data Address
13838;0;0;0x0000;02 Illegal Data Address
13839;0;0;0x0000;02 Illegal Data Address
13840;0;0;0x0000;02 Illegal Data Address
13841;0;0;0x0000;02 Illegal Data Address
13842;0;0;0x0000;02 Illegal Data Address
13843;0;0;0x0000;02 Illegal Data Address
13844;0;0;0x0000;02 Illegal Data Address
13845;0;0;0x0000;02 Illegal Data Address
13846;0;0;0x0000;02 Illegal Data Address
13847;0;0;0x0000;02 Illegal Data Address
13848;0;0;0x0000;02 Illegal Data Address
13849;0;0;0x0000;02 Illegal Data Address
13850;0;0;0x0000;02 Illegal Data Address
13851;0;0;0x0000;02 Illegal Data Address
13852;0;0;0x0000;02 Illegal Data Address
13853;0;0;0x0000;02 Illegal Data Address
13854;0;0;0x0000;02 Illegal Data Address
13855;0;0;0x0000;02 Illegal Data Address
13856;0;0;0x0000;02 Illegal Data Address
13857;0;0;0x0000;02 Illegal Data Address
13858;0;0;0x0000;02 Illegal Data Address
13859;0;0;0x0000;02 Illegal Data Address
13860;0;0;0x0000;02 Illegal Data Address
13861;0;0;0x0000;02 Illegal Data Address
13862;0;0;0x0000;02 Illegal Data Address
13863;0;0;0x0000;02 Illegal Data Address
13864;0;0;0x0000;02 Illegal Data Address
13865;0;0;0x0000;02 Illegal Data Address
13866;0;0;0x0000;02 Illegal Data Address
13867;0;0;0x0000;02 Illegal Data Address
13868;0;0;0x0000;02 Illegal Data Address
13869;0;0;0x0000;02 Illegal Data Address
13870;0;0;0x0000;02 Illegal Data Address
13871;0;0;0x0000;02 Illegal Data Address
13872;0;0;0x0000;02 Illegal Data Address
13873;0;0;0x0000;02 Illegal Data Address
13874;0;0;0x0000;02 Illegal Data Address
13875;0;0;0x0000;02 Illegal Data Address
13876;0;0;0x0000;02 Illegal Data Address
13877;0;0;0x0000;02 Illegal Data Address
13878;0;0;0x0000;02 Illegal Data Address
13879;0;0;0x0000;02 Illegal Data Address
13880;0;0;0x0000;02 Illegal Data Address
13881;0;0;0x0000;02 Illegal Data Address
13882;0;0;0x0000;02 Illegal Data Address
13883;0;0;0x0000;02 Illegal Data Address
13884;0;0;0x0000;02 Illegal Data Address
13885;0;0;0x0000;02 Illegal Data Address
13886;0;0;0x0000;02 Illegal Data Address
13887;0;0;0x0000;02 Illegal Data Address
13888;0;0;0x0000;02 Illegal Data Address
13889;0;0;0x0000;02 Illegal Data Address
13890;0;0;0x0000;02 Illegal Data Address
13891;0;0;0x0000;02 Illegal Data Address
13892;0;0;0x0000;02 Illegal Data Address
13893;0;0;0x0000;02 Illegal Data Address
13894;0;0;0x0000;02 Illegal Data Address
13895;0;0;0x0000;02 Illegal Data Address
13896;0;0;0x0000;02 Illegal Data Address
13897;0;0;0x0000;02 Illegal Data Address
13898;0;0;0x0000;02 Illegal Data Address
13899;0;0;0x0000;02 Illegal Data Address
13900;0;0;0x0000;02 Illegal Data Address
13901;0;0;0x0000;02 Illegal Data Address
13902;0;0;0x0000;02 Illegal Data Address
13903;0;0;0x0000;02 Illegal Data Address
13904;0;0;0x0000;02 Illegal Data Address
13905;0;0;0x0000;02 Illegal Data Address
13906;0;0;0x0000;02 Illegal Data Address
13907;0;0;0x0000;02 Illegal Data Address
13908;0;0;0x0000;02 Illegal Data Address
13909;0;0;0x0000;02 Illegal Data Address
13910;0;0;0x0000;02 Illegal Data Address
13911;0;0;0x0000;02 Illegal Data Address
13912;0;0;0x0000;02 Illegal Data Address
13913;0;0;0x0000;02 Illegal Data Address
13914;0;0;0x0000;02 Illegal Data Address
13915;0;0;0x0000;02 Illegal Data Address
13916;0;0;0x0000;02 Illegal Data Address
13917;0;0;0x0000;02 Illegal Data Address
13918;0;0;0x0000;02 Illegal Data Address
13919;0;0;0x0000;02 Illegal Data Address
13920;0;0;0x0000;02 Illegal Data Address
13921;0;0;0x0000;02 Illegal Data Address
13922;0;0;0x0000;02 Illegal Data Address
13923;0;0;0x0000;02 Illegal Data Address
13924;0;0;0x0000;02 Illegal Data Address
13925;0;0;0x0000;02 Illegal Data Address
13926;0;0;0x0000;02 Illegal Data Address
13927;0;0;0x0000;02 Illegal Data Address
13928;0;0;0x0000;02 Illegal Data Address
13929;0;0;0x0000;02 Illegal Data Address
13930;0;0;0x0000;02 Illegal Data Address
13931;0;0;0x0000;02 Illegal Data Address
13932;0;0;0x0000;02 Illegal Data Address
13933;0;0;0x0000;02 Illegal Data Address
13934;0;0;0x0000;02 Illegal Data Address
13935;0;0;0x0000;02 Illegal Data Address
13936;0;0;0x0000;02 Illegal Data Address
13937;0;0;0x0000;02 Illegal Data Address
13938;0;0;0x0000;02 Illegal Data Address
13939;0;0;0x0000;02 Illegal Data Address
13940;0;0;0x0000;02 Illegal Data Address
13941;0;0;0x0000;02 Illegal Data Address
13942;0;0;0x0000;02 Illegal Data Address
13943;0;0;0x0000;02 Illegal Data Address
13944;0;0;0x0000;02 Illegal Data Address
13945;0;0;0x0000;02 Illegal Data Address
13946;0;0;0x0000;02 Illegal Data Address
13947;0;0;0x0000;02 Illegal Data Address
13948;0;0;0x0000;02 Illegal Data Address
13949;0;0;0x0000;02 Illegal Data Address
13950;0;0;0x0000;02 Illegal Data Address
13951;0;0;0x0000;02 Illegal Data Address
13952;0;0;0x0000;02 Illegal Data Address
13953;0;0;0x0000;02 Illegal Data Address
13954;0;0;0x0000;02 Illegal Data Address
13955;0;0;0x0000;02 Illegal Data Address
13956;0;0;0x0000;02 Illegal Data Address
13957;0;0;0x0000;02 Illegal Data Address
13958;0;0;0x0000;02 Illegal Data Address
13959;0;0;0x0000;02 Illegal Data Address
13960;0;0;0x0000;02 Illegal Data Address
13961;0;0;0x0000;02 Illegal Data Address
13962;0;0;0x0000;02 Illegal Data Address
13963;0;0;0x0000;02 Illegal Data Address
13964;0;0;0x0000;02 Illegal Data Address
13965;0;0;0x0000;02 Illegal Data Address
13966;0;0;0x0000;02 Illegal Data Address
13967;0;0;0x0000;02 Illegal Data Address
13968;0;0;0x0000;02 Illegal Data Address
13969;0;0;0x0000;02 Illegal Data Address
13970;0;0;0x0000;02 Illegal Data Address
13971;0;0;0x0000;02 Illegal Data Address
13972;0;0;0x0000;02 Illegal Data Address
13973;0;0;0x0000;02 Illegal Data Address
13974;0;0;0x0000;02 Illegal Data Address
13975;0;0;0x0000;02 Illegal Data Address
13976;0;0;0x0000;02 Illegal Data Address
13977;0;0;0x0000;02 Illegal Data Address
13978;0;0;0x0000;02 Illegal Data Address
13979;0;0;0x0000;02 Illegal Data Address
13980;0;0;0x0000;02 Illegal Data Address
13981;0;0;0x0000;02 Illegal Data Address
13982;0;0;0x0000;02 Illegal Data Address
13983;0;0;0x0000;02 Illegal Data Address
13984;0;0;0x0000;02 Illegal Data Address
13985;0;0;0x0000;02 Illegal Data Address
13986;0;0;0x0000;02 Illegal Data Address
13987;0;0;0x0000;02 Illegal Data Address
13988;0;0;0x0000;02 Illegal Data Address
13989;0;0;0x0000;02 Illegal Data Address
13990;0;0;0x0000;02 Illegal Data Address
13991;0;0;0x0000;02 Illegal Data Address
13992;0;0;0x0000;02 Illegal Data Address
13993;0;0;0x0000;02 Illegal Data Address
13994;0;0;0x0000;02 Illegal Data Address
13995;0;0;0x0000;02 Illegal Data Address
13996;0;0;0x0000;02 Illegal Data Address
13997;0;0;0x0000;02 Illegal Data Address
13998;0;0;0x0000;02 Illegal Data Address
13999;0;0;0x0000;02 Illegal Data Address
14000;0;0;0x0000;02 Illegal Data Address
14001;0;0;0x0000;02 Illegal Data Address
14002;0;0;0x0000;02 Illegal Data Address
14003;0;0;0x0000;02 Illegal Data Address
14004;0;0;0x0000;02 Illegal Data Address
14005;0;0;0x0000;02 Illegal Data Address
14006;0;0;0x0000;02 Illegal Data Address
14007;0;0;0x0000;02 Illegal Data Address
14008;0;0;0x0000;02 Illegal Data Address
14009;0;0;0x0000;02 Illegal Data Address
14010;0;0;0x0000;02 Illegal Data Address
14011;0;0;0x0000;02 Illegal Data Address
14012;0;0;0x0000;02 Illegal Data Address
14013;0;0;0x0000;02 Illegal Data Address
14014;0;0;0x0000;02 Illegal Data Address
14015;0;0;0x0000;02 Illegal Data Address
14016;0;0;0x0000;02 Illegal Data Address
14017;0;0;0x0000;02 Illegal Data Address
14018;0;0;0x0000;02 Illegal Data Address
14019;0;0;0x0000;02 Illegal Data Address
14020;0;0;0x0000;02 Illegal Data Address
14021;0;0;0x0000;02 Illegal Data Address
14022;0;0;0x0000;02 Illegal Data Address
14023;0;0;0x0000;02 Illegal Data Address
14024;0;0;0x0000;02 Illegal Data Address
14025;0;0;0x0000;02 Illegal Data Address
14026;0;0;0x0000;02 Illegal Data Address
14027;0;0;0x0000;02 Illegal Data Address
14028;0;0;0x0000;02 Illegal Data Address
14029;0;0;0x0000;02 Illegal Data Address
14030;0;0;0x0000;02 Illegal Data Address
14031;0;0;0x0000;02 Illegal Data Address
14032;0;0;0x0000;02 Illegal Data Address
14033;0;0;0x0000;02 Illegal Data Address
14034;0;0;0x0000;02 Illegal Data Address
14035;0;0;0x0000;02 Illegal Data Address
14036;0;0;0x0000;02 Illegal Data Address
14037;0;0;0x0000;02 Illegal Data Address
14038;0;0;0x0000;02 Illegal Data Address
14039;0;0;0x0000;02 Illegal Data Address
14040;0;0;0x0000;02 Illegal Data Address
14041;0;0;0x0000;02 Illegal Data Address
14042;0;0;0x0000;02 Illegal Data Address
14043;0;0;0x0000;02 Illegal Data Address
14044;0;0;0x0000;02 Illegal Data Address
14045;0;0;0x0000;02 Illegal Data Address
14046;0;0;0x0000;02 Illegal Data Address
14047;0;0;0x0000;02 Illegal Data Address
14048;0;0;0x0000;02 Illegal Data Address
14049;0;0;0x0000;02 Illegal Data Address
14050;0;0;0x0000;02 Illegal Data Address
14051;0;0;0x0000;02 Illegal Data Address
14052;0;0;0x0000;02 Illegal Data Address
14053;0;0;0x0000;02 Illegal Data Address
14054;0;0;0x0000;02 Illegal Data Address
14055;0;0;0x0000;02 Illegal Data Address
14056;0;0;0x0000;02 Illegal Data Address
14057;0;0;0x0000;02 Illegal Data Address
14058;0;0;0x0000;02 Illegal Data Address
14059;0;0;0x0000;02 Illegal Data Address
14060;0;0;0x0000;02 Illegal Data Address
14061;0;0;0x0000;02 Illegal Data Address
14062;0;0;0x0000;02 Illegal Data Address
14063;0;0;0x0000;02 Illegal Data Address
14064;0;0;0x0000;02 Illegal Data Address
14065;0;0;0x0000;02 Illegal Data Address
14066;0;0;0x0000;02 Illegal Data Address
14067;0;0;0x0000;02 Illegal Data Address
14068;0;0;0x0000;02 Illegal Data Address
14069;0;0;0x0000;02 Illegal Data Address
14070;0;0;0x0000;02 Illegal Data Address
14071;0;0;0x0000;02 Illegal Data Address
14072;0;0;0x0000;02 Illegal Data Address
14073;0;0;0x0000;02 Illegal Data Address
14074;0;0;0x0000;02 Illegal Data Address
14075;0;0;0x0000;02 Illegal Data Address
14076;0;0;0x0000;02 Illegal Data Address
14077;0;0;0x0000;02 Illegal Data Address
14078;0;0;0x0000;02 Illegal Data Address
14079;0;0;0x0000;02 Illegal Data Address
14080;0;0;0x0000;02 Illegal Data Address
14081;0;0;0x0000;02 Illegal Data Address
14082;0;0;0x0000;02 Illegal Data Address
14083;0;0;0x0000;02 Illegal Data Address
14084;0;0;0x0000;02 Illegal Data Address
14085;0;0;0x0000;02 Illegal Data Address
14086;0;0;0x0000;02 Illegal Data Address
14087;0;0;0x0000;02 Illegal Data Address
14088;0;0;0x0000;02 Illegal Data Address
14089;0;0;0x0000;02 Illegal Data Address
14090;0;0;0x0000;02 Illegal Data Address
14091;0;0;0x0000;02 Illegal Data Address
14092;0;0;0x0000;02 Illegal Data Address
14093;0;0;0x0000;02 Illegal Data Address
14094;0;0;0x0000;02 Illegal Data Address
14095;0;0;0x0000;02 Illegal Data Address
14096;0;0;0x0000;02 Illegal Data Address
14097;0;0;0x0000;02 Illegal Data Address
14098;0;0;0x0000;02 Illegal Data Address
14099;0;0;0x0000;02 Illegal Data Address
14100;0;0;0x0000;02 Illegal Data Address
14101;0;0;0x0000;02 Illegal Data Address
14102;0;0;0x0000;02 Illegal Data Address
14103;0;0;0x0000;02 Illegal Data Address
14104;0;0;0x0000;02 Illegal Data Address
14105;0;0;0x0000;02 Illegal Data Address
14106;0;0;0x0000;02 Illegal Data Address
14107;0;0;0x0000;02 Illegal Data Address
14108;0;0;0x0000;02 Illegal Data Address
14109;0;0;0x0000;02 Illegal Data Address
14110;0;0;0x0000;02 Illegal Data Address
14111;0;0;0x0000;02 Illegal Data Address
14112;0;0;0x0000;02 Illegal Data Address
14113;0;0;0x0000;02 Illegal Data Address
14114;0;0;0x0000;02 Illegal Data Address
14115;0;0;0x0000;02 Illegal Data Address
14116;0;0;0x0000;02 Illegal Data Address
14117;0;0;0x0000;02 Illegal Data Address
14118;0;0;0x0000;02 Illegal Data Address
14119;0;0;0x0000;02 Illegal Data Address
14120;0;0;0x0000;02 Illegal Data Address
14121;0;0;0x0000;02 Illegal Data Address
14122;0;0;0x0000;02 Illegal Data Address
14123;0;0;0x0000;02 Illegal Data Address
14124;0;0;0x0000;02 Illegal Data Address
14125;0;0;0x0000;02 Illegal Data Address
14126;0;0;0x0000;02 Illegal Data Address
14127;0;0;0x0000;02 Illegal Data Address
14128;0;0;0x0000;02 Illegal Data Address
14129;0;0;0x0000;02 Illegal Data Address
14130;0;0;0x0000;02 Illegal Data Address
14131;0;0;0x0000;02 Illegal Data Address
14132;0;0;0x0000;02 Illegal Data Address
14133;0;0;0x0000;02 Illegal Data Address
14134;0;0;0x0000;02 Illegal Data Address
14135;0;0;0x0000;02 Illegal Data Address
14136;0;0;0x0000;02 Illegal Data Address
14137;0;0;0x0000;02 Illegal Data Address
14138;0;0;0x0000;02 Illegal Data Address
14139;0;0;0x0000;02 Illegal Data Address
14140;0;0;0x0000;02 Illegal Data Address
14141;0;0;0x0000;02 Illegal Data Address
14142;0;0;0x0000;02 Illegal Data Address
14143;0;0;0x0000;02 Illegal Data Address
14144;0;0;0x0000;02 Illegal Data Address
14145;0;0;0x0000;02 Illegal Data Address
14146;0;0;0x0000;02 Illegal Data Address
14147;0;0;0x0000;02 Illegal Data Address
14148;0;0;0x0000;02 Illegal Data Address
14149;0;0;0x0000;02 Illegal Data Address
14150;0;0;0x0000;02 Illegal Data Address
14151;0;0;0x0000;02 Illegal Data Address
14152;0;0;0x0000;02 Illegal Data Address
14153;0;0;0x0000;02 Illegal Data Address
14154;0;0;0x0000;02 Illegal Data Address
14155;0;0;0x0000;02 Illegal Data Address
14156;0;0;0x0000;02 Illegal Data Address
14157;0;0;0x0000;02 Illegal Data Address
14158;0;0;0x0000;02 Illegal Data Address
14159;0;0;0x0000;02 Illegal Data Address
14160;0;0;0x0000;02 Illegal Data Address
14161;0;0;0x0000;02 Illegal Data Address
14162;0;0;0x0000;02 Illegal Data Address
14163;0;0;0x0000;02 Illegal Data Address
14164;0;0;0x0000;02 Illegal Data Address
14165;0;0;0x0000;02 Illegal Data Address
14166;0;0;0x0000;02 Illegal Data Address
14167;0;0;0x0000;02 Illegal Data Address
14168;0;0;0x0000;02 Illegal Data Address
14169;0;0;0x0000;02 Illegal Data Address
14170;0;0;0x0000;02 Illegal Data Address
14171;0;0;0x0000;02 Illegal Data Address
14172;0;0;0x0000;02 Illegal Data Address
14173;0;0;0x0000;02 Illegal Data Address
14174;0;0;0x0000;02 Illegal Data Address
14175;0;0;0x0000;02 Illegal Data Address
14176;0;0;0x0000;02 Illegal Data Address
14177;0;0;0x0000;02 Illegal Data Address
14178;0;0;0x0000;02 Illegal Data Address
14179;0;0;0x0000;02 Illegal Data Address
14180;0;0;0x0000;02 Illegal Data Address
14181;0;0;0x0000;02 Illegal Data Address
14182;0;0;0x0000;02 Illegal Data Address
14183;0;0;0x0000;02 Illegal Data Address
14184;0;0;0x0000;02 Illegal Data Address
14185;0;0;0x0000;02 Illegal Data Address
14186;0;0;0x0000;02 Illegal Data Address
14187;0;0;0x0000;02 Illegal Data Address
14188;0;0;0x0000;02 Illegal Data Address
14189;0;0;0x0000;02 Illegal Data Address
14190;0;0;0x0000;02 Illegal Data Address
14191;0;0;0x0000;02 Illegal Data Address
14192;0;0;0x0000;02 Illegal Data Address
14193;0;0;0x0000;02 Illegal Data Address
14194;0;0;0x0000;02 Illegal Data Address
14195;0;0;0x0000;02 Illegal Data Address
14196;0;0;0x0000;02 Illegal Data Address
14197;0;0;0x0000;02 Illegal Data Address
14198;0;0;0x0000;02 Illegal Data Address
14199;0;0;0x0000;02 Illegal Data Address
14200;0;0;0x0000;02 Illegal Data Address
14201;0;0;0x0000;02 Illegal Data Address
14202;0;0;0x0000;02 Illegal Data Address
14203;0;0;0x0000;02 Illegal Data Address
14204;0;0;0x0000;02 Illegal Data Address
14205;0;0;0x0000;02 Illegal Data Address
14206;0;0;0x0000;02 Illegal Data Address
14207;0;0;0x0000;02 Illegal Data Address
14208;0;0;0x0000;02 Illegal Data Address
14209;0;0;0x0000;02 Illegal Data Address
14210;0;0;0x0000;02 Illegal Data Address
14211;0;0;0x0000;02 Illegal Data Address
14212;0;0;0x0000;02 Illegal Data Address
14213;0;0;0x0000;02 Illegal Data Address
14214;0;0;0x0000;02 Illegal Data Address
14215;0;0;0x0000;02 Illegal Data Address
14216;0;0;0x0000;02 Illegal Data Address
14217;0;0;0x0000;02 Illegal Data Address
14218;0;0;0x0000;02 Illegal Data Address
14219;0;0;0x0000;02 Illegal Data Address
14220;0;0;0x0000;02 Illegal Data Address
14221;0;0;0x0000;02 Illegal Data Address
14222;0;0;0x0000;02 Illegal Data Address
14223;0;0;0x0000;02 Illegal Data Address
14224;0;0;0x0000;02 Illegal Data Address
14225;0;0;0x0000;02 Illegal Data Address
14226;0;0;0x0000;02 Illegal Data Address
14227;0;0;0x0000;02 Illegal Data Address
14228;0;0;0x0000;02 Illegal Data Address
14229;0;0;0x0000;02 Illegal Data Address
14230;0;0;0x0000;02 Illegal Data Address
14231;0;0;0x0000;02 Illegal Data Address
14232;0;0;0x0000;02 Illegal Data Address
14233;0;0;0x0000;02 Illegal Data Address
14234;0;0;0x0000;02 Illegal Data Address
14235;0;0;0x0000;02 Illegal Data Address
14236;0;0;0x0000;02 Illegal Data Address
14237;0;0;0x0000;02 Illegal Data Address
14238;0;0;0x0000;02 Illegal Data Address
14239;0;0;0x0000;02 Illegal Data Address
14240;0;0;0x0000;02 Illegal Data Address
14241;0;0;0x0000;02 Illegal Data Address
14242;0;0;0x0000;02 Illegal Data Address
14243;0;0;0x0000;02 Illegal Data Address
14244;0;0;0x0000;02 Illegal Data Address
14245;0;0;0x0000;02 Illegal Data Address
14246;0;0;0x0000;02 Illegal Data Address
14247;0;0;0x0000;02 Illegal Data Address
14248;0;0;0x0000;02 Illegal Data Address
14249;0;0;0x0000;02 Illegal Data Address
14250;0;0;0x0000;02 Illegal Data Address
14251;0;0;0x0000;02 Illegal Data Address
14252;0;0;0x0000;02 Illegal Data Address
14253;0;0;0x0000;02 Illegal Data Address
14254;0;0;0x0000;02 Illegal Data Address
14255;0;0;0x0000;02 Illegal Data Address
14256;0;0;0x0000;02 Illegal Data Address
14257;0;0;0x0000;02 Illegal Data Address
14258;0;0;0x0000;02 Illegal Data Address
14259;0;0;0x0000;02 Illegal Data Address
14260;0;0;0x0000;02 Illegal Data Address
14261;0;0;0x0000;02 Illegal Data Address
14262;0;0;0x0000;02 Illegal Data Address
14263;0;0;0x0000;02 Illegal Data Address
14264;0;0;0x0000;02 Illegal Data Address
14265;0;0;0x0000;02 Illegal Data Address
14266;0;0;0x0000;02 Illegal Data Address
14267;0;0;0x0000;02 Illegal Data Address
14268;0;0;0x0000;02 Illegal Data Address
14269;0;0;0x0000;02 Illegal Data Address
14270;0;0;0x0000;02 Illegal Data Address
14271;0;0;0x0000;02 Illegal Data Address
14272;0;0;0x0000;02 Illegal Data Address
14273;0;0;0x0000;02 Illegal Data Address
14274;0;0;0x0000;02 Illegal Data Address
14275;0;0;0x0000;02 Illegal Data Address
14276;0;0;0x0000;02 Illegal Data Address
14277;0;0;0x0000;02 Illegal Data Address
14278;0;0;0x0000;02 Illegal Data Address
14279;0;0;0x0000;02 Illegal Data Address
14280;0;0;0x0000;02 Illegal Data Address
14281;0;0;0x0000;02 Illegal Data Address
14282;0;0;0x0000;02 Illegal Data Address
14283;0;0;0x0000;02 Illegal Data Address
14284;0;0;0x0000;02 Illegal Data Address
14285;0;0;0x0000;02 Illegal Data Address
14286;0;0;0x0000;02 Illegal Data Address
14287;0;0;0x0000;02 Illegal Data Address
14288;0;0;0x0000;02 Illegal Data Address
14289;0;0;0x0000;02 Illegal Data Address
14290;0;0;0x0000;02 Illegal Data Address
14291;0;0;0x0000;02 Illegal Data Address
14292;0;0;0x0000;02 Illegal Data Address
14293;0;0;0x0000;02 Illegal Data Address
14294;0;0;0x0000;02 Illegal Data Address
14295;0;0;0x0000;02 Illegal Data Address
14296;0;0;0x0000;02 Illegal Data Address
14297;0;0;0x0000;02 Illegal Data Address
14298;0;0;0x0000;02 Illegal Data Address
14299;0;0;0x0000;02 Illegal Data Address
14300;0;0;0x0000;02 Illegal Data Address
14301;0;0;0x0000;02 Illegal Data Address
14302;0;0;0x0000;02 Illegal Data Address
14303;0;0;0x0000;02 Illegal Data Address
14304;0;0;0x0000;02 Illegal Data Address
14305;0;0;0x0000;02 Illegal Data Address
14306;0;0;0x0000;02 Illegal Data Address
14307;0;0;0x0000;02 Illegal Data Address
14308;0;0;0x0000;02 Illegal Data Address
14309;0;0;0x0000;02 Illegal Data Address
14310;0;0;0x0000;02 Illegal Data Address
14311;0;0;0x0000;02 Illegal Data Address
14312;0;0;0x0000;02 Illegal Data Address
14313;0;0;0x0000;02 Illegal Data Address
14314;0;0;0x0000;02 Illegal Data Address
14315;0;0;0x0000;02 Illegal Data Address
14316;0;0;0x0000;02 Illegal Data Address
14317;0;0;0x0000;02 Illegal Data Address
14318;0;0;0x0000;02 Illegal Data Address
14319;0;0;0x0000;02 Illegal Data Address
14320;0;0;0x0000;02 Illegal Data Address
14321;0;0;0x0000;02 Illegal Data Address
14322;0;0;0x0000;02 Illegal Data Address
14323;0;0;0x0000;02 Illegal Data Address
14324;0;0;0x0000;02 Illegal Data Address
14325;0;0;0x0000;02 Illegal Data Address
14326;0;0;0x0000;02 Illegal Data Address
14327;0;0;0x0000;02 Illegal Data Address
14328;0;0;0x0000;02 Illegal Data Address
14329;0;0;0x0000;02 Illegal Data Address
14330;0;0;0x0000;02 Illegal Data Address
14331;0;0;0x0000;02 Illegal Data Address
14332;0;0;0x0000;02 Illegal Data Address
14333;0;0;0x0000;02 Illegal Data Address
14334;0;0;0x0000;02 Illegal Data Address
14335;0;0;0x0000;02 Illegal Data Address
14336;0;0;0x0000;02 Illegal Data Address
14337;0;0;0x0000;02 Illegal Data Address
14338;0;0;0x0000;02 Illegal Data Address
14339;0;0;0x0000;02 Illegal Data Address
14340;0;0;0x0000;02 Illegal Data Address
14341;0;0;0x0000;02 Illegal Data Address
14342;0;0;0x0000;02 Illegal Data Address
14343;0;0;0x0000;02 Illegal Data Address
14344;0;0;0x0000;02 Illegal Data Address
14345;0;0;0x0000;02 Illegal Data Address
14346;0;0;0x0000;02 Illegal Data Address
14347;0;0;0x0000;02 Illegal Data Address
14348;0;0;0x0000;02 Illegal Data Address
14349;0;0;0x0000;02 Illegal Data Address
14350;0;0;0x0000;02 Illegal Data Address
14351;0;0;0x0000;02 Illegal Data Address
14352;0;0;0x0000;02 Illegal Data Address
14353;0;0;0x0000;02 Illegal Data Address
14354;0;0;0x0000;02 Illegal Data Address
14355;0;0;0x0000;02 Illegal Data Address
14356;0;0;0x0000;02 Illegal Data Address
14357;0;0;0x0000;02 Illegal Data Address
14358;0;0;0x0000;02 Illegal Data Address
14359;0;0;0x0000;02 Illegal Data Address
14360;0;0;0x0000;02 Illegal Data Address
14361;0;0;0x0000;02 Illegal Data Address
14362;0;0;0x0000;02 Illegal Data Address
14363;0;0;0x0000;02 Illegal Data Address
14364;0;0;0x0000;02 Illegal Data Address
14365;0;0;0x0000;02 Illegal Data Address
14366;0;0;0x0000;02 Illegal Data Address
14367;0;0;0x0000;02 Illegal Data Address
14368;0;0;0x0000;02 Illegal Data Address
14369;0;0;0x0000;02 Illegal Data Address
14370;0;0;0x0000;02 Illegal Data Address
14371;0;0;0x0000;02 Illegal Data Address
14372;0;0;0x0000;02 Illegal Data Address
14373;0;0;0x0000;02 Illegal Data Address
14374;0;0;0x0000;02 Illegal Data Address
14375;0;0;0x0000;02 Illegal Data Address
14376;0;0;0x0000;02 Illegal Data Address
14377;0;0;0x0000;02 Illegal Data Address
14378;0;0;0x0000;02 Illegal Data Address
14379;0;0;0x0000;02 Illegal Data Address
14380;0;0;0x0000;02 Illegal Data Address
14381;0;0;0x0000;02 Illegal Data Address
14382;0;0;0x0000;02 Illegal Data Address
14383;0;0;0x0000;02 Illegal Data Address
14384;0;0;0x0000;02 Illegal Data Address
14385;0;0;0x0000;02 Illegal Data Address
14386;0;0;0x0000;02 Illegal Data Address
14387;0;0;0x0000;02 Illegal Data Address
14388;0;0;0x0000;02 Illegal Data Address
14389;0;0;0x0000;02 Illegal Data Address
14390;0;0;0x0000;02 Illegal Data Address
14391;0;0;0x0000;02 Illegal Data Address
14392;0;0;0x0000;02 Illegal Data Address
14393;0;0;0x0000;02 Illegal Data Address
14394;0;0;0x0000;02 Illegal Data Address
14395;0;0;0x0000;02 Illegal Data Address
14396;0;0;0x0000;02 Illegal Data Address
14397;0;0;0x0000;02 Illegal Data Address
14398;0;0;0x0000;02 Illegal Data Address
14399;0;0;0x0000;02 Illegal Data Address
14400;0;0;0x0000;02 Illegal Data Address
14401;0;0;0x0000;02 Illegal Data Address
14402;0;0;0x0000;02 Illegal Data Address
14403;0;0;0x0000;02 Illegal Data Address
14404;0;0;0x0000;02 Illegal Data Address
14405;0;0;0x0000;02 Illegal Data Address
14406;0;0;0x0000;02 Illegal Data Address
14407;0;0;0x0000;02 Illegal Data Address
14408;0;0;0x0000;02 Illegal Data Address
14409;0;0;0x0000;02 Illegal Data Address
14410;0;0;0x0000;02 Illegal Data Address
14411;0;0;0x0000;02 Illegal Data Address
14412;0;0;0x0000;02 Illegal Data Address
14413;0;0;0x0000;02 Illegal Data Address
14414;0;0;0x0000;02 Illegal Data Address
14415;0;0;0x0000;02 Illegal Data Address
14416;0;0;0x0000;02 Illegal Data Address
14417;0;0;0x0000;02 Illegal Data Address
14418;0;0;0x0000;02 Illegal Data Address
14419;0;0;0x0000;02 Illegal Data Address
14420;0;0;0x0000;02 Illegal Data Address
14421;0;0;0x0000;02 Illegal Data Address
14422;0;0;0x0000;02 Illegal Data Address
14423;0;0;0x0000;02 Illegal Data Address
14424;0;0;0x0000;02 Illegal Data Address
14425;0;0;0x0000;02 Illegal Data Address
14426;0;0;0x0000;02 Illegal Data Address
14427;0;0;0x0000;02 Illegal Data Address
14428;0;0;0x0000;02 Illegal Data Address
14429;0;0;0x0000;02 Illegal Data Address
14430;0;0;0x0000;02 Illegal Data Address
14431;0;0;0x0000;02 Illegal Data Address
14432;0;0;0x0000;02 Illegal Data Address
14433;0;0;0x0000;02 Illegal Data Address
14434;0;0;0x0000;02 Illegal Data Address
14435;0;0;0x0000;02 Illegal Data Address
14436;0;0;0x0000;02 Illegal Data Address
14437;0;0;0x0000;02 Illegal Data Address
14438;0;0;0x0000;02 Illegal Data Address
14439;0;0;0x0000;02 Illegal Data Address
14440;0;0;0x0000;02 Illegal Data Address
14441;0;0;0x0000;02 Illegal Data Address
14442;0;0;0x0000;02 Illegal Data Address
14443;0;0;0x0000;02 Illegal Data Address
14444;0;0;0x0000;02 Illegal Data Address
14445;0;0;0x0000;02 Illegal Data Address
14446;0;0;0x0000;02 Illegal Data Address
14447;0;0;0x0000;02 Illegal Data Address
14448;0;0;0x0000;02 Illegal Data Address
14449;0;0;0x0000;02 Illegal Data Address
14450;0;0;0x0000;02 Illegal Data Address
14451;0;0;0x0000;02 Illegal Data Address
14452;0;0;0x0000;02 Illegal Data Address
14453;0;0;0x0000;02 Illegal Data Address
14454;0;0;0x0000;02 Illegal Data Address
14455;0;0;0x0000;02 Illegal Data Address
14456;0;0;0x0000;02 Illegal Data Address
14457;0;0;0x0000;02 Illegal Data Address
14458;0;0;0x0000;02 Illegal Data Address
14459;0;0;0x0000;02 Illegal Data Address
14460;0;0;0x0000;02 Illegal Data Address
14461;0;0;0x0000;02 Illegal Data Address
14462;0;0;0x0000;02 Illegal Data Address
14463;0;0;0x0000;02 Illegal Data Address
14464;0;0;0x0000;02 Illegal Data Address
14465;0;0;0x0000;02 Illegal Data Address
14466;0;0;0x0000;02 Illegal Data Address
14467;0;0;0x0000;02 Illegal Data Address
14468;0;0;0x0000;02 Illegal Data Address
14469;0;0;0x0000;02 Illegal Data Address
14470;0;0;0x0000;02 Illegal Data Address
14471;0;0;0x0000;02 Illegal Data Address
14472;0;0;0x0000;02 Illegal Data Address
14473;0;0;0x0000;02 Illegal Data Address
14474;0;0;0x0000;02 Illegal Data Address
14475;0;0;0x0000;02 Illegal Data Address
14476;0;0;0x0000;02 Illegal Data Address
14477;0;0;0x0000;02 Illegal Data Address
14478;0;0;0x0000;02 Illegal Data Address
14479;0;0;0x0000;02 Illegal Data Address
14480;0;0;0x0000;02 Illegal Data Address
14481;0;0;0x0000;02 Illegal Data Address
14482;0;0;0x0000;02 Illegal Data Address
14483;0;0;0x0000;02 Illegal Data Address
14484;0;0;0x0000;02 Illegal Data Address
14485;0;0;0x0000;02 Illegal Data Address
14486;0;0;0x0000;02 Illegal Data Address
14487;0;0;0x0000;02 Illegal Data Address
14488;0;0;0x0000;02 Illegal Data Address
14489;0;0;0x0000;02 Illegal Data Address
14490;0;0;0x0000;02 Illegal Data Address
14491;0;0;0x0000;02 Illegal Data Address
14492;0;0;0x0000;02 Illegal Data Address
14493;0;0;0x0000;02 Illegal Data Address
14494;0;0;0x0000;02 Illegal Data Address
14495;0;0;0x0000;02 Illegal Data Address
14496;0;0;0x0000;02 Illegal Data Address
14497;0;0;0x0000;02 Illegal Data Address
14498;0;0;0x0000;02 Illegal Data Address
14499;0;0;0x0000;02 Illegal Data Address
14500;0;0;0x0000;02 Illegal Data Address
14501;0;0;0x0000;02 Illegal Data Address
14502;0;0;0x0000;02 Illegal Data Address
14503;0;0;0x0000;02 Illegal Data Address
14504;0;0;0x0000;02 Illegal Data Address
14505;0;0;0x0000;02 Illegal Data Address
14506;0;0;0x0000;02 Illegal Data Address
14507;0;0;0x0000;02 Illegal Data Address
14508;0;0;0x0000;02 Illegal Data Address
14509;0;0;0x0000;02 Illegal Data Address
14510;0;0;0x0000;02 Illegal Data Address
14511;0;0;0x0000;02 Illegal Data Address
14512;0;0;0x0000;02 Illegal Data Address
14513;0;0;0x0000;02 Illegal Data Address
14514;0;0;0x0000;02 Illegal Data Address
14515;0;0;0x0000;02 Illegal Data Address
14516;0;0;0x0000;02 Illegal Data Address
14517;0;0;0x0000;02 Illegal Data Address
14518;0;0;0x0000;02 Illegal Data Address
14519;0;0;0x0000;02 Illegal Data Address
14520;0;0;0x0000;02 Illegal Data Address
14521;0;0;0x0000;02 Illegal Data Address
14522;0;0;0x0000;02 Illegal Data Address
14523;0;0;0x0000;02 Illegal Data Address
14524;0;0;0x0000;02 Illegal Data Address
14525;0;0;0x0000;02 Illegal Data Address
14526;0;0;0x0000;02 Illegal Data Address
14527;0;0;0x0000;02 Illegal Data Address
14528;0;0;0x0000;02 Illegal Data Address
14529;0;0;0x0000;02 Illegal Data Address
14530;0;0;0x0000;02 Illegal Data Address
14531;0;0;0x0000;02 Illegal Data Address
14532;0;0;0x0000;02 Illegal Data Address
14533;0;0;0x0000;02 Illegal Data Address
14534;0;0;0x0000;02 Illegal Data Address
14535;0;0;0x0000;02 Illegal Data Address
14536;0;0;0x0000;02 Illegal Data Address
14537;0;0;0x0000;02 Illegal Data Address
14538;0;0;0x0000;02 Illegal Data Address
14539;0;0;0x0000;02 Illegal Data Address
14540;0;0;0x0000;02 Illegal Data Address
14541;0;0;0x0000;02 Illegal Data Address
14542;0;0;0x0000;02 Illegal Data Address
14543;0;0;0x0000;02 Illegal Data Address
14544;0;0;0x0000;02 Illegal Data Address
14545;0;0;0x0000;02 Illegal Data Address
14546;0;0;0x0000;02 Illegal Data Address
14547;0;0;0x0000;02 Illegal Data Address
14548;0;0;0x0000;02 Illegal Data Address
14549;0;0;0x0000;02 Illegal Data Address
14550;0;0;0x0000;02 Illegal Data Address
14551;0;0;0x0000;02 Illegal Data Address
14552;0;0;0x0000;02 Illegal Data Address
14553;0;0;0x0000;02 Illegal Data Address
14554;0;0;0x0000;02 Illegal Data Address
14555;0;0;0x0000;02 Illegal Data Address
14556;0;0;0x0000;02 Illegal Data Address
14557;0;0;0x0000;02 Illegal Data Address
14558;0;0;0x0000;02 Illegal Data Address
14559;0;0;0x0000;02 Illegal Data Address
14560;0;0;0x0000;02 Illegal Data Address
14561;0;0;0x0000;02 Illegal Data Address
14562;0;0;0x0000;02 Illegal Data Address
14563;0;0;0x0000;02 Illegal Data Address
14564;0;0;0x0000;02 Illegal Data Address
14565;0;0;0x0000;02 Illegal Data Address
14566;0;0;0x0000;02 Illegal Data Address
14567;0;0;0x0000;02 Illegal Data Address
14568;0;0;0x0000;02 Illegal Data Address
14569;0;0;0x0000;02 Illegal Data Address
14570;0;0;0x0000;02 Illegal Data Address
14571;0;0;0x0000;02 Illegal Data Address
14572;0;0;0x0000;02 Illegal Data Address
14573;0;0;0x0000;02 Illegal Data Address
14574;0;0;0x0000;02 Illegal Data Address
14575;0;0;0x0000;02 Illegal Data Address
14576;0;0;0x0000;02 Illegal Data Address
14577;0;0;0x0000;02 Illegal Data Address
14578;0;0;0x0000;02 Illegal Data Address
14579;0;0;0x0000;02 Illegal Data Address
14580;0;0;0x0000;02 Illegal Data Address
14581;0;0;0x0000;02 Illegal Data Address
14582;0;0;0x0000;02 Illegal Data Address
14583;0;0;0x0000;02 Illegal Data Address
14584;0;0;0x0000;02 Illegal Data Address
14585;0;0;0x0000;02 Illegal Data Address
14586;0;0;0x0000;02 Illegal Data Address
14587;0;0;0x0000;02 Illegal Data Address
14588;0;0;0x0000;02 Illegal Data Address
14589;0;0;0x0000;02 Illegal Data Address
14590;0;0;0x0000;02 Illegal Data Address
14591;0;0;0x0000;02 Illegal Data Address
14592;0;0;0x0000;02 Illegal Data Address
14593;0;0;0x0000;02 Illegal Data Address
14594;0;0;0x0000;02 Illegal Data Address
14595;0;0;0x0000;02 Illegal Data Address
14596;0;0;0x0000;02 Illegal Data Address
14597;0;0;0x0000;02 Illegal Data Address
14598;0;0;0x0000;02 Illegal Data Address
14599;0;0;0x0000;02 Illegal Data Address
14600;0;0;0x0000;02 Illegal Data Address
14601;0;0;0x0000;02 Illegal Data Address
14602;0;0;0x0000;02 Illegal Data Address
14603;0;0;0x0000;02 Illegal Data Address
14604;0;0;0x0000;02 Illegal Data Address
14605;0;0;0x0000;02 Illegal Data Address
14606;0;0;0x0000;02 Illegal Data Address
14607;0;0;0x0000;02 Illegal Data Address
14608;0;0;0x0000;02 Illegal Data Address
14609;0;0;0x0000;02 Illegal Data Address
14610;0;0;0x0000;02 Illegal Data Address
14611;0;0;0x0000;02 Illegal Data Address
14612;0;0;0x0000;02 Illegal Data Address
14613;0;0;0x0000;02 Illegal Data Address
14614;0;0;0x0000;02 Illegal Data Address
14615;0;0;0x0000;02 Illegal Data Address
14616;0;0;0x0000;02 Illegal Data Address
14617;0;0;0x0000;02 Illegal Data Address
14618;0;0;0x0000;02 Illegal Data Address
14619;0;0;0x0000;02 Illegal Data Address
14620;0;0;0x0000;02 Illegal Data Address
14621;0;0;0x0000;02 Illegal Data Address
14622;0;0;0x0000;02 Illegal Data Address
14623;0;0;0x0000;02 Illegal Data Address
14624;0;0;0x0000;02 Illegal Data Address
14625;0;0;0x0000;02 Illegal Data Address
14626;0;0;0x0000;02 Illegal Data Address
14627;0;0;0x0000;02 Illegal Data Address
14628;0;0;0x0000;02 Illegal Data Address
14629;0;0;0x0000;02 Illegal Data Address
14630;0;0;0x0000;02 Illegal Data Address
14631;0;0;0x0000;02 Illegal Data Address
14632;0;0;0x0000;02 Illegal Data Address
14633;0;0;0x0000;02 Illegal Data Address
14634;0;0;0x0000;02 Illegal Data Address
14635;0;0;0x0000;02 Illegal Data Address
14636;0;0;0x0000;02 Illegal Data Address
14637;0;0;0x0000;02 Illegal Data Address
14638;0;0;0x0000;02 Illegal Data Address
14639;0;0;0x0000;02 Illegal Data Address
14640;0;0;0x0000;02 Illegal Data Address
14641;0;0;0x0000;02 Illegal Data Address
14642;0;0;0x0000;02 Illegal Data Address
14643;0;0;0x0000;02 Illegal Data Address
14644;0;0;0x0000;02 Illegal Data Address
14645;0;0;0x0000;02 Illegal Data Address
14646;0;0;0x0000;02 Illegal Data Address
14647;0;0;0x0000;02 Illegal Data Address
14648;0;0;0x0000;02 Illegal Data Address
14649;0;0;0x0000;02 Illegal Data Address
14650;0;0;0x0000;02 Illegal Data Address
14651;0;0;0x0000;02 Illegal Data Address
14652;0;0;0x0000;02 Illegal Data Address
14653;0;0;0x0000;02 Illegal Data Address
14654;0;0;0x0000;02 Illegal Data Address
14655;0;0;0x0000;02 Illegal Data Address
14656;0;0;0x0000;02 Illegal Data Address
14657;0;0;0x0000;02 Illegal Data Address
14658;0;0;0x0000;02 Illegal Data Address
14659;0;0;0x0000;02 Illegal Data Address
14660;0;0;0x0000;02 Illegal Data Address
14661;0;0;0x0000;02 Illegal Data Address
14662;0;0;0x0000;02 Illegal Data Address
14663;0;0;0x0000;02 Illegal Data Address
14664;0;0;0x0000;02 Illegal Data Address
14665;0;0;0x0000;02 Illegal Data Address
14666;0;0;0x0000;02 Illegal Data Address
14667;0;0;0x0000;02 Illegal Data Address
14668;0;0;0x0000;02 Illegal Data Address
14669;0;0;0x0000;02 Illegal Data Address
14670;0;0;0x0000;02 Illegal Data Address
14671;0;0;0x0000;02 Illegal Data Address
14672;0;0;0x0000;02 Illegal Data Address
14673;0;0;0x0000;02 Illegal Data Address
14674;0;0;0x0000;02 Illegal Data Address
14675;0;0;0x0000;02 Illegal Data Address
14676;0;0;0x0000;02 Illegal Data Address
14677;0;0;0x0000;02 Illegal Data Address
14678;0;0;0x0000;02 Illegal Data Address
14679;0;0;0x0000;02 Illegal Data Address
14680;0;0;0x0000;02 Illegal Data Address
14681;0;0;0x0000;02 Illegal Data Address
14682;0;0;0x0000;02 Illegal Data Address
14683;0;0;0x0000;02 Illegal Data Address
14684;0;0;0x0000;02 Illegal Data Address
14685;0;0;0x0000;02 Illegal Data Address
14686;0;0;0x0000;02 Illegal Data Address
14687;0;0;0x0000;02 Illegal Data Address
14688;0;0;0x0000;02 Illegal Data Address
14689;0;0;0x0000;02 Illegal Data Address
14690;0;0;0x0000;02 Illegal Data Address
14691;0;0;0x0000;02 Illegal Data Address
14692;0;0;0x0000;02 Illegal Data Address
14693;0;0;0x0000;02 Illegal Data Address
14694;0;0;0x0000;02 Illegal Data Address
14695;0;0;0x0000;02 Illegal Data Address
14696;0;0;0x0000;02 Illegal Data Address
14697;0;0;0x0000;02 Illegal Data Address
14698;0;0;0x0000;02 Illegal Data Address
14699;0;0;0x0000;02 Illegal Data Address
14700;0;0;0x0000;02 Illegal Data Address
14701;0;0;0x0000;02 Illegal Data Address
14702;0;0;0x0000;02 Illegal Data Address
14703;0;0;0x0000;02 Illegal Data Address
14704;0;0;0x0000;02 Illegal Data Address
14705;0;0;0x0000;02 Illegal Data Address
14706;0;0;0x0000;02 Illegal Data Address
14707;0;0;0x0000;02 Illegal Data Address
14708;0;0;0x0000;02 Illegal Data Address
14709;0;0;0x0000;02 Illegal Data Address
14710;0;0;0x0000;02 Illegal Data Address
14711;0;0;0x0000;02 Illegal Data Address
14712;0;0;0x0000;02 Illegal Data Address
14713;0;0;0x0000;02 Illegal Data Address
14714;0;0;0x0000;02 Illegal Data Address
14715;0;0;0x0000;02 Illegal Data Address
14716;0;0;0x0000;02 Illegal Data Address
14717;0;0;0x0000;02 Illegal Data Address
14718;0;0;0x0000;02 Illegal Data Address
14719;0;0;0x0000;02 Illegal Data Address
14720;0;0;0x0000;02 Illegal Data Address
14721;0;0;0x0000;02 Illegal Data Address
14722;0;0;0x0000;02 Illegal Data Address
14723;0;0;0x0000;02 Illegal Data Address
14724;0;0;0x0000;02 Illegal Data Address
14725;0;0;0x0000;02 Illegal Data Address
14726;0;0;0x0000;02 Illegal Data Address
14727;0;0;0x0000;02 Illegal Data Address
14728;0;0;0x0000;02 Illegal Data Address
14729;0;0;0x0000;02 Illegal Data Address
14730;0;0;0x0000;02 Illegal Data Address
14731;0;0;0x0000;02 Illegal Data Address
14732;0;0;0x0000;02 Illegal Data Address
14733;0;0;0x0000;02 Illegal Data Address
14734;0;0;0x0000;02 Illegal Data Address
14735;0;0;0x0000;02 Illegal Data Address
14736;0;0;0x0000;02 Illegal Data Address
14737;0;0;0x0000;02 Illegal Data Address
14738;0;0;0x0000;02 Illegal Data Address
14739;0;0;0x0000;02 Illegal Data Address
14740;0;0;0x0000;02 Illegal Data Address
14741;0;0;0x0000;02 Illegal Data Address
14742;0;0;0x0000;02 Illegal Data Address
14743;0;0;0x0000;02 Illegal Data Address
14744;0;0;0x0000;02 Illegal Data Address
14745;0;0;0x0000;02 Illegal Data Address
14746;0;0;0x0000;02 Illegal Data Address
14747;0;0;0x0000;02 Illegal Data Address
14748;0;0;0x0000;02 Illegal Data Address
14749;0;0;0x0000;02 Illegal Data Address
14750;0;0;0x0000;02 Illegal Data Address
14751;0;0;0x0000;02 Illegal Data Address
14752;0;0;0x0000;02 Illegal Data Address
14753;0;0;0x0000;02 Illegal Data Address
14754;0;0;0x0000;02 Illegal Data Address
14755;0;0;0x0000;02 Illegal Data Address
14756;0;0;0x0000;02 Illegal Data Address
14757;0;0;0x0000;02 Illegal Data Address
14758;0;0;0x0000;02 Illegal Data Address
14759;0;0;0x0000;02 Illegal Data Address
14760;0;0;0x0000;02 Illegal Data Address
14761;0;0;0x0000;02 Illegal Data Address
14762;0;0;0x0000;02 Illegal Data Address
14763;0;0;0x0000;02 Illegal Data Address
14764;0;0;0x0000;02 Illegal Data Address
14765;0;0;0x0000;02 Illegal Data Address
14766;0;0;0x0000;02 Illegal Data Address
14767;0;0;0x0000;02 Illegal Data Address
14768;0;0;0x0000;02 Illegal Data Address
14769;0;0;0x0000;02 Illegal Data Address
14770;0;0;0x0000;02 Illegal Data Address
14771;0;0;0x0000;02 Illegal Data Address
14772;0;0;0x0000;02 Illegal Data Address
14773;0;0;0x0000;02 Illegal Data Address
14774;0;0;0x0000;02 Illegal Data Address
14775;0;0;0x0000;02 Illegal Data Address
14776;0;0;0x0000;02 Illegal Data Address
14777;0;0;0x0000;02 Illegal Data Address
14778;0;0;0x0000;02 Illegal Data Address
14779;0;0;0x0000;02 Illegal Data Address
14780;0;0;0x0000;02 Illegal Data Address
14781;0;0;0x0000;02 Illegal Data Address
14782;0;0;0x0000;02 Illegal Data Address
14783;0;0;0x0000;02 Illegal Data Address
14784;0;0;0x0000;02 Illegal Data Address
14785;0;0;0x0000;02 Illegal Data Address
14786;0;0;0x0000;02 Illegal Data Address
14787;0;0;0x0000;02 Illegal Data Address
14788;0;0;0x0000;02 Illegal Data Address
14789;0;0;0x0000;02 Illegal Data Address
14790;0;0;0x0000;02 Illegal Data Address
14791;0;0;0x0000;02 Illegal Data Address
14792;0;0;0x0000;02 Illegal Data Address
14793;0;0;0x0000;02 Illegal Data Address
14794;0;0;0x0000;02 Illegal Data Address
14795;0;0;0x0000;02 Illegal Data Address
14796;0;0;0x0000;02 Illegal Data Address
14797;0;0;0x0000;02 Illegal Data Address
14798;0;0;0x0000;02 Illegal Data Address
14799;0;0;0x0000;02 Illegal Data Address
14800;0;0;0x0000;02 Illegal Data Address
14801;0;0;0x0000;02 Illegal Data Address
14802;0;0;0x0000;02 Illegal Data Address
14803;0;0;0x0000;02 Illegal Data Address
14804;0;0;0x0000;02 Illegal Data Address
14805;0;0;0x0000;02 Illegal Data Address
14806;0;0;0x0000;02 Illegal Data Address
14807;0;0;0x0000;02 Illegal Data Address
14808;0;0;0x0000;02 Illegal Data Address
14809;0;0;0x0000;02 Illegal Data Address
14810;0;0;0x0000;02 Illegal Data Address
14811;0;0;0x0000;02 Illegal Data Address
14812;0;0;0x0000;02 Illegal Data Address
14813;0;0;0x0000;02 Illegal Data Address
14814;0;0;0x0000;02 Illegal Data Address
14815;0;0;0x0000;02 Illegal Data Address
14816;0;0;0x0000;02 Illegal Data Address
14817;0;0;0x0000;02 Illegal Data Address
14818;0;0;0x0000;02 Illegal Data Address
14819;0;0;0x0000;02 Illegal Data Address
14820;0;0;0x0000;02 Illegal Data Address
14821;0;0;0x0000;02 Illegal Data Address
14822;0;0;0x0000;02 Illegal Data Address
14823;0;0;0x0000;02 Illegal Data Address
14824;0;0;0x0000;02 Illegal Data Address
14825;0;0;0x0000;02 Illegal Data Address
14826;0;0;0x0000;02 Illegal Data Address
14827;0;0;0x0000;02 Illegal Data Address
14828;0;0;0x0000;02 Illegal Data Address
14829;0;0;0x0000;02 Illegal Data Address
14830;0;0;0x0000;02 Illegal Data Address
14831;0;0;0x0000;02 Illegal Data Address
14832;0;0;0x0000;02 Illegal Data Address
14833;0;0;0x0000;02 Illegal Data Address
14834;0;0;0x0000;02 Illegal Data Address
14835;0;0;0x0000;02 Illegal Data Address
14836;0;0;0x0000;02 Illegal Data Address
14837;0;0;0x0000;02 Illegal Data Address
14838;0;0;0x0000;02 Illegal Data Address
14839;0;0;0x0000;02 Illegal Data Address
14840;0;0;0x0000;02 Illegal Data Address
14841;0;0;0x0000;02 Illegal Data Address
14842;0;0;0x0000;02 Illegal Data Address
14843;0;0;0x0000;02 Illegal Data Address
14844;0;0;0x0000;02 Illegal Data Address
14845;0;0;0x0000;02 Illegal Data Address
14846;0;0;0x0000;02 Illegal Data Address
14847;0;0;0x0000;02 Illegal Data Address
14848;0;0;0x0000;02 Illegal Data Address
14849;0;0;0x0000;02 Illegal Data Address
14850;0;0;0x0000;02 Illegal Data Address
14851;0;0;0x0000;02 Illegal Data Address
14852;0;0;0x0000;02 Illegal Data Address
14853;0;0;0x0000;02 Illegal Data Address
14854;0;0;0x0000;02 Illegal Data Address
14855;0;0;0x0000;02 Illegal Data Address
14856;0;0;0x0000;02 Illegal Data Address
14857;0;0;0x0000;02 Illegal Data Address
14858;0;0;0x0000;02 Illegal Data Address
14859;0;0;0x0000;02 Illegal Data Address
14860;0;0;0x0000;02 Illegal Data Address
14861;0;0;0x0000;02 Illegal Data Address
14862;0;0;0x0000;02 Illegal Data Address
14863;0;0;0x0000;02 Illegal Data Address
14864;0;0;0x0000;02 Illegal Data Address
14865;0;0;0x0000;02 Illegal Data Address
14866;0;0;0x0000;02 Illegal Data Address
14867;0;0;0x0000;02 Illegal Data Address
14868;0;0;0x0000;02 Illegal Data Address
14869;0;0;0x0000;02 Illegal Data Address
14870;0;0;0x0000;02 Illegal Data Address
14871;0;0;0x0000;02 Illegal Data Address
14872;0;0;0x0000;02 Illegal Data Address
14873;0;0;0x0000;02 Illegal Data Address
14874;0;0;0x0000;02 Illegal Data Address
14875;0;0;0x0000;02 Illegal Data Address
14876;0;0;0x0000;02 Illegal Data Address
14877;0;0;0x0000;02 Illegal Data Address
14878;0;0;0x0000;02 Illegal Data Address
14879;0;0;0x0000;02 Illegal Data Address
14880;0;0;0x0000;02 Illegal Data Address
14881;0;0;0x0000;02 Illegal Data Address
14882;0;0;0x0000;02 Illegal Data Address
14883;0;0;0x0000;02 Illegal Data Address
14884;0;0;0x0000;02 Illegal Data Address
14885;0;0;0x0000;02 Illegal Data Address
14886;0;0;0x0000;02 Illegal Data Address
14887;0;0;0x0000;02 Illegal Data Address
14888;0;0;0x0000;02 Illegal Data Address
14889;0;0;0x0000;02 Illegal Data Address
14890;0;0;0x0000;02 Illegal Data Address
14891;0;0;0x0000;02 Illegal Data Address
14892;0;0;0x0000;02 Illegal Data Address
14893;0;0;0x0000;02 Illegal Data Address
14894;0;0;0x0000;02 Illegal Data Address
14895;0;0;0x0000;02 Illegal Data Address
14896;0;0;0x0000;02 Illegal Data Address
14897;0;0;0x0000;02 Illegal Data Address
14898;0;0;0x0000;02 Illegal Data Address
14899;0;0;0x0000;02 Illegal Data Address
14900;0;0;0x0000;02 Illegal Data Address
14901;0;0;0x0000;02 Illegal Data Address
14902;0;0;0x0000;02 Illegal Data Address
14903;0;0;0x0000;02 Illegal Data Address
14904;0;0;0x0000;02 Illegal Data Address
14905;0;0;0x0000;02 Illegal Data Address
14906;0;0;0x0000;02 Illegal Data Address
14907;0;0;0x0000;02 Illegal Data Address
14908;0;0;0x0000;02 Illegal Data Address
14909;0;0;0x0000;02 Illegal Data Address
14910;0;0;0x0000;02 Illegal Data Address
14911;0;0;0x0000;02 Illegal Data Address
14912;0;0;0x0000;02 Illegal Data Address
14913;0;0;0x0000;02 Illegal Data Address
14914;0;0;0x0000;02 Illegal Data Address
14915;0;0;0x0000;02 Illegal Data Address
14916;0;0;0x0000;02 Illegal Data Address
14917;0;0;0x0000;02 Illegal Data Address
14918;0;0;0x0000;02 Illegal Data Address
14919;0;0;0x0000;02 Illegal Data Address
14920;0;0;0x0000;02 Illegal Data Address
14921;0;0;0x0000;02 Illegal Data Address
14922;0;0;0x0000;02 Illegal Data Address
14923;0;0;0x0000;02 Illegal Data Address
14924;0;0;0x0000;02 Illegal Data Address
14925;0;0;0x0000;02 Illegal Data Address
14926;0;0;0x0000;02 Illegal Data Address
14927;0;0;0x0000;02 Illegal Data Address
14928;0;0;0x0000;02 Illegal Data Address
14929;0;0;0x0000;02 Illegal Data Address
14930;0;0;0x0000;02 Illegal Data Address
14931;0;0;0x0000;02 Illegal Data Address
14932;0;0;0x0000;02 Illegal Data Address
14933;0;0;0x0000;02 Illegal Data Address
14934;0;0;0x0000;02 Illegal Data Address
14935;0;0;0x0000;02 Illegal Data Address
14936;0;0;0x0000;02 Illegal Data Address
14937;0;0;0x0000;02 Illegal Data Address
14938;0;0;0x0000;02 Illegal Data Address
14939;0;0;0x0000;02 Illegal Data Address
14940;0;0;0x0000;02 Illegal Data Address
14941;0;0;0x0000;02 Illegal Data Address
14942;0;0;0x0000;02 Illegal Data Address
14943;0;0;0x0000;02 Illegal Data Address
14944;0;0;0x0000;02 Illegal Data Address
14945;0;0;0x0000;02 Illegal Data Address
14946;0;0;0x0000;02 Illegal Data Address
14947;0;0;0x0000;02 Illegal Data Address
14948;0;0;0x0000;02 Illegal Data Address
14949;0;0;0x0000;02 Illegal Data Address
14950;0;0;0x0000;02 Illegal Data Address
14951;0;0;0x0000;02 Illegal Data Address
14952;0;0;0x0000;02 Illegal Data Address
14953;0;0;0x0000;02 Illegal Data Address
14954;0;0;0x0000;02 Illegal Data Address
14955;0;0;0x0000;02 Illegal Data Address
14956;0;0;0x0000;02 Illegal Data Address
14957;0;0;0x0000;02 Illegal Data Address
14958;0;0;0x0000;02 Illegal Data Address
14959;0;0;0x0000;02 Illegal Data Address
14960;0;0;0x0000;02 Illegal Data Address
14961;0;0;0x0000;02 Illegal Data Address
14962;0;0;0x0000;02 Illegal Data Address
14963;0;0;0x0000;02 Illegal Data Address
14964;0;0;0x0000;02 Illegal Data Address
14965;0;0;0x0000;02 Illegal Data Address
14966;0;0;0x0000;02 Illegal Data Address
14967;0;0;0x0000;02 Illegal Data Address
14968;0;0;0x0000;02 Illegal Data Address
14969;0;0;0x0000;02 Illegal Data Address
14970;0;0;0x0000;02 Illegal Data Address
14971;0;0;0x0000;02 Illegal Data Address
14972;0;0;0x0000;02 Illegal Data Address
14973;0;0;0x0000;02 Illegal Data Address
14974;0;0;0x0000;02 Illegal Data Address
14975;0;0;0x0000;02 Illegal Data Address
14976;0;0;0x0000;02 Illegal Data Address
14977;0;0;0x0000;02 Illegal Data Address
14978;0;0;0x0000;02 Illegal Data Address
14979;0;0;0x0000;02 Illegal Data Address
14980;0;0;0x0000;02 Illegal Data Address
14981;0;0;0x0000;02 Illegal Data Address
14982;0;0;0x0000;02 Illegal Data Address
14983;0;0;0x0000;02 Illegal Data Address
14984;0;0;0x0000;02 Illegal Data Address
14985;0;0;0x0000;02 Illegal Data Address
14986;0;0;0x0000;02 Illegal Data Address
14987;0;0;0x0000;02 Illegal Data Address
14988;0;0;0x0000;02 Illegal Data Address
14989;0;0;0x0000;02 Illegal Data Address
14990;0;0;0x0000;02 Illegal Data Address
14991;0;0;0x0000;02 Illegal Data Address
14992;0;0;0x0000;02 Illegal Data Address
14993;0;0;0x0000;02 Illegal Data Address
14994;0;0;0x0000;02 Illegal Data Address
14995;0;0;0x0000;02 Illegal Data Address
14996;0;0;0x0000;02 Illegal Data Address
14997;0;0;0x0000;02 Illegal Data Address
14998;0;0;0x0000;02 Illegal Data Address
14999;0;0;0x0000;Response ok
15000;8;8;0x0008;Response ok
15001;0;0;0x0000;Response ok
15002;0;0;0x0000;Response ok
15003;0;0;0x0000;Response ok
15004;0;0;0x0000;Response ok
15005;0;0;0x0000;Response ok
15006;0;0;0x0000;Response ok
15007;0;0;0x0000;Response ok
15008;0;0;0x0000;Response ok
15009;0;0;0x0000;Response ok
15010;0;0;0x0000;Response ok
15011;0;0;0x0000;Response ok
15012;0;0;0x0000;Response ok
15013;0;0;0x0000;Response ok
15014;0;0;0x0000;Response ok
15015;0;0;0x0000;Response ok
15016;0;0;0x0000;Response ok
15017;0;0;0x0000;Response ok
15018;0;0;0x0000;Response ok
15019;0;0;0x0000;Response ok
15020;0;0;0x0000;Response ok
15021;0;0;0x0000;Response ok
15022;0;0;0x0000;Response ok
15023;0;0;0x0000;Response ok
15024;0;0;0x0000;Response ok
15025;0;0;0x0000;Response ok
15026;0;0;0x0000;Response ok
15027;0;0;0x0000;Response ok
15028;0;0;0x0000;Response ok
15029;0;0;0x0000;Response ok
15030;0;0;0x0000;Response ok
15031;0;0;0x0000;Response ok
15032;0;0;0x0000;Response ok
15033;0;0;0x0000;Response ok
15034;0;0;0x0000;Response ok
15035;0;0;0x0000;Response ok
15036;0;0;0x0000;Response ok
15037;0;0;0x0000;Response ok
15038;0;0;0x0000;Response ok
15039;0;0;0x0000;Response ok
15040;0;0;0x0000;Response ok
15041;0;0;0x0000;Response ok
15042;0;0;0x0000;Response ok
15043;0;0;0x0000;Response ok
15044;0;0;0x0000;Response ok
15045;0;0;0x0000;Response ok
15046;0;0;0x0000;Response ok
15047;0;0;0x0000;Response ok
15048;0;0;0x0000;Response ok
15049;0;0;0x0000;Response ok
15050;0;0;0x0000;Response ok
15051;0;0;0x0000;Response ok
15052;0;0;0x0000;Response ok
15053;0;0;0x0000;Response ok
15054;0;0;0x0000;Response ok
15055;0;0;0x0000;Response ok
15056;0;0;0x0000;Response ok
15057;0;0;0x0000;Response ok
15058;0;0;0x0000;Response ok
15059;0;0;0x0000;Response ok
15060;0;0;0x0000;Response ok
15061;0;0;0x0000;Response ok
15062;0;0;0x0000;Response ok
15063;0;0;0x0000;Response ok
15064;0;0;0x0000;Response ok
15065;0;0;0x0000;Response ok
15066;0;0;0x0000;Response ok
15067;0;0;0x0000;Response ok
15068;0;0;0x0000;Response ok
15069;0;0;0x0000;Response ok
15070;0;0;0x0000;Response ok
15071;0;0;0x0000;Response ok
15072;0;0;0x0000;Response ok
15073;0;0;0x0000;Response ok
15074;0;0;0x0000;Response ok
15075;0;0;0x0000;Response ok
15076;0;0;0x0000;Response ok
15077;0;0;0x0000;Response ok
15078;0;0;0x0000;Response ok
15079;0;0;0x0000;Response ok
15080;0;0;0x0000;Response ok
15081;0;0;0x0000;Response ok
15082;0;0;0x0000;Response ok
15083;0;0;0x0000;Response ok
15084;0;0;0x0000;Response ok
15085;0;0;0x0000;Response ok
15086;0;0;0x0000;Response ok
15087;0;0;0x0000;Response ok
15088;0;0;0x0000;Response ok
15089;0;0;0x0000;Response ok
15090;0;0;0x0000;Response ok
15091;0;0;0x0000;Response ok
15092;0;0;0x0000;Response ok
15093;0;0;0x0000;Response ok
15094;0;0;0x0000;Response ok
15095;0;0;0x0000;Response ok
15096;0;0;0x0000;Response ok
15097;0;0;0x0000;Response ok
15098;0;0;0x0000;Response ok
15099;0;0;0x0000;Response ok
15100;0;0;0x0000;Response ok
15101;0;0;0x0000;Response ok
15102;0;0;0x0000;Response ok
15103;0;0;0x0000;Response ok
15104;0;0;0x0000;Response ok
15105;0;0;0x0000;Response ok
15106;0;0;0x0000;Response ok
15107;0;0;0x0000;Response ok
15108;0;0;0x0000;Response ok
15109;0;0;0x0000;Response ok
15110;0;0;0x0000;Response ok
15111;0;0;0x0000;Response ok
15112;0;0;0x0000;Response ok
15113;0;0;0x0000;Response ok
15114;0;0;0x0000;Response ok
15115;0;0;0x0000;Response ok
15116;0;0;0x0000;Response ok
15117;0;0;0x0000;Response ok
15118;0;0;0x0000;Response ok
15119;0;0;0x0000;Response ok
15120;0;0;0x0000;Response ok
15121;0;0;0x0000;Response ok
15122;0;0;0x0000;Response ok
15123;0;0;0x0000;Response ok
15124;0;0;0x0000;Response ok
15125;0;0;0x0000;Response ok
15126;0;0;0x0000;02 Illegal Data Address
15127;0;0;0x0000;02 Illegal Data Address
15128;0;0;0x0000;02 Illegal Data Address
15129;0;0;0x0000;02 Illegal Data Address
15130;0;0;0x0000;02 Illegal Data Address
15131;0;0;0x0000;02 Illegal Data Address
15132;0;0;0x0000;02 Illegal Data Address
15133;0;0;0x0000;02 Illegal Data Address
15134;0;0;0x0000;02 Illegal Data Address
15135;0;0;0x0000;02 Illegal Data Address
15136;0;0;0x0000;02 Illegal Data Address
15137;0;0;0x0000;02 Illegal Data Address
15138;0;0;0x0000;02 Illegal Data Address
15139;0;0;0x0000;02 Illegal Data Address
15140;0;0;0x0000;02 Illegal Data Address
15141;0;0;0x0000;02 Illegal Data Address
15142;0;0;0x0000;02 Illegal Data Address
15143;0;0;0x0000;02 Illegal Data Address
15144;0;0;0x0000;02 Illegal Data Address
15145;0;0;0x0000;02 Illegal Data Address
15146;0;0;0x0000;02 Illegal Data Address
15147;0;0;0x0000;02 Illegal Data Address
15148;0;0;0x0000;02 Illegal Data Address
15149;0;0;0x0000;02 Illegal Data Address
15150;0;0;0x0000;02 Illegal Data Address
15151;0;0;0x0000;02 Illegal Data Address
15152;0;0;0x0000;02 Illegal Data Address
15153;0;0;0x0000;02 Illegal Data Address
15154;0;0;0x0000;02 Illegal Data Address
15155;0;0;0x0000;02 Illegal Data Address
15156;0;0;0x0000;02 Illegal Data Address
15157;0;0;0x0000;02 Illegal Data Address
15158;0;0;0x0000;02 Illegal Data Address
15159;0;0;0x0000;02 Illegal Data Address
15160;0;0;0x0000;02 Illegal Data Address
15161;0;0;0x0000;02 Illegal Data Address
15162;0;0;0x0000;02 Illegal Data Address
15163;0;0;0x0000;02 Illegal Data Address
15164;0;0;0x0000;02 Illegal Data Address
15165;0;0;0x0000;02 Illegal Data Address
15166;0;0;0x0000;02 Illegal Data Address
15167;0;0;0x0000;02 Illegal Data Address
15168;0;0;0x0000;02 Illegal Data Address
15169;0;0;0x0000;02 Illegal Data Address
15170;0;0;0x0000;02 Illegal Data Address
15171;0;0;0x0000;02 Illegal Data Address
15172;0;0;0x0000;02 Illegal Data Address
15173;0;0;0x0000;02 Illegal Data Address
15174;0;0;0x0000;02 Illegal Data Address
15175;0;0;0x0000;02 Illegal Data Address
15176;0;0;0x0000;02 Illegal Data Address
15177;0;0;0x0000;02 Illegal Data Address
15178;0;0;0x0000;02 Illegal Data Address
15179;0;0;0x0000;02 Illegal Data Address
15180;0;0;0x0000;02 Illegal Data Address
15181;0;0;0x0000;02 Illegal Data Address
15182;0;0;0x0000;02 Illegal Data Address
15183;0;0;0x0000;02 Illegal Data Address
15184;0;0;0x0000;02 Illegal Data Address
15185;0;0;0x0000;02 Illegal Data Address
15186;0;0;0x0000;02 Illegal Data Address
15187;0;0;0x0000;02 Illegal Data Address
15188;0;0;0x0000;02 Illegal Data Address
15189;0;0;0x0000;02 Illegal Data Address
15190;0;0;0x0000;02 Illegal Data Address
15191;0;0;0x0000;02 Illegal Data Address
15192;0;0;0x0000;02 Illegal Data Address
15193;0;0;0x0000;02 Illegal Data Address
15194;0;0;0x0000;02 Illegal Data Address
15195;0;0;0x0000;02 Illegal Data Address
15196;0;0;0x0000;02 Illegal Data Address
15197;0;0;0x0000;02 Illegal Data Address
15198;0;0;0x0000;02 Illegal Data Address
15199;0;0;0x0000;02 Illegal Data Address
15200;0;0;0x0000;02 Illegal Data Address
15201;0;0;0x0000;02 Illegal Data Address
15202;0;0;0x0000;02 Illegal Data Address
15203;0;0;0x0000;02 Illegal Data Address
15204;0;0;0x0000;02 Illegal Data Address
15205;0;0;0x0000;02 Illegal Data Address
15206;0;0;0x0000;02 Illegal Data Address
15207;0;0;0x0000;02 Illegal Data Address
15208;0;0;0x0000;02 Illegal Data Address
15209;0;0;0x0000;02 Illegal Data Address
15210;0;0;0x0000;02 Illegal Data Address
15211;0;0;0x0000;02 Illegal Data Address
15212;0;0;0x0000;02 Illegal Data Address
15213;0;0;0x0000;02 Illegal Data Address
15214;0;0;0x0000;02 Illegal Data Address
15215;0;0;0x0000;02 Illegal Data Address
15216;0;0;0x0000;02 Illegal Data Address
15217;0;0;0x0000;02 Illegal Data Address
15218;0;0;0x0000;02 Illegal Data Address
15219;0;0;0x0000;02 Illegal Data Address
15220;0;0;0x0000;02 Illegal Data Address
15221;0;0;0x0000;02 Illegal Data Address
15222;0;0;0x0000;02 Illegal Data Address
15223;0;0;0x0000;02 Illegal Data Address
15224;0;0;0x0000;02 Illegal Data Address
15225;0;0;0x0000;02 Illegal Data Address
15226;0;0;0x0000;02 Illegal Data Address
15227;0;0;0x0000;02 Illegal Data Address
15228;0;0;0x0000;02 Illegal Data Address
15229;0;0;0x0000;02 Illegal Data Address
15230;0;0;0x0000;02 Illegal Data Address
15231;0;0;0x0000;02 Illegal Data Address
15232;0;0;0x0000;02 Illegal Data Address
15233;0;0;0x0000;02 Illegal Data Address
15234;0;0;0x0000;02 Illegal Data Address
15235;0;0;0x0000;02 Illegal Data Address
15236;0;0;0x0000;02 Illegal Data Address
15237;0;0;0x0000;02 Illegal Data Address
15238;0;0;0x0000;02 Illegal Data Address
15239;0;0;0x0000;02 Illegal Data Address
15240;0;0;0x0000;02 Illegal Data Address
15241;0;0;0x0000;02 Illegal Data Address
15242;0;0;0x0000;02 Illegal Data Address
15243;0;0;0x0000;02 Illegal Data Address
15244;0;0;0x0000;02 Illegal Data Address
15245;0;0;0x0000;02 Illegal Data Address
15246;0;0;0x0000;02 Illegal Data Address
15247;0;0;0x0000;02 Illegal Data Address
15248;0;0;0x0000;02 Illegal Data Address
15249;0;0;0x0000;02 Illegal Data Address
15250;0;0;0x0000;02 Illegal Data Address
15251;0;0;0x0000;02 Illegal Data Address
15252;0;0;0x0000;02 Illegal Data Address
15253;0;0;0x0000;02 Illegal Data Address
15254;0;0;0x0000;02 Illegal Data Address
15255;0;0;0x0000;02 Illegal Data Address
15256;0;0;0x0000;02 Illegal Data Address
15257;0;0;0x0000;02 Illegal Data Address
15258;0;0;0x0000;02 Illegal Data Address
15259;0;0;0x0000;02 Illegal Data Address
15260;0;0;0x0000;02 Illegal Data Address
15261;0;0;0x0000;02 Illegal Data Address
15262;0;0;0x0000;02 Illegal Data Address
15263;0;0;0x0000;02 Illegal Data Address
15264;0;0;0x0000;02 Illegal Data Address
15265;0;0;0x0000;02 Illegal Data Address
15266;0;0;0x0000;02 Illegal Data Address
15267;0;0;0x0000;02 Illegal Data Address
15268;0;0;0x0000;02 Illegal Data Address
15269;0;0;0x0000;02 Illegal Data Address
15270;0;0;0x0000;02 Illegal Data Address
15271;0;0;0x0000;02 Illegal Data Address
15272;0;0;0x0000;02 Illegal Data Address
15273;0;0;0x0000;02 Illegal Data Address
15274;0;0;0x0000;02 Illegal Data Address
15275;0;0;0x0000;02 Illegal Data Address
15276;0;0;0x0000;02 Illegal Data Address
15277;0;0;0x0000;02 Illegal Data Address
15278;0;0;0x0000;02 Illegal Data Address
15279;0;0;0x0000;02 Illegal Data Address
15280;0;0;0x0000;02 Illegal Data Address
15281;0;0;0x0000;02 Illegal Data Address
15282;0;0;0x0000;02 Illegal Data Address
15283;0;0;0x0000;02 Illegal Data Address
15284;0;0;0x0000;02 Illegal Data Address
15285;0;0;0x0000;02 Illegal Data Address
15286;0;0;0x0000;02 Illegal Data Address
15287;0;0;0x0000;02 Illegal Data Address
15288;0;0;0x0000;02 Illegal Data Address
15289;0;0;0x0000;02 Illegal Data Address
15290;0;0;0x0000;02 Illegal Data Address
15291;0;0;0x0000;02 Illegal Data Address
15292;0;0;0x0000;02 Illegal Data Address
15293;0;0;0x0000;02 Illegal Data Address
15294;0;0;0x0000;02 Illegal Data Address
15295;0;0;0x0000;02 Illegal Data Address
15296;0;0;0x0000;02 Illegal Data Address
15297;0;0;0x0000;02 Illegal Data Address
15298;0;0;0x0000;02 Illegal Data Address
15299;0;0;0x0000;02 Illegal Data Address
15300;0;0;0x0000;02 Illegal Data Address
15301;0;0;0x0000;02 Illegal Data Address
15302;0;0;0x0000;02 Illegal Data Address
15303;0;0;0x0000;02 Illegal Data Address
15304;0;0;0x0000;02 Illegal Data Address
15305;0;0;0x0000;02 Illegal Data Address
15306;0;0;0x0000;02 Illegal Data Address
15307;0;0;0x0000;02 Illegal Data Address
15308;0;0;0x0000;02 Illegal Data Address
15309;0;0;0x0000;02 Illegal Data Address
15310;0;0;0x0000;02 Illegal Data Address
15311;0;0;0x0000;02 Illegal Data Address
15312;0;0;0x0000;02 Illegal Data Address
15313;0;0;0x0000;02 Illegal Data Address
15314;0;0;0x0000;02 Illegal Data Address
15315;0;0;0x0000;02 Illegal Data Address
15316;0;0;0x0000;02 Illegal Data Address
15317;0;0;0x0000;02 Illegal Data Address
15318;0;0;0x0000;02 Illegal Data Address
15319;0;0;0x0000;02 Illegal Data Address
15320;0;0;0x0000;02 Illegal Data Address
15321;0;0;0x0000;02 Illegal Data Address
15322;0;0;0x0000;02 Illegal Data Address
15323;0;0;0x0000;02 Illegal Data Address
15324;0;0;0x0000;02 Illegal Data Address
15325;0;0;0x0000;02 Illegal Data Address
15326;0;0;0x0000;02 Illegal Data Address
15327;0;0;0x0000;02 Illegal Data Address
15328;0;0;0x0000;02 Illegal Data Address
15329;0;0;0x0000;02 Illegal Data Address
15330;0;0;0x0000;02 Illegal Data Address
15331;0;0;0x0000;02 Illegal Data Address
15332;0;0;0x0000;02 Illegal Data Address
15333;0;0;0x0000;02 Illegal Data Address
15334;0;0;0x0000;02 Illegal Data Address
15335;0;0;0x0000;02 Illegal Data Address
15336;0;0;0x0000;02 Illegal Data Address
15337;0;0;0x0000;02 Illegal Data Address
15338;0;0;0x0000;02 Illegal Data Address
15339;0;0;0x0000;02 Illegal Data Address
15340;0;0;0x0000;02 Illegal Data Address
15341;0;0;0x0000;02 Illegal Data Address
15342;0;0;0x0000;02 Illegal Data Address
15343;0;0;0x0000;02 Illegal Data Address
15344;0;0;0x0000;02 Illegal Data Address
15345;0;0;0x0000;02 Illegal Data Address
15346;0;0;0x0000;02 Illegal Data Address
15347;0;0;0x0000;02 Illegal Data Address
15348;0;0;0x0000;02 Illegal Data Address
15349;0;0;0x0000;02 Illegal Data Address
15350;0;0;0x0000;02 Illegal Data Address
15351;0;0;0x0000;02 Illegal Data Address
15352;0;0;0x0000;02 Illegal Data Address
15353;0;0;0x0000;02 Illegal Data Address
15354;0;0;0x0000;02 Illegal Data Address
15355;0;0;0x0000;02 Illegal Data Address
15356;0;0;0x0000;02 Illegal Data Address
15357;0;0;0x0000;02 Illegal Data Address
15358;0;0;0x0000;02 Illegal Data Address
15359;0;0;0x0000;02 Illegal Data Address
15360;0;0;0x0000;02 Illegal Data Address
15361;0;0;0x0000;02 Illegal Data Address
15362;0;0;0x0000;02 Illegal Data Address
15363;0;0;0x0000;02 Illegal Data Address
15364;0;0;0x0000;02 Illegal Data Address
15365;0;0;0x0000;02 Illegal Data Address
15366;0;0;0x0000;02 Illegal Data Address
15367;0;0;0x0000;02 Illegal Data Address
15368;0;0;0x0000;02 Illegal Data Address
15369;0;0;0x0000;02 Illegal Data Address
15370;0;0;0x0000;02 Illegal Data Address
15371;0;0;0x0000;02 Illegal Data Address
15372;0;0;0x0000;02 Illegal Data Address
15373;0;0;0x0000;02 Illegal Data Address
15374;0;0;0x0000;02 Illegal Data Address
15375;0;0;0x0000;02 Illegal Data Address
15376;0;0;0x0000;02 Illegal Data Address
15377;0;0;0x0000;02 Illegal Data Address
15378;0;0;0x0000;02 Illegal Data Address
15379;0;0;0x0000;02 Illegal Data Address
15380;0;0;0x0000;02 Illegal Data Address
15381;0;0;0x0000;02 Illegal Data Address
15382;0;0;0x0000;02 Illegal Data Address
15383;0;0;0x0000;02 Illegal Data Address
15384;0;0;0x0000;02 Illegal Data Address
15385;0;0;0x0000;02 Illegal Data Address
15386;0;0;0x0000;02 Illegal Data Address
15387;0;0;0x0000;02 Illegal Data Address
15388;0;0;0x0000;02 Illegal Data Address
15389;0;0;0x0000;02 Illegal Data Address
15390;0;0;0x0000;02 Illegal Data Address
15391;0;0;0x0000;02 Illegal Data Address
15392;0;0;0x0000;02 Illegal Data Address
15393;0;0;0x0000;02 Illegal Data Address
15394;0;0;0x0000;02 Illegal Data Address
15395;0;0;0x0000;02 Illegal Data Address
15396;0;0;0x0000;02 Illegal Data Address
15397;0;0;0x0000;02 Illegal Data Address
15398;0;0;0x0000;02 Illegal Data Address
15399;0;0;0x0000;02 Illegal Data Address
15400;0;0;0x0000;02 Illegal Data Address
15401;0;0;0x0000;02 Illegal Data Address
15402;0;0;0x0000;02 Illegal Data Address
15403;0;0;0x0000;02 Illegal Data Address
15404;0;0;0x0000;02 Illegal Data Address
15405;0;0;0x0000;02 Illegal Data Address
15406;0;0;0x0000;02 Illegal Data Address
15407;0;0;0x0000;02 Illegal Data Address
15408;0;0;0x0000;02 Illegal Data Address
15409;0;0;0x0000;02 Illegal Data Address
15410;0;0;0x0000;02 Illegal Data Address
15411;0;0;0x0000;02 Illegal Data Address
15412;0;0;0x0000;02 Illegal Data Address
15413;0;0;0x0000;02 Illegal Data Address
15414;0;0;0x0000;02 Illegal Data Address
15415;0;0;0x0000;02 Illegal Data Address
15416;0;0;0x0000;02 Illegal Data Address
15417;0;0;0x0000;02 Illegal Data Address
15418;0;0;0x0000;02 Illegal Data Address
15419;0;0;0x0000;02 Illegal Data Address
15420;0;0;0x0000;02 Illegal Data Address
15421;0;0;0x0000;02 Illegal Data Address
15422;0;0;0x0000;02 Illegal Data Address
15423;0;0;0x0000;02 Illegal Data Address
15424;0;0;0x0000;02 Illegal Data Address
15425;0;0;0x0000;02 Illegal Data Address
15426;0;0;0x0000;02 Illegal Data Address
15427;0;0;0x0000;02 Illegal Data Address
15428;0;0;0x0000;02 Illegal Data Address
15429;0;0;0x0000;02 Illegal Data Address
15430;0;0;0x0000;02 Illegal Data Address
15431;0;0;0x0000;02 Illegal Data Address
15432;0;0;0x0000;02 Illegal Data Address
15433;0;0;0x0000;02 Illegal Data Address
15434;0;0;0x0000;02 Illegal Data Address
15435;0;0;0x0000;02 Illegal Data Address
15436;0;0;0x0000;02 Illegal Data Address
15437;0;0;0x0000;02 Illegal Data Address
15438;0;0;0x0000;02 Illegal Data Address
15439;0;0;0x0000;02 Illegal Data Address
15440;0;0;0x0000;02 Illegal Data Address
15441;0;0;0x0000;02 Illegal Data Address
15442;0;0;0x0000;02 Illegal Data Address
15443;0;0;0x0000;02 Illegal Data Address
15444;0;0;0x0000;02 Illegal Data Address
15445;0;0;0x0000;02 Illegal Data Address
15446;0;0;0x0000;02 Illegal Data Address
15447;0;0;0x0000;02 Illegal Data Address
15448;0;0;0x0000;02 Illegal Data Address
15449;0;0;0x0000;02 Illegal Data Address
15450;0;0;0x0000;02 Illegal Data Address
15451;0;0;0x0000;02 Illegal Data Address
15452;0;0;0x0000;02 Illegal Data Address
15453;0;0;0x0000;02 Illegal Data Address
15454;0;0;0x0000;02 Illegal Data Address
15455;0;0;0x0000;02 Illegal Data Address
15456;0;0;0x0000;02 Illegal Data Address
15457;0;0;0x0000;02 Illegal Data Address
15458;0;0;0x0000;02 Illegal Data Address
15459;0;0;0x0000;02 Illegal Data Address
15460;0;0;0x0000;02 Illegal Data Address
15461;0;0;0x0000;02 Illegal Data Address
15462;0;0;0x0000;02 Illegal Data Address
15463;0;0;0x0000;02 Illegal Data Address
15464;0;0;0x0000;02 Illegal Data Address
15465;0;0;0x0000;02 Illegal Data Address
15466;0;0;0x0000;02 Illegal Data Address
15467;0;0;0x0000;02 Illegal Data Address
15468;0;0;0x0000;02 Illegal Data Address
15469;0;0;0x0000;02 Illegal Data Address
15470;0;0;0x0000;02 Illegal Data Address
15471;0;0;0x0000;02 Illegal Data Address
15472;0;0;0x0000;02 Illegal Data Address
15473;0;0;0x0000;02 Illegal Data Address
15474;0;0;0x0000;02 Illegal Data Address
15475;0;0;0x0000;02 Illegal Data Address
15476;0;0;0x0000;02 Illegal Data Address
15477;0;0;0x0000;02 Illegal Data Address
15478;0;0;0x0000;02 Illegal Data Address
15479;0;0;0x0000;02 Illegal Data Address
15480;0;0;0x0000;02 Illegal Data Address
15481;0;0;0x0000;02 Illegal Data Address
15482;0;0;0x0000;02 Illegal Data Address
15483;0;0;0x0000;02 Illegal Data Address
15484;0;0;0x0000;02 Illegal Data Address
15485;0;0;0x0000;02 Illegal Data Address
15486;0;0;0x0000;02 Illegal Data Address
15487;0;0;0x0000;02 Illegal Data Address
15488;0;0;0x0000;02 Illegal Data Address
15489;0;0;0x0000;02 Illegal Data Address
15490;0;0;0x0000;02 Illegal Data Address
15491;0;0;0x0000;02 Illegal Data Address
15492;0;0;0x0000;02 Illegal Data Address
15493;0;0;0x0000;02 Illegal Data Address
15494;0;0;0x0000;02 Illegal Data Address
15495;0;0;0x0000;02 Illegal Data Address
15496;0;0;0x0000;02 Illegal Data Address
15497;0;0;0x0000;02 Illegal Data Address
15498;0;0;0x0000;02 Illegal Data Address
15499;0;0;0x0000;02 Illegal Data Address
15500;0;0;0x0000;02 Illegal Data Address
15501;0;0;0x0000;02 Illegal Data Address
15502;0;0;0x0000;02 Illegal Data Address
15503;0;0;0x0000;02 Illegal Data Address
15504;0;0;0x0000;02 Illegal Data Address
15505;0;0;0x0000;02 Illegal Data Address
15506;0;0;0x0000;02 Illegal Data Address
15507;0;0;0x0000;02 Illegal Data Address
15508;0;0;0x0000;02 Illegal Data Address
15509;0;0;0x0000;02 Illegal Data Address
15510;0;0;0x0000;02 Illegal Data Address
15511;0;0;0x0000;02 Illegal Data Address
15512;0;0;0x0000;02 Illegal Data Address
15513;0;0;0x0000;02 Illegal Data Address
15514;0;0;0x0000;02 Illegal Data Address
15515;0;0;0x0000;02 Illegal Data Address
15516;0;0;0x0000;02 Illegal Data Address
15517;0;0;0x0000;02 Illegal Data Address
15518;0;0;0x0000;02 Illegal Data Address
15519;0;0;0x0000;02 Illegal Data Address
15520;0;0;0x0000;02 Illegal Data Address
15521;0;0;0x0000;02 Illegal Data Address
15522;0;0;0x0000;02 Illegal Data Address
15523;0;0;0x0000;02 Illegal Data Address
15524;0;0;0x0000;02 Illegal Data Address
15525;0;0;0x0000;02 Illegal Data Address
15526;0;0;0x0000;02 Illegal Data Address
15527;0;0;0x0000;02 Illegal Data Address
15528;0;0;0x0000;02 Illegal Data Address
15529;0;0;0x0000;02 Illegal Data Address
15530;0;0;0x0000;02 Illegal Data Address
15531;0;0;0x0000;02 Illegal Data Address
15532;0;0;0x0000;02 Illegal Data Address
15533;0;0;0x0000;02 Illegal Data Address
15534;0;0;0x0000;02 Illegal Data Address
15535;0;0;0x0000;02 Illegal Data Address
15536;0;0;0x0000;02 Illegal Data Address
15537;0;0;0x0000;02 Illegal Data Address
15538;0;0;0x0000;02 Illegal Data Address
15539;0;0;0x0000;02 Illegal Data Address
15540;0;0;0x0000;02 Illegal Data Address
15541;0;0;0x0000;02 Illegal Data Address
15542;0;0;0x0000;02 Illegal Data Address
15543;0;0;0x0000;02 Illegal Data Address
15544;0;0;0x0000;02 Illegal Data Address
15545;0;0;0x0000;02 Illegal Data Address
15546;0;0;0x0000;02 Illegal Data Address
15547;0;0;0x0000;02 Illegal Data Address
15548;0;0;0x0000;02 Illegal Data Address
15549;0;0;0x0000;02 Illegal Data Address
15550;0;0;0x0000;02 Illegal Data Address
15551;0;0;0x0000;02 Illegal Data Address
15552;0;0;0x0000;02 Illegal Data Address
15553;0;0;0x0000;02 Illegal Data Address
15554;0;0;0x0000;02 Illegal Data Address
15555;0;0;0x0000;02 Illegal Data Address
15556;0;0;0x0000;02 Illegal Data Address
15557;0;0;0x0000;02 Illegal Data Address
15558;0;0;0x0000;02 Illegal Data Address
15559;0;0;0x0000;02 Illegal Data Address
15560;0;0;0x0000;02 Illegal Data Address
15561;0;0;0x0000;02 Illegal Data Address
15562;0;0;0x0000;02 Illegal Data Address
15563;0;0;0x0000;02 Illegal Data Address
15564;0;0;0x0000;02 Illegal Data Address
15565;0;0;0x0000;02 Illegal Data Address
15566;0;0;0x0000;02 Illegal Data Address
15567;0;0;0x0000;02 Illegal Data Address
15568;0;0;0x0000;02 Illegal Data Address
15569;0;0;0x0000;02 Illegal Data Address
15570;0;0;0x0000;02 Illegal Data Address
15571;0;0;0x0000;02 Illegal Data Address
15572;0;0;0x0000;02 Illegal Data Address
15573;0;0;0x0000;02 Illegal Data Address
15574;0;0;0x0000;02 Illegal Data Address
15575;0;0;0x0000;02 Illegal Data Address
15576;0;0;0x0000;02 Illegal Data Address
15577;0;0;0x0000;02 Illegal Data Address
15578;0;0;0x0000;02 Illegal Data Address
15579;0;0;0x0000;02 Illegal Data Address
15580;0;0;0x0000;02 Illegal Data Address
15581;0;0;0x0000;02 Illegal Data Address
15582;0;0;0x0000;02 Illegal Data Address
15583;0;0;0x0000;02 Illegal Data Address
15584;0;0;0x0000;02 Illegal Data Address
15585;0;0;0x0000;02 Illegal Data Address
15586;0;0;0x0000;02 Illegal Data Address
15587;0;0;0x0000;02 Illegal Data Address
15588;0;0;0x0000;02 Illegal Data Address
15589;0;0;0x0000;02 Illegal Data Address
15590;0;0;0x0000;02 Illegal Data Address
15591;0;0;0x0000;02 Illegal Data Address
15592;0;0;0x0000;02 Illegal Data Address
15593;0;0;0x0000;02 Illegal Data Address
15594;0;0;0x0000;02 Illegal Data Address
15595;0;0;0x0000;02 Illegal Data Address
15596;0;0;0x0000;02 Illegal Data Address
15597;0;0;0x0000;02 Illegal Data Address
15598;0;0;0x0000;02 Illegal Data Address
15599;0;0;0x0000;02 Illegal Data Address
15600;0;0;0x0000;02 Illegal Data Address
15601;0;0;0x0000;02 Illegal Data Address
15602;0;0;0x0000;02 Illegal Data Address
15603;0;0;0x0000;02 Illegal Data Address
15604;0;0;0x0000;02 Illegal Data Address
15605;0;0;0x0000;02 Illegal Data Address
15606;0;0;0x0000;02 Illegal Data Address
15607;0;0;0x0000;02 Illegal Data Address
15608;0;0;0x0000;02 Illegal Data Address
15609;0;0;0x0000;02 Illegal Data Address
15610;0;0;0x0000;02 Illegal Data Address
15611;0;0;0x0000;02 Illegal Data Address
15612;0;0;0x0000;02 Illegal Data Address
15613;0;0;0x0000;02 Illegal Data Address
15614;0;0;0x0000;02 Illegal Data Address
15615;0;0;0x0000;02 Illegal Data Address
15616;0;0;0x0000;02 Illegal Data Address
15617;0;0;0x0000;02 Illegal Data Address
15618;0;0;0x0000;02 Illegal Data Address
15619;0;0;0x0000;02 Illegal Data Address
15620;0;0;0x0000;02 Illegal Data Address
15621;0;0;0x0000;02 Illegal Data Address
15622;0;0;0x0000;02 Illegal Data Address
15623;0;0;0x0000;02 Illegal Data Address
15624;0;0;0x0000;02 Illegal Data Address
15625;0;0;0x0000;02 Illegal Data Address
15626;0;0;0x0000;02 Illegal Data Address
15627;0;0;0x0000;02 Illegal Data Address
15628;0;0;0x0000;02 Illegal Data Address
15629;0;0;0x0000;02 Illegal Data Address
15630;0;0;0x0000;02 Illegal Data Address
15631;0;0;0x0000;02 Illegal Data Address
15632;0;0;0x0000;02 Illegal Data Address
15633;0;0;0x0000;02 Illegal Data Address
15634;0;0;0x0000;02 Illegal Data Address
15635;0;0;0x0000;02 Illegal Data Address
15636;0;0;0x0000;02 Illegal Data Address
15637;0;0;0x0000;02 Illegal Data Address
15638;0;0;0x0000;02 Illegal Data Address
15639;0;0;0x0000;02 Illegal Data Address
15640;0;0;0x0000;02 Illegal Data Address
15641;0;0;0x0000;02 Illegal Data Address
15642;0;0;0x0000;02 Illegal Data Address
15643;0;0;0x0000;02 Illegal Data Address
15644;0;0;0x0000;02 Illegal Data Address
15645;0;0;0x0000;02 Illegal Data Address
15646;0;0;0x0000;02 Illegal Data Address
15647;0;0;0x0000;02 Illegal Data Address
15648;0;0;0x0000;02 Illegal Data Address
15649;0;0;0x0000;02 Illegal Data Address
15650;0;0;0x0000;02 Illegal Data Address
15651;0;0;0x0000;02 Illegal Data Address
15652;0;0;0x0000;02 Illegal Data Address
15653;0;0;0x0000;02 Illegal Data Address
15654;0;0;0x0000;02 Illegal Data Address
15655;0;0;0x0000;02 Illegal Data Address
15656;0;0;0x0000;02 Illegal Data Address
15657;0;0;0x0000;02 Illegal Data Address
15658;0;0;0x0000;02 Illegal Data Address
15659;0;0;0x0000;02 Illegal Data Address
15660;0;0;0x0000;02 Illegal Data Address
15661;0;0;0x0000;02 Illegal Data Address
15662;0;0;0x0000;02 Illegal Data Address
15663;0;0;0x0000;02 Illegal Data Address
15664;0;0;0x0000;02 Illegal Data Address
15665;0;0;0x0000;02 Illegal Data Address
15666;0;0;0x0000;02 Illegal Data Address
15667;0;0;0x0000;02 Illegal Data Address
15668;0;0;0x0000;02 Illegal Data Address
15669;0;0;0x0000;02 Illegal Data Address
15670;0;0;0x0000;02 Illegal Data Address
15671;0;0;0x0000;02 Illegal Data Address
15672;0;0;0x0000;02 Illegal Data Address
15673;0;0;0x0000;02 Illegal Data Address
15674;0;0;0x0000;02 Illegal Data Address
15675;0;0;0x0000;02 Illegal Data Address
15676;0;0;0x0000;02 Illegal Data Address
15677;0;0;0x0000;02 Illegal Data Address
15678;0;0;0x0000;02 Illegal Data Address
15679;0;0;0x0000;02 Illegal Data Address
15680;0;0;0x0000;02 Illegal Data Address
15681;0;0;0x0000;02 Illegal Data Address
15682;0;0;0x0000;02 Illegal Data Address
15683;0;0;0x0000;02 Illegal Data Address
15684;0;0;0x0000;02 Illegal Data Address
15685;0;0;0x0000;02 Illegal Data Address
15686;0;0;0x0000;02 Illegal Data Address
15687;0;0;0x0000;02 Illegal Data Address
15688;0;0;0x0000;02 Illegal Data Address
15689;0;0;0x0000;02 Illegal Data Address
15690;0;0;0x0000;02 Illegal Data Address
15691;0;0;0x0000;02 Illegal Data Address
15692;0;0;0x0000;02 Illegal Data Address
15693;0;0;0x0000;02 Illegal Data Address
15694;0;0;0x0000;02 Illegal Data Address
15695;0;0;0x0000;02 Illegal Data Address
15696;0;0;0x0000;02 Illegal Data Address
15697;0;0;0x0000;02 Illegal Data Address
15698;0;0;0x0000;02 Illegal Data Address
15699;0;0;0x0000;02 Illegal Data Address
15700;0;0;0x0000;02 Illegal Data Address
15701;0;0;0x0000;02 Illegal Data Address
15702;0;0;0x0000;02 Illegal Data Address
15703;0;0;0x0000;02 Illegal Data Address
15704;0;0;0x0000;02 Illegal Data Address
15705;0;0;0x0000;02 Illegal Data Address
15706;0;0;0x0000;02 Illegal Data Address
15707;0;0;0x0000;02 Illegal Data Address
15708;0;0;0x0000;02 Illegal Data Address
15709;0;0;0x0000;02 Illegal Data Address
15710;0;0;0x0000;02 Illegal Data Address
15711;0;0;0x0000;02 Illegal Data Address
15712;0;0;0x0000;02 Illegal Data Address
15713;0;0;0x0000;02 Illegal Data Address
15714;0;0;0x0000;02 Illegal Data Address
15715;0;0;0x0000;02 Illegal Data Address
15716;0;0;0x0000;02 Illegal Data Address
15717;0;0;0x0000;02 Illegal Data Address
15718;0;0;0x0000;02 Illegal Data Address
15719;0;0;0x0000;02 Illegal Data Address
15720;0;0;0x0000;02 Illegal Data Address
15721;0;0;0x0000;02 Illegal Data Address
15722;0;0;0x0000;02 Illegal Data Address
15723;0;0;0x0000;02 Illegal Data Address
15724;0;0;0x0000;02 Illegal Data Address
15725;0;0;0x0000;02 Illegal Data Address
15726;0;0;0x0000;02 Illegal Data Address
15727;0;0;0x0000;02 Illegal Data Address
15728;0;0;0x0000;02 Illegal Data Address
15729;0;0;0x0000;02 Illegal Data Address
15730;0;0;0x0000;02 Illegal Data Address
15731;0;0;0x0000;02 Illegal Data Address
15732;0;0;0x0000;02 Illegal Data Address
15733;0;0;0x0000;02 Illegal Data Address
15734;0;0;0x0000;02 Illegal Data Address
15735;0;0;0x0000;02 Illegal Data Address
15736;0;0;0x0000;02 Illegal Data Address
15737;0;0;0x0000;02 Illegal Data Address
15738;0;0;0x0000;02 Illegal Data Address
15739;0;0;0x0000;02 Illegal Data Address
15740;0;0;0x0000;02 Illegal Data Address
15741;0;0;0x0000;02 Illegal Data Address
15742;0;0;0x0000;02 Illegal Data Address
15743;0;0;0x0000;02 Illegal Data Address
15744;0;0;0x0000;02 Illegal Data Address
15745;0;0;0x0000;02 Illegal Data Address
15746;0;0;0x0000;02 Illegal Data Address
15747;0;0;0x0000;02 Illegal Data Address
15748;0;0;0x0000;02 Illegal Data Address
15749;0;0;0x0000;02 Illegal Data Address
15750;0;0;0x0000;02 Illegal Data Address
15751;0;0;0x0000;02 Illegal Data Address
15752;0;0;0x0000;02 Illegal Data Address
15753;0;0;0x0000;02 Illegal Data Address
15754;0;0;0x0000;02 Illegal Data Address
15755;0;0;0x0000;02 Illegal Data Address
15756;0;0;0x0000;02 Illegal Data Address
15757;0;0;0x0000;02 Illegal Data Address
15758;0;0;0x0000;02 Illegal Data Address
15759;0;0;0x0000;02 Illegal Data Address
15760;0;0;0x0000;02 Illegal Data Address
15761;0;0;0x0000;02 Illegal Data Address
15762;0;0;0x0000;02 Illegal Data Address
15763;0;0;0x0000;02 Illegal Data Address
15764;0;0;0x0000;02 Illegal Data Address
15765;0;0;0x0000;02 Illegal Data Address
15766;0;0;0x0000;02 Illegal Data Address
15767;0;0;0x0000;02 Illegal Data Address
15768;0;0;0x0000;02 Illegal Data Address
15769;0;0;0x0000;02 Illegal Data Address
15770;0;0;0x0000;02 Illegal Data Address
15771;0;0;0x0000;02 Illegal Data Address
15772;0;0;0x0000;02 Illegal Data Address
15773;0;0;0x0000;02 Illegal Data Address
15774;0;0;0x0000;02 Illegal Data Address
15775;0;0;0x0000;02 Illegal Data Address
15776;0;0;0x0000;02 Illegal Data Address
15777;0;0;0x0000;02 Illegal Data Address
15778;0;0;0x0000;02 Illegal Data Address
15779;0;0;0x0000;02 Illegal Data Address
15780;0;0;0x0000;02 Illegal Data Address
15781;0;0;0x0000;02 Illegal Data Address
15782;0;0;0x0000;02 Illegal Data Address
15783;0;0;0x0000;02 Illegal Data Address
15784;0;0;0x0000;02 Illegal Data Address
15785;0;0;0x0000;02 Illegal Data Address
15786;0;0;0x0000;02 Illegal Data Address
15787;0;0;0x0000;02 Illegal Data Address
15788;0;0;0x0000;02 Illegal Data Address
15789;0;0;0x0000;02 Illegal Data Address
15790;0;0;0x0000;02 Illegal Data Address
15791;0;0;0x0000;02 Illegal Data Address
15792;0;0;0x0000;02 Illegal Data Address
15793;0;0;0x0000;02 Illegal Data Address
15794;0;0;0x0000;02 Illegal Data Address
15795;0;0;0x0000;02 Illegal Data Address
15796;0;0;0x0000;02 Illegal Data Address
15797;0;0;0x0000;02 Illegal Data Address
15798;0;0;0x0000;02 Illegal Data Address
15799;0;0;0x0000;02 Illegal Data Address
15800;0;0;0x0000;02 Illegal Data Address
15801;0;0;0x0000;02 Illegal Data Address
15802;0;0;0x0000;02 Illegal Data Address
15803;0;0;0x0000;02 Illegal Data Address
15804;0;0;0x0000;02 Illegal Data Address
15805;0;0;0x0000;02 Illegal Data Address
15806;0;0;0x0000;02 Illegal Data Address
15807;0;0;0x0000;02 Illegal Data Address
15808;0;0;0x0000;02 Illegal Data Address
15809;0;0;0x0000;02 Illegal Data Address
15810;0;0;0x0000;02 Illegal Data Address
15811;0;0;0x0000;02 Illegal Data Address
15812;0;0;0x0000;02 Illegal Data Address
15813;0;0;0x0000;02 Illegal Data Address
15814;0;0;0x0000;02 Illegal Data Address
15815;0;0;0x0000;02 Illegal Data Address
15816;0;0;0x0000;02 Illegal Data Address
15817;0;0;0x0000;02 Illegal Data Address
15818;0;0;0x0000;02 Illegal Data Address
15819;0;0;0x0000;02 Illegal Data Address
15820;0;0;0x0000;02 Illegal Data Address
15821;0;0;0x0000;02 Illegal Data Address
15822;0;0;0x0000;02 Illegal Data Address
15823;0;0;0x0000;02 Illegal Data Address
15824;0;0;0x0000;02 Illegal Data Address
15825;0;0;0x0000;02 Illegal Data Address
15826;0;0;0x0000;02 Illegal Data Address
15827;0;0;0x0000;02 Illegal Data Address
15828;0;0;0x0000;02 Illegal Data Address
15829;0;0;0x0000;02 Illegal Data Address
15830;0;0;0x0000;02 Illegal Data Address
15831;0;0;0x0000;02 Illegal Data Address
15832;0;0;0x0000;02 Illegal Data Address
15833;0;0;0x0000;02 Illegal Data Address
15834;0;0;0x0000;02 Illegal Data Address
15835;0;0;0x0000;02 Illegal Data Address
15836;0;0;0x0000;02 Illegal Data Address
15837;0;0;0x0000;02 Illegal Data Address
15838;0;0;0x0000;02 Illegal Data Address
15839;0;0;0x0000;02 Illegal Data Address
15840;0;0;0x0000;02 Illegal Data Address
15841;0;0;0x0000;02 Illegal Data Address
15842;0;0;0x0000;02 Illegal Data Address
15843;0;0;0x0000;02 Illegal Data Address
15844;0;0;0x0000;02 Illegal Data Address
15845;0;0;0x0000;02 Illegal Data Address
15846;0;0;0x0000;02 Illegal Data Address
15847;0;0;0x0000;02 Illegal Data Address
15848;0;0;0x0000;02 Illegal Data Address
15849;0;0;0x0000;02 Illegal Data Address
15850;0;0;0x0000;02 Illegal Data Address
15851;0;0;0x0000;02 Illegal Data Address
15852;0;0;0x0000;02 Illegal Data Address
15853;0;0;0x0000;02 Illegal Data Address
15854;0;0;0x0000;02 Illegal Data Address
15855;0;0;0x0000;02 Illegal Data Address
15856;0;0;0x0000;02 Illegal Data Address
15857;0;0;0x0000;02 Illegal Data Address
15858;0;0;0x0000;02 Illegal Data Address
15859;0;0;0x0000;02 Illegal Data Address
15860;0;0;0x0000;02 Illegal Data Address
15861;0;0;0x0000;02 Illegal Data Address
15862;0;0;0x0000;02 Illegal Data Address
15863;0;0;0x0000;02 Illegal Data Address
15864;0;0;0x0000;02 Illegal Data Address
15865;0;0;0x0000;02 Illegal Data Address
15866;0;0;0x0000;02 Illegal Data Address
15867;0;0;0x0000;02 Illegal Data Address
15868;0;0;0x0000;02 Illegal Data Address
15869;0;0;0x0000;02 Illegal Data Address
15870;0;0;0x0000;02 Illegal Data Address
15871;0;0;0x0000;02 Illegal Data Address
15872;0;0;0x0000;02 Illegal Data Address
15873;0;0;0x0000;02 Illegal Data Address
15874;0;0;0x0000;02 Illegal Data Address
15875;0;0;0x0000;02 Illegal Data Address
15876;0;0;0x0000;02 Illegal Data Address
15877;0;0;0x0000;02 Illegal Data Address
15878;0;0;0x0000;02 Illegal Data Address
15879;0;0;0x0000;02 Illegal Data Address
15880;0;0;0x0000;02 Illegal Data Address
15881;0;0;0x0000;02 Illegal Data Address
15882;0;0;0x0000;02 Illegal Data Address
15883;0;0;0x0000;02 Illegal Data Address
15884;0;0;0x0000;02 Illegal Data Address
15885;0;0;0x0000;02 Illegal Data Address
15886;0;0;0x0000;02 Illegal Data Address
15887;0;0;0x0000;02 Illegal Data Address
15888;0;0;0x0000;02 Illegal Data Address
15889;0;0;0x0000;02 Illegal Data Address
15890;0;0;0x0000;02 Illegal Data Address
15891;0;0;0x0000;02 Illegal Data Address
15892;0;0;0x0000;02 Illegal Data Address
15893;0;0;0x0000;02 Illegal Data Address
15894;0;0;0x0000;02 Illegal Data Address
15895;0;0;0x0000;02 Illegal Data Address
15896;0;0;0x0000;02 Illegal Data Address
15897;0;0;0x0000;02 Illegal Data Address
15898;0;0;0x0000;02 Illegal Data Address
15899;0;0;0x0000;02 Illegal Data Address
15900;0;0;0x0000;02 Illegal Data Address
15901;0;0;0x0000;02 Illegal Data Address
15902;0;0;0x0000;02 Illegal Data Address
15903;0;0;0x0000;02 Illegal Data Address
15904;0;0;0x0000;02 Illegal Data Address
15905;0;0;0x0000;02 Illegal Data Address
15906;0;0;0x0000;02 Illegal Data Address
15907;0;0;0x0000;02 Illegal Data Address
15908;0;0;0x0000;02 Illegal Data Address
15909;0;0;0x0000;02 Illegal Data Address
15910;0;0;0x0000;02 Illegal Data Address
15911;0;0;0x0000;02 Illegal Data Address
15912;0;0;0x0000;02 Illegal Data Address
15913;0;0;0x0000;02 Illegal Data Address
15914;0;0;0x0000;02 Illegal Data Address
15915;0;0;0x0000;02 Illegal Data Address
15916;0;0;0x0000;02 Illegal Data Address
15917;0;0;0x0000;02 Illegal Data Address
15918;0;0;0x0000;02 Illegal Data Address
15919;0;0;0x0000;02 Illegal Data Address
15920;0;0;0x0000;02 Illegal Data Address
15921;0;0;0x0000;02 Illegal Data Address
15922;0;0;0x0000;02 Illegal Data Address
15923;0;0;0x0000;02 Illegal Data Address
15924;0;0;0x0000;02 Illegal Data Address
15925;0;0;0x0000;02 Illegal Data Address
15926;0;0;0x0000;02 Illegal Data Address
15927;0;0;0x0000;02 Illegal Data Address
15928;0;0;0x0000;02 Illegal Data Address
15929;0;0;0x0000;02 Illegal Data Address
15930;0;0;0x0000;02 Illegal Data Address
15931;0;0;0x0000;02 Illegal Data Address
15932;0;0;0x0000;02 Illegal Data Address
15933;0;0;0x0000;02 Illegal Data Address
15934;0;0;0x0000;02 Illegal Data Address
15935;0;0;0x0000;02 Illegal Data Address
15936;0;0;0x0000;02 Illegal Data Address
15937;0;0;0x0000;02 Illegal Data Address
15938;0;0;0x0000;02 Illegal Data Address
15939;0;0;0x0000;02 Illegal Data Address
15940;0;0;0x0000;02 Illegal Data Address
15941;0;0;0x0000;02 Illegal Data Address
15942;0;0;0x0000;02 Illegal Data Address
15943;0;0;0x0000;02 Illegal Data Address
15944;0;0;0x0000;02 Illegal Data Address
15945;0;0;0x0000;02 Illegal Data Address
15946;0;0;0x0000;02 Illegal Data Address
15947;0;0;0x0000;02 Illegal Data Address
15948;0;0;0x0000;02 Illegal Data Address
15949;0;0;0x0000;02 Illegal Data Address
15950;0;0;0x0000;02 Illegal Data Address
15951;0;0;0x0000;02 Illegal Data Address
15952;0;0;0x0000;02 Illegal Data Address
15953;0;0;0x0000;02 Illegal Data Address
15954;0;0;0x0000;02 Illegal Data Address
15955;0;0;0x0000;02 Illegal Data Address
15956;0;0;0x0000;02 Illegal Data Address
15957;0;0;0x0000;02 Illegal Data Address
15958;0;0;0x0000;02 Illegal Data Address
15959;0;0;0x0000;02 Illegal Data Address
15960;0;0;0x0000;02 Illegal Data Address
15961;0;0;0x0000;02 Illegal Data Address
15962;0;0;0x0000;02 Illegal Data Address
15963;0;0;0x0000;02 Illegal Data Address
15964;0;0;0x0000;02 Illegal Data Address
15965;0;0;0x0000;02 Illegal Data Address
15966;0;0;0x0000;02 Illegal Data Address
15967;0;0;0x0000;02 Illegal Data Address
15968;0;0;0x0000;02 Illegal Data Address
15969;0;0;0x0000;02 Illegal Data Address
15970;0;0;0x0000;02 Illegal Data Address
15971;0;0;0x0000;02 Illegal Data Address
15972;0;0;0x0000;02 Illegal Data Address
15973;0;0;0x0000;02 Illegal Data Address
15974;0;0;0x0000;02 Illegal Data Address
15975;0;0;0x0000;02 Illegal Data Address
15976;0;0;0x0000;02 Illegal Data Address
15977;0;0;0x0000;02 Illegal Data Address
15978;0;0;0x0000;02 Illegal Data Address
15979;0;0;0x0000;02 Illegal Data Address
15980;0;0;0x0000;02 Illegal Data Address
15981;0;0;0x0000;02 Illegal Data Address
15982;0;0;0x0000;02 Illegal Data Address
15983;0;0;0x0000;02 Illegal Data Address
15984;0;0;0x0000;02 Illegal Data Address
15985;0;0;0x0000;02 Illegal Data Address
15986;0;0;0x0000;02 Illegal Data Address
15987;0;0;0x0000;02 Illegal Data Address
15988;0;0;0x0000;02 Illegal Data Address
15989;0;0;0x0000;02 Illegal Data Address
15990;0;0;0x0000;02 Illegal Data Address
15991;0;0;0x0000;02 Illegal Data Address
15992;0;0;0x0000;02 Illegal Data Address
15993;0;0;0x0000;02 Illegal Data Address
15994;0;0;0x0000;02 Illegal Data Address
15995;0;0;0x0000;02 Illegal Data Address
15996;0;0;0x0000;02 Illegal Data Address
15997;0;0;0x0000;02 Illegal Data Address
15998;0;0;0x0000;02 Illegal Data Address
15999;0;0;0x0000;02 Illegal Data Address
16000;0;0;0x0000;02 Illegal Data Address
16001;0;0;0x0000;02 Illegal Data Address
16002;0;0;0x0000;02 Illegal Data Address
16003;0;0;0x0000;02 Illegal Data Address
16004;0;0;0x0000;02 Illegal Data Address
16005;0;0;0x0000;02 Illegal Data Address
16006;0;0;0x0000;02 Illegal Data Address
16007;0;0;0x0000;02 Illegal Data Address
16008;0;0;0x0000;02 Illegal Data Address
16009;0;0;0x0000;02 Illegal Data Address
16010;0;0;0x0000;02 Illegal Data Address
16011;0;0;0x0000;02 Illegal Data Address
16012;0;0;0x0000;02 Illegal Data Address
16013;0;0;0x0000;02 Illegal Data Address
16014;0;0;0x0000;02 Illegal Data Address
16015;0;0;0x0000;02 Illegal Data Address
16016;0;0;0x0000;02 Illegal Data Address
16017;0;0;0x0000;02 Illegal Data Address
16018;0;0;0x0000;02 Illegal Data Address
16019;0;0;0x0000;02 Illegal Data Address
16020;0;0;0x0000;02 Illegal Data Address
16021;0;0;0x0000;02 Illegal Data Address
16022;0;0;0x0000;02 Illegal Data Address
16023;0;0;0x0000;02 Illegal Data Address
16024;0;0;0x0000;02 Illegal Data Address
16025;0;0;0x0000;02 Illegal Data Address
16026;0;0;0x0000;02 Illegal Data Address
16027;0;0;0x0000;02 Illegal Data Address
16028;0;0;0x0000;02 Illegal Data Address
16029;0;0;0x0000;02 Illegal Data Address
16030;0;0;0x0000;02 Illegal Data Address
16031;0;0;0x0000;02 Illegal Data Address
16032;0;0;0x0000;02 Illegal Data Address
16033;0;0;0x0000;02 Illegal Data Address
16034;0;0;0x0000;02 Illegal Data Address
16035;0;0;0x0000;02 Illegal Data Address
16036;0;0;0x0000;02 Illegal Data Address
16037;0;0;0x0000;02 Illegal Data Address
16038;0;0;0x0000;02 Illegal Data Address
16039;0;0;0x0000;02 Illegal Data Address
16040;0;0;0x0000;02 Illegal Data Address
16041;0;0;0x0000;02 Illegal Data Address
16042;0;0;0x0000;02 Illegal Data Address
16043;0;0;0x0000;02 Illegal Data Address
16044;0;0;0x0000;02 Illegal Data Address
16045;0;0;0x0000;02 Illegal Data Address
16046;0;0;0x0000;02 Illegal Data Address
16047;0;0;0x0000;02 Illegal Data Address
16048;0;0;0x0000;02 Illegal Data Address
16049;0;0;0x0000;02 Illegal Data Address
16050;0;0;0x0000;02 Illegal Data Address
16051;0;0;0x0000;02 Illegal Data Address
16052;0;0;0x0000;02 Illegal Data Address
16053;0;0;0x0000;02 Illegal Data Address
16054;0;0;0x0000;02 Illegal Data Address
16055;0;0;0x0000;02 Illegal Data Address
16056;0;0;0x0000;02 Illegal Data Address
16057;0;0;0x0000;02 Illegal Data Address
16058;0;0;0x0000;02 Illegal Data Address
16059;0;0;0x0000;02 Illegal Data Address
16060;0;0;0x0000;02 Illegal Data Address
16061;0;0;0x0000;02 Illegal Data Address
16062;0;0;0x0000;02 Illegal Data Address
16063;0;0;0x0000;02 Illegal Data Address
16064;0;0;0x0000;02 Illegal Data Address
16065;0;0;0x0000;02 Illegal Data Address
16066;0;0;0x0000;02 Illegal Data Address
16067;0;0;0x0000;02 Illegal Data Address
16068;0;0;0x0000;02 Illegal Data Address
16069;0;0;0x0000;02 Illegal Data Address
16070;0;0;0x0000;02 Illegal Data Address
16071;0;0;0x0000;02 Illegal Data Address
16072;0;0;0x0000;02 Illegal Data Address
16073;0;0;0x0000;02 Illegal Data Address
16074;0;0;0x0000;02 Illegal Data Address
16075;0;0;0x0000;02 Illegal Data Address
16076;0;0;0x0000;02 Illegal Data Address
16077;0;0;0x0000;02 Illegal Data Address
16078;0;0;0x0000;02 Illegal Data Address
16079;0;0;0x0000;02 Illegal Data Address
16080;0;0;0x0000;02 Illegal Data Address
16081;0;0;0x0000;02 Illegal Data Address
16082;0;0;0x0000;02 Illegal Data Address
16083;0;0;0x0000;02 Illegal Data Address
16084;0;0;0x0000;02 Illegal Data Address
16085;0;0;0x0000;02 Illegal Data Address
16086;0;0;0x0000;02 Illegal Data Address
16087;0;0;0x0000;02 Illegal Data Address
16088;0;0;0x0000;02 Illegal Data Address
16089;0;0;0x0000;02 Illegal Data Address
16090;0;0;0x0000;02 Illegal Data Address
16091;0;0;0x0000;02 Illegal Data Address
16092;0;0;0x0000;02 Illegal Data Address
16093;0;0;0x0000;02 Illegal Data Address
16094;0;0;0x0000;02 Illegal Data Address
16095;0;0;0x0000;02 Illegal Data Address
16096;0;0;0x0000;02 Illegal Data Address
16097;0;0;0x0000;02 Illegal Data Address
16098;0;0;0x0000;02 Illegal Data Address
16099;0;0;0x0000;02 Illegal Data Address
16100;0;0;0x0000;02 Illegal Data Address
16101;0;0;0x0000;02 Illegal Data Address
16102;0;0;0x0000;02 Illegal Data Address
16103;0;0;0x0000;02 Illegal Data Address
16104;0;0;0x0000;02 Illegal Data Address
16105;0;0;0x0000;02 Illegal Data Address
16106;0;0;0x0000;02 Illegal Data Address
16107;0;0;0x0000;02 Illegal Data Address
16108;0;0;0x0000;02 Illegal Data Address
16109;0;0;0x0000;02 Illegal Data Address
16110;0;0;0x0000;02 Illegal Data Address
16111;0;0;0x0000;02 Illegal Data Address
16112;0;0;0x0000;02 Illegal Data Address
16113;0;0;0x0000;02 Illegal Data Address
16114;0;0;0x0000;02 Illegal Data Address
16115;0;0;0x0000;02 Illegal Data Address
16116;0;0;0x0000;02 Illegal Data Address
16117;0;0;0x0000;02 Illegal Data Address
16118;0;0;0x0000;02 Illegal Data Address
16119;0;0;0x0000;02 Illegal Data Address
16120;0;0;0x0000;02 Illegal Data Address
16121;0;0;0x0000;02 Illegal Data Address
16122;0;0;0x0000;02 Illegal Data Address
16123;0;0;0x0000;02 Illegal Data Address
16124;0;0;0x0000;02 Illegal Data Address
16125;0;0;0x0000;02 Illegal Data Address
16126;0;0;0x0000;02 Illegal Data Address
16127;0;0;0x0000;02 Illegal Data Address
16128;0;0;0x0000;02 Illegal Data Address
16129;0;0;0x0000;02 Illegal Data Address
16130;0;0;0x0000;02 Illegal Data Address
16131;0;0;0x0000;02 Illegal Data Address
16132;0;0;0x0000;02 Illegal Data Address
16133;0;0;0x0000;02 Illegal Data Address
16134;0;0;0x0000;02 Illegal Data Address
16135;0;0;0x0000;02 Illegal Data Address
16136;0;0;0x0000;02 Illegal Data Address
16137;0;0;0x0000;02 Illegal Data Address
16138;0;0;0x0000;02 Illegal Data Address
16139;0;0;0x0000;02 Illegal Data Address
16140;0;0;0x0000;02 Illegal Data Address
16141;0;0;0x0000;02 Illegal Data Address
16142;0;0;0x0000;02 Illegal Data Address
16143;0;0;0x0000;02 Illegal Data Address
16144;0;0;0x0000;02 Illegal Data Address
16145;0;0;0x0000;02 Illegal Data Address
16146;0;0;0x0000;02 Illegal Data Address
16147;0;0;0x0000;02 Illegal Data Address
16148;0;0;0x0000;02 Illegal Data Address
16149;0;0;0x0000;02 Illegal Data Address
16150;0;0;0x0000;02 Illegal Data Address
16151;0;0;0x0000;02 Illegal Data Address
16152;0;0;0x0000;02 Illegal Data Address
16153;0;0;0x0000;02 Illegal Data Address
16154;0;0;0x0000;02 Illegal Data Address
16155;0;0;0x0000;02 Illegal Data Address
16156;0;0;0x0000;02 Illegal Data Address
16157;0;0;0x0000;02 Illegal Data Address
16158;0;0;0x0000;02 Illegal Data Address
16159;0;0;0x0000;02 Illegal Data Address
16160;0;0;0x0000;02 Illegal Data Address
16161;0;0;0x0000;02 Illegal Data Address
16162;0;0;0x0000;02 Illegal Data Address
16163;0;0;0x0000;02 Illegal Data Address
16164;0;0;0x0000;02 Illegal Data Address
16165;0;0;0x0000;02 Illegal Data Address
16166;0;0;0x0000;02 Illegal Data Address
16167;0;0;0x0000;02 Illegal Data Address
16168;0;0;0x0000;02 Illegal Data Address
16169;0;0;0x0000;02 Illegal Data Address
16170;0;0;0x0000;02 Illegal Data Address
16171;0;0;0x0000;02 Illegal Data Address
16172;0;0;0x0000;02 Illegal Data Address
16173;0;0;0x0000;02 Illegal Data Address
16174;0;0;0x0000;02 Illegal Data Address
16175;0;0;0x0000;02 Illegal Data Address
16176;0;0;0x0000;02 Illegal Data Address
16177;0;0;0x0000;02 Illegal Data Address
16178;0;0;0x0000;02 Illegal Data Address
16179;0;0;0x0000;02 Illegal Data Address
16180;0;0;0x0000;02 Illegal Data Address
16181;0;0;0x0000;02 Illegal Data Address
16182;0;0;0x0000;02 Illegal Data Address
16183;0;0;0x0000;02 Illegal Data Address
16184;0;0;0x0000;02 Illegal Data Address
16185;0;0;0x0000;02 Illegal Data Address
16186;0;0;0x0000;02 Illegal Data Address
16187;0;0;0x0000;02 Illegal Data Address
16188;0;0;0x0000;02 Illegal Data Address
16189;0;0;0x0000;02 Illegal Data Address
16190;0;0;0x0000;02 Illegal Data Address
16191;0;0;0x0000;02 Illegal Data Address
16192;0;0;0x0000;02 Illegal Data Address
16193;0;0;0x0000;02 Illegal Data Address
16194;0;0;0x0000;02 Illegal Data Address
16195;0;0;0x0000;02 Illegal Data Address
16196;0;0;0x0000;02 Illegal Data Address
16197;0;0;0x0000;02 Illegal Data Address
16198;0;0;0x0000;02 Illegal Data Address
16199;0;0;0x0000;02 Illegal Data Address
16200;0;0;0x0000;02 Illegal Data Address
16201;0;0;0x0000;02 Illegal Data Address
16202;0;0;0x0000;02 Illegal Data Address
16203;0;0;0x0000;02 Illegal Data Address
16204;0;0;0x0000;02 Illegal Data Address
16205;0;0;0x0000;02 Illegal Data Address
16206;0;0;0x0000;02 Illegal Data Address
16207;0;0;0x0000;02 Illegal Data Address
16208;0;0;0x0000;02 Illegal Data Address
16209;0;0;0x0000;02 Illegal Data Address
16210;0;0;0x0000;02 Illegal Data Address
16211;0;0;0x0000;02 Illegal Data Address
16212;0;0;0x0000;02 Illegal Data Address
16213;0;0;0x0000;02 Illegal Data Address
16214;0;0;0x0000;02 Illegal Data Address
16215;0;0;0x0000;02 Illegal Data Address
16216;0;0;0x0000;02 Illegal Data Address
16217;0;0;0x0000;02 Illegal Data Address
16218;0;0;0x0000;02 Illegal Data Address
16219;0;0;0x0000;02 Illegal Data Address
16220;0;0;0x0000;02 Illegal Data Address
16221;0;0;0x0000;02 Illegal Data Address
16222;0;0;0x0000;02 Illegal Data Address
16223;0;0;0x0000;02 Illegal Data Address
16224;0;0;0x0000;02 Illegal Data Address
16225;0;0;0x0000;02 Illegal Data Address
16226;0;0;0x0000;02 Illegal Data Address
16227;0;0;0x0000;02 Illegal Data Address
16228;0;0;0x0000;02 Illegal Data Address
16229;0;0;0x0000;02 Illegal Data Address
16230;0;0;0x0000;02 Illegal Data Address
16231;0;0;0x0000;02 Illegal Data Address
16232;0;0;0x0000;02 Illegal Data Address
16233;0;0;0x0000;02 Illegal Data Address
16234;0;0;0x0000;02 Illegal Data Address
16235;0;0;0x0000;02 Illegal Data Address
16236;0;0;0x0000;02 Illegal Data Address
16237;0;0;0x0000;02 Illegal Data Address
16238;0;0;0x0000;02 Illegal Data Address
16239;0;0;0x0000;02 Illegal Data Address
16240;0;0;0x0000;02 Illegal Data Address
16241;0;0;0x0000;02 Illegal Data Address
16242;0;0;0x0000;02 Illegal Data Address
16243;0;0;0x0000;02 Illegal Data Address
16244;0;0;0x0000;02 Illegal Data Address
16245;0;0;0x0000;02 Illegal Data Address
16246;0;0;0x0000;02 Illegal Data Address
16247;0;0;0x0000;02 Illegal Data Address
16248;0;0;0x0000;02 Illegal Data Address
16249;0;0;0x0000;02 Illegal Data Address
16250;0;0;0x0000;02 Illegal Data Address
16251;0;0;0x0000;02 Illegal Data Address
16252;0;0;0x0000;02 Illegal Data Address
16253;0;0;0x0000;02 Illegal Data Address
16254;0;0;0x0000;02 Illegal Data Address
16255;0;0;0x0000;02 Illegal Data Address
16256;0;0;0x0000;02 Illegal Data Address
16257;0;0;0x0000;02 Illegal Data Address
16258;0;0;0x0000;02 Illegal Data Address
16259;0;0;0x0000;02 Illegal Data Address
16260;0;0;0x0000;02 Illegal Data Address
16261;0;0;0x0000;02 Illegal Data Address
16262;0;0;0x0000;02 Illegal Data Address
16263;0;0;0x0000;02 Illegal Data Address
16264;0;0;0x0000;02 Illegal Data Address
16265;0;0;0x0000;02 Illegal Data Address
16266;0;0;0x0000;02 Illegal Data Address
16267;0;0;0x0000;02 Illegal Data Address
16268;0;0;0x0000;02 Illegal Data Address
16269;0;0;0x0000;02 Illegal Data Address
16270;0;0;0x0000;02 Illegal Data Address
16271;0;0;0x0000;02 Illegal Data Address
16272;0;0;0x0000;02 Illegal Data Address
16273;0;0;0x0000;02 Illegal Data Address
16274;0;0;0x0000;02 Illegal Data Address
16275;0;0;0x0000;02 Illegal Data Address
16276;0;0;0x0000;02 Illegal Data Address
16277;0;0;0x0000;02 Illegal Data Address
16278;0;0;0x0000;02 Illegal Data Address
16279;0;0;0x0000;02 Illegal Data Address
16280;0;0;0x0000;02 Illegal Data Address
16281;0;0;0x0000;02 Illegal Data Address
16282;0;0;0x0000;02 Illegal Data Address
16283;0;0;0x0000;02 Illegal Data Address
16284;0;0;0x0000;02 Illegal Data Address
16285;0;0;0x0000;02 Illegal Data Address
16286;0;0;0x0000;02 Illegal Data Address
16287;0;0;0x0000;02 Illegal Data Address
16288;0;0;0x0000;02 Illegal Data Address
16289;0;0;0x0000;02 Illegal Data Address
16290;0;0;0x0000;02 Illegal Data Address
16291;0;0;0x0000;02 Illegal Data Address
16292;0;0;0x0000;02 Illegal Data Address
16293;0;0;0x0000;02 Illegal Data Address
16294;0;0;0x0000;02 Illegal Data Address
16295;0;0;0x0000;02 Illegal Data Address
16296;0;0;0x0000;02 Illegal Data Address
16297;0;0;0x0000;02 Illegal Data Address
16298;0;0;0x0000;02 Illegal Data Address
16299;0;0;0x0000;02 Illegal Data Address
16300;0;0;0x0000;02 Illegal Data Address
16301;0;0;0x0000;02 Illegal Data Address
16302;0;0;0x0000;02 Illegal Data Address
16303;0;0;0x0000;02 Illegal Data Address
16304;0;0;0x0000;02 Illegal Data Address
16305;0;0;0x0000;02 Illegal Data Address
16306;0;0;0x0000;02 Illegal Data Address
16307;0;0;0x0000;02 Illegal Data Address
16308;0;0;0x0000;02 Illegal Data Address
16309;0;0;0x0000;02 Illegal Data Address
16310;0;0;0x0000;02 Illegal Data Address
16311;0;0;0x0000;02 Illegal Data Address
16312;0;0;0x0000;02 Illegal Data Address
16313;0;0;0x0000;02 Illegal Data Address
16314;0;0;0x0000;02 Illegal Data Address
16315;0;0;0x0000;02 Illegal Data Address
16316;0;0;0x0000;02 Illegal Data Address
16317;0;0;0x0000;02 Illegal Data Address
16318;0;0;0x0000;02 Illegal Data Address
16319;0;0;0x0000;02 Illegal Data Address
16320;0;0;0x0000;02 Illegal Data Address
16321;0;0;0x0000;02 Illegal Data Address
16322;0;0;0x0000;02 Illegal Data Address
16323;0;0;0x0000;02 Illegal Data Address
16324;0;0;0x0000;02 Illegal Data Address
16325;0;0;0x0000;02 Illegal Data Address
16326;0;0;0x0000;02 Illegal Data Address
16327;0;0;0x0000;02 Illegal Data Address
16328;0;0;0x0000;02 Illegal Data Address
16329;0;0;0x0000;02 Illegal Data Address
16330;0;0;0x0000;02 Illegal Data Address
16331;0;0;0x0000;02 Illegal Data Address
16332;0;0;0x0000;02 Illegal Data Address
16333;0;0;0x0000;02 Illegal Data Address
16334;0;0;0x0000;02 Illegal Data Address
16335;0;0;0x0000;02 Illegal Data Address
16336;0;0;0x0000;02 Illegal Data Address
16337;0;0;0x0000;02 Illegal Data Address
16338;0;0;0x0000;02 Illegal Data Address
16339;0;0;0x0000;02 Illegal Data Address
16340;0;0;0x0000;02 Illegal Data Address
16341;0;0;0x0000;02 Illegal Data Address
16342;0;0;0x0000;02 Illegal Data Address
16343;0;0;0x0000;02 Illegal Data Address
16344;0;0;0x0000;02 Illegal Data Address
16345;0;0;0x0000;02 Illegal Data Address
16346;0;0;0x0000;02 Illegal Data Address
16347;0;0;0x0000;02 Illegal Data Address
16348;0;0;0x0000;02 Illegal Data Address
16349;0;0;0x0000;02 Illegal Data Address
16350;0;0;0x0000;02 Illegal Data Address
16351;0;0;0x0000;02 Illegal Data Address
16352;0;0;0x0000;02 Illegal Data Address
16353;0;0;0x0000;02 Illegal Data Address
16354;0;0;0x0000;02 Illegal Data Address
16355;0;0;0x0000;02 Illegal Data Address
16356;0;0;0x0000;02 Illegal Data Address
16357;0;0;0x0000;02 Illegal Data Address
16358;0;0;0x0000;02 Illegal Data Address
16359;0;0;0x0000;02 Illegal Data Address
16360;0;0;0x0000;02 Illegal Data Address
16361;0;0;0x0000;02 Illegal Data Address
16362;0;0;0x0000;02 Illegal Data Address
16363;0;0;0x0000;02 Illegal Data Address
16364;0;0;0x0000;02 Illegal Data Address
16365;0;0;0x0000;02 Illegal Data Address
16366;0;0;0x0000;02 Illegal Data Address
16367;0;0;0x0000;02 Illegal Data Address
16368;0;0;0x0000;02 Illegal Data Address
16369;0;0;0x0000;02 Illegal Data Address
16370;0;0;0x0000;02 Illegal Data Address
16371;0;0;0x0000;02 Illegal Data Address
16372;0;0;0x0000;02 Illegal Data Address
16373;0;0;0x0000;02 Illegal Data Address
16374;0;0;0x0000;02 Illegal Data Address
16375;0;0;0x0000;02 Illegal Data Address
16376;0;0;0x0000;02 Illegal Data Address
16377;0;0;0x0000;02 Illegal Data Address
16378;0;0;0x0000;02 Illegal Data Address
16379;0;0;0x0000;02 Illegal Data Address
16380;0;0;0x0000;02 Illegal Data Address
16381;0;0;0x0000;02 Illegal Data Address
16382;0;0;0x0000;02 Illegal Data Address
16383;0;0;0x0000;02 Illegal Data Address
16384;0;0;0x0000;02 Illegal Data Address
16385;0;0;0x0000;02 Illegal Data Address
16386;0;0;0x0000;02 Illegal Data Address
16387;0;0;0x0000;02 Illegal Data Address
16388;0;0;0x0000;02 Illegal Data Address
16389;0;0;0x0000;02 Illegal Data Address
16390;0;0;0x0000;02 Illegal Data Address
16391;0;0;0x0000;02 Illegal Data Address
16392;0;0;0x0000;02 Illegal Data Address
16393;0;0;0x0000;02 Illegal Data Address
16394;0;0;0x0000;02 Illegal Data Address
16395;0;0;0x0000;02 Illegal Data Address
16396;0;0;0x0000;02 Illegal Data Address
16397;0;0;0x0000;02 Illegal Data Address
16398;0;0;0x0000;02 Illegal Data Address
16399;0;0;0x0000;02 Illegal Data Address
16400;0;0;0x0000;02 Illegal Data Address
16401;0;0;0x0000;02 Illegal Data Address
16402;0;0;0x0000;02 Illegal Data Address
16403;0;0;0x0000;02 Illegal Data Address
16404;0;0;0x0000;02 Illegal Data Address
16405;0;0;0x0000;02 Illegal Data Address
16406;0;0;0x0000;02 Illegal Data Address
16407;0;0;0x0000;02 Illegal Data Address
16408;0;0;0x0000;02 Illegal Data Address
16409;0;0;0x0000;02 Illegal Data Address
16410;0;0;0x0000;02 Illegal Data Address
16411;0;0;0x0000;02 Illegal Data Address
16412;0;0;0x0000;02 Illegal Data Address
16413;0;0;0x0000;02 Illegal Data Address
16414;0;0;0x0000;02 Illegal Data Address
16415;0;0;0x0000;02 Illegal Data Address
16416;0;0;0x0000;02 Illegal Data Address
16417;0;0;0x0000;02 Illegal Data Address
16418;0;0;0x0000;02 Illegal Data Address
16419;0;0;0x0000;02 Illegal Data Address
16420;0;0;0x0000;02 Illegal Data Address
16421;0;0;0x0000;02 Illegal Data Address
16422;0;0;0x0000;02 Illegal Data Address
16423;0;0;0x0000;02 Illegal Data Address
16424;0;0;0x0000;02 Illegal Data Address
16425;0;0;0x0000;02 Illegal Data Address
16426;0;0;0x0000;02 Illegal Data Address
16427;0;0;0x0000;02 Illegal Data Address
16428;0;0;0x0000;02 Illegal Data Address
16429;0;0;0x0000;02 Illegal Data Address
16430;0;0;0x0000;02 Illegal Data Address
16431;0;0;0x0000;02 Illegal Data Address
16432;0;0;0x0000;02 Illegal Data Address
16433;0;0;0x0000;02 Illegal Data Address
16434;0;0;0x0000;02 Illegal Data Address
16435;0;0;0x0000;02 Illegal Data Address
16436;0;0;0x0000;02 Illegal Data Address
16437;0;0;0x0000;02 Illegal Data Address
16438;0;0;0x0000;02 Illegal Data Address
16439;0;0;0x0000;02 Illegal Data Address
16440;0;0;0x0000;02 Illegal Data Address
16441;0;0;0x0000;02 Illegal Data Address
16442;0;0;0x0000;02 Illegal Data Address
16443;0;0;0x0000;02 Illegal Data Address
16444;0;0;0x0000;02 Illegal Data Address
16445;0;0;0x0000;02 Illegal Data Address
16446;0;0;0x0000;02 Illegal Data Address
16447;0;0;0x0000;02 Illegal Data Address
16448;0;0;0x0000;02 Illegal Data Address
16449;0;0;0x0000;02 Illegal Data Address
16450;0;0;0x0000;02 Illegal Data Address
16451;0;0;0x0000;02 Illegal Data Address
16452;0;0;0x0000;02 Illegal Data Address
16453;0;0;0x0000;02 Illegal Data Address
16454;0;0;0x0000;02 Illegal Data Address
16455;0;0;0x0000;02 Illegal Data Address
16456;0;0;0x0000;02 Illegal Data Address
16457;0;0;0x0000;02 Illegal Data Address
16458;0;0;0x0000;02 Illegal Data Address
16459;0;0;0x0000;02 Illegal Data Address
16460;0;0;0x0000;02 Illegal Data Address
16461;0;0;0x0000;02 Illegal Data Address
16462;0;0;0x0000;02 Illegal Data Address
16463;0;0;0x0000;02 Illegal Data Address
16464;0;0;0x0000;02 Illegal Data Address
16465;0;0;0x0000;02 Illegal Data Address
16466;0;0;0x0000;02 Illegal Data Address
16467;0;0;0x0000;02 Illegal Data Address
16468;0;0;0x0000;02 Illegal Data Address
16469;0;0;0x0000;02 Illegal Data Address
16470;0;0;0x0000;02 Illegal Data Address
16471;0;0;0x0000;02 Illegal Data Address
16472;0;0;0x0000;02 Illegal Data Address
16473;0;0;0x0000;02 Illegal Data Address
16474;0;0;0x0000;02 Illegal Data Address
16475;0;0;0x0000;02 Illegal Data Address
16476;0;0;0x0000;02 Illegal Data Address
16477;0;0;0x0000;02 Illegal Data Address
16478;0;0;0x0000;02 Illegal Data Address
16479;0;0;0x0000;02 Illegal Data Address
16480;0;0;0x0000;02 Illegal Data Address
16481;0;0;0x0000;02 Illegal Data Address
16482;0;0;0x0000;02 Illegal Data Address
16483;0;0;0x0000;02 Illegal Data Address
16484;0;0;0x0000;02 Illegal Data Address
16485;0;0;0x0000;02 Illegal Data Address
16486;0;0;0x0000;02 Illegal Data Address
16487;0;0;0x0000;02 Illegal Data Address
16488;0;0;0x0000;02 Illegal Data Address
16489;0;0;0x0000;02 Illegal Data Address
16490;0;0;0x0000;02 Illegal Data Address
16491;0;0;0x0000;02 Illegal Data Address
16492;0;0;0x0000;02 Illegal Data Address
16493;0;0;0x0000;02 Illegal Data Address
16494;0;0;0x0000;02 Illegal Data Address
16495;0;0;0x0000;02 Illegal Data Address
16496;0;0;0x0000;02 Illegal Data Address
16497;0;0;0x0000;02 Illegal Data Address
16498;0;0;0x0000;02 Illegal Data Address
16499;0;0;0x0000;02 Illegal Data Address
16500;0;0;0x0000;02 Illegal Data Address
16501;0;0;0x0000;02 Illegal Data Address
16502;0;0;0x0000;02 Illegal Data Address
16503;0;0;0x0000;02 Illegal Data Address
16504;0;0;0x0000;02 Illegal Data Address
16505;0;0;0x0000;02 Illegal Data Address
16506;0;0;0x0000;02 Illegal Data Address
16507;0;0;0x0000;02 Illegal Data Address
16508;0;0;0x0000;02 Illegal Data Address
16509;0;0;0x0000;02 Illegal Data Address
16510;0;0;0x0000;02 Illegal Data Address
16511;0;0;0x0000;02 Illegal Data Address
16512;0;0;0x0000;02 Illegal Data Address
16513;0;0;0x0000;02 Illegal Data Address
16514;0;0;0x0000;02 Illegal Data Address
16515;0;0;0x0000;02 Illegal Data Address
16516;0;0;0x0000;02 Illegal Data Address
16517;0;0;0x0000;02 Illegal Data Address
16518;0;0;0x0000;02 Illegal Data Address
16519;0;0;0x0000;02 Illegal Data Address
16520;0;0;0x0000;02 Illegal Data Address
16521;0;0;0x0000;02 Illegal Data Address
16522;0;0;0x0000;02 Illegal Data Address
16523;0;0;0x0000;02 Illegal Data Address
16524;0;0;0x0000;02 Illegal Data Address
16525;0;0;0x0000;02 Illegal Data Address
16526;0;0;0x0000;02 Illegal Data Address
16527;0;0;0x0000;02 Illegal Data Address
16528;0;0;0x0000;02 Illegal Data Address
16529;0;0;0x0000;02 Illegal Data Address
16530;0;0;0x0000;02 Illegal Data Address
16531;0;0;0x0000;02 Illegal Data Address
16532;0;0;0x0000;02 Illegal Data Address
16533;0;0;0x0000;02 Illegal Data Address
16534;0;0;0x0000;02 Illegal Data Address
16535;0;0;0x0000;02 Illegal Data Address
16536;0;0;0x0000;02 Illegal Data Address
16537;0;0;0x0000;02 Illegal Data Address
16538;0;0;0x0000;02 Illegal Data Address
16539;0;0;0x0000;02 Illegal Data Address
16540;0;0;0x0000;02 Illegal Data Address
16541;0;0;0x0000;02 Illegal Data Address
16542;0;0;0x0000;02 Illegal Data Address
16543;0;0;0x0000;02 Illegal Data Address
16544;0;0;0x0000;02 Illegal Data Address
16545;0;0;0x0000;02 Illegal Data Address
16546;0;0;0x0000;02 Illegal Data Address
16547;0;0;0x0000;02 Illegal Data Address
16548;0;0;0x0000;02 Illegal Data Address
16549;0;0;0x0000;02 Illegal Data Address
16550;0;0;0x0000;02 Illegal Data Address
16551;0;0;0x0000;02 Illegal Data Address
16552;0;0;0x0000;02 Illegal Data Address
16553;0;0;0x0000;02 Illegal Data Address
16554;0;0;0x0000;02 Illegal Data Address
16555;0;0;0x0000;02 Illegal Data Address
16556;0;0;0x0000;02 Illegal Data Address
16557;0;0;0x0000;02 Illegal Data Address
16558;0;0;0x0000;02 Illegal Data Address
16559;0;0;0x0000;02 Illegal Data Address
16560;0;0;0x0000;02 Illegal Data Address
16561;0;0;0x0000;02 Illegal Data Address
16562;0;0;0x0000;02 Illegal Data Address
16563;0;0;0x0000;02 Illegal Data Address
16564;0;0;0x0000;02 Illegal Data Address
16565;0;0;0x0000;02 Illegal Data Address
16566;0;0;0x0000;02 Illegal Data Address
16567;0;0;0x0000;02 Illegal Data Address
16568;0;0;0x0000;02 Illegal Data Address
16569;0;0;0x0000;02 Illegal Data Address
16570;0;0;0x0000;02 Illegal Data Address
16571;0;0;0x0000;02 Illegal Data Address
16572;0;0;0x0000;02 Illegal Data Address
16573;0;0;0x0000;02 Illegal Data Address
16574;0;0;0x0000;02 Illegal Data Address
16575;0;0;0x0000;02 Illegal Data Address
16576;0;0;0x0000;02 Illegal Data Address
16577;0;0;0x0000;02 Illegal Data Address
16578;0;0;0x0000;02 Illegal Data Address
16579;0;0;0x0000;02 Illegal Data Address
16580;0;0;0x0000;02 Illegal Data Address
16581;0;0;0x0000;02 Illegal Data Address
16582;0;0;0x0000;02 Illegal Data Address
16583;0;0;0x0000;02 Illegal Data Address
16584;0;0;0x0000;02 Illegal Data Address
16585;0;0;0x0000;02 Illegal Data Address
16586;0;0;0x0000;02 Illegal Data Address
16587;0;0;0x0000;02 Illegal Data Address
16588;0;0;0x0000;02 Illegal Data Address
16589;0;0;0x0000;02 Illegal Data Address
16590;0;0;0x0000;02 Illegal Data Address
16591;0;0;0x0000;02 Illegal Data Address
16592;0;0;0x0000;02 Illegal Data Address
16593;0;0;0x0000;02 Illegal Data Address
16594;0;0;0x0000;02 Illegal Data Address
16595;0;0;0x0000;02 Illegal Data Address
16596;0;0;0x0000;02 Illegal Data Address
16597;0;0;0x0000;02 Illegal Data Address
16598;0;0;0x0000;02 Illegal Data Address
16599;0;0;0x0000;02 Illegal Data Address
16600;0;0;0x0000;02 Illegal Data Address
16601;0;0;0x0000;02 Illegal Data Address
16602;0;0;0x0000;02 Illegal Data Address
16603;0;0;0x0000;02 Illegal Data Address
16604;0;0;0x0000;02 Illegal Data Address
16605;0;0;0x0000;02 Illegal Data Address
16606;0;0;0x0000;02 Illegal Data Address
16607;0;0;0x0000;02 Illegal Data Address
16608;0;0;0x0000;02 Illegal Data Address
16609;0;0;0x0000;02 Illegal Data Address
16610;0;0;0x0000;02 Illegal Data Address
16611;0;0;0x0000;02 Illegal Data Address
16612;0;0;0x0000;02 Illegal Data Address
16613;0;0;0x0000;02 Illegal Data Address
16614;0;0;0x0000;02 Illegal Data Address
16615;0;0;0x0000;02 Illegal Data Address
16616;0;0;0x0000;02 Illegal Data Address
16617;0;0;0x0000;02 Illegal Data Address
16618;0;0;0x0000;02 Illegal Data Address
16619;0;0;0x0000;02 Illegal Data Address
16620;0;0;0x0000;02 Illegal Data Address
16621;0;0;0x0000;02 Illegal Data Address
16622;0;0;0x0000;02 Illegal Data Address
16623;0;0;0x0000;02 Illegal Data Address
16624;0;0;0x0000;02 Illegal Data Address
16625;0;0;0x0000;02 Illegal Data Address
16626;0;0;0x0000;02 Illegal Data Address
16627;0;0;0x0000;02 Illegal Data Address
16628;0;0;0x0000;02 Illegal Data Address
16629;0;0;0x0000;02 Illegal Data Address
16630;0;0;0x0000;02 Illegal Data Address
16631;0;0;0x0000;02 Illegal Data Address
16632;0;0;0x0000;02 Illegal Data Address
16633;0;0;0x0000;02 Illegal Data Address
16634;0;0;0x0000;02 Illegal Data Address
16635;0;0;0x0000;02 Illegal Data Address
16636;0;0;0x0000;02 Illegal Data Address
16637;0;0;0x0000;02 Illegal Data Address
16638;0;0;0x0000;02 Illegal Data Address
16639;0;0;0x0000;02 Illegal Data Address
16640;0;0;0x0000;02 Illegal Data Address
16641;0;0;0x0000;02 Illegal Data Address
16642;0;0;0x0000;02 Illegal Data Address
16643;0;0;0x0000;02 Illegal Data Address
16644;0;0;0x0000;02 Illegal Data Address
16645;0;0;0x0000;02 Illegal Data Address
16646;0;0;0x0000;02 Illegal Data Address
16647;0;0;0x0000;02 Illegal Data Address
16648;0;0;0x0000;02 Illegal Data Address
16649;0;0;0x0000;02 Illegal Data Address
16650;0;0;0x0000;02 Illegal Data Address
16651;0;0;0x0000;02 Illegal Data Address
16652;0;0;0x0000;02 Illegal Data Address
16653;0;0;0x0000;02 Illegal Data Address
16654;0;0;0x0000;02 Illegal Data Address
16655;0;0;0x0000;02 Illegal Data Address
16656;0;0;0x0000;02 Illegal Data Address
16657;0;0;0x0000;02 Illegal Data Address
16658;0;0;0x0000;02 Illegal Data Address
16659;0;0;0x0000;02 Illegal Data Address
16660;0;0;0x0000;02 Illegal Data Address
16661;0;0;0x0000;02 Illegal Data Address
16662;0;0;0x0000;02 Illegal Data Address
16663;0;0;0x0000;02 Illegal Data Address
16664;0;0;0x0000;02 Illegal Data Address
16665;0;0;0x0000;02 Illegal Data Address
16666;0;0;0x0000;02 Illegal Data Address
16667;0;0;0x0000;02 Illegal Data Address
16668;0;0;0x0000;02 Illegal Data Address
16669;0;0;0x0000;02 Illegal Data Address
16670;0;0;0x0000;02 Illegal Data Address
16671;0;0;0x0000;02 Illegal Data Address
16672;0;0;0x0000;02 Illegal Data Address
16673;0;0;0x0000;02 Illegal Data Address
16674;0;0;0x0000;02 Illegal Data Address
16675;0;0;0x0000;02 Illegal Data Address
16676;0;0;0x0000;02 Illegal Data Address
16677;0;0;0x0000;02 Illegal Data Address
16678;0;0;0x0000;02 Illegal Data Address
16679;0;0;0x0000;02 Illegal Data Address
16680;0;0;0x0000;02 Illegal Data Address
16681;0;0;0x0000;02 Illegal Data Address
16682;0;0;0x0000;02 Illegal Data Address
16683;0;0;0x0000;02 Illegal Data Address
16684;0;0;0x0000;02 Illegal Data Address
16685;0;0;0x0000;02 Illegal Data Address
16686;0;0;0x0000;02 Illegal Data Address
16687;0;0;0x0000;02 Illegal Data Address
16688;0;0;0x0000;02 Illegal Data Address
16689;0;0;0x0000;02 Illegal Data Address
16690;0;0;0x0000;02 Illegal Data Address
16691;0;0;0x0000;02 Illegal Data Address
16692;0;0;0x0000;02 Illegal Data Address
16693;0;0;0x0000;02 Illegal Data Address
16694;0;0;0x0000;02 Illegal Data Address
16695;0;0;0x0000;02 Illegal Data Address
16696;0;0;0x0000;02 Illegal Data Address
16697;0;0;0x0000;02 Illegal Data Address
16698;0;0;0x0000;02 Illegal Data Address
16699;0;0;0x0000;02 Illegal Data Address
16700;0;0;0x0000;02 Illegal Data Address
16701;0;0;0x0000;02 Illegal Data Address
16702;0;0;0x0000;02 Illegal Data Address
16703;0;0;0x0000;02 Illegal Data Address
16704;0;0;0x0000;02 Illegal Data Address
16705;0;0;0x0000;02 Illegal Data Address
16706;0;0;0x0000;02 Illegal Data Address
16707;0;0;0x0000;02 Illegal Data Address
16708;0;0;0x0000;02 Illegal Data Address
16709;0;0;0x0000;02 Illegal Data Address
16710;0;0;0x0000;02 Illegal Data Address
16711;0;0;0x0000;02 Illegal Data Address
16712;0;0;0x0000;02 Illegal Data Address
16713;0;0;0x0000;02 Illegal Data Address
16714;0;0;0x0000;02 Illegal Data Address
16715;0;0;0x0000;02 Illegal Data Address
16716;0;0;0x0000;02 Illegal Data Address
16717;0;0;0x0000;02 Illegal Data Address
16718;0;0;0x0000;02 Illegal Data Address
16719;0;0;0x0000;02 Illegal Data Address
16720;0;0;0x0000;02 Illegal Data Address
16721;0;0;0x0000;02 Illegal Data Address
16722;0;0;0x0000;02 Illegal Data Address
16723;0;0;0x0000;02 Illegal Data Address
16724;0;0;0x0000;02 Illegal Data Address
16725;0;0;0x0000;02 Illegal Data Address
16726;0;0;0x0000;02 Illegal Data Address
16727;0;0;0x0000;02 Illegal Data Address
16728;0;0;0x0000;02 Illegal Data Address
16729;0;0;0x0000;02 Illegal Data Address
16730;0;0;0x0000;02 Illegal Data Address
16731;0;0;0x0000;02 Illegal Data Address
16732;0;0;0x0000;02 Illegal Data Address
16733;0;0;0x0000;02 Illegal Data Address
16734;0;0;0x0000;02 Illegal Data Address
16735;0;0;0x0000;02 Illegal Data Address
16736;0;0;0x0000;02 Illegal Data Address
16737;0;0;0x0000;02 Illegal Data Address
16738;0;0;0x0000;02 Illegal Data Address
16739;0;0;0x0000;02 Illegal Data Address
16740;0;0;0x0000;02 Illegal Data Address
16741;0;0;0x0000;02 Illegal Data Address
16742;0;0;0x0000;02 Illegal Data Address
16743;0;0;0x0000;02 Illegal Data Address
16744;0;0;0x0000;02 Illegal Data Address
16745;0;0;0x0000;02 Illegal Data Address
16746;0;0;0x0000;02 Illegal Data Address
16747;0;0;0x0000;02 Illegal Data Address
16748;0;0;0x0000;02 Illegal Data Address
16749;0;0;0x0000;02 Illegal Data Address
16750;0;0;0x0000;02 Illegal Data Address
16751;0;0;0x0000;02 Illegal Data Address
16752;0;0;0x0000;02 Illegal Data Address
16753;0;0;0x0000;02 Illegal Data Address
16754;0;0;0x0000;02 Illegal Data Address
16755;0;0;0x0000;02 Illegal Data Address
16756;0;0;0x0000;02 Illegal Data Address
16757;0;0;0x0000;02 Illegal Data Address
16758;0;0;0x0000;02 Illegal Data Address
16759;0;0;0x0000;02 Illegal Data Address
16760;0;0;0x0000;02 Illegal Data Address
16761;0;0;0x0000;02 Illegal Data Address
16762;0;0;0x0000;02 Illegal Data Address
16763;0;0;0x0000;02 Illegal Data Address
16764;0;0;0x0000;02 Illegal Data Address
16765;0;0;0x0000;02 Illegal Data Address
16766;0;0;0x0000;02 Illegal Data Address
16767;0;0;0x0000;02 Illegal Data Address
16768;0;0;0x0000;02 Illegal Data Address
16769;0;0;0x0000;02 Illegal Data Address
16770;0;0;0x0000;02 Illegal Data Address
16771;0;0;0x0000;02 Illegal Data Address
16772;0;0;0x0000;02 Illegal Data Address
16773;0;0;0x0000;02 Illegal Data Address
16774;0;0;0x0000;02 Illegal Data Address
16775;0;0;0x0000;02 Illegal Data Address
16776;0;0;0x0000;02 Illegal Data Address
16777;0;0;0x0000;02 Illegal Data Address
16778;0;0;0x0000;02 Illegal Data Address
16779;0;0;0x0000;02 Illegal Data Address
16780;0;0;0x0000;02 Illegal Data Address
16781;0;0;0x0000;02 Illegal Data Address
16782;0;0;0x0000;02 Illegal Data Address
16783;0;0;0x0000;02 Illegal Data Address
16784;0;0;0x0000;02 Illegal Data Address
16785;0;0;0x0000;02 Illegal Data Address
16786;0;0;0x0000;02 Illegal Data Address
16787;0;0;0x0000;02 Illegal Data Address
16788;0;0;0x0000;02 Illegal Data Address
16789;0;0;0x0000;02 Illegal Data Address
16790;0;0;0x0000;02 Illegal Data Address
16791;0;0;0x0000;02 Illegal Data Address
16792;0;0;0x0000;02 Illegal Data Address
16793;0;0;0x0000;02 Illegal Data Address
16794;0;0;0x0000;02 Illegal Data Address
16795;0;0;0x0000;02 Illegal Data Address
16796;0;0;0x0000;02 Illegal Data Address
16797;0;0;0x0000;02 Illegal Data Address
16798;0;0;0x0000;02 Illegal Data Address
16799;0;0;0x0000;02 Illegal Data Address
16800;0;0;0x0000;02 Illegal Data Address
16801;0;0;0x0000;02 Illegal Data Address
16802;0;0;0x0000;02 Illegal Data Address
16803;0;0;0x0000;02 Illegal Data Address
16804;0;0;0x0000;02 Illegal Data Address
16805;0;0;0x0000;02 Illegal Data Address
16806;0;0;0x0000;02 Illegal Data Address
16807;0;0;0x0000;02 Illegal Data Address
16808;0;0;0x0000;02 Illegal Data Address
16809;0;0;0x0000;02 Illegal Data Address
16810;0;0;0x0000;02 Illegal Data Address
16811;0;0;0x0000;02 Illegal Data Address
16812;0;0;0x0000;02 Illegal Data Address
16813;0;0;0x0000;02 Illegal Data Address
16814;0;0;0x0000;02 Illegal Data Address
16815;0;0;0x0000;02 Illegal Data Address
16816;0;0;0x0000;02 Illegal Data Address
16817;0;0;0x0000;02 Illegal Data Address
16818;0;0;0x0000;02 Illegal Data Address
16819;0;0;0x0000;02 Illegal Data Address
16820;0;0;0x0000;02 Illegal Data Address
16821;0;0;0x0000;02 Illegal Data Address
16822;0;0;0x0000;02 Illegal Data Address
16823;0;0;0x0000;02 Illegal Data Address
16824;0;0;0x0000;02 Illegal Data Address
16825;0;0;0x0000;02 Illegal Data Address
16826;0;0;0x0000;02 Illegal Data Address
16827;0;0;0x0000;02 Illegal Data Address
16828;0;0;0x0000;02 Illegal Data Address
16829;0;0;0x0000;02 Illegal Data Address
16830;0;0;0x0000;02 Illegal Data Address
16831;0;0;0x0000;02 Illegal Data Address
16832;0;0;0x0000;02 Illegal Data Address
16833;0;0;0x0000;02 Illegal Data Address
16834;0;0;0x0000;02 Illegal Data Address
16835;0;0;0x0000;02 Illegal Data Address
16836;0;0;0x0000;02 Illegal Data Address
16837;0;0;0x0000;02 Illegal Data Address
16838;0;0;0x0000;02 Illegal Data Address
16839;0;0;0x0000;02 Illegal Data Address
16840;0;0;0x0000;02 Illegal Data Address
16841;0;0;0x0000;02 Illegal Data Address
16842;0;0;0x0000;02 Illegal Data Address
16843;0;0;0x0000;02 Illegal Data Address
16844;0;0;0x0000;02 Illegal Data Address
16845;0;0;0x0000;02 Illegal Data Address
16846;0;0;0x0000;02 Illegal Data Address
16847;0;0;0x0000;02 Illegal Data Address
16848;0;0;0x0000;02 Illegal Data Address
16849;0;0;0x0000;02 Illegal Data Address
16850;0;0;0x0000;02 Illegal Data Address
16851;0;0;0x0000;02 Illegal Data Address
16852;0;0;0x0000;02 Illegal Data Address
16853;0;0;0x0000;02 Illegal Data Address
16854;0;0;0x0000;02 Illegal Data Address
16855;0;0;0x0000;02 Illegal Data Address
16856;0;0;0x0000;02 Illegal Data Address
16857;0;0;0x0000;02 Illegal Data Address
16858;0;0;0x0000;02 Illegal Data Address
16859;0;0;0x0000;02 Illegal Data Address
16860;0;0;0x0000;02 Illegal Data Address
16861;0;0;0x0000;02 Illegal Data Address
16862;0;0;0x0000;02 Illegal Data Address
16863;0;0;0x0000;02 Illegal Data Address
16864;0;0;0x0000;02 Illegal Data Address
16865;0;0;0x0000;02 Illegal Data Address
16866;0;0;0x0000;02 Illegal Data Address
16867;0;0;0x0000;02 Illegal Data Address
16868;0;0;0x0000;02 Illegal Data Address
16869;0;0;0x0000;02 Illegal Data Address
16870;0;0;0x0000;02 Illegal Data Address
16871;0;0;0x0000;02 Illegal Data Address
16872;0;0;0x0000;02 Illegal Data Address
16873;0;0;0x0000;02 Illegal Data Address
16874;0;0;0x0000;02 Illegal Data Address
16875;0;0;0x0000;02 Illegal Data Address
16876;0;0;0x0000;02 Illegal Data Address
16877;0;0;0x0000;02 Illegal Data Address
16878;0;0;0x0000;02 Illegal Data Address
16879;0;0;0x0000;02 Illegal Data Address
16880;0;0;0x0000;02 Illegal Data Address
16881;0;0;0x0000;02 Illegal Data Address
16882;0;0;0x0000;02 Illegal Data Address
16883;0;0;0x0000;02 Illegal Data Address
16884;0;0;0x0000;02 Illegal Data Address
16885;0;0;0x0000;02 Illegal Data Address
16886;0;0;0x0000;02 Illegal Data Address
16887;0;0;0x0000;02 Illegal Data Address
16888;0;0;0x0000;02 Illegal Data Address
16889;0;0;0x0000;02 Illegal Data Address
16890;0;0;0x0000;02 Illegal Data Address
16891;0;0;0x0000;02 Illegal Data Address
16892;0;0;0x0000;02 Illegal Data Address
16893;0;0;0x0000;02 Illegal Data Address
16894;0;0;0x0000;02 Illegal Data Address
16895;0;0;0x0000;02 Illegal Data Address
16896;0;0;0x0000;02 Illegal Data Address
16897;0;0;0x0000;02 Illegal Data Address
16898;0;0;0x0000;02 Illegal Data Address
16899;0;0;0x0000;02 Illegal Data Address
16900;0;0;0x0000;02 Illegal Data Address
16901;0;0;0x0000;02 Illegal Data Address
16902;0;0;0x0000;02 Illegal Data Address
16903;0;0;0x0000;02 Illegal Data Address
16904;0;0;0x0000;02 Illegal Data Address
16905;0;0;0x0000;02 Illegal Data Address
16906;0;0;0x0000;02 Illegal Data Address
16907;0;0;0x0000;02 Illegal Data Address
16908;0;0;0x0000;02 Illegal Data Address
16909;0;0;0x0000;02 Illegal Data Address
16910;0;0;0x0000;02 Illegal Data Address
16911;0;0;0x0000;02 Illegal Data Address
16912;0;0;0x0000;02 Illegal Data Address
16913;0;0;0x0000;02 Illegal Data Address
16914;0;0;0x0000;02 Illegal Data Address
16915;0;0;0x0000;02 Illegal Data Address
16916;0;0;0x0000;02 Illegal Data Address
16917;0;0;0x0000;02 Illegal Data Address
16918;0;0;0x0000;02 Illegal Data Address
16919;0;0;0x0000;02 Illegal Data Address
16920;0;0;0x0000;02 Illegal Data Address
16921;0;0;0x0000;02 Illegal Data Address
16922;0;0;0x0000;02 Illegal Data Address
16923;0;0;0x0000;02 Illegal Data Address
16924;0;0;0x0000;02 Illegal Data Address
16925;0;0;0x0000;02 Illegal Data Address
16926;0;0;0x0000;02 Illegal Data Address
16927;0;0;0x0000;02 Illegal Data Address
16928;0;0;0x0000;02 Illegal Data Address
16929;0;0;0x0000;02 Illegal Data Address
16930;0;0;0x0000;02 Illegal Data Address
16931;0;0;0x0000;02 Illegal Data Address
16932;0;0;0x0000;02 Illegal Data Address
16933;0;0;0x0000;02 Illegal Data Address
16934;0;0;0x0000;02 Illegal Data Address
16935;0;0;0x0000;02 Illegal Data Address
16936;0;0;0x0000;02 Illegal Data Address
16937;0;0;0x0000;02 Illegal Data Address
16938;0;0;0x0000;02 Illegal Data Address
16939;0;0;0x0000;02 Illegal Data Address
16940;0;0;0x0000;02 Illegal Data Address
16941;0;0;0x0000;02 Illegal Data Address
16942;0;0;0x0000;02 Illegal Data Address
16943;0;0;0x0000;02 Illegal Data Address
16944;0;0;0x0000;02 Illegal Data Address
16945;0;0;0x0000;02 Illegal Data Address
16946;0;0;0x0000;02 Illegal Data Address
16947;0;0;0x0000;02 Illegal Data Address
16948;0;0;0x0000;02 Illegal Data Address
16949;0;0;0x0000;02 Illegal Data Address
16950;0;0;0x0000;02 Illegal Data Address
16951;0;0;0x0000;02 Illegal Data Address
16952;0;0;0x0000;02 Illegal Data Address
16953;0;0;0x0000;02 Illegal Data Address
16954;0;0;0x0000;02 Illegal Data Address
16955;0;0;0x0000;02 Illegal Data Address
16956;0;0;0x0000;02 Illegal Data Address
16957;0;0;0x0000;02 Illegal Data Address
16958;0;0;0x0000;02 Illegal Data Address
16959;0;0;0x0000;02 Illegal Data Address
16960;0;0;0x0000;02 Illegal Data Address
16961;0;0;0x0000;02 Illegal Data Address
16962;0;0;0x0000;02 Illegal Data Address
16963;0;0;0x0000;02 Illegal Data Address
16964;0;0;0x0000;02 Illegal Data Address
16965;0;0;0x0000;02 Illegal Data Address
16966;0;0;0x0000;02 Illegal Data Address
16967;0;0;0x0000;02 Illegal Data Address
16968;0;0;0x0000;02 Illegal Data Address
16969;0;0;0x0000;02 Illegal Data Address
16970;0;0;0x0000;02 Illegal Data Address
16971;0;0;0x0000;02 Illegal Data Address
16972;0;0;0x0000;02 Illegal Data Address
16973;0;0;0x0000;02 Illegal Data Address
16974;0;0;0x0000;02 Illegal Data Address
16975;0;0;0x0000;02 Illegal Data Address
16976;0;0;0x0000;02 Illegal Data Address
16977;0;0;0x0000;02 Illegal Data Address
16978;0;0;0x0000;02 Illegal Data Address
16979;0;0;0x0000;02 Illegal Data Address
16980;0;0;0x0000;02 Illegal Data Address
16981;0;0;0x0000;02 Illegal Data Address
16982;0;0;0x0000;02 Illegal Data Address
16983;0;0;0x0000;02 Illegal Data Address
16984;0;0;0x0000;02 Illegal Data Address
16985;0;0;0x0000;02 Illegal Data Address
16986;0;0;0x0000;02 Illegal Data Address
16987;0;0;0x0000;02 Illegal Data Address
16988;0;0;0x0000;02 Illegal Data Address
16989;0;0;0x0000;02 Illegal Data Address
16990;0;0;0x0000;02 Illegal Data Address
16991;0;0;0x0000;02 Illegal Data Address
16992;0;0;0x0000;02 Illegal Data Address
16993;0;0;0x0000;02 Illegal Data Address
16994;0;0;0x0000;02 Illegal Data Address
16995;0;0;0x0000;02 Illegal Data Address
16996;0;0;0x0000;02 Illegal Data Address
16997;0;0;0x0000;02 Illegal Data Address
16998;0;0;0x0000;02 Illegal Data Address
16999;0;0;0x0000;02 Illegal Data Address
17000;0;0;0x0000;02 Illegal Data Address
17001;0;0;0x0000;02 Illegal Data Address
17002;0;0;0x0000;02 Illegal Data Address
17003;0;0;0x0000;02 Illegal Data Address
17004;0;0;0x0000;02 Illegal Data Address
17005;0;0;0x0000;02 Illegal Data Address
17006;0;0;0x0000;02 Illegal Data Address
17007;0;0;0x0000;02 Illegal Data Address
17008;0;0;0x0000;02 Illegal Data Address
17009;0;0;0x0000;02 Illegal Data Address
17010;0;0;0x0000;02 Illegal Data Address
17011;0;0;0x0000;02 Illegal Data Address
17012;0;0;0x0000;02 Illegal Data Address
17013;0;0;0x0000;02 Illegal Data Address
17014;0;0;0x0000;02 Illegal Data Address
17015;0;0;0x0000;02 Illegal Data Address
17016;0;0;0x0000;02 Illegal Data Address
17017;0;0;0x0000;02 Illegal Data Address
17018;0;0;0x0000;02 Illegal Data Address
17019;0;0;0x0000;02 Illegal Data Address
17020;0;0;0x0000;02 Illegal Data Address
17021;0;0;0x0000;02 Illegal Data Address
17022;0;0;0x0000;02 Illegal Data Address
17023;0;0;0x0000;02 Illegal Data Address
17024;0;0;0x0000;02 Illegal Data Address
17025;0;0;0x0000;02 Illegal Data Address
17026;0;0;0x0000;02 Illegal Data Address
17027;0;0;0x0000;02 Illegal Data Address
17028;0;0;0x0000;02 Illegal Data Address
17029;0;0;0x0000;02 Illegal Data Address
17030;0;0;0x0000;02 Illegal Data Address
17031;0;0;0x0000;02 Illegal Data Address
17032;0;0;0x0000;02 Illegal Data Address
17033;0;0;0x0000;02 Illegal Data Address
17034;0;0;0x0000;02 Illegal Data Address
17035;0;0;0x0000;02 Illegal Data Address
17036;0;0;0x0000;02 Illegal Data Address
17037;0;0;0x0000;02 Illegal Data Address
17038;0;0;0x0000;02 Illegal Data Address
17039;0;0;0x0000;02 Illegal Data Address
17040;0;0;0x0000;02 Illegal Data Address
17041;0;0;0x0000;02 Illegal Data Address
17042;0;0;0x0000;02 Illegal Data Address
17043;0;0;0x0000;02 Illegal Data Address
17044;0;0;0x0000;02 Illegal Data Address
17045;0;0;0x0000;02 Illegal Data Address
17046;0;0;0x0000;02 Illegal Data Address
17047;0;0;0x0000;02 Illegal Data Address
17048;0;0;0x0000;02 Illegal Data Address
17049;0;0;0x0000;02 Illegal Data Address
17050;0;0;0x0000;02 Illegal Data Address
17051;0;0;0x0000;02 Illegal Data Address
17052;0;0;0x0000;02 Illegal Data Address
17053;0;0;0x0000;02 Illegal Data Address
17054;0;0;0x0000;02 Illegal Data Address
17055;0;0;0x0000;02 Illegal Data Address
17056;0;0;0x0000;02 Illegal Data Address
17057;0;0;0x0000;02 Illegal Data Address
17058;0;0;0x0000;02 Illegal Data Address
17059;0;0;0x0000;02 Illegal Data Address
17060;0;0;0x0000;02 Illegal Data Address
17061;0;0;0x0000;02 Illegal Data Address
17062;0;0;0x0000;02 Illegal Data Address
17063;0;0;0x0000;02 Illegal Data Address
17064;0;0;0x0000;02 Illegal Data Address
17065;0;0;0x0000;02 Illegal Data Address
17066;0;0;0x0000;02 Illegal Data Address
17067;0;0;0x0000;02 Illegal Data Address
17068;0;0;0x0000;02 Illegal Data Address
17069;0;0;0x0000;02 Illegal Data Address
17070;0;0;0x0000;02 Illegal Data Address
17071;0;0;0x0000;02 Illegal Data Address
17072;0;0;0x0000;02 Illegal Data Address
17073;0;0;0x0000;02 Illegal Data Address
17074;0;0;0x0000;02 Illegal Data Address
17075;0;0;0x0000;02 Illegal Data Address
17076;0;0;0x0000;02 Illegal Data Address
17077;0;0;0x0000;02 Illegal Data Address
17078;0;0;0x0000;02 Illegal Data Address
17079;0;0;0x0000;02 Illegal Data Address
17080;0;0;0x0000;02 Illegal Data Address
17081;0;0;0x0000;02 Illegal Data Address
17082;0;0;0x0000;02 Illegal Data Address
17083;0;0;0x0000;02 Illegal Data Address
17084;0;0;0x0000;02 Illegal Data Address
17085;0;0;0x0000;02 Illegal Data Address
17086;0;0;0x0000;02 Illegal Data Address
17087;0;0;0x0000;02 Illegal Data Address
17088;0;0;0x0000;02 Illegal Data Address
17089;0;0;0x0000;02 Illegal Data Address
17090;0;0;0x0000;02 Illegal Data Address
17091;0;0;0x0000;02 Illegal Data Address
17092;0;0;0x0000;02 Illegal Data Address
17093;0;0;0x0000;02 Illegal Data Address
17094;0;0;0x0000;02 Illegal Data Address
17095;0;0;0x0000;02 Illegal Data Address
17096;0;0;0x0000;02 Illegal Data Address
17097;0;0;0x0000;02 Illegal Data Address
17098;0;0;0x0000;02 Illegal Data Address
17099;0;0;0x0000;02 Illegal Data Address
17100;0;0;0x0000;02 Illegal Data Address
17101;0;0;0x0000;02 Illegal Data Address
17102;0;0;0x0000;02 Illegal Data Address
17103;0;0;0x0000;02 Illegal Data Address
17104;0;0;0x0000;02 Illegal Data Address
17105;0;0;0x0000;02 Illegal Data Address
17106;0;0;0x0000;02 Illegal Data Address
17107;0;0;0x0000;02 Illegal Data Address
17108;0;0;0x0000;02 Illegal Data Address
17109;0;0;0x0000;02 Illegal Data Address
17110;0;0;0x0000;02 Illegal Data Address
17111;0;0;0x0000;02 Illegal Data Address
17112;0;0;0x0000;02 Illegal Data Address
17113;0;0;0x0000;02 Illegal Data Address
17114;0;0;0x0000;02 Illegal Data Address
17115;0;0;0x0000;02 Illegal Data Address
17116;0;0;0x0000;02 Illegal Data Address
17117;0;0;0x0000;02 Illegal Data Address
17118;0;0;0x0000;02 Illegal Data Address
17119;0;0;0x0000;02 Illegal Data Address
17120;0;0;0x0000;02 Illegal Data Address
17121;0;0;0x0000;02 Illegal Data Address
17122;0;0;0x0000;02 Illegal Data Address
17123;0;0;0x0000;02 Illegal Data Address
17124;0;0;0x0000;02 Illegal Data Address
17125;0;0;0x0000;02 Illegal Data Address
17126;0;0;0x0000;02 Illegal Data Address
17127;0;0;0x0000;02 Illegal Data Address
17128;0;0;0x0000;02 Illegal Data Address
17129;0;0;0x0000;02 Illegal Data Address
17130;0;0;0x0000;02 Illegal Data Address
17131;0;0;0x0000;02 Illegal Data Address
17132;0;0;0x0000;02 Illegal Data Address
17133;0;0;0x0000;02 Illegal Data Address
17134;0;0;0x0000;02 Illegal Data Address
17135;0;0;0x0000;02 Illegal Data Address
17136;0;0;0x0000;02 Illegal Data Address
17137;0;0;0x0000;02 Illegal Data Address
17138;0;0;0x0000;02 Illegal Data Address
17139;0;0;0x0000;02 Illegal Data Address
17140;0;0;0x0000;02 Illegal Data Address
17141;0;0;0x0000;02 Illegal Data Address
17142;0;0;0x0000;02 Illegal Data Address
17143;0;0;0x0000;02 Illegal Data Address
17144;0;0;0x0000;02 Illegal Data Address
17145;0;0;0x0000;02 Illegal Data Address
17146;0;0;0x0000;02 Illegal Data Address
17147;0;0;0x0000;02 Illegal Data Address
17148;0;0;0x0000;02 Illegal Data Address
17149;0;0;0x0000;02 Illegal Data Address
17150;0;0;0x0000;02 Illegal Data Address
17151;0;0;0x0000;02 Illegal Data Address
17152;0;0;0x0000;02 Illegal Data Address
17153;0;0;0x0000;02 Illegal Data Address
17154;0;0;0x0000;02 Illegal Data Address
17155;0;0;0x0000;02 Illegal Data Address
17156;0;0;0x0000;02 Illegal Data Address
17157;0;0;0x0000;02 Illegal Data Address
17158;0;0;0x0000;02 Illegal Data Address
17159;0;0;0x0000;02 Illegal Data Address
17160;0;0;0x0000;02 Illegal Data Address
17161;0;0;0x0000;02 Illegal Data Address
17162;0;0;0x0000;02 Illegal Data Address
17163;0;0;0x0000;02 Illegal Data Address
17164;0;0;0x0000;02 Illegal Data Address
17165;0;0;0x0000;02 Illegal Data Address
17166;0;0;0x0000;02 Illegal Data Address
17167;0;0;0x0000;02 Illegal Data Address
17168;0;0;0x0000;02 Illegal Data Address
17169;0;0;0x0000;02 Illegal Data Address
17170;0;0;0x0000;02 Illegal Data Address
17171;0;0;0x0000;02 Illegal Data Address
17172;0;0;0x0000;02 Illegal Data Address
17173;0;0;0x0000;02 Illegal Data Address
17174;0;0;0x0000;02 Illegal Data Address
17175;0;0;0x0000;02 Illegal Data Address
17176;0;0;0x0000;02 Illegal Data Address
17177;0;0;0x0000;02 Illegal Data Address
17178;0;0;0x0000;02 Illegal Data Address
17179;0;0;0x0000;02 Illegal Data Address
17180;0;0;0x0000;02 Illegal Data Address
17181;0;0;0x0000;02 Illegal Data Address
17182;0;0;0x0000;02 Illegal Data Address
17183;0;0;0x0000;02 Illegal Data Address
17184;0;0;0x0000;02 Illegal Data Address
17185;0;0;0x0000;02 Illegal Data Address
17186;0;0;0x0000;02 Illegal Data Address
17187;0;0;0x0000;02 Illegal Data Address
17188;0;0;0x0000;02 Illegal Data Address
17189;0;0;0x0000;02 Illegal Data Address
17190;0;0;0x0000;02 Illegal Data Address
17191;0;0;0x0000;02 Illegal Data Address
17192;0;0;0x0000;02 Illegal Data Address
17193;0;0;0x0000;02 Illegal Data Address
17194;0;0;0x0000;02 Illegal Data Address
17195;0;0;0x0000;02 Illegal Data Address
17196;0;0;0x0000;02 Illegal Data Address
17197;0;0;0x0000;02 Illegal Data Address
17198;0;0;0x0000;02 Illegal Data Address
17199;0;0;0x0000;02 Illegal Data Address
17200;0;0;0x0000;02 Illegal Data Address
17201;0;0;0x0000;02 Illegal Data Address
17202;0;0;0x0000;02 Illegal Data Address
17203;0;0;0x0000;02 Illegal Data Address
17204;0;0;0x0000;02 Illegal Data Address
17205;0;0;0x0000;02 Illegal Data Address
17206;0;0;0x0000;02 Illegal Data Address
17207;0;0;0x0000;02 Illegal Data Address
17208;0;0;0x0000;02 Illegal Data Address
17209;0;0;0x0000;02 Illegal Data Address
17210;0;0;0x0000;02 Illegal Data Address
17211;0;0;0x0000;02 Illegal Data Address
17212;0;0;0x0000;02 Illegal Data Address
17213;0;0;0x0000;02 Illegal Data Address
17214;0;0;0x0000;02 Illegal Data Address
17215;0;0;0x0000;02 Illegal Data Address
17216;0;0;0x0000;02 Illegal Data Address
17217;0;0;0x0000;02 Illegal Data Address
17218;0;0;0x0000;02 Illegal Data Address
17219;0;0;0x0000;02 Illegal Data Address
17220;0;0;0x0000;02 Illegal Data Address
17221;0;0;0x0000;02 Illegal Data Address
17222;0;0;0x0000;02 Illegal Data Address
17223;0;0;0x0000;02 Illegal Data Address
17224;0;0;0x0000;02 Illegal Data Address
17225;0;0;0x0000;02 Illegal Data Address
17226;0;0;0x0000;02 Illegal Data Address
17227;0;0;0x0000;02 Illegal Data Address
17228;0;0;0x0000;02 Illegal Data Address
17229;0;0;0x0000;02 Illegal Data Address
17230;0;0;0x0000;02 Illegal Data Address
17231;0;0;0x0000;02 Illegal Data Address
17232;0;0;0x0000;02 Illegal Data Address
17233;0;0;0x0000;02 Illegal Data Address
17234;0;0;0x0000;02 Illegal Data Address
17235;0;0;0x0000;02 Illegal Data Address
17236;0;0;0x0000;02 Illegal Data Address
17237;0;0;0x0000;02 Illegal Data Address
17238;0;0;0x0000;02 Illegal Data Address
17239;0;0;0x0000;02 Illegal Data Address
17240;0;0;0x0000;02 Illegal Data Address
17241;0;0;0x0000;02 Illegal Data Address
17242;0;0;0x0000;02 Illegal Data Address
17243;0;0;0x0000;02 Illegal Data Address
17244;0;0;0x0000;02 Illegal Data Address
17245;0;0;0x0000;02 Illegal Data Address
17246;0;0;0x0000;02 Illegal Data Address
17247;0;0;0x0000;02 Illegal Data Address
17248;0;0;0x0000;02 Illegal Data Address
17249;0;0;0x0000;02 Illegal Data Address
17250;0;0;0x0000;02 Illegal Data Address
17251;0;0;0x0000;02 Illegal Data Address
17252;0;0;0x0000;02 Illegal Data Address
17253;0;0;0x0000;02 Illegal Data Address
17254;0;0;0x0000;02 Illegal Data Address
17255;0;0;0x0000;02 Illegal Data Address
17256;0;0;0x0000;02 Illegal Data Address
17257;0;0;0x0000;02 Illegal Data Address
17258;0;0;0x0000;02 Illegal Data Address
17259;0;0;0x0000;02 Illegal Data Address
17260;0;0;0x0000;02 Illegal Data Address
17261;0;0;0x0000;02 Illegal Data Address
17262;0;0;0x0000;02 Illegal Data Address
17263;0;0;0x0000;02 Illegal Data Address
17264;0;0;0x0000;02 Illegal Data Address
17265;0;0;0x0000;02 Illegal Data Address
17266;0;0;0x0000;02 Illegal Data Address
17267;0;0;0x0000;02 Illegal Data Address
17268;0;0;0x0000;02 Illegal Data Address
17269;0;0;0x0000;02 Illegal Data Address
17270;0;0;0x0000;02 Illegal Data Address
17271;0;0;0x0000;02 Illegal Data Address
17272;0;0;0x0000;02 Illegal Data Address
17273;0;0;0x0000;02 Illegal Data Address
17274;0;0;0x0000;02 Illegal Data Address
17275;0;0;0x0000;02 Illegal Data Address
17276;0;0;0x0000;02 Illegal Data Address
17277;0;0;0x0000;02 Illegal Data Address
17278;0;0;0x0000;02 Illegal Data Address
17279;0;0;0x0000;02 Illegal Data Address
17280;0;0;0x0000;02 Illegal Data Address
17281;0;0;0x0000;02 Illegal Data Address
17282;0;0;0x0000;02 Illegal Data Address
17283;0;0;0x0000;02 Illegal Data Address
17284;0;0;0x0000;02 Illegal Data Address
17285;0;0;0x0000;02 Illegal Data Address
17286;0;0;0x0000;02 Illegal Data Address
17287;0;0;0x0000;02 Illegal Data Address
17288;0;0;0x0000;02 Illegal Data Address
17289;0;0;0x0000;02 Illegal Data Address
17290;0;0;0x0000;02 Illegal Data Address
17291;0;0;0x0000;02 Illegal Data Address
17292;0;0;0x0000;02 Illegal Data Address
17293;0;0;0x0000;02 Illegal Data Address
17294;0;0;0x0000;02 Illegal Data Address
17295;0;0;0x0000;02 Illegal Data Address
17296;0;0;0x0000;02 Illegal Data Address
17297;0;0;0x0000;02 Illegal Data Address
17298;0;0;0x0000;02 Illegal Data Address
17299;0;0;0x0000;02 Illegal Data Address
17300;0;0;0x0000;02 Illegal Data Address
17301;0;0;0x0000;02 Illegal Data Address
17302;0;0;0x0000;02 Illegal Data Address
17303;0;0;0x0000;02 Illegal Data Address
17304;0;0;0x0000;02 Illegal Data Address
17305;0;0;0x0000;02 Illegal Data Address
17306;0;0;0x0000;02 Illegal Data Address
17307;0;0;0x0000;02 Illegal Data Address
17308;0;0;0x0000;02 Illegal Data Address
17309;0;0;0x0000;02 Illegal Data Address
17310;0;0;0x0000;02 Illegal Data Address
17311;0;0;0x0000;02 Illegal Data Address
17312;0;0;0x0000;02 Illegal Data Address
17313;0;0;0x0000;02 Illegal Data Address
17314;0;0;0x0000;02 Illegal Data Address
17315;0;0;0x0000;02 Illegal Data Address
17316;0;0;0x0000;02 Illegal Data Address
17317;0;0;0x0000;02 Illegal Data Address
17318;0;0;0x0000;02 Illegal Data Address
17319;0;0;0x0000;02 Illegal Data Address
17320;0;0;0x0000;02 Illegal Data Address
17321;0;0;0x0000;02 Illegal Data Address
17322;0;0;0x0000;02 Illegal Data Address
17323;0;0;0x0000;02 Illegal Data Address
17324;0;0;0x0000;02 Illegal Data Address
17325;0;0;0x0000;02 Illegal Data Address
17326;0;0;0x0000;02 Illegal Data Address
17327;0;0;0x0000;02 Illegal Data Address
17328;0;0;0x0000;02 Illegal Data Address
17329;0;0;0x0000;02 Illegal Data Address
17330;0;0;0x0000;02 Illegal Data Address
17331;0;0;0x0000;02 Illegal Data Address
17332;0;0;0x0000;02 Illegal Data Address
17333;0;0;0x0000;02 Illegal Data Address
17334;0;0;0x0000;02 Illegal Data Address
17335;0;0;0x0000;02 Illegal Data Address
17336;0;0;0x0000;02 Illegal Data Address
17337;0;0;0x0000;02 Illegal Data Address
17338;0;0;0x0000;02 Illegal Data Address
17339;0;0;0x0000;02 Illegal Data Address
17340;0;0;0x0000;02 Illegal Data Address
17341;0;0;0x0000;02 Illegal Data Address
17342;0;0;0x0000;02 Illegal Data Address
17343;0;0;0x0000;02 Illegal Data Address
17344;0;0;0x0000;02 Illegal Data Address
17345;0;0;0x0000;02 Illegal Data Address
17346;0;0;0x0000;02 Illegal Data Address
17347;0;0;0x0000;02 Illegal Data Address
17348;0;0;0x0000;02 Illegal Data Address
17349;0;0;0x0000;02 Illegal Data Address
17350;0;0;0x0000;02 Illegal Data Address
17351;0;0;0x0000;02 Illegal Data Address
17352;0;0;0x0000;02 Illegal Data Address
17353;0;0;0x0000;02 Illegal Data Address
17354;0;0;0x0000;02 Illegal Data Address
17355;0;0;0x0000;02 Illegal Data Address
17356;0;0;0x0000;02 Illegal Data Address
17357;0;0;0x0000;02 Illegal Data Address
17358;0;0;0x0000;02 Illegal Data Address
17359;0;0;0x0000;02 Illegal Data Address
17360;0;0;0x0000;02 Illegal Data Address
17361;0;0;0x0000;02 Illegal Data Address
17362;0;0;0x0000;02 Illegal Data Address
17363;0;0;0x0000;02 Illegal Data Address
17364;0;0;0x0000;02 Illegal Data Address
17365;0;0;0x0000;02 Illegal Data Address
17366;0;0;0x0000;02 Illegal Data Address
17367;0;0;0x0000;02 Illegal Data Address
17368;0;0;0x0000;02 Illegal Data Address
17369;0;0;0x0000;02 Illegal Data Address
17370;0;0;0x0000;02 Illegal Data Address
17371;0;0;0x0000;02 Illegal Data Address
17372;0;0;0x0000;02 Illegal Data Address
17373;0;0;0x0000;02 Illegal Data Address
17374;0;0;0x0000;02 Illegal Data Address
17375;0;0;0x0000;02 Illegal Data Address
17376;0;0;0x0000;02 Illegal Data Address
17377;0;0;0x0000;02 Illegal Data Address
17378;0;0;0x0000;02 Illegal Data Address
17379;0;0;0x0000;02 Illegal Data Address
17380;0;0;0x0000;02 Illegal Data Address
17381;0;0;0x0000;02 Illegal Data Address
17382;0;0;0x0000;02 Illegal Data Address
17383;0;0;0x0000;02 Illegal Data Address
17384;0;0;0x0000;02 Illegal Data Address
17385;0;0;0x0000;02 Illegal Data Address
17386;0;0;0x0000;02 Illegal Data Address
17387;0;0;0x0000;02 Illegal Data Address
17388;0;0;0x0000;02 Illegal Data Address
17389;0;0;0x0000;02 Illegal Data Address
17390;0;0;0x0000;02 Illegal Data Address
17391;0;0;0x0000;02 Illegal Data Address
17392;0;0;0x0000;02 Illegal Data Address
17393;0;0;0x0000;02 Illegal Data Address
17394;0;0;0x0000;02 Illegal Data Address
17395;0;0;0x0000;02 Illegal Data Address
17396;0;0;0x0000;02 Illegal Data Address
17397;0;0;0x0000;02 Illegal Data Address
17398;0;0;0x0000;02 Illegal Data Address
17399;0;0;0x0000;02 Illegal Data Address
17400;0;0;0x0000;02 Illegal Data Address
17401;0;0;0x0000;02 Illegal Data Address
17402;0;0;0x0000;02 Illegal Data Address
17403;0;0;0x0000;02 Illegal Data Address
17404;0;0;0x0000;02 Illegal Data Address
17405;0;0;0x0000;02 Illegal Data Address
17406;0;0;0x0000;02 Illegal Data Address
17407;0;0;0x0000;02 Illegal Data Address
17408;0;0;0x0000;02 Illegal Data Address
17409;0;0;0x0000;02 Illegal Data Address
17410;0;0;0x0000;02 Illegal Data Address
17411;0;0;0x0000;02 Illegal Data Address
17412;0;0;0x0000;02 Illegal Data Address
17413;0;0;0x0000;02 Illegal Data Address
17414;0;0;0x0000;02 Illegal Data Address
17415;0;0;0x0000;02 Illegal Data Address
17416;0;0;0x0000;02 Illegal Data Address
17417;0;0;0x0000;02 Illegal Data Address
17418;0;0;0x0000;02 Illegal Data Address
17419;0;0;0x0000;02 Illegal Data Address
17420;0;0;0x0000;02 Illegal Data Address
17421;0;0;0x0000;02 Illegal Data Address
17422;0;0;0x0000;02 Illegal Data Address
17423;0;0;0x0000;02 Illegal Data Address
17424;0;0;0x0000;02 Illegal Data Address
17425;0;0;0x0000;02 Illegal Data Address
17426;0;0;0x0000;02 Illegal Data Address
17427;0;0;0x0000;02 Illegal Data Address
17428;0;0;0x0000;02 Illegal Data Address
17429;0;0;0x0000;02 Illegal Data Address
17430;0;0;0x0000;02 Illegal Data Address
17431;0;0;0x0000;02 Illegal Data Address
17432;0;0;0x0000;02 Illegal Data Address
17433;0;0;0x0000;02 Illegal Data Address
17434;0;0;0x0000;02 Illegal Data Address
17435;0;0;0x0000;02 Illegal Data Address
17436;0;0;0x0000;02 Illegal Data Address
17437;0;0;0x0000;02 Illegal Data Address
17438;0;0;0x0000;02 Illegal Data Address
17439;0;0;0x0000;02 Illegal Data Address
17440;0;0;0x0000;02 Illegal Data Address
17441;0;0;0x0000;02 Illegal Data Address
17442;0;0;0x0000;02 Illegal Data Address
17443;0;0;0x0000;02 Illegal Data Address
17444;0;0;0x0000;02 Illegal Data Address
17445;0;0;0x0000;02 Illegal Data Address
17446;0;0;0x0000;02 Illegal Data Address
17447;0;0;0x0000;02 Illegal Data Address
17448;0;0;0x0000;02 Illegal Data Address
17449;0;0;0x0000;02 Illegal Data Address
17450;0;0;0x0000;02 Illegal Data Address
17451;0;0;0x0000;02 Illegal Data Address
17452;0;0;0x0000;02 Illegal Data Address
17453;0;0;0x0000;02 Illegal Data Address
17454;0;0;0x0000;02 Illegal Data Address
17455;0;0;0x0000;02 Illegal Data Address
17456;0;0;0x0000;02 Illegal Data Address
17457;0;0;0x0000;02 Illegal Data Address
17458;0;0;0x0000;02 Illegal Data Address
17459;0;0;0x0000;02 Illegal Data Address
17460;0;0;0x0000;02 Illegal Data Address
17461;0;0;0x0000;02 Illegal Data Address
17462;0;0;0x0000;02 Illegal Data Address
17463;0;0;0x0000;02 Illegal Data Address
17464;0;0;0x0000;02 Illegal Data Address
17465;0;0;0x0000;02 Illegal Data Address
17466;0;0;0x0000;02 Illegal Data Address
17467;0;0;0x0000;02 Illegal Data Address
17468;0;0;0x0000;02 Illegal Data Address
17469;0;0;0x0000;02 Illegal Data Address
17470;0;0;0x0000;02 Illegal Data Address
17471;0;0;0x0000;02 Illegal Data Address
17472;0;0;0x0000;02 Illegal Data Address
17473;0;0;0x0000;02 Illegal Data Address
17474;0;0;0x0000;02 Illegal Data Address
17475;0;0;0x0000;02 Illegal Data Address
17476;0;0;0x0000;02 Illegal Data Address
17477;0;0;0x0000;02 Illegal Data Address
17478;0;0;0x0000;02 Illegal Data Address
17479;0;0;0x0000;02 Illegal Data Address
17480;0;0;0x0000;02 Illegal Data Address
17481;0;0;0x0000;02 Illegal Data Address
17482;0;0;0x0000;02 Illegal Data Address
17483;0;0;0x0000;02 Illegal Data Address
17484;0;0;0x0000;02 Illegal Data Address
17485;0;0;0x0000;02 Illegal Data Address
17486;0;0;0x0000;02 Illegal Data Address
17487;0;0;0x0000;02 Illegal Data Address
17488;0;0;0x0000;02 Illegal Data Address
17489;0;0;0x0000;02 Illegal Data Address
17490;0;0;0x0000;02 Illegal Data Address
17491;0;0;0x0000;02 Illegal Data Address
17492;0;0;0x0000;02 Illegal Data Address
17493;0;0;0x0000;02 Illegal Data Address
17494;0;0;0x0000;02 Illegal Data Address
17495;0;0;0x0000;02 Illegal Data Address
17496;0;0;0x0000;02 Illegal Data Address
17497;0;0;0x0000;02 Illegal Data Address
17498;0;0;0x0000;02 Illegal Data Address
17499;0;0;0x0000;02 Illegal Data Address
17500;0;0;0x0000;02 Illegal Data Address
17501;0;0;0x0000;02 Illegal Data Address
17502;0;0;0x0000;02 Illegal Data Address
17503;0;0;0x0000;02 Illegal Data Address
17504;0;0;0x0000;02 Illegal Data Address
17505;0;0;0x0000;02 Illegal Data Address
17506;0;0;0x0000;02 Illegal Data Address
17507;0;0;0x0000;02 Illegal Data Address
17508;0;0;0x0000;02 Illegal Data Address
17509;0;0;0x0000;02 Illegal Data Address
17510;0;0;0x0000;02 Illegal Data Address
17511;0;0;0x0000;02 Illegal Data Address
17512;0;0;0x0000;02 Illegal Data Address
17513;0;0;0x0000;02 Illegal Data Address
17514;0;0;0x0000;02 Illegal Data Address
17515;0;0;0x0000;02 Illegal Data Address
17516;0;0;0x0000;02 Illegal Data Address
17517;0;0;0x0000;02 Illegal Data Address
17518;0;0;0x0000;02 Illegal Data Address
17519;0;0;0x0000;02 Illegal Data Address
17520;0;0;0x0000;02 Illegal Data Address
17521;0;0;0x0000;02 Illegal Data Address
17522;0;0;0x0000;02 Illegal Data Address
17523;0;0;0x0000;02 Illegal Data Address
17524;0;0;0x0000;02 Illegal Data Address
17525;0;0;0x0000;02 Illegal Data Address
17526;0;0;0x0000;02 Illegal Data Address
17527;0;0;0x0000;02 Illegal Data Address
17528;0;0;0x0000;02 Illegal Data Address
17529;0;0;0x0000;02 Illegal Data Address
17530;0;0;0x0000;02 Illegal Data Address
17531;0;0;0x0000;02 Illegal Data Address
17532;0;0;0x0000;02 Illegal Data Address
17533;0;0;0x0000;02 Illegal Data Address
17534;0;0;0x0000;02 Illegal Data Address
17535;0;0;0x0000;02 Illegal Data Address
17536;0;0;0x0000;02 Illegal Data Address
17537;0;0;0x0000;02 Illegal Data Address
17538;0;0;0x0000;02 Illegal Data Address
17539;0;0;0x0000;02 Illegal Data Address
17540;0;0;0x0000;02 Illegal Data Address
17541;0;0;0x0000;02 Illegal Data Address
17542;0;0;0x0000;02 Illegal Data Address
17543;0;0;0x0000;02 Illegal Data Address
17544;0;0;0x0000;02 Illegal Data Address
17545;0;0;0x0000;02 Illegal Data Address
17546;0;0;0x0000;02 Illegal Data Address
17547;0;0;0x0000;02 Illegal Data Address
17548;0;0;0x0000;02 Illegal Data Address
17549;0;0;0x0000;02 Illegal Data Address
17550;0;0;0x0000;02 Illegal Data Address
17551;0;0;0x0000;02 Illegal Data Address
17552;0;0;0x0000;02 Illegal Data Address
17553;0;0;0x0000;02 Illegal Data Address
17554;0;0;0x0000;02 Illegal Data Address
17555;0;0;0x0000;02 Illegal Data Address
17556;0;0;0x0000;02 Illegal Data Address
17557;0;0;0x0000;02 Illegal Data Address
17558;0;0;0x0000;02 Illegal Data Address
17559;0;0;0x0000;02 Illegal Data Address
17560;0;0;0x0000;02 Illegal Data Address
17561;0;0;0x0000;02 Illegal Data Address
17562;0;0;0x0000;02 Illegal Data Address
17563;0;0;0x0000;02 Illegal Data Address
17564;0;0;0x0000;02 Illegal Data Address
17565;0;0;0x0000;02 Illegal Data Address
17566;0;0;0x0000;02 Illegal Data Address
17567;0;0;0x0000;02 Illegal Data Address
17568;0;0;0x0000;02 Illegal Data Address
17569;0;0;0x0000;02 Illegal Data Address
17570;0;0;0x0000;02 Illegal Data Address
17571;0;0;0x0000;02 Illegal Data Address
17572;0;0;0x0000;02 Illegal Data Address
17573;0;0;0x0000;02 Illegal Data Address
17574;0;0;0x0000;02 Illegal Data Address
17575;0;0;0x0000;02 Illegal Data Address
17576;0;0;0x0000;02 Illegal Data Address
17577;0;0;0x0000;02 Illegal Data Address
17578;0;0;0x0000;02 Illegal Data Address
17579;0;0;0x0000;02 Illegal Data Address
17580;0;0;0x0000;02 Illegal Data Address
17581;0;0;0x0000;02 Illegal Data Address
17582;0;0;0x0000;02 Illegal Data Address
17583;0;0;0x0000;02 Illegal Data Address
17584;0;0;0x0000;02 Illegal Data Address
17585;0;0;0x0000;02 Illegal Data Address
17586;0;0;0x0000;02 Illegal Data Address
17587;0;0;0x0000;02 Illegal Data Address
17588;0;0;0x0000;02 Illegal Data Address
17589;0;0;0x0000;02 Illegal Data Address
17590;0;0;0x0000;02 Illegal Data Address
17591;0;0;0x0000;02 Illegal Data Address
17592;0;0;0x0000;02 Illegal Data Address
17593;0;0;0x0000;02 Illegal Data Address
17594;0;0;0x0000;02 Illegal Data Address
17595;0;0;0x0000;02 Illegal Data Address
17596;0;0;0x0000;02 Illegal Data Address
17597;0;0;0x0000;02 Illegal Data Address
17598;0;0;0x0000;02 Illegal Data Address
17599;0;0;0x0000;02 Illegal Data Address
17600;0;0;0x0000;02 Illegal Data Address
17601;0;0;0x0000;02 Illegal Data Address
17602;0;0;0x0000;02 Illegal Data Address
17603;0;0;0x0000;02 Illegal Data Address
17604;0;0;0x0000;02 Illegal Data Address
17605;0;0;0x0000;02 Illegal Data Address
17606;0;0;0x0000;02 Illegal Data Address
17607;0;0;0x0000;02 Illegal Data Address
17608;0;0;0x0000;02 Illegal Data Address
17609;0;0;0x0000;02 Illegal Data Address
17610;0;0;0x0000;02 Illegal Data Address
17611;0;0;0x0000;02 Illegal Data Address
17612;0;0;0x0000;02 Illegal Data Address
17613;0;0;0x0000;02 Illegal Data Address
17614;0;0;0x0000;02 Illegal Data Address
17615;0;0;0x0000;02 Illegal Data Address
17616;0;0;0x0000;02 Illegal Data Address
17617;0;0;0x0000;02 Illegal Data Address
17618;0;0;0x0000;02 Illegal Data Address
17619;0;0;0x0000;02 Illegal Data Address
17620;0;0;0x0000;02 Illegal Data Address
17621;0;0;0x0000;02 Illegal Data Address
17622;0;0;0x0000;02 Illegal Data Address
17623;0;0;0x0000;02 Illegal Data Address
17624;0;0;0x0000;02 Illegal Data Address
17625;0;0;0x0000;02 Illegal Data Address
17626;0;0;0x0000;02 Illegal Data Address
17627;0;0;0x0000;02 Illegal Data Address
17628;0;0;0x0000;02 Illegal Data Address
17629;0;0;0x0000;02 Illegal Data Address
17630;0;0;0x0000;02 Illegal Data Address
17631;0;0;0x0000;02 Illegal Data Address
17632;0;0;0x0000;02 Illegal Data Address
17633;0;0;0x0000;02 Illegal Data Address
17634;0;0;0x0000;02 Illegal Data Address
17635;0;0;0x0000;02 Illegal Data Address
17636;0;0;0x0000;02 Illegal Data Address
17637;0;0;0x0000;02 Illegal Data Address
17638;0;0;0x0000;02 Illegal Data Address
17639;0;0;0x0000;02 Illegal Data Address
17640;0;0;0x0000;02 Illegal Data Address
17641;0;0;0x0000;02 Illegal Data Address
17642;0;0;0x0000;02 Illegal Data Address
17643;0;0;0x0000;02 Illegal Data Address
17644;0;0;0x0000;02 Illegal Data Address
17645;0;0;0x0000;02 Illegal Data Address
17646;0;0;0x0000;02 Illegal Data Address
17647;0;0;0x0000;02 Illegal Data Address
17648;0;0;0x0000;02 Illegal Data Address
17649;0;0;0x0000;02 Illegal Data Address
17650;0;0;0x0000;02 Illegal Data Address
17651;0;0;0x0000;02 Illegal Data Address
17652;0;0;0x0000;02 Illegal Data Address
17653;0;0;0x0000;02 Illegal Data Address
17654;0;0;0x0000;02 Illegal Data Address
17655;0;0;0x0000;02 Illegal Data Address
17656;0;0;0x0000;02 Illegal Data Address
17657;0;0;0x0000;02 Illegal Data Address
17658;0;0;0x0000;02 Illegal Data Address
17659;0;0;0x0000;02 Illegal Data Address
17660;0;0;0x0000;02 Illegal Data Address
17661;0;0;0x0000;02 Illegal Data Address
17662;0;0;0x0000;02 Illegal Data Address
17663;0;0;0x0000;02 Illegal Data Address
17664;0;0;0x0000;02 Illegal Data Address
17665;0;0;0x0000;02 Illegal Data Address
17666;0;0;0x0000;02 Illegal Data Address
17667;0;0;0x0000;02 Illegal Data Address
17668;0;0;0x0000;02 Illegal Data Address
17669;0;0;0x0000;02 Illegal Data Address
17670;0;0;0x0000;02 Illegal Data Address
17671;0;0;0x0000;02 Illegal Data Address
17672;0;0;0x0000;02 Illegal Data Address
17673;0;0;0x0000;02 Illegal Data Address
17674;0;0;0x0000;02 Illegal Data Address
17675;0;0;0x0000;02 Illegal Data Address
17676;0;0;0x0000;02 Illegal Data Address
17677;0;0;0x0000;02 Illegal Data Address
17678;0;0;0x0000;02 Illegal Data Address
17679;0;0;0x0000;02 Illegal Data Address
17680;0;0;0x0000;02 Illegal Data Address
17681;0;0;0x0000;02 Illegal Data Address
17682;0;0;0x0000;02 Illegal Data Address
17683;0;0;0x0000;02 Illegal Data Address
17684;0;0;0x0000;02 Illegal Data Address
17685;0;0;0x0000;02 Illegal Data Address
17686;0;0;0x0000;02 Illegal Data Address
17687;0;0;0x0000;02 Illegal Data Address
17688;0;0;0x0000;02 Illegal Data Address
17689;0;0;0x0000;02 Illegal Data Address
17690;0;0;0x0000;02 Illegal Data Address
17691;0;0;0x0000;02 Illegal Data Address
17692;0;0;0x0000;02 Illegal Data Address
17693;0;0;0x0000;02 Illegal Data Address
17694;0;0;0x0000;02 Illegal Data Address
17695;0;0;0x0000;02 Illegal Data Address
17696;0;0;0x0000;02 Illegal Data Address
17697;0;0;0x0000;02 Illegal Data Address
17698;0;0;0x0000;02 Illegal Data Address
17699;0;0;0x0000;02 Illegal Data Address
17700;0;0;0x0000;02 Illegal Data Address
17701;0;0;0x0000;02 Illegal Data Address
17702;0;0;0x0000;02 Illegal Data Address
17703;0;0;0x0000;02 Illegal Data Address
17704;0;0;0x0000;02 Illegal Data Address
17705;0;0;0x0000;02 Illegal Data Address
17706;0;0;0x0000;02 Illegal Data Address
17707;0;0;0x0000;02 Illegal Data Address
17708;0;0;0x0000;02 Illegal Data Address
17709;0;0;0x0000;02 Illegal Data Address
17710;0;0;0x0000;02 Illegal Data Address
17711;0;0;0x0000;02 Illegal Data Address
17712;0;0;0x0000;02 Illegal Data Address
17713;0;0;0x0000;02 Illegal Data Address
17714;0;0;0x0000;02 Illegal Data Address
17715;0;0;0x0000;02 Illegal Data Address
17716;0;0;0x0000;02 Illegal Data Address
17717;0;0;0x0000;02 Illegal Data Address
17718;0;0;0x0000;02 Illegal Data Address
17719;0;0;0x0000;02 Illegal Data Address
17720;0;0;0x0000;02 Illegal Data Address
17721;0;0;0x0000;02 Illegal Data Address
17722;0;0;0x0000;02 Illegal Data Address
17723;0;0;0x0000;02 Illegal Data Address
17724;0;0;0x0000;02 Illegal Data Address
17725;0;0;0x0000;02 Illegal Data Address
17726;0;0;0x0000;02 Illegal Data Address
17727;0;0;0x0000;02 Illegal Data Address
17728;0;0;0x0000;02 Illegal Data Address
17729;0;0;0x0000;02 Illegal Data Address
17730;0;0;0x0000;02 Illegal Data Address
17731;0;0;0x0000;02 Illegal Data Address
17732;0;0;0x0000;02 Illegal Data Address
17733;0;0;0x0000;02 Illegal Data Address
17734;0;0;0x0000;02 Illegal Data Address
17735;0;0;0x0000;02 Illegal Data Address
17736;0;0;0x0000;02 Illegal Data Address
17737;0;0;0x0000;02 Illegal Data Address
17738;0;0;0x0000;02 Illegal Data Address
17739;0;0;0x0000;02 Illegal Data Address
17740;0;0;0x0000;02 Illegal Data Address
17741;0;0;0x0000;02 Illegal Data Address
17742;0;0;0x0000;02 Illegal Data Address
17743;0;0;0x0000;02 Illegal Data Address
17744;0;0;0x0000;02 Illegal Data Address
17745;0;0;0x0000;02 Illegal Data Address
17746;0;0;0x0000;02 Illegal Data Address
17747;0;0;0x0000;02 Illegal Data Address
17748;0;0;0x0000;02 Illegal Data Address
17749;0;0;0x0000;02 Illegal Data Address
17750;0;0;0x0000;02 Illegal Data Address
17751;0;0;0x0000;02 Illegal Data Address
17752;0;0;0x0000;02 Illegal Data Address
17753;0;0;0x0000;02 Illegal Data Address
17754;0;0;0x0000;02 Illegal Data Address
17755;0;0;0x0000;02 Illegal Data Address
17756;0;0;0x0000;02 Illegal Data Address
17757;0;0;0x0000;02 Illegal Data Address
17758;0;0;0x0000;02 Illegal Data Address
17759;0;0;0x0000;02 Illegal Data Address
17760;0;0;0x0000;02 Illegal Data Address
17761;0;0;0x0000;02 Illegal Data Address
17762;0;0;0x0000;02 Illegal Data Address
17763;0;0;0x0000;02 Illegal Data Address
17764;0;0;0x0000;02 Illegal Data Address
17765;0;0;0x0000;02 Illegal Data Address
17766;0;0;0x0000;02 Illegal Data Address
17767;0;0;0x0000;02 Illegal Data Address
17768;0;0;0x0000;02 Illegal Data Address
17769;0;0;0x0000;02 Illegal Data Address
17770;0;0;0x0000;02 Illegal Data Address
17771;0;0;0x0000;02 Illegal Data Address
17772;0;0;0x0000;02 Illegal Data Address
17773;0;0;0x0000;02 Illegal Data Address
17774;0;0;0x0000;02 Illegal Data Address
17775;0;0;0x0000;02 Illegal Data Address
17776;0;0;0x0000;02 Illegal Data Address
17777;0;0;0x0000;02 Illegal Data Address
17778;0;0;0x0000;02 Illegal Data Address
17779;0;0;0x0000;02 Illegal Data Address
17780;0;0;0x0000;02 Illegal Data Address
17781;0;0;0x0000;02 Illegal Data Address
17782;0;0;0x0000;02 Illegal Data Address
17783;0;0;0x0000;02 Illegal Data Address
17784;0;0;0x0000;02 Illegal Data Address
17785;0;0;0x0000;02 Illegal Data Address
17786;0;0;0x0000;02 Illegal Data Address
17787;0;0;0x0000;02 Illegal Data Address
17788;0;0;0x0000;02 Illegal Data Address
17789;0;0;0x0000;02 Illegal Data Address
17790;0;0;0x0000;02 Illegal Data Address
17791;0;0;0x0000;02 Illegal Data Address
17792;0;0;0x0000;02 Illegal Data Address
17793;0;0;0x0000;02 Illegal Data Address
17794;0;0;0x0000;02 Illegal Data Address
17795;0;0;0x0000;02 Illegal Data Address
17796;0;0;0x0000;02 Illegal Data Address
17797;0;0;0x0000;02 Illegal Data Address
17798;0;0;0x0000;02 Illegal Data Address
17799;0;0;0x0000;02 Illegal Data Address
17800;0;0;0x0000;02 Illegal Data Address
17801;0;0;0x0000;02 Illegal Data Address
17802;0;0;0x0000;02 Illegal Data Address
17803;0;0;0x0000;02 Illegal Data Address
17804;0;0;0x0000;02 Illegal Data Address
17805;0;0;0x0000;02 Illegal Data Address
17806;0;0;0x0000;02 Illegal Data Address
17807;0;0;0x0000;02 Illegal Data Address
17808;0;0;0x0000;02 Illegal Data Address
17809;0;0;0x0000;02 Illegal Data Address
17810;0;0;0x0000;02 Illegal Data Address
17811;0;0;0x0000;02 Illegal Data Address
17812;0;0;0x0000;02 Illegal Data Address
17813;0;0;0x0000;02 Illegal Data Address
17814;0;0;0x0000;02 Illegal Data Address
17815;0;0;0x0000;02 Illegal Data Address
17816;0;0;0x0000;02 Illegal Data Address
17817;0;0;0x0000;02 Illegal Data Address
17818;0;0;0x0000;02 Illegal Data Address
17819;0;0;0x0000;02 Illegal Data Address
17820;0;0;0x0000;02 Illegal Data Address
17821;0;0;0x0000;02 Illegal Data Address
17822;0;0;0x0000;02 Illegal Data Address
17823;0;0;0x0000;02 Illegal Data Address
17824;0;0;0x0000;02 Illegal Data Address
17825;0;0;0x0000;02 Illegal Data Address
17826;0;0;0x0000;02 Illegal Data Address
17827;0;0;0x0000;02 Illegal Data Address
17828;0;0;0x0000;02 Illegal Data Address
17829;0;0;0x0000;02 Illegal Data Address
17830;0;0;0x0000;02 Illegal Data Address
17831;0;0;0x0000;02 Illegal Data Address
17832;0;0;0x0000;02 Illegal Data Address
17833;0;0;0x0000;02 Illegal Data Address
17834;0;0;0x0000;02 Illegal Data Address
17835;0;0;0x0000;02 Illegal Data Address
17836;0;0;0x0000;02 Illegal Data Address
17837;0;0;0x0000;02 Illegal Data Address
17838;0;0;0x0000;02 Illegal Data Address
17839;0;0;0x0000;02 Illegal Data Address
17840;0;0;0x0000;02 Illegal Data Address
17841;0;0;0x0000;02 Illegal Data Address
17842;0;0;0x0000;02 Illegal Data Address
17843;0;0;0x0000;02 Illegal Data Address
17844;0;0;0x0000;02 Illegal Data Address
17845;0;0;0x0000;02 Illegal Data Address
17846;0;0;0x0000;02 Illegal Data Address
17847;0;0;0x0000;02 Illegal Data Address
17848;0;0;0x0000;02 Illegal Data Address
17849;0;0;0x0000;02 Illegal Data Address
17850;0;0;0x0000;02 Illegal Data Address
17851;0;0;0x0000;02 Illegal Data Address
17852;0;0;0x0000;02 Illegal Data Address
17853;0;0;0x0000;02 Illegal Data Address
17854;0;0;0x0000;02 Illegal Data Address
17855;0;0;0x0000;02 Illegal Data Address
17856;0;0;0x0000;02 Illegal Data Address
17857;0;0;0x0000;02 Illegal Data Address
17858;0;0;0x0000;02 Illegal Data Address
17859;0;0;0x0000;02 Illegal Data Address
17860;0;0;0x0000;02 Illegal Data Address
17861;0;0;0x0000;02 Illegal Data Address
17862;0;0;0x0000;02 Illegal Data Address
17863;0;0;0x0000;02 Illegal Data Address
17864;0;0;0x0000;02 Illegal Data Address
17865;0;0;0x0000;02 Illegal Data Address
17866;0;0;0x0000;02 Illegal Data Address
17867;0;0;0x0000;02 Illegal Data Address
17868;0;0;0x0000;02 Illegal Data Address
17869;0;0;0x0000;02 Illegal Data Address
17870;0;0;0x0000;02 Illegal Data Address
17871;0;0;0x0000;02 Illegal Data Address
17872;0;0;0x0000;02 Illegal Data Address
17873;0;0;0x0000;02 Illegal Data Address
17874;0;0;0x0000;02 Illegal Data Address
17875;0;0;0x0000;02 Illegal Data Address
17876;0;0;0x0000;02 Illegal Data Address
17877;0;0;0x0000;02 Illegal Data Address
17878;0;0;0x0000;02 Illegal Data Address
17879;0;0;0x0000;02 Illegal Data Address
17880;0;0;0x0000;02 Illegal Data Address
17881;0;0;0x0000;02 Illegal Data Address
17882;0;0;0x0000;02 Illegal Data Address
17883;0;0;0x0000;02 Illegal Data Address
17884;0;0;0x0000;02 Illegal Data Address
17885;0;0;0x0000;02 Illegal Data Address
17886;0;0;0x0000;02 Illegal Data Address
17887;0;0;0x0000;02 Illegal Data Address
17888;0;0;0x0000;02 Illegal Data Address
17889;0;0;0x0000;02 Illegal Data Address
17890;0;0;0x0000;02 Illegal Data Address
17891;0;0;0x0000;02 Illegal Data Address
17892;0;0;0x0000;02 Illegal Data Address
17893;0;0;0x0000;02 Illegal Data Address
17894;0;0;0x0000;02 Illegal Data Address
17895;0;0;0x0000;02 Illegal Data Address
17896;0;0;0x0000;02 Illegal Data Address
17897;0;0;0x0000;02 Illegal Data Address
17898;0;0;0x0000;02 Illegal Data Address
17899;0;0;0x0000;02 Illegal Data Address
17900;0;0;0x0000;02 Illegal Data Address
17901;0;0;0x0000;02 Illegal Data Address
17902;0;0;0x0000;02 Illegal Data Address
17903;0;0;0x0000;02 Illegal Data Address
17904;0;0;0x0000;02 Illegal Data Address
17905;0;0;0x0000;02 Illegal Data Address
17906;0;0;0x0000;02 Illegal Data Address
17907;0;0;0x0000;02 Illegal Data Address
17908;0;0;0x0000;02 Illegal Data Address
17909;0;0;0x0000;02 Illegal Data Address
17910;0;0;0x0000;02 Illegal Data Address
17911;0;0;0x0000;02 Illegal Data Address
17912;0;0;0x0000;02 Illegal Data Address
17913;0;0;0x0000;02 Illegal Data Address
17914;0;0;0x0000;02 Illegal Data Address
17915;0;0;0x0000;02 Illegal Data Address
17916;0;0;0x0000;02 Illegal Data Address
17917;0;0;0x0000;02 Illegal Data Address
17918;0;0;0x0000;02 Illegal Data Address
17919;0;0;0x0000;02 Illegal Data Address
17920;0;0;0x0000;02 Illegal Data Address
17921;0;0;0x0000;02 Illegal Data Address
17922;0;0;0x0000;02 Illegal Data Address
17923;0;0;0x0000;02 Illegal Data Address
17924;0;0;0x0000;02 Illegal Data Address
17925;0;0;0x0000;02 Illegal Data Address
17926;0;0;0x0000;02 Illegal Data Address
17927;0;0;0x0000;02 Illegal Data Address
17928;0;0;0x0000;02 Illegal Data Address
17929;0;0;0x0000;02 Illegal Data Address
17930;0;0;0x0000;02 Illegal Data Address
17931;0;0;0x0000;02 Illegal Data Address
17932;0;0;0x0000;02 Illegal Data Address
17933;0;0;0x0000;02 Illegal Data Address
17934;0;0;0x0000;02 Illegal Data Address
17935;0;0;0x0000;02 Illegal Data Address
17936;0;0;0x0000;02 Illegal Data Address
17937;0;0;0x0000;02 Illegal Data Address
17938;0;0;0x0000;02 Illegal Data Address
17939;0;0;0x0000;02 Illegal Data Address
17940;0;0;0x0000;02 Illegal Data Address
17941;0;0;0x0000;02 Illegal Data Address
17942;0;0;0x0000;02 Illegal Data Address
17943;0;0;0x0000;02 Illegal Data Address
17944;0;0;0x0000;02 Illegal Data Address
17945;0;0;0x0000;02 Illegal Data Address
17946;0;0;0x0000;02 Illegal Data Address
17947;0;0;0x0000;02 Illegal Data Address
17948;0;0;0x0000;02 Illegal Data Address
17949;0;0;0x0000;02 Illegal Data Address
17950;0;0;0x0000;02 Illegal Data Address
17951;0;0;0x0000;02 Illegal Data Address
17952;0;0;0x0000;02 Illegal Data Address
17953;0;0;0x0000;02 Illegal Data Address
17954;0;0;0x0000;02 Illegal Data Address
17955;0;0;0x0000;02 Illegal Data Address
17956;0;0;0x0000;02 Illegal Data Address
17957;0;0;0x0000;02 Illegal Data Address
17958;0;0;0x0000;02 Illegal Data Address
17959;0;0;0x0000;02 Illegal Data Address
17960;0;0;0x0000;02 Illegal Data Address
17961;0;0;0x0000;02 Illegal Data Address
17962;0;0;0x0000;02 Illegal Data Address
17963;0;0;0x0000;02 Illegal Data Address
17964;0;0;0x0000;02 Illegal Data Address
17965;0;0;0x0000;02 Illegal Data Address
17966;0;0;0x0000;02 Illegal Data Address
17967;0;0;0x0000;02 Illegal Data Address
17968;0;0;0x0000;02 Illegal Data Address
17969;0;0;0x0000;02 Illegal Data Address
17970;0;0;0x0000;02 Illegal Data Address
17971;0;0;0x0000;02 Illegal Data Address
17972;0;0;0x0000;02 Illegal Data Address
17973;0;0;0x0000;02 Illegal Data Address
17974;0;0;0x0000;02 Illegal Data Address
17975;0;0;0x0000;02 Illegal Data Address
17976;0;0;0x0000;02 Illegal Data Address
17977;0;0;0x0000;02 Illegal Data Address
17978;0;0;0x0000;02 Illegal Data Address
17979;0;0;0x0000;02 Illegal Data Address
17980;0;0;0x0000;02 Illegal Data Address
17981;0;0;0x0000;02 Illegal Data Address
17982;0;0;0x0000;02 Illegal Data Address
17983;0;0;0x0000;02 Illegal Data Address
17984;0;0;0x0000;02 Illegal Data Address
17985;0;0;0x0000;02 Illegal Data Address
17986;0;0;0x0000;02 Illegal Data Address
17987;0;0;0x0000;02 Illegal Data Address
17988;0;0;0x0000;02 Illegal Data Address
17989;0;0;0x0000;02 Illegal Data Address
17990;0;0;0x0000;02 Illegal Data Address
17991;0;0;0x0000;02 Illegal Data Address
17992;0;0;0x0000;02 Illegal Data Address
17993;0;0;0x0000;02 Illegal Data Address
17994;0;0;0x0000;02 Illegal Data Address
17995;0;0;0x0000;02 Illegal Data Address
17996;0;0;0x0000;02 Illegal Data Address
17997;0;0;0x0000;02 Illegal Data Address
17998;0;0;0x0000;02 Illegal Data Address
17999;0;0;0x0000;02 Illegal Data Address
18000;0;0;0x0000;02 Illegal Data Address
18001;0;0;0x0000;02 Illegal Data Address
18002;0;0;0x0000;02 Illegal Data Address
18003;0;0;0x0000;02 Illegal Data Address
18004;0;0;0x0000;02 Illegal Data Address
18005;0;0;0x0000;02 Illegal Data Address
18006;0;0;0x0000;02 Illegal Data Address
18007;0;0;0x0000;02 Illegal Data Address
18008;0;0;0x0000;02 Illegal Data Address
18009;0;0;0x0000;02 Illegal Data Address
18010;0;0;0x0000;02 Illegal Data Address
18011;0;0;0x0000;02 Illegal Data Address
18012;0;0;0x0000;02 Illegal Data Address
18013;0;0;0x0000;02 Illegal Data Address
18014;0;0;0x0000;02 Illegal Data Address
18015;0;0;0x0000;02 Illegal Data Address
18016;0;0;0x0000;02 Illegal Data Address
18017;0;0;0x0000;02 Illegal Data Address
18018;0;0;0x0000;02 Illegal Data Address
18019;0;0;0x0000;02 Illegal Data Address
18020;0;0;0x0000;02 Illegal Data Address
18021;0;0;0x0000;02 Illegal Data Address
18022;0;0;0x0000;02 Illegal Data Address
18023;0;0;0x0000;02 Illegal Data Address
18024;0;0;0x0000;02 Illegal Data Address
18025;0;0;0x0000;02 Illegal Data Address
18026;0;0;0x0000;02 Illegal Data Address
18027;0;0;0x0000;02 Illegal Data Address
18028;0;0;0x0000;02 Illegal Data Address
18029;0;0;0x0000;02 Illegal Data Address
18030;0;0;0x0000;02 Illegal Data Address
18031;0;0;0x0000;02 Illegal Data Address
18032;0;0;0x0000;02 Illegal Data Address
18033;0;0;0x0000;02 Illegal Data Address
18034;0;0;0x0000;02 Illegal Data Address
18035;0;0;0x0000;02 Illegal Data Address
18036;0;0;0x0000;02 Illegal Data Address
18037;0;0;0x0000;02 Illegal Data Address
18038;0;0;0x0000;02 Illegal Data Address
18039;0;0;0x0000;02 Illegal Data Address
18040;0;0;0x0000;02 Illegal Data Address
18041;0;0;0x0000;02 Illegal Data Address
18042;0;0;0x0000;02 Illegal Data Address
18043;0;0;0x0000;02 Illegal Data Address
18044;0;0;0x0000;02 Illegal Data Address
18045;0;0;0x0000;02 Illegal Data Address
18046;0;0;0x0000;02 Illegal Data Address
18047;0;0;0x0000;02 Illegal Data Address
18048;0;0;0x0000;02 Illegal Data Address
18049;0;0;0x0000;02 Illegal Data Address
18050;0;0;0x0000;02 Illegal Data Address
18051;0;0;0x0000;02 Illegal Data Address
18052;0;0;0x0000;02 Illegal Data Address
18053;0;0;0x0000;02 Illegal Data Address
18054;0;0;0x0000;02 Illegal Data Address
18055;0;0;0x0000;02 Illegal Data Address
18056;0;0;0x0000;02 Illegal Data Address
18057;0;0;0x0000;02 Illegal Data Address
18058;0;0;0x0000;02 Illegal Data Address
18059;0;0;0x0000;02 Illegal Data Address
18060;0;0;0x0000;02 Illegal Data Address
18061;0;0;0x0000;02 Illegal Data Address
18062;0;0;0x0000;02 Illegal Data Address
18063;0;0;0x0000;02 Illegal Data Address
18064;0;0;0x0000;02 Illegal Data Address
18065;0;0;0x0000;02 Illegal Data Address
18066;0;0;0x0000;02 Illegal Data Address
18067;0;0;0x0000;02 Illegal Data Address
18068;0;0;0x0000;02 Illegal Data Address
18069;0;0;0x0000;02 Illegal Data Address
18070;0;0;0x0000;02 Illegal Data Address
18071;0;0;0x0000;02 Illegal Data Address
18072;0;0;0x0000;02 Illegal Data Address
18073;0;0;0x0000;02 Illegal Data Address
18074;0;0;0x0000;02 Illegal Data Address
18075;0;0;0x0000;02 Illegal Data Address
18076;0;0;0x0000;02 Illegal Data Address
18077;0;0;0x0000;02 Illegal Data Address
18078;0;0;0x0000;02 Illegal Data Address
18079;0;0;0x0000;02 Illegal Data Address
18080;0;0;0x0000;02 Illegal Data Address
18081;0;0;0x0000;02 Illegal Data Address
18082;0;0;0x0000;02 Illegal Data Address
18083;0;0;0x0000;02 Illegal Data Address
18084;0;0;0x0000;02 Illegal Data Address
18085;0;0;0x0000;02 Illegal Data Address
18086;0;0;0x0000;02 Illegal Data Address
18087;0;0;0x0000;02 Illegal Data Address
18088;0;0;0x0000;02 Illegal Data Address
18089;0;0;0x0000;02 Illegal Data Address
18090;0;0;0x0000;02 Illegal Data Address
18091;0;0;0x0000;02 Illegal Data Address
18092;0;0;0x0000;02 Illegal Data Address
18093;0;0;0x0000;02 Illegal Data Address
18094;0;0;0x0000;02 Illegal Data Address
18095;0;0;0x0000;02 Illegal Data Address
18096;0;0;0x0000;02 Illegal Data Address
18097;0;0;0x0000;02 Illegal Data Address
18098;0;0;0x0000;02 Illegal Data Address
18099;0;0;0x0000;02 Illegal Data Address
18100;0;0;0x0000;02 Illegal Data Address
18101;0;0;0x0000;02 Illegal Data Address
18102;0;0;0x0000;02 Illegal Data Address
18103;0;0;0x0000;02 Illegal Data Address
18104;0;0;0x0000;02 Illegal Data Address
18105;0;0;0x0000;02 Illegal Data Address
18106;0;0;0x0000;02 Illegal Data Address
18107;0;0;0x0000;02 Illegal Data Address
18108;0;0;0x0000;02 Illegal Data Address
18109;0;0;0x0000;02 Illegal Data Address
18110;0;0;0x0000;02 Illegal Data Address
18111;0;0;0x0000;02 Illegal Data Address
18112;0;0;0x0000;02 Illegal Data Address
18113;0;0;0x0000;02 Illegal Data Address
18114;0;0;0x0000;02 Illegal Data Address
18115;0;0;0x0000;02 Illegal Data Address
18116;0;0;0x0000;02 Illegal Data Address
18117;0;0;0x0000;02 Illegal Data Address
18118;0;0;0x0000;02 Illegal Data Address
18119;0;0;0x0000;02 Illegal Data Address
18120;0;0;0x0000;02 Illegal Data Address
18121;0;0;0x0000;02 Illegal Data Address
18122;0;0;0x0000;02 Illegal Data Address
18123;0;0;0x0000;02 Illegal Data Address
18124;0;0;0x0000;02 Illegal Data Address
18125;0;0;0x0000;02 Illegal Data Address
18126;0;0;0x0000;02 Illegal Data Address
18127;0;0;0x0000;02 Illegal Data Address
18128;0;0;0x0000;02 Illegal Data Address
18129;0;0;0x0000;02 Illegal Data Address
18130;0;0;0x0000;02 Illegal Data Address
18131;0;0;0x0000;02 Illegal Data Address
18132;0;0;0x0000;02 Illegal Data Address
18133;0;0;0x0000;02 Illegal Data Address
18134;0;0;0x0000;02 Illegal Data Address
18135;0;0;0x0000;02 Illegal Data Address
18136;0;0;0x0000;02 Illegal Data Address
18137;0;0;0x0000;02 Illegal Data Address
18138;0;0;0x0000;02 Illegal Data Address
18139;0;0;0x0000;02 Illegal Data Address
18140;0;0;0x0000;02 Illegal Data Address
18141;0;0;0x0000;02 Illegal Data Address
18142;0;0;0x0000;02 Illegal Data Address
18143;0;0;0x0000;02 Illegal Data Address
18144;0;0;0x0000;02 Illegal Data Address
18145;0;0;0x0000;02 Illegal Data Address
18146;0;0;0x0000;02 Illegal Data Address
18147;0;0;0x0000;02 Illegal Data Address
18148;0;0;0x0000;02 Illegal Data Address
18149;0;0;0x0000;02 Illegal Data Address
18150;0;0;0x0000;02 Illegal Data Address
18151;0;0;0x0000;02 Illegal Data Address
18152;0;0;0x0000;02 Illegal Data Address
18153;0;0;0x0000;02 Illegal Data Address
18154;0;0;0x0000;02 Illegal Data Address
18155;0;0;0x0000;02 Illegal Data Address
18156;0;0;0x0000;02 Illegal Data Address
18157;0;0;0x0000;02 Illegal Data Address
18158;0;0;0x0000;02 Illegal Data Address
18159;0;0;0x0000;02 Illegal Data Address
18160;0;0;0x0000;02 Illegal Data Address
18161;0;0;0x0000;02 Illegal Data Address
18162;0;0;0x0000;02 Illegal Data Address
18163;0;0;0x0000;02 Illegal Data Address
18164;0;0;0x0000;02 Illegal Data Address
18165;0;0;0x0000;02 Illegal Data Address
18166;0;0;0x0000;02 Illegal Data Address
18167;0;0;0x0000;02 Illegal Data Address
18168;0;0;0x0000;02 Illegal Data Address
18169;0;0;0x0000;02 Illegal Data Address
18170;0;0;0x0000;02 Illegal Data Address
18171;0;0;0x0000;02 Illegal Data Address
18172;0;0;0x0000;02 Illegal Data Address
18173;0;0;0x0000;02 Illegal Data Address
18174;0;0;0x0000;02 Illegal Data Address
18175;0;0;0x0000;02 Illegal Data Address
18176;0;0;0x0000;02 Illegal Data Address
18177;0;0;0x0000;02 Illegal Data Address
18178;0;0;0x0000;02 Illegal Data Address
18179;0;0;0x0000;02 Illegal Data Address
18180;0;0;0x0000;02 Illegal Data Address
18181;0;0;0x0000;02 Illegal Data Address
18182;0;0;0x0000;02 Illegal Data Address
18183;0;0;0x0000;02 Illegal Data Address
18184;0;0;0x0000;02 Illegal Data Address
18185;0;0;0x0000;02 Illegal Data Address
18186;0;0;0x0000;02 Illegal Data Address
18187;0;0;0x0000;02 Illegal Data Address
18188;0;0;0x0000;02 Illegal Data Address
18189;0;0;0x0000;02 Illegal Data Address
18190;0;0;0x0000;02 Illegal Data Address
18191;0;0;0x0000;02 Illegal Data Address
18192;0;0;0x0000;02 Illegal Data Address
18193;0;0;0x0000;02 Illegal Data Address
18194;0;0;0x0000;02 Illegal Data Address
18195;0;0;0x0000;02 Illegal Data Address
18196;0;0;0x0000;02 Illegal Data Address
18197;0;0;0x0000;02 Illegal Data Address
18198;0;0;0x0000;02 Illegal Data Address
18199;0;0;0x0000;02 Illegal Data Address
18200;0;0;0x0000;02 Illegal Data Address
18201;0;0;0x0000;02 Illegal Data Address
18202;0;0;0x0000;02 Illegal Data Address
18203;0;0;0x0000;02 Illegal Data Address
18204;0;0;0x0000;02 Illegal Data Address
18205;0;0;0x0000;02 Illegal Data Address
18206;0;0;0x0000;02 Illegal Data Address
18207;0;0;0x0000;02 Illegal Data Address
18208;0;0;0x0000;02 Illegal Data Address
18209;0;0;0x0000;02 Illegal Data Address
18210;0;0;0x0000;02 Illegal Data Address
18211;0;0;0x0000;02 Illegal Data Address
18212;0;0;0x0000;02 Illegal Data Address
18213;0;0;0x0000;02 Illegal Data Address
18214;0;0;0x0000;02 Illegal Data Address
18215;0;0;0x0000;02 Illegal Data Address
18216;0;0;0x0000;02 Illegal Data Address
18217;0;0;0x0000;02 Illegal Data Address
18218;0;0;0x0000;02 Illegal Data Address
18219;0;0;0x0000;02 Illegal Data Address
18220;0;0;0x0000;02 Illegal Data Address
18221;0;0;0x0000;02 Illegal Data Address
18222;0;0;0x0000;02 Illegal Data Address
18223;0;0;0x0000;02 Illegal Data Address
18224;0;0;0x0000;02 Illegal Data Address
18225;0;0;0x0000;02 Illegal Data Address
18226;0;0;0x0000;02 Illegal Data Address
18227;0;0;0x0000;02 Illegal Data Address
18228;0;0;0x0000;02 Illegal Data Address
18229;0;0;0x0000;02 Illegal Data Address
18230;0;0;0x0000;02 Illegal Data Address
18231;0;0;0x0000;02 Illegal Data Address
18232;0;0;0x0000;02 Illegal Data Address
18233;0;0;0x0000;02 Illegal Data Address
18234;0;0;0x0000;02 Illegal Data Address
18235;0;0;0x0000;02 Illegal Data Address
18236;0;0;0x0000;02 Illegal Data Address
18237;0;0;0x0000;02 Illegal Data Address
18238;0;0;0x0000;02 Illegal Data Address
18239;0;0;0x0000;02 Illegal Data Address
18240;0;0;0x0000;02 Illegal Data Address
18241;0;0;0x0000;02 Illegal Data Address
18242;0;0;0x0000;02 Illegal Data Address
18243;0;0;0x0000;02 Illegal Data Address
18244;0;0;0x0000;02 Illegal Data Address
18245;0;0;0x0000;02 Illegal Data Address
18246;0;0;0x0000;02 Illegal Data Address
18247;0;0;0x0000;02 Illegal Data Address
18248;0;0;0x0000;02 Illegal Data Address
18249;0;0;0x0000;02 Illegal Data Address
18250;0;0;0x0000;02 Illegal Data Address
18251;0;0;0x0000;02 Illegal Data Address
18252;0;0;0x0000;02 Illegal Data Address
18253;0;0;0x0000;02 Illegal Data Address
18254;0;0;0x0000;02 Illegal Data Address
18255;0;0;0x0000;02 Illegal Data Address
18256;0;0;0x0000;02 Illegal Data Address
18257;0;0;0x0000;02 Illegal Data Address
18258;0;0;0x0000;02 Illegal Data Address
18259;0;0;0x0000;02 Illegal Data Address
18260;0;0;0x0000;02 Illegal Data Address
18261;0;0;0x0000;02 Illegal Data Address
18262;0;0;0x0000;02 Illegal Data Address
18263;0;0;0x0000;02 Illegal Data Address
18264;0;0;0x0000;02 Illegal Data Address
18265;0;0;0x0000;02 Illegal Data Address
18266;0;0;0x0000;02 Illegal Data Address
18267;0;0;0x0000;02 Illegal Data Address
18268;0;0;0x0000;02 Illegal Data Address
18269;0;0;0x0000;02 Illegal Data Address
18270;0;0;0x0000;02 Illegal Data Address
18271;0;0;0x0000;02 Illegal Data Address
18272;0;0;0x0000;02 Illegal Data Address
18273;0;0;0x0000;02 Illegal Data Address
18274;0;0;0x0000;02 Illegal Data Address
18275;0;0;0x0000;02 Illegal Data Address
18276;0;0;0x0000;02 Illegal Data Address
18277;0;0;0x0000;02 Illegal Data Address
18278;0;0;0x0000;02 Illegal Data Address
18279;0;0;0x0000;02 Illegal Data Address
18280;0;0;0x0000;02 Illegal Data Address
18281;0;0;0x0000;02 Illegal Data Address
18282;0;0;0x0000;02 Illegal Data Address
18283;0;0;0x0000;02 Illegal Data Address
18284;0;0;0x0000;02 Illegal Data Address
18285;0;0;0x0000;02 Illegal Data Address
18286;0;0;0x0000;02 Illegal Data Address
18287;0;0;0x0000;02 Illegal Data Address
18288;0;0;0x0000;02 Illegal Data Address
18289;0;0;0x0000;02 Illegal Data Address
18290;0;0;0x0000;02 Illegal Data Address
18291;0;0;0x0000;02 Illegal Data Address
18292;0;0;0x0000;02 Illegal Data Address
18293;0;0;0x0000;02 Illegal Data Address
18294;0;0;0x0000;02 Illegal Data Address
18295;0;0;0x0000;02 Illegal Data Address
18296;0;0;0x0000;02 Illegal Data Address
18297;0;0;0x0000;02 Illegal Data Address
18298;0;0;0x0000;02 Illegal Data Address
18299;0;0;0x0000;02 Illegal Data Address
18300;0;0;0x0000;02 Illegal Data Address
18301;0;0;0x0000;02 Illegal Data Address
18302;0;0;0x0000;02 Illegal Data Address
18303;0;0;0x0000;02 Illegal Data Address
18304;0;0;0x0000;02 Illegal Data Address
18305;0;0;0x0000;02 Illegal Data Address
18306;0;0;0x0000;02 Illegal Data Address
18307;0;0;0x0000;02 Illegal Data Address
18308;0;0;0x0000;02 Illegal Data Address
18309;0;0;0x0000;02 Illegal Data Address
18310;0;0;0x0000;02 Illegal Data Address
18311;0;0;0x0000;02 Illegal Data Address
18312;0;0;0x0000;02 Illegal Data Address
18313;0;0;0x0000;02 Illegal Data Address
18314;0;0;0x0000;02 Illegal Data Address
18315;0;0;0x0000;02 Illegal Data Address
18316;0;0;0x0000;02 Illegal Data Address
18317;0;0;0x0000;02 Illegal Data Address
18318;0;0;0x0000;02 Illegal Data Address
18319;0;0;0x0000;02 Illegal Data Address
18320;0;0;0x0000;02 Illegal Data Address
18321;0;0;0x0000;02 Illegal Data Address
18322;0;0;0x0000;02 Illegal Data Address
18323;0;0;0x0000;02 Illegal Data Address
18324;0;0;0x0000;02 Illegal Data Address
18325;0;0;0x0000;02 Illegal Data Address
18326;0;0;0x0000;02 Illegal Data Address
18327;0;0;0x0000;02 Illegal Data Address
18328;0;0;0x0000;02 Illegal Data Address
18329;0;0;0x0000;02 Illegal Data Address
18330;0;0;0x0000;02 Illegal Data Address
18331;0;0;0x0000;02 Illegal Data Address
18332;0;0;0x0000;02 Illegal Data Address
18333;0;0;0x0000;02 Illegal Data Address
18334;0;0;0x0000;02 Illegal Data Address
18335;0;0;0x0000;02 Illegal Data Address
18336;0;0;0x0000;02 Illegal Data Address
18337;0;0;0x0000;02 Illegal Data Address
18338;0;0;0x0000;02 Illegal Data Address
18339;0;0;0x0000;02 Illegal Data Address
18340;0;0;0x0000;02 Illegal Data Address
18341;0;0;0x0000;02 Illegal Data Address
18342;0;0;0x0000;02 Illegal Data Address
18343;0;0;0x0000;02 Illegal Data Address
18344;0;0;0x0000;02 Illegal Data Address
18345;0;0;0x0000;02 Illegal Data Address
18346;0;0;0x0000;02 Illegal Data Address
18347;0;0;0x0000;02 Illegal Data Address
18348;0;0;0x0000;02 Illegal Data Address
18349;0;0;0x0000;02 Illegal Data Address
18350;0;0;0x0000;02 Illegal Data Address
18351;0;0;0x0000;02 Illegal Data Address
18352;0;0;0x0000;02 Illegal Data Address
18353;0;0;0x0000;02 Illegal Data Address
18354;0;0;0x0000;02 Illegal Data Address
18355;0;0;0x0000;02 Illegal Data Address
18356;0;0;0x0000;02 Illegal Data Address
18357;0;0;0x0000;02 Illegal Data Address
18358;0;0;0x0000;02 Illegal Data Address
18359;0;0;0x0000;02 Illegal Data Address
18360;0;0;0x0000;02 Illegal Data Address
18361;0;0;0x0000;02 Illegal Data Address
18362;0;0;0x0000;02 Illegal Data Address
18363;0;0;0x0000;02 Illegal Data Address
18364;0;0;0x0000;02 Illegal Data Address
18365;0;0;0x0000;02 Illegal Data Address
18366;0;0;0x0000;02 Illegal Data Address
18367;0;0;0x0000;02 Illegal Data Address
18368;0;0;0x0000;02 Illegal Data Address
18369;0;0;0x0000;02 Illegal Data Address
18370;0;0;0x0000;02 Illegal Data Address
18371;0;0;0x0000;02 Illegal Data Address
18372;0;0;0x0000;02 Illegal Data Address
18373;0;0;0x0000;02 Illegal Data Address
18374;0;0;0x0000;02 Illegal Data Address
18375;0;0;0x0000;02 Illegal Data Address
18376;0;0;0x0000;02 Illegal Data Address
18377;0;0;0x0000;02 Illegal Data Address
18378;0;0;0x0000;02 Illegal Data Address
18379;0;0;0x0000;02 Illegal Data Address
18380;0;0;0x0000;02 Illegal Data Address
18381;0;0;0x0000;02 Illegal Data Address
18382;0;0;0x0000;02 Illegal Data Address
18383;0;0;0x0000;02 Illegal Data Address
18384;0;0;0x0000;02 Illegal Data Address
18385;0;0;0x0000;02 Illegal Data Address
18386;0;0;0x0000;02 Illegal Data Address
18387;0;0;0x0000;02 Illegal Data Address
18388;0;0;0x0000;02 Illegal Data Address
18389;0;0;0x0000;02 Illegal Data Address
18390;0;0;0x0000;02 Illegal Data Address
18391;0;0;0x0000;02 Illegal Data Address
18392;0;0;0x0000;02 Illegal Data Address
18393;0;0;0x0000;02 Illegal Data Address
18394;0;0;0x0000;02 Illegal Data Address
18395;0;0;0x0000;02 Illegal Data Address
18396;0;0;0x0000;02 Illegal Data Address
18397;0;0;0x0000;02 Illegal Data Address
18398;0;0;0x0000;02 Illegal Data Address
18399;0;0;0x0000;02 Illegal Data Address
18400;0;0;0x0000;02 Illegal Data Address
18401;0;0;0x0000;02 Illegal Data Address
18402;0;0;0x0000;02 Illegal Data Address
18403;0;0;0x0000;02 Illegal Data Address
18404;0;0;0x0000;02 Illegal Data Address
18405;0;0;0x0000;02 Illegal Data Address
18406;0;0;0x0000;02 Illegal Data Address
18407;0;0;0x0000;02 Illegal Data Address
18408;0;0;0x0000;02 Illegal Data Address
18409;0;0;0x0000;02 Illegal Data Address
18410;0;0;0x0000;02 Illegal Data Address
18411;0;0;0x0000;02 Illegal Data Address
18412;0;0;0x0000;02 Illegal Data Address
18413;0;0;0x0000;02 Illegal Data Address
18414;0;0;0x0000;02 Illegal Data Address
18415;0;0;0x0000;02 Illegal Data Address
18416;0;0;0x0000;02 Illegal Data Address
18417;0;0;0x0000;02 Illegal Data Address
18418;0;0;0x0000;02 Illegal Data Address
18419;0;0;0x0000;02 Illegal Data Address
18420;0;0;0x0000;02 Illegal Data Address
18421;0;0;0x0000;02 Illegal Data Address
18422;0;0;0x0000;02 Illegal Data Address
18423;0;0;0x0000;02 Illegal Data Address
18424;0;0;0x0000;02 Illegal Data Address
18425;0;0;0x0000;02 Illegal Data Address
18426;0;0;0x0000;02 Illegal Data Address
18427;0;0;0x0000;02 Illegal Data Address
18428;0;0;0x0000;02 Illegal Data Address
18429;0;0;0x0000;02 Illegal Data Address
18430;0;0;0x0000;02 Illegal Data Address
18431;0;0;0x0000;02 Illegal Data Address
18432;0;0;0x0000;02 Illegal Data Address
18433;0;0;0x0000;02 Illegal Data Address
18434;0;0;0x0000;02 Illegal Data Address
18435;0;0;0x0000;02 Illegal Data Address
18436;0;0;0x0000;02 Illegal Data Address
18437;0;0;0x0000;02 Illegal Data Address
18438;0;0;0x0000;02 Illegal Data Address
18439;0;0;0x0000;02 Illegal Data Address
18440;0;0;0x0000;02 Illegal Data Address
18441;0;0;0x0000;02 Illegal Data Address
18442;0;0;0x0000;02 Illegal Data Address
18443;0;0;0x0000;02 Illegal Data Address
18444;0;0;0x0000;02 Illegal Data Address
18445;0;0;0x0000;02 Illegal Data Address
18446;0;0;0x0000;02 Illegal Data Address
18447;0;0;0x0000;02 Illegal Data Address
18448;0;0;0x0000;02 Illegal Data Address
18449;0;0;0x0000;02 Illegal Data Address
18450;0;0;0x0000;02 Illegal Data Address
18451;0;0;0x0000;02 Illegal Data Address
18452;0;0;0x0000;02 Illegal Data Address
18453;0;0;0x0000;02 Illegal Data Address
18454;0;0;0x0000;02 Illegal Data Address
18455;0;0;0x0000;02 Illegal Data Address
18456;0;0;0x0000;02 Illegal Data Address
18457;0;0;0x0000;02 Illegal Data Address
18458;0;0;0x0000;02 Illegal Data Address
18459;0;0;0x0000;02 Illegal Data Address
18460;0;0;0x0000;02 Illegal Data Address
18461;0;0;0x0000;02 Illegal Data Address
18462;0;0;0x0000;02 Illegal Data Address
18463;0;0;0x0000;02 Illegal Data Address
18464;0;0;0x0000;02 Illegal Data Address
18465;0;0;0x0000;02 Illegal Data Address
18466;0;0;0x0000;02 Illegal Data Address
18467;0;0;0x0000;02 Illegal Data Address
18468;0;0;0x0000;02 Illegal Data Address
18469;0;0;0x0000;02 Illegal Data Address
18470;0;0;0x0000;02 Illegal Data Address
18471;0;0;0x0000;02 Illegal Data Address
18472;0;0;0x0000;02 Illegal Data Address
18473;0;0;0x0000;02 Illegal Data Address
18474;0;0;0x0000;02 Illegal Data Address
18475;0;0;0x0000;02 Illegal Data Address
18476;0;0;0x0000;02 Illegal Data Address
18477;0;0;0x0000;02 Illegal Data Address
18478;0;0;0x0000;02 Illegal Data Address
18479;0;0;0x0000;02 Illegal Data Address
18480;0;0;0x0000;02 Illegal Data Address
18481;0;0;0x0000;02 Illegal Data Address
18482;0;0;0x0000;02 Illegal Data Address
18483;0;0;0x0000;02 Illegal Data Address
18484;0;0;0x0000;02 Illegal Data Address
18485;0;0;0x0000;02 Illegal Data Address
18486;0;0;0x0000;02 Illegal Data Address
18487;0;0;0x0000;02 Illegal Data Address
18488;0;0;0x0000;02 Illegal Data Address
18489;0;0;0x0000;02 Illegal Data Address
18490;0;0;0x0000;02 Illegal Data Address
18491;0;0;0x0000;02 Illegal Data Address
18492;0;0;0x0000;02 Illegal Data Address
18493;0;0;0x0000;02 Illegal Data Address
18494;0;0;0x0000;02 Illegal Data Address
18495;0;0;0x0000;02 Illegal Data Address
18496;0;0;0x0000;02 Illegal Data Address
18497;0;0;0x0000;02 Illegal Data Address
18498;0;0;0x0000;02 Illegal Data Address
18499;0;0;0x0000;02 Illegal Data Address
18500;0;0;0x0000;02 Illegal Data Address
18501;0;0;0x0000;02 Illegal Data Address
18502;0;0;0x0000;02 Illegal Data Address
18503;0;0;0x0000;02 Illegal Data Address
18504;0;0;0x0000;02 Illegal Data Address
18505;0;0;0x0000;02 Illegal Data Address
18506;0;0;0x0000;02 Illegal Data Address
18507;0;0;0x0000;02 Illegal Data Address
18508;0;0;0x0000;02 Illegal Data Address
18509;0;0;0x0000;02 Illegal Data Address
18510;0;0;0x0000;02 Illegal Data Address
18511;0;0;0x0000;02 Illegal Data Address
18512;0;0;0x0000;02 Illegal Data Address
18513;0;0;0x0000;02 Illegal Data Address
18514;0;0;0x0000;02 Illegal Data Address
18515;0;0;0x0000;02 Illegal Data Address
18516;0;0;0x0000;02 Illegal Data Address
18517;0;0;0x0000;02 Illegal Data Address
18518;0;0;0x0000;02 Illegal Data Address
18519;0;0;0x0000;02 Illegal Data Address
18520;0;0;0x0000;02 Illegal Data Address
18521;0;0;0x0000;02 Illegal Data Address
18522;0;0;0x0000;02 Illegal Data Address
18523;0;0;0x0000;02 Illegal Data Address
18524;0;0;0x0000;02 Illegal Data Address
18525;0;0;0x0000;02 Illegal Data Address
18526;0;0;0x0000;02 Illegal Data Address
18527;0;0;0x0000;02 Illegal Data Address
18528;0;0;0x0000;02 Illegal Data Address
18529;0;0;0x0000;02 Illegal Data Address
18530;0;0;0x0000;02 Illegal Data Address
18531;0;0;0x0000;02 Illegal Data Address
18532;0;0;0x0000;02 Illegal Data Address
18533;0;0;0x0000;02 Illegal Data Address
18534;0;0;0x0000;02 Illegal Data Address
18535;0;0;0x0000;02 Illegal Data Address
18536;0;0;0x0000;02 Illegal Data Address
18537;0;0;0x0000;02 Illegal Data Address
18538;0;0;0x0000;02 Illegal Data Address
18539;0;0;0x0000;02 Illegal Data Address
18540;0;0;0x0000;02 Illegal Data Address
18541;0;0;0x0000;02 Illegal Data Address
18542;0;0;0x0000;02 Illegal Data Address
18543;0;0;0x0000;02 Illegal Data Address
18544;0;0;0x0000;02 Illegal Data Address
18545;0;0;0x0000;02 Illegal Data Address
18546;0;0;0x0000;02 Illegal Data Address
18547;0;0;0x0000;02 Illegal Data Address
18548;0;0;0x0000;02 Illegal Data Address
18549;0;0;0x0000;02 Illegal Data Address
18550;0;0;0x0000;02 Illegal Data Address
18551;0;0;0x0000;02 Illegal Data Address
18552;0;0;0x0000;02 Illegal Data Address
18553;0;0;0x0000;02 Illegal Data Address
18554;0;0;0x0000;02 Illegal Data Address
18555;0;0;0x0000;02 Illegal Data Address
18556;0;0;0x0000;02 Illegal Data Address
18557;0;0;0x0000;02 Illegal Data Address
18558;0;0;0x0000;02 Illegal Data Address
18559;0;0;0x0000;02 Illegal Data Address
18560;0;0;0x0000;02 Illegal Data Address
18561;0;0;0x0000;02 Illegal Data Address
18562;0;0;0x0000;02 Illegal Data Address
18563;0;0;0x0000;02 Illegal Data Address
18564;0;0;0x0000;02 Illegal Data Address
18565;0;0;0x0000;02 Illegal Data Address
18566;0;0;0x0000;02 Illegal Data Address
18567;0;0;0x0000;02 Illegal Data Address
18568;0;0;0x0000;02 Illegal Data Address
18569;0;0;0x0000;02 Illegal Data Address
18570;0;0;0x0000;02 Illegal Data Address
18571;0;0;0x0000;02 Illegal Data Address
18572;0;0;0x0000;02 Illegal Data Address
18573;0;0;0x0000;02 Illegal Data Address
18574;0;0;0x0000;02 Illegal Data Address
18575;0;0;0x0000;02 Illegal Data Address
18576;0;0;0x0000;02 Illegal Data Address
18577;0;0;0x0000;02 Illegal Data Address
18578;0;0;0x0000;02 Illegal Data Address
18579;0;0;0x0000;02 Illegal Data Address
18580;0;0;0x0000;02 Illegal Data Address
18581;0;0;0x0000;02 Illegal Data Address
18582;0;0;0x0000;02 Illegal Data Address
18583;0;0;0x0000;02 Illegal Data Address
18584;0;0;0x0000;02 Illegal Data Address
18585;0;0;0x0000;02 Illegal Data Address
18586;0;0;0x0000;02 Illegal Data Address
18587;0;0;0x0000;02 Illegal Data Address
18588;0;0;0x0000;02 Illegal Data Address
18589;0;0;0x0000;02 Illegal Data Address
18590;0;0;0x0000;02 Illegal Data Address
18591;0;0;0x0000;02 Illegal Data Address
18592;0;0;0x0000;02 Illegal Data Address
18593;0;0;0x0000;02 Illegal Data Address
18594;0;0;0x0000;02 Illegal Data Address
18595;0;0;0x0000;02 Illegal Data Address
18596;0;0;0x0000;02 Illegal Data Address
18597;0;0;0x0000;02 Illegal Data Address
18598;0;0;0x0000;02 Illegal Data Address
18599;0;0;0x0000;02 Illegal Data Address
18600;0;0;0x0000;02 Illegal Data Address
18601;0;0;0x0000;02 Illegal Data Address
18602;0;0;0x0000;02 Illegal Data Address
18603;0;0;0x0000;02 Illegal Data Address
18604;0;0;0x0000;02 Illegal Data Address
18605;0;0;0x0000;02 Illegal Data Address
18606;0;0;0x0000;02 Illegal Data Address
18607;0;0;0x0000;02 Illegal Data Address
18608;0;0;0x0000;02 Illegal Data Address
18609;0;0;0x0000;02 Illegal Data Address
18610;0;0;0x0000;02 Illegal Data Address
18611;0;0;0x0000;02 Illegal Data Address
18612;0;0;0x0000;02 Illegal Data Address
18613;0;0;0x0000;02 Illegal Data Address
18614;0;0;0x0000;02 Illegal Data Address
18615;0;0;0x0000;02 Illegal Data Address
18616;0;0;0x0000;02 Illegal Data Address
18617;0;0;0x0000;02 Illegal Data Address
18618;0;0;0x0000;02 Illegal Data Address
18619;0;0;0x0000;02 Illegal Data Address
18620;0;0;0x0000;02 Illegal Data Address
18621;0;0;0x0000;02 Illegal Data Address
18622;0;0;0x0000;02 Illegal Data Address
18623;0;0;0x0000;02 Illegal Data Address
18624;0;0;0x0000;02 Illegal Data Address
18625;0;0;0x0000;02 Illegal Data Address
18626;0;0;0x0000;02 Illegal Data Address
18627;0;0;0x0000;02 Illegal Data Address
18628;0;0;0x0000;02 Illegal Data Address
18629;0;0;0x0000;02 Illegal Data Address
18630;0;0;0x0000;02 Illegal Data Address
18631;0;0;0x0000;02 Illegal Data Address
18632;0;0;0x0000;02 Illegal Data Address
18633;0;0;0x0000;02 Illegal Data Address
18634;0;0;0x0000;02 Illegal Data Address
18635;0;0;0x0000;02 Illegal Data Address
18636;0;0;0x0000;02 Illegal Data Address
18637;0;0;0x0000;02 Illegal Data Address
18638;0;0;0x0000;02 Illegal Data Address
18639;0;0;0x0000;02 Illegal Data Address
18640;0;0;0x0000;02 Illegal Data Address
18641;0;0;0x0000;02 Illegal Data Address
18642;0;0;0x0000;02 Illegal Data Address
18643;0;0;0x0000;02 Illegal Data Address
18644;0;0;0x0000;02 Illegal Data Address
18645;0;0;0x0000;02 Illegal Data Address
18646;0;0;0x0000;02 Illegal Data Address
18647;0;0;0x0000;02 Illegal Data Address
18648;0;0;0x0000;02 Illegal Data Address
18649;0;0;0x0000;02 Illegal Data Address
18650;0;0;0x0000;02 Illegal Data Address
18651;0;0;0x0000;02 Illegal Data Address
18652;0;0;0x0000;02 Illegal Data Address
18653;0;0;0x0000;02 Illegal Data Address
18654;0;0;0x0000;02 Illegal Data Address
18655;0;0;0x0000;02 Illegal Data Address
18656;0;0;0x0000;02 Illegal Data Address
18657;0;0;0x0000;02 Illegal Data Address
18658;0;0;0x0000;02 Illegal Data Address
18659;0;0;0x0000;02 Illegal Data Address
18660;0;0;0x0000;02 Illegal Data Address
18661;0;0;0x0000;02 Illegal Data Address
18662;0;0;0x0000;02 Illegal Data Address
18663;0;0;0x0000;02 Illegal Data Address
18664;0;0;0x0000;02 Illegal Data Address
18665;0;0;0x0000;02 Illegal Data Address
18666;0;0;0x0000;02 Illegal Data Address
18667;0;0;0x0000;02 Illegal Data Address
18668;0;0;0x0000;02 Illegal Data Address
18669;0;0;0x0000;02 Illegal Data Address
18670;0;0;0x0000;02 Illegal Data Address
18671;0;0;0x0000;02 Illegal Data Address
18672;0;0;0x0000;02 Illegal Data Address
18673;0;0;0x0000;02 Illegal Data Address
18674;0;0;0x0000;02 Illegal Data Address
18675;0;0;0x0000;02 Illegal Data Address
18676;0;0;0x0000;02 Illegal Data Address
18677;0;0;0x0000;02 Illegal Data Address
18678;0;0;0x0000;02 Illegal Data Address
18679;0;0;0x0000;02 Illegal Data Address
18680;0;0;0x0000;02 Illegal Data Address
18681;0;0;0x0000;02 Illegal Data Address
18682;0;0;0x0000;02 Illegal Data Address
18683;0;0;0x0000;02 Illegal Data Address
18684;0;0;0x0000;02 Illegal Data Address
18685;0;0;0x0000;02 Illegal Data Address
18686;0;0;0x0000;02 Illegal Data Address
18687;0;0;0x0000;02 Illegal Data Address
18688;0;0;0x0000;02 Illegal Data Address
18689;0;0;0x0000;02 Illegal Data Address
18690;0;0;0x0000;02 Illegal Data Address
18691;0;0;0x0000;02 Illegal Data Address
18692;0;0;0x0000;02 Illegal Data Address
18693;0;0;0x0000;02 Illegal Data Address
18694;0;0;0x0000;02 Illegal Data Address
18695;0;0;0x0000;02 Illegal Data Address
18696;0;0;0x0000;02 Illegal Data Address
18697;0;0;0x0000;02 Illegal Data Address
18698;0;0;0x0000;02 Illegal Data Address
18699;0;0;0x0000;02 Illegal Data Address
18700;0;0;0x0000;02 Illegal Data Address
18701;0;0;0x0000;02 Illegal Data Address
18702;0;0;0x0000;02 Illegal Data Address
18703;0;0;0x0000;02 Illegal Data Address
18704;0;0;0x0000;02 Illegal Data Address
18705;0;0;0x0000;02 Illegal Data Address
18706;0;0;0x0000;02 Illegal Data Address
18707;0;0;0x0000;02 Illegal Data Address
18708;0;0;0x0000;02 Illegal Data Address
18709;0;0;0x0000;02 Illegal Data Address
18710;0;0;0x0000;02 Illegal Data Address
18711;0;0;0x0000;02 Illegal Data Address
18712;0;0;0x0000;02 Illegal Data Address
18713;0;0;0x0000;02 Illegal Data Address
18714;0;0;0x0000;02 Illegal Data Address
18715;0;0;0x0000;02 Illegal Data Address
18716;0;0;0x0000;02 Illegal Data Address
18717;0;0;0x0000;02 Illegal Data Address
18718;0;0;0x0000;02 Illegal Data Address
18719;0;0;0x0000;02 Illegal Data Address
18720;0;0;0x0000;02 Illegal Data Address
18721;0;0;0x0000;02 Illegal Data Address
18722;0;0;0x0000;02 Illegal Data Address
18723;0;0;0x0000;02 Illegal Data Address
18724;0;0;0x0000;02 Illegal Data Address
18725;0;0;0x0000;02 Illegal Data Address
18726;0;0;0x0000;02 Illegal Data Address
18727;0;0;0x0000;02 Illegal Data Address
18728;0;0;0x0000;02 Illegal Data Address
18729;0;0;0x0000;02 Illegal Data Address
18730;0;0;0x0000;02 Illegal Data Address
18731;0;0;0x0000;02 Illegal Data Address
18732;0;0;0x0000;02 Illegal Data Address
18733;0;0;0x0000;02 Illegal Data Address
18734;0;0;0x0000;02 Illegal Data Address
18735;0;0;0x0000;02 Illegal Data Address
18736;0;0;0x0000;02 Illegal Data Address
18737;0;0;0x0000;02 Illegal Data Address
18738;0;0;0x0000;02 Illegal Data Address
18739;0;0;0x0000;02 Illegal Data Address
18740;0;0;0x0000;02 Illegal Data Address
18741;0;0;0x0000;02 Illegal Data Address
18742;0;0;0x0000;02 Illegal Data Address
18743;0;0;0x0000;02 Illegal Data Address
18744;0;0;0x0000;02 Illegal Data Address
18745;0;0;0x0000;02 Illegal Data Address
18746;0;0;0x0000;02 Illegal Data Address
18747;0;0;0x0000;02 Illegal Data Address
18748;0;0;0x0000;02 Illegal Data Address
18749;0;0;0x0000;02 Illegal Data Address
18750;0;0;0x0000;02 Illegal Data Address
18751;0;0;0x0000;02 Illegal Data Address
18752;0;0;0x0000;02 Illegal Data Address
18753;0;0;0x0000;02 Illegal Data Address
18754;0;0;0x0000;02 Illegal Data Address
18755;0;0;0x0000;02 Illegal Data Address
18756;0;0;0x0000;02 Illegal Data Address
18757;0;0;0x0000;02 Illegal Data Address
18758;0;0;0x0000;02 Illegal Data Address
18759;0;0;0x0000;02 Illegal Data Address
18760;0;0;0x0000;02 Illegal Data Address
18761;0;0;0x0000;02 Illegal Data Address
18762;0;0;0x0000;02 Illegal Data Address
18763;0;0;0x0000;02 Illegal Data Address
18764;0;0;0x0000;02 Illegal Data Address
18765;0;0;0x0000;02 Illegal Data Address
18766;0;0;0x0000;02 Illegal Data Address
18767;0;0;0x0000;02 Illegal Data Address
18768;0;0;0x0000;02 Illegal Data Address
18769;0;0;0x0000;02 Illegal Data Address
18770;0;0;0x0000;02 Illegal Data Address
18771;0;0;0x0000;02 Illegal Data Address
18772;0;0;0x0000;02 Illegal Data Address
18773;0;0;0x0000;02 Illegal Data Address
18774;0;0;0x0000;02 Illegal Data Address
18775;0;0;0x0000;02 Illegal Data Address
18776;0;0;0x0000;02 Illegal Data Address
18777;0;0;0x0000;02 Illegal Data Address
18778;0;0;0x0000;02 Illegal Data Address
18779;0;0;0x0000;02 Illegal Data Address
18780;0;0;0x0000;02 Illegal Data Address
18781;0;0;0x0000;02 Illegal Data Address
18782;0;0;0x0000;02 Illegal Data Address
18783;0;0;0x0000;02 Illegal Data Address
18784;0;0;0x0000;02 Illegal Data Address
18785;0;0;0x0000;02 Illegal Data Address
18786;0;0;0x0000;02 Illegal Data Address
18787;0;0;0x0000;02 Illegal Data Address
18788;0;0;0x0000;02 Illegal Data Address
18789;0;0;0x0000;02 Illegal Data Address
18790;0;0;0x0000;02 Illegal Data Address
18791;0;0;0x0000;02 Illegal Data Address
18792;0;0;0x0000;02 Illegal Data Address
18793;0;0;0x0000;02 Illegal Data Address
18794;0;0;0x0000;02 Illegal Data Address
18795;0;0;0x0000;02 Illegal Data Address
18796;0;0;0x0000;02 Illegal Data Address
18797;0;0;0x0000;02 Illegal Data Address
18798;0;0;0x0000;02 Illegal Data Address
18799;0;0;0x0000;02 Illegal Data Address
18800;0;0;0x0000;02 Illegal Data Address
18801;0;0;0x0000;02 Illegal Data Address
18802;0;0;0x0000;02 Illegal Data Address
18803;0;0;0x0000;02 Illegal Data Address
18804;0;0;0x0000;02 Illegal Data Address
18805;0;0;0x0000;02 Illegal Data Address
18806;0;0;0x0000;02 Illegal Data Address
18807;0;0;0x0000;02 Illegal Data Address
18808;0;0;0x0000;02 Illegal Data Address
18809;0;0;0x0000;02 Illegal Data Address
18810;0;0;0x0000;02 Illegal Data Address
18811;0;0;0x0000;02 Illegal Data Address
18812;0;0;0x0000;02 Illegal Data Address
18813;0;0;0x0000;02 Illegal Data Address
18814;0;0;0x0000;02 Illegal Data Address
18815;0;0;0x0000;02 Illegal Data Address
18816;0;0;0x0000;02 Illegal Data Address
18817;0;0;0x0000;02 Illegal Data Address
18818;0;0;0x0000;02 Illegal Data Address
18819;0;0;0x0000;02 Illegal Data Address
18820;0;0;0x0000;02 Illegal Data Address
18821;0;0;0x0000;02 Illegal Data Address
18822;0;0;0x0000;02 Illegal Data Address
18823;0;0;0x0000;02 Illegal Data Address
18824;0;0;0x0000;02 Illegal Data Address
18825;0;0;0x0000;02 Illegal Data Address
18826;0;0;0x0000;02 Illegal Data Address
18827;0;0;0x0000;02 Illegal Data Address
18828;0;0;0x0000;02 Illegal Data Address
18829;0;0;0x0000;02 Illegal Data Address
18830;0;0;0x0000;02 Illegal Data Address
18831;0;0;0x0000;02 Illegal Data Address
18832;0;0;0x0000;02 Illegal Data Address
18833;0;0;0x0000;02 Illegal Data Address
18834;0;0;0x0000;02 Illegal Data Address
18835;0;0;0x0000;02 Illegal Data Address
18836;0;0;0x0000;02 Illegal Data Address
18837;0;0;0x0000;02 Illegal Data Address
18838;0;0;0x0000;02 Illegal Data Address
18839;0;0;0x0000;02 Illegal Data Address
18840;0;0;0x0000;02 Illegal Data Address
18841;0;0;0x0000;02 Illegal Data Address
18842;0;0;0x0000;02 Illegal Data Address
18843;0;0;0x0000;02 Illegal Data Address
18844;0;0;0x0000;02 Illegal Data Address
18845;0;0;0x0000;02 Illegal Data Address
18846;0;0;0x0000;02 Illegal Data Address
18847;0;0;0x0000;02 Illegal Data Address
18848;0;0;0x0000;02 Illegal Data Address
18849;0;0;0x0000;02 Illegal Data Address
18850;0;0;0x0000;02 Illegal Data Address
18851;0;0;0x0000;02 Illegal Data Address
18852;0;0;0x0000;02 Illegal Data Address
18853;0;0;0x0000;02 Illegal Data Address
18854;0;0;0x0000;02 Illegal Data Address
18855;0;0;0x0000;02 Illegal Data Address
18856;0;0;0x0000;02 Illegal Data Address
18857;0;0;0x0000;02 Illegal Data Address
18858;0;0;0x0000;02 Illegal Data Address
18859;0;0;0x0000;02 Illegal Data Address
18860;0;0;0x0000;02 Illegal Data Address
18861;0;0;0x0000;02 Illegal Data Address
18862;0;0;0x0000;02 Illegal Data Address
18863;0;0;0x0000;02 Illegal Data Address
18864;0;0;0x0000;02 Illegal Data Address
18865;0;0;0x0000;02 Illegal Data Address
18866;0;0;0x0000;02 Illegal Data Address
18867;0;0;0x0000;02 Illegal Data Address
18868;0;0;0x0000;02 Illegal Data Address
18869;0;0;0x0000;02 Illegal Data Address
18870;0;0;0x0000;02 Illegal Data Address
18871;0;0;0x0000;02 Illegal Data Address
18872;0;0;0x0000;02 Illegal Data Address
18873;0;0;0x0000;02 Illegal Data Address
18874;0;0;0x0000;02 Illegal Data Address
18875;0;0;0x0000;02 Illegal Data Address
18876;0;0;0x0000;02 Illegal Data Address
18877;0;0;0x0000;02 Illegal Data Address
18878;0;0;0x0000;02 Illegal Data Address
18879;0;0;0x0000;02 Illegal Data Address
18880;0;0;0x0000;02 Illegal Data Address
18881;0;0;0x0000;02 Illegal Data Address
18882;0;0;0x0000;02 Illegal Data Address
18883;0;0;0x0000;02 Illegal Data Address
18884;0;0;0x0000;02 Illegal Data Address
18885;0;0;0x0000;02 Illegal Data Address
18886;0;0;0x0000;02 Illegal Data Address
18887;0;0;0x0000;02 Illegal Data Address
18888;0;0;0x0000;02 Illegal Data Address
18889;0;0;0x0000;02 Illegal Data Address
18890;0;0;0x0000;02 Illegal Data Address
18891;0;0;0x0000;02 Illegal Data Address
18892;0;0;0x0000;02 Illegal Data Address
18893;0;0;0x0000;02 Illegal Data Address
18894;0;0;0x0000;02 Illegal Data Address
18895;0;0;0x0000;02 Illegal Data Address
18896;0;0;0x0000;02 Illegal Data Address
18897;0;0;0x0000;02 Illegal Data Address
18898;0;0;0x0000;02 Illegal Data Address
18899;0;0;0x0000;02 Illegal Data Address
18900;0;0;0x0000;02 Illegal Data Address
18901;0;0;0x0000;02 Illegal Data Address
18902;0;0;0x0000;02 Illegal Data Address
18903;0;0;0x0000;02 Illegal Data Address
18904;0;0;0x0000;02 Illegal Data Address
18905;0;0;0x0000;02 Illegal Data Address
18906;0;0;0x0000;02 Illegal Data Address
18907;0;0;0x0000;02 Illegal Data Address
18908;0;0;0x0000;02 Illegal Data Address
18909;0;0;0x0000;02 Illegal Data Address
18910;0;0;0x0000;02 Illegal Data Address
18911;0;0;0x0000;02 Illegal Data Address
18912;0;0;0x0000;02 Illegal Data Address
18913;0;0;0x0000;02 Illegal Data Address
18914;0;0;0x0000;02 Illegal Data Address
18915;0;0;0x0000;02 Illegal Data Address
18916;0;0;0x0000;02 Illegal Data Address
18917;0;0;0x0000;02 Illegal Data Address
18918;0;0;0x0000;02 Illegal Data Address
18919;0;0;0x0000;02 Illegal Data Address
18920;0;0;0x0000;02 Illegal Data Address
18921;0;0;0x0000;02 Illegal Data Address
18922;0;0;0x0000;02 Illegal Data Address
18923;0;0;0x0000;02 Illegal Data Address
18924;0;0;0x0000;02 Illegal Data Address
18925;0;0;0x0000;02 Illegal Data Address
18926;0;0;0x0000;02 Illegal Data Address
18927;0;0;0x0000;02 Illegal Data Address
18928;0;0;0x0000;02 Illegal Data Address
18929;0;0;0x0000;02 Illegal Data Address
18930;0;0;0x0000;02 Illegal Data Address
18931;0;0;0x0000;02 Illegal Data Address
18932;0;0;0x0000;02 Illegal Data Address
18933;0;0;0x0000;02 Illegal Data Address
18934;0;0;0x0000;02 Illegal Data Address
18935;0;0;0x0000;02 Illegal Data Address
18936;0;0;0x0000;02 Illegal Data Address
18937;0;0;0x0000;02 Illegal Data Address
18938;0;0;0x0000;02 Illegal Data Address
18939;0;0;0x0000;02 Illegal Data Address
18940;0;0;0x0000;02 Illegal Data Address
18941;0;0;0x0000;02 Illegal Data Address
18942;0;0;0x0000;02 Illegal Data Address
18943;0;0;0x0000;02 Illegal Data Address
18944;0;0;0x0000;02 Illegal Data Address
18945;0;0;0x0000;02 Illegal Data Address
18946;0;0;0x0000;02 Illegal Data Address
18947;0;0;0x0000;02 Illegal Data Address
18948;0;0;0x0000;02 Illegal Data Address
18949;0;0;0x0000;02 Illegal Data Address
18950;0;0;0x0000;02 Illegal Data Address
18951;0;0;0x0000;02 Illegal Data Address
18952;0;0;0x0000;02 Illegal Data Address
18953;0;0;0x0000;02 Illegal Data Address
18954;0;0;0x0000;02 Illegal Data Address
18955;0;0;0x0000;02 Illegal Data Address
18956;0;0;0x0000;02 Illegal Data Address
18957;0;0;0x0000;02 Illegal Data Address
18958;0;0;0x0000;02 Illegal Data Address
18959;0;0;0x0000;02 Illegal Data Address
18960;0;0;0x0000;02 Illegal Data Address
18961;0;0;0x0000;02 Illegal Data Address
18962;0;0;0x0000;02 Illegal Data Address
18963;0;0;0x0000;02 Illegal Data Address
18964;0;0;0x0000;02 Illegal Data Address
18965;0;0;0x0000;02 Illegal Data Address
18966;0;0;0x0000;02 Illegal Data Address
18967;0;0;0x0000;02 Illegal Data Address
18968;0;0;0x0000;02 Illegal Data Address
18969;0;0;0x0000;02 Illegal Data Address
18970;0;0;0x0000;02 Illegal Data Address
18971;0;0;0x0000;02 Illegal Data Address
18972;0;0;0x0000;02 Illegal Data Address
18973;0;0;0x0000;02 Illegal Data Address
18974;0;0;0x0000;02 Illegal Data Address
18975;0;0;0x0000;02 Illegal Data Address
18976;0;0;0x0000;02 Illegal Data Address
18977;0;0;0x0000;02 Illegal Data Address
18978;0;0;0x0000;02 Illegal Data Address
18979;0;0;0x0000;02 Illegal Data Address
18980;0;0;0x0000;02 Illegal Data Address
18981;0;0;0x0000;02 Illegal Data Address
18982;0;0;0x0000;02 Illegal Data Address
18983;0;0;0x0000;02 Illegal Data Address
18984;0;0;0x0000;02 Illegal Data Address
18985;0;0;0x0000;02 Illegal Data Address
18986;0;0;0x0000;02 Illegal Data Address
18987;0;0;0x0000;02 Illegal Data Address
18988;0;0;0x0000;02 Illegal Data Address
18989;0;0;0x0000;02 Illegal Data Address
18990;0;0;0x0000;02 Illegal Data Address
18991;0;0;0x0000;02 Illegal Data Address
18992;0;0;0x0000;02 Illegal Data Address
18993;0;0;0x0000;02 Illegal Data Address
18994;0;0;0x0000;02 Illegal Data Address
18995;0;0;0x0000;02 Illegal Data Address
18996;0;0;0x0000;02 Illegal Data Address
18997;0;0;0x0000;02 Illegal Data Address
18998;0;0;0x0000;02 Illegal Data Address
18999;0;0;0x0000;02 Illegal Data Address
19000;0;0;0x0000;02 Illegal Data Address
19001;0;0;0x0000;02 Illegal Data Address
19002;0;0;0x0000;02 Illegal Data Address
19003;0;0;0x0000;02 Illegal Data Address
19004;0;0;0x0000;02 Illegal Data Address
19005;0;0;0x0000;02 Illegal Data Address
19006;0;0;0x0000;02 Illegal Data Address
19007;0;0;0x0000;02 Illegal Data Address
19008;0;0;0x0000;02 Illegal Data Address
19009;0;0;0x0000;02 Illegal Data Address
19010;0;0;0x0000;02 Illegal Data Address
19011;0;0;0x0000;02 Illegal Data Address
19012;0;0;0x0000;02 Illegal Data Address
19013;0;0;0x0000;02 Illegal Data Address
19014;0;0;0x0000;02 Illegal Data Address
19015;0;0;0x0000;02 Illegal Data Address
19016;0;0;0x0000;02 Illegal Data Address
19017;0;0;0x0000;02 Illegal Data Address
19018;0;0;0x0000;02 Illegal Data Address
19019;0;0;0x0000;02 Illegal Data Address
19020;0;0;0x0000;02 Illegal Data Address
19021;0;0;0x0000;02 Illegal Data Address
19022;0;0;0x0000;02 Illegal Data Address
19023;0;0;0x0000;02 Illegal Data Address
19024;0;0;0x0000;02 Illegal Data Address
19025;0;0;0x0000;02 Illegal Data Address
19026;0;0;0x0000;02 Illegal Data Address
19027;0;0;0x0000;02 Illegal Data Address
19028;0;0;0x0000;02 Illegal Data Address
19029;0;0;0x0000;02 Illegal Data Address
19030;0;0;0x0000;02 Illegal Data Address
19031;0;0;0x0000;02 Illegal Data Address
19032;0;0;0x0000;02 Illegal Data Address
19033;0;0;0x0000;02 Illegal Data Address
19034;0;0;0x0000;02 Illegal Data Address
19035;0;0;0x0000;02 Illegal Data Address
19036;0;0;0x0000;02 Illegal Data Address
19037;0;0;0x0000;02 Illegal Data Address
19038;0;0;0x0000;02 Illegal Data Address
19039;0;0;0x0000;02 Illegal Data Address
19040;0;0;0x0000;02 Illegal Data Address
19041;0;0;0x0000;02 Illegal Data Address
19042;0;0;0x0000;02 Illegal Data Address
19043;0;0;0x0000;02 Illegal Data Address
19044;0;0;0x0000;02 Illegal Data Address
19045;0;0;0x0000;02 Illegal Data Address
19046;0;0;0x0000;02 Illegal Data Address
19047;0;0;0x0000;02 Illegal Data Address
19048;0;0;0x0000;02 Illegal Data Address
19049;0;0;0x0000;02 Illegal Data Address
19050;0;0;0x0000;02 Illegal Data Address
19051;0;0;0x0000;02 Illegal Data Address
19052;0;0;0x0000;02 Illegal Data Address
19053;0;0;0x0000;02 Illegal Data Address
19054;0;0;0x0000;02 Illegal Data Address
19055;0;0;0x0000;02 Illegal Data Address
19056;0;0;0x0000;02 Illegal Data Address
19057;0;0;0x0000;02 Illegal Data Address
19058;0;0;0x0000;02 Illegal Data Address
19059;0;0;0x0000;02 Illegal Data Address
19060;0;0;0x0000;02 Illegal Data Address
19061;0;0;0x0000;02 Illegal Data Address
19062;0;0;0x0000;02 Illegal Data Address
19063;0;0;0x0000;02 Illegal Data Address
19064;0;0;0x0000;02 Illegal Data Address
19065;0;0;0x0000;02 Illegal Data Address
19066;0;0;0x0000;02 Illegal Data Address
19067;0;0;0x0000;02 Illegal Data Address
19068;0;0;0x0000;02 Illegal Data Address
19069;0;0;0x0000;02 Illegal Data Address
19070;0;0;0x0000;02 Illegal Data Address
19071;0;0;0x0000;02 Illegal Data Address
19072;0;0;0x0000;02 Illegal Data Address
19073;0;0;0x0000;02 Illegal Data Address
19074;0;0;0x0000;02 Illegal Data Address
19075;0;0;0x0000;02 Illegal Data Address
19076;0;0;0x0000;02 Illegal Data Address
19077;0;0;0x0000;02 Illegal Data Address
19078;0;0;0x0000;02 Illegal Data Address
19079;0;0;0x0000;02 Illegal Data Address
19080;0;0;0x0000;02 Illegal Data Address
19081;0;0;0x0000;02 Illegal Data Address
19082;0;0;0x0000;02 Illegal Data Address
19083;0;0;0x0000;02 Illegal Data Address
19084;0;0;0x0000;02 Illegal Data Address
19085;0;0;0x0000;02 Illegal Data Address
19086;0;0;0x0000;02 Illegal Data Address
19087;0;0;0x0000;02 Illegal Data Address
19088;0;0;0x0000;02 Illegal Data Address
19089;0;0;0x0000;02 Illegal Data Address
19090;0;0;0x0000;02 Illegal Data Address
19091;0;0;0x0000;02 Illegal Data Address
19092;0;0;0x0000;02 Illegal Data Address
19093;0;0;0x0000;02 Illegal Data Address
19094;0;0;0x0000;02 Illegal Data Address
19095;0;0;0x0000;02 Illegal Data Address
19096;0;0;0x0000;02 Illegal Data Address
19097;0;0;0x0000;02 Illegal Data Address
19098;0;0;0x0000;02 Illegal Data Address
19099;0;0;0x0000;02 Illegal Data Address
19100;0;0;0x0000;02 Illegal Data Address
19101;0;0;0x0000;02 Illegal Data Address
19102;0;0;0x0000;02 Illegal Data Address
19103;0;0;0x0000;02 Illegal Data Address
19104;0;0;0x0000;02 Illegal Data Address
19105;0;0;0x0000;02 Illegal Data Address
19106;0;0;0x0000;02 Illegal Data Address
19107;0;0;0x0000;02 Illegal Data Address
19108;0;0;0x0000;02 Illegal Data Address
19109;0;0;0x0000;02 Illegal Data Address
19110;0;0;0x0000;02 Illegal Data Address
19111;0;0;0x0000;02 Illegal Data Address
19112;0;0;0x0000;02 Illegal Data Address
19113;0;0;0x0000;02 Illegal Data Address
19114;0;0;0x0000;02 Illegal Data Address
19115;0;0;0x0000;02 Illegal Data Address
19116;0;0;0x0000;02 Illegal Data Address
19117;0;0;0x0000;02 Illegal Data Address
19118;0;0;0x0000;02 Illegal Data Address
19119;0;0;0x0000;02 Illegal Data Address
19120;0;0;0x0000;02 Illegal Data Address
19121;0;0;0x0000;02 Illegal Data Address
19122;0;0;0x0000;02 Illegal Data Address
19123;0;0;0x0000;02 Illegal Data Address
19124;0;0;0x0000;02 Illegal Data Address
19125;0;0;0x0000;02 Illegal Data Address
19126;0;0;0x0000;02 Illegal Data Address
19127;0;0;0x0000;02 Illegal Data Address
19128;0;0;0x0000;02 Illegal Data Address
19129;0;0;0x0000;02 Illegal Data Address
19130;0;0;0x0000;02 Illegal Data Address
19131;0;0;0x0000;02 Illegal Data Address
19132;0;0;0x0000;02 Illegal Data Address
19133;0;0;0x0000;02 Illegal Data Address
19134;0;0;0x0000;02 Illegal Data Address
19135;0;0;0x0000;02 Illegal Data Address
19136;0;0;0x0000;02 Illegal Data Address
19137;0;0;0x0000;02 Illegal Data Address
19138;0;0;0x0000;02 Illegal Data Address
19139;0;0;0x0000;02 Illegal Data Address
19140;0;0;0x0000;02 Illegal Data Address
19141;0;0;0x0000;02 Illegal Data Address
19142;0;0;0x0000;02 Illegal Data Address
19143;0;0;0x0000;02 Illegal Data Address
19144;0;0;0x0000;02 Illegal Data Address
19145;0;0;0x0000;02 Illegal Data Address
19146;0;0;0x0000;02 Illegal Data Address
19147;0;0;0x0000;02 Illegal Data Address
19148;0;0;0x0000;02 Illegal Data Address
19149;0;0;0x0000;02 Illegal Data Address
19150;0;0;0x0000;02 Illegal Data Address
19151;0;0;0x0000;02 Illegal Data Address
19152;0;0;0x0000;02 Illegal Data Address
19153;0;0;0x0000;02 Illegal Data Address
19154;0;0;0x0000;02 Illegal Data Address
19155;0;0;0x0000;02 Illegal Data Address
19156;0;0;0x0000;02 Illegal Data Address
19157;0;0;0x0000;02 Illegal Data Address
19158;0;0;0x0000;02 Illegal Data Address
19159;0;0;0x0000;02 Illegal Data Address
19160;0;0;0x0000;02 Illegal Data Address
19161;0;0;0x0000;02 Illegal Data Address
19162;0;0;0x0000;02 Illegal Data Address
19163;0;0;0x0000;02 Illegal Data Address
19164;0;0;0x0000;02 Illegal Data Address
19165;0;0;0x0000;02 Illegal Data Address
19166;0;0;0x0000;02 Illegal Data Address
19167;0;0;0x0000;02 Illegal Data Address
19168;0;0;0x0000;02 Illegal Data Address
19169;0;0;0x0000;02 Illegal Data Address
19170;0;0;0x0000;02 Illegal Data Address
19171;0;0;0x0000;02 Illegal Data Address
19172;0;0;0x0000;02 Illegal Data Address
19173;0;0;0x0000;02 Illegal Data Address
19174;0;0;0x0000;02 Illegal Data Address
19175;0;0;0x0000;02 Illegal Data Address
19176;0;0;0x0000;02 Illegal Data Address
19177;0;0;0x0000;02 Illegal Data Address
19178;0;0;0x0000;02 Illegal Data Address
19179;0;0;0x0000;02 Illegal Data Address
19180;0;0;0x0000;02 Illegal Data Address
19181;0;0;0x0000;02 Illegal Data Address
19182;0;0;0x0000;02 Illegal Data Address
19183;0;0;0x0000;02 Illegal Data Address
19184;0;0;0x0000;02 Illegal Data Address
19185;0;0;0x0000;02 Illegal Data Address
19186;0;0;0x0000;02 Illegal Data Address
19187;0;0;0x0000;02 Illegal Data Address
19188;0;0;0x0000;02 Illegal Data Address
19189;0;0;0x0000;02 Illegal Data Address
19190;0;0;0x0000;02 Illegal Data Address
19191;0;0;0x0000;02 Illegal Data Address
19192;0;0;0x0000;02 Illegal Data Address
19193;0;0;0x0000;02 Illegal Data Address
19194;0;0;0x0000;02 Illegal Data Address
19195;0;0;0x0000;02 Illegal Data Address
19196;0;0;0x0000;02 Illegal Data Address
19197;0;0;0x0000;02 Illegal Data Address
19198;0;0;0x0000;02 Illegal Data Address
19199;0;0;0x0000;02 Illegal Data Address
19200;0;0;0x0000;02 Illegal Data Address
19201;0;0;0x0000;02 Illegal Data Address
19202;0;0;0x0000;02 Illegal Data Address
19203;0;0;0x0000;02 Illegal Data Address
19204;0;0;0x0000;02 Illegal Data Address
19205;0;0;0x0000;02 Illegal Data Address
19206;0;0;0x0000;02 Illegal Data Address
19207;0;0;0x0000;02 Illegal Data Address
19208;0;0;0x0000;02 Illegal Data Address
19209;0;0;0x0000;02 Illegal Data Address
19210;0;0;0x0000;02 Illegal Data Address
19211;0;0;0x0000;02 Illegal Data Address
19212;0;0;0x0000;02 Illegal Data Address
19213;0;0;0x0000;02 Illegal Data Address
19214;0;0;0x0000;02 Illegal Data Address
19215;0;0;0x0000;02 Illegal Data Address
19216;0;0;0x0000;02 Illegal Data Address
19217;0;0;0x0000;02 Illegal Data Address
19218;0;0;0x0000;02 Illegal Data Address
19219;0;0;0x0000;02 Illegal Data Address
19220;0;0;0x0000;02 Illegal Data Address
19221;0;0;0x0000;02 Illegal Data Address
19222;0;0;0x0000;02 Illegal Data Address
19223;0;0;0x0000;02 Illegal Data Address
19224;0;0;0x0000;02 Illegal Data Address
19225;0;0;0x0000;02 Illegal Data Address
19226;0;0;0x0000;02 Illegal Data Address
19227;0;0;0x0000;02 Illegal Data Address
19228;0;0;0x0000;02 Illegal Data Address
19229;0;0;0x0000;02 Illegal Data Address
19230;0;0;0x0000;02 Illegal Data Address
19231;0;0;0x0000;02 Illegal Data Address
19232;0;0;0x0000;02 Illegal Data Address
19233;0;0;0x0000;02 Illegal Data Address
19234;0;0;0x0000;02 Illegal Data Address
19235;0;0;0x0000;02 Illegal Data Address
19236;0;0;0x0000;02 Illegal Data Address
19237;0;0;0x0000;02 Illegal Data Address
19238;0;0;0x0000;02 Illegal Data Address
19239;0;0;0x0000;02 Illegal Data Address
19240;0;0;0x0000;02 Illegal Data Address
19241;0;0;0x0000;02 Illegal Data Address
19242;0;0;0x0000;02 Illegal Data Address
19243;0;0;0x0000;02 Illegal Data Address
19244;0;0;0x0000;02 Illegal Data Address
19245;0;0;0x0000;02 Illegal Data Address
19246;0;0;0x0000;02 Illegal Data Address
19247;0;0;0x0000;02 Illegal Data Address
19248;0;0;0x0000;02 Illegal Data Address
19249;0;0;0x0000;02 Illegal Data Address
19250;0;0;0x0000;02 Illegal Data Address
19251;0;0;0x0000;02 Illegal Data Address
19252;0;0;0x0000;02 Illegal Data Address
19253;0;0;0x0000;02 Illegal Data Address
19254;0;0;0x0000;02 Illegal Data Address
19255;0;0;0x0000;02 Illegal Data Address
19256;0;0;0x0000;02 Illegal Data Address
19257;0;0;0x0000;02 Illegal Data Address
19258;0;0;0x0000;02 Illegal Data Address
19259;0;0;0x0000;02 Illegal Data Address
19260;0;0;0x0000;02 Illegal Data Address
19261;0;0;0x0000;02 Illegal Data Address
19262;0;0;0x0000;02 Illegal Data Address
19263;0;0;0x0000;02 Illegal Data Address
19264;0;0;0x0000;02 Illegal Data Address
19265;0;0;0x0000;02 Illegal Data Address
19266;0;0;0x0000;02 Illegal Data Address
19267;0;0;0x0000;02 Illegal Data Address
19268;0;0;0x0000;02 Illegal Data Address
19269;0;0;0x0000;02 Illegal Data Address
19270;0;0;0x0000;02 Illegal Data Address
19271;0;0;0x0000;02 Illegal Data Address
19272;0;0;0x0000;02 Illegal Data Address
19273;0;0;0x0000;02 Illegal Data Address
19274;0;0;0x0000;02 Illegal Data Address
19275;0;0;0x0000;02 Illegal Data Address
19276;0;0;0x0000;02 Illegal Data Address
19277;0;0;0x0000;02 Illegal Data Address
19278;0;0;0x0000;02 Illegal Data Address
19279;0;0;0x0000;02 Illegal Data Address
19280;0;0;0x0000;02 Illegal Data Address
19281;0;0;0x0000;02 Illegal Data Address
19282;0;0;0x0000;02 Illegal Data Address
19283;0;0;0x0000;02 Illegal Data Address
19284;0;0;0x0000;02 Illegal Data Address
19285;0;0;0x0000;02 Illegal Data Address
19286;0;0;0x0000;02 Illegal Data Address
19287;0;0;0x0000;02 Illegal Data Address
19288;0;0;0x0000;02 Illegal Data Address
19289;0;0;0x0000;02 Illegal Data Address
19290;0;0;0x0000;02 Illegal Data Address
19291;0;0;0x0000;02 Illegal Data Address
19292;0;0;0x0000;02 Illegal Data Address
19293;0;0;0x0000;02 Illegal Data Address
19294;0;0;0x0000;02 Illegal Data Address
19295;0;0;0x0000;02 Illegal Data Address
19296;0;0;0x0000;02 Illegal Data Address
19297;0;0;0x0000;02 Illegal Data Address
19298;0;0;0x0000;02 Illegal Data Address
19299;0;0;0x0000;02 Illegal Data Address
19300;0;0;0x0000;02 Illegal Data Address
19301;0;0;0x0000;02 Illegal Data Address
19302;0;0;0x0000;02 Illegal Data Address
19303;0;0;0x0000;02 Illegal Data Address
19304;0;0;0x0000;02 Illegal Data Address
19305;0;0;0x0000;02 Illegal Data Address
19306;0;0;0x0000;02 Illegal Data Address
19307;0;0;0x0000;02 Illegal Data Address
19308;0;0;0x0000;02 Illegal Data Address
19309;0;0;0x0000;02 Illegal Data Address
19310;0;0;0x0000;02 Illegal Data Address
19311;0;0;0x0000;02 Illegal Data Address
19312;0;0;0x0000;02 Illegal Data Address
19313;0;0;0x0000;02 Illegal Data Address
19314;0;0;0x0000;02 Illegal Data Address
19315;0;0;0x0000;02 Illegal Data Address
19316;0;0;0x0000;02 Illegal Data Address
19317;0;0;0x0000;02 Illegal Data Address
19318;0;0;0x0000;02 Illegal Data Address
19319;0;0;0x0000;02 Illegal Data Address
19320;0;0;0x0000;02 Illegal Data Address
19321;0;0;0x0000;02 Illegal Data Address
19322;0;0;0x0000;02 Illegal Data Address
19323;0;0;0x0000;02 Illegal Data Address
19324;0;0;0x0000;02 Illegal Data Address
19325;0;0;0x0000;02 Illegal Data Address
19326;0;0;0x0000;02 Illegal Data Address
19327;0;0;0x0000;02 Illegal Data Address
19328;0;0;0x0000;02 Illegal Data Address
19329;0;0;0x0000;02 Illegal Data Address
19330;0;0;0x0000;02 Illegal Data Address
19331;0;0;0x0000;02 Illegal Data Address
19332;0;0;0x0000;02 Illegal Data Address
19333;0;0;0x0000;02 Illegal Data Address
19334;0;0;0x0000;02 Illegal Data Address
19335;0;0;0x0000;02 Illegal Data Address
19336;0;0;0x0000;02 Illegal Data Address
19337;0;0;0x0000;02 Illegal Data Address
19338;0;0;0x0000;02 Illegal Data Address
19339;0;0;0x0000;02 Illegal Data Address
19340;0;0;0x0000;02 Illegal Data Address
19341;0;0;0x0000;02 Illegal Data Address
19342;0;0;0x0000;02 Illegal Data Address
19343;0;0;0x0000;02 Illegal Data Address
19344;0;0;0x0000;02 Illegal Data Address
19345;0;0;0x0000;02 Illegal Data Address
19346;0;0;0x0000;02 Illegal Data Address
19347;0;0;0x0000;02 Illegal Data Address
19348;0;0;0x0000;02 Illegal Data Address
19349;0;0;0x0000;02 Illegal Data Address
19350;0;0;0x0000;02 Illegal Data Address
19351;0;0;0x0000;02 Illegal Data Address
19352;0;0;0x0000;02 Illegal Data Address
19353;0;0;0x0000;02 Illegal Data Address
19354;0;0;0x0000;02 Illegal Data Address
19355;0;0;0x0000;02 Illegal Data Address
19356;0;0;0x0000;02 Illegal Data Address
19357;0;0;0x0000;02 Illegal Data Address
19358;0;0;0x0000;02 Illegal Data Address
19359;0;0;0x0000;02 Illegal Data Address
19360;0;0;0x0000;02 Illegal Data Address
19361;0;0;0x0000;02 Illegal Data Address
19362;0;0;0x0000;02 Illegal Data Address
19363;0;0;0x0000;02 Illegal Data Address
19364;0;0;0x0000;02 Illegal Data Address
19365;0;0;0x0000;02 Illegal Data Address
19366;0;0;0x0000;02 Illegal Data Address
19367;0;0;0x0000;02 Illegal Data Address
19368;0;0;0x0000;02 Illegal Data Address
19369;0;0;0x0000;02 Illegal Data Address
19370;0;0;0x0000;02 Illegal Data Address
19371;0;0;0x0000;02 Illegal Data Address
19372;0;0;0x0000;02 Illegal Data Address
19373;0;0;0x0000;02 Illegal Data Address
19374;0;0;0x0000;02 Illegal Data Address
19375;0;0;0x0000;02 Illegal Data Address
19376;0;0;0x0000;02 Illegal Data Address
19377;0;0;0x0000;02 Illegal Data Address
19378;0;0;0x0000;02 Illegal Data Address
19379;0;0;0x0000;02 Illegal Data Address
19380;0;0;0x0000;02 Illegal Data Address
19381;0;0;0x0000;02 Illegal Data Address
19382;0;0;0x0000;02 Illegal Data Address
19383;0;0;0x0000;02 Illegal Data Address
19384;0;0;0x0000;02 Illegal Data Address
19385;0;0;0x0000;02 Illegal Data Address
19386;0;0;0x0000;02 Illegal Data Address
19387;0;0;0x0000;02 Illegal Data Address
19388;0;0;0x0000;02 Illegal Data Address
19389;0;0;0x0000;02 Illegal Data Address
19390;0;0;0x0000;02 Illegal Data Address
19391;0;0;0x0000;02 Illegal Data Address
19392;0;0;0x0000;02 Illegal Data Address
19393;0;0;0x0000;02 Illegal Data Address
19394;0;0;0x0000;02 Illegal Data Address
19395;0;0;0x0000;02 Illegal Data Address
19396;0;0;0x0000;02 Illegal Data Address
19397;0;0;0x0000;02 Illegal Data Address
19398;0;0;0x0000;02 Illegal Data Address
19399;0;0;0x0000;02 Illegal Data Address
19400;0;0;0x0000;02 Illegal Data Address
19401;0;0;0x0000;02 Illegal Data Address
19402;0;0;0x0000;02 Illegal Data Address
19403;0;0;0x0000;02 Illegal Data Address
19404;0;0;0x0000;02 Illegal Data Address
19405;0;0;0x0000;02 Illegal Data Address
19406;0;0;0x0000;02 Illegal Data Address
19407;0;0;0x0000;02 Illegal Data Address
19408;0;0;0x0000;02 Illegal Data Address
19409;0;0;0x0000;02 Illegal Data Address
19410;0;0;0x0000;02 Illegal Data Address
19411;0;0;0x0000;02 Illegal Data Address
19412;0;0;0x0000;02 Illegal Data Address
19413;0;0;0x0000;02 Illegal Data Address
19414;0;0;0x0000;02 Illegal Data Address
19415;0;0;0x0000;02 Illegal Data Address
19416;0;0;0x0000;02 Illegal Data Address
19417;0;0;0x0000;02 Illegal Data Address
19418;0;0;0x0000;02 Illegal Data Address
19419;0;0;0x0000;02 Illegal Data Address
19420;0;0;0x0000;02 Illegal Data Address
19421;0;0;0x0000;02 Illegal Data Address
19422;0;0;0x0000;02 Illegal Data Address
19423;0;0;0x0000;02 Illegal Data Address
19424;0;0;0x0000;02 Illegal Data Address
19425;0;0;0x0000;02 Illegal Data Address
19426;0;0;0x0000;02 Illegal Data Address
19427;0;0;0x0000;02 Illegal Data Address
19428;0;0;0x0000;02 Illegal Data Address
19429;0;0;0x0000;02 Illegal Data Address
19430;0;0;0x0000;02 Illegal Data Address
19431;0;0;0x0000;02 Illegal Data Address
19432;0;0;0x0000;02 Illegal Data Address
19433;0;0;0x0000;02 Illegal Data Address
19434;0;0;0x0000;02 Illegal Data Address
19435;0;0;0x0000;02 Illegal Data Address
19436;0;0;0x0000;02 Illegal Data Address
19437;0;0;0x0000;02 Illegal Data Address
19438;0;0;0x0000;02 Illegal Data Address
19439;0;0;0x0000;02 Illegal Data Address
19440;0;0;0x0000;02 Illegal Data Address
19441;0;0;0x0000;02 Illegal Data Address
19442;0;0;0x0000;02 Illegal Data Address
19443;0;0;0x0000;02 Illegal Data Address
19444;0;0;0x0000;02 Illegal Data Address
19445;0;0;0x0000;02 Illegal Data Address
19446;0;0;0x0000;02 Illegal Data Address
19447;0;0;0x0000;02 Illegal Data Address
19448;0;0;0x0000;02 Illegal Data Address
19449;0;0;0x0000;02 Illegal Data Address
19450;0;0;0x0000;02 Illegal Data Address
19451;0;0;0x0000;02 Illegal Data Address
19452;0;0;0x0000;02 Illegal Data Address
19453;0;0;0x0000;02 Illegal Data Address
19454;0;0;0x0000;02 Illegal Data Address
19455;0;0;0x0000;02 Illegal Data Address
19456;0;0;0x0000;02 Illegal Data Address
19457;0;0;0x0000;02 Illegal Data Address
19458;0;0;0x0000;02 Illegal Data Address
19459;0;0;0x0000;02 Illegal Data Address
19460;0;0;0x0000;02 Illegal Data Address
19461;0;0;0x0000;02 Illegal Data Address
19462;0;0;0x0000;02 Illegal Data Address
19463;0;0;0x0000;02 Illegal Data Address
19464;0;0;0x0000;02 Illegal Data Address
19465;0;0;0x0000;02 Illegal Data Address
19466;0;0;0x0000;02 Illegal Data Address
19467;0;0;0x0000;02 Illegal Data Address
19468;0;0;0x0000;02 Illegal Data Address
19469;0;0;0x0000;02 Illegal Data Address
19470;0;0;0x0000;02 Illegal Data Address
19471;0;0;0x0000;02 Illegal Data Address
19472;0;0;0x0000;02 Illegal Data Address
19473;0;0;0x0000;02 Illegal Data Address
19474;0;0;0x0000;02 Illegal Data Address
19475;0;0;0x0000;02 Illegal Data Address
19476;0;0;0x0000;02 Illegal Data Address
19477;0;0;0x0000;02 Illegal Data Address
19478;0;0;0x0000;02 Illegal Data Address
19479;0;0;0x0000;02 Illegal Data Address
19480;0;0;0x0000;02 Illegal Data Address
19481;0;0;0x0000;02 Illegal Data Address
19482;0;0;0x0000;02 Illegal Data Address
19483;0;0;0x0000;02 Illegal Data Address
19484;0;0;0x0000;02 Illegal Data Address
19485;0;0;0x0000;02 Illegal Data Address
19486;0;0;0x0000;02 Illegal Data Address
19487;0;0;0x0000;02 Illegal Data Address
19488;0;0;0x0000;02 Illegal Data Address
19489;0;0;0x0000;02 Illegal Data Address
19490;0;0;0x0000;02 Illegal Data Address
19491;0;0;0x0000;02 Illegal Data Address
19492;0;0;0x0000;02 Illegal Data Address
19493;0;0;0x0000;02 Illegal Data Address
19494;0;0;0x0000;02 Illegal Data Address
19495;0;0;0x0000;02 Illegal Data Address
19496;0;0;0x0000;02 Illegal Data Address
19497;0;0;0x0000;02 Illegal Data Address
19498;0;0;0x0000;02 Illegal Data Address
19499;0;0;0x0000;02 Illegal Data Address
19500;0;0;0x0000;02 Illegal Data Address
19501;0;0;0x0000;02 Illegal Data Address
19502;0;0;0x0000;02 Illegal Data Address
19503;0;0;0x0000;02 Illegal Data Address
19504;0;0;0x0000;02 Illegal Data Address
19505;0;0;0x0000;02 Illegal Data Address
19506;0;0;0x0000;02 Illegal Data Address
19507;0;0;0x0000;02 Illegal Data Address
19508;0;0;0x0000;02 Illegal Data Address
19509;0;0;0x0000;02 Illegal Data Address
19510;0;0;0x0000;02 Illegal Data Address
19511;0;0;0x0000;02 Illegal Data Address
19512;0;0;0x0000;02 Illegal Data Address
19513;0;0;0x0000;02 Illegal Data Address
19514;0;0;0x0000;02 Illegal Data Address
19515;0;0;0x0000;02 Illegal Data Address
19516;0;0;0x0000;02 Illegal Data Address
19517;0;0;0x0000;02 Illegal Data Address
19518;0;0;0x0000;02 Illegal Data Address
19519;0;0;0x0000;02 Illegal Data Address
19520;0;0;0x0000;02 Illegal Data Address
19521;0;0;0x0000;02 Illegal Data Address
19522;0;0;0x0000;02 Illegal Data Address
19523;0;0;0x0000;02 Illegal Data Address
19524;0;0;0x0000;02 Illegal Data Address
19525;0;0;0x0000;02 Illegal Data Address
19526;0;0;0x0000;02 Illegal Data Address
19527;0;0;0x0000;02 Illegal Data Address
19528;0;0;0x0000;02 Illegal Data Address
19529;0;0;0x0000;02 Illegal Data Address
19530;0;0;0x0000;02 Illegal Data Address
19531;0;0;0x0000;02 Illegal Data Address
19532;0;0;0x0000;02 Illegal Data Address
19533;0;0;0x0000;02 Illegal Data Address
19534;0;0;0x0000;02 Illegal Data Address
19535;0;0;0x0000;02 Illegal Data Address
19536;0;0;0x0000;02 Illegal Data Address
19537;0;0;0x0000;02 Illegal Data Address
19538;0;0;0x0000;02 Illegal Data Address
19539;0;0;0x0000;02 Illegal Data Address
19540;0;0;0x0000;02 Illegal Data Address
19541;0;0;0x0000;02 Illegal Data Address
19542;0;0;0x0000;02 Illegal Data Address
19543;0;0;0x0000;02 Illegal Data Address
19544;0;0;0x0000;02 Illegal Data Address
19545;0;0;0x0000;02 Illegal Data Address
19546;0;0;0x0000;02 Illegal Data Address
19547;0;0;0x0000;02 Illegal Data Address
19548;0;0;0x0000;02 Illegal Data Address
19549;0;0;0x0000;02 Illegal Data Address
19550;0;0;0x0000;02 Illegal Data Address
19551;0;0;0x0000;02 Illegal Data Address
19552;0;0;0x0000;02 Illegal Data Address
19553;0;0;0x0000;02 Illegal Data Address
19554;0;0;0x0000;02 Illegal Data Address
19555;0;0;0x0000;02 Illegal Data Address
19556;0;0;0x0000;02 Illegal Data Address
19557;0;0;0x0000;02 Illegal Data Address
19558;0;0;0x0000;02 Illegal Data Address
19559;0;0;0x0000;02 Illegal Data Address
19560;0;0;0x0000;02 Illegal Data Address
19561;0;0;0x0000;02 Illegal Data Address
19562;0;0;0x0000;02 Illegal Data Address
19563;0;0;0x0000;02 Illegal Data Address
19564;0;0;0x0000;02 Illegal Data Address
19565;0;0;0x0000;02 Illegal Data Address
19566;0;0;0x0000;02 Illegal Data Address
19567;0;0;0x0000;02 Illegal Data Address
19568;0;0;0x0000;02 Illegal Data Address
19569;0;0;0x0000;02 Illegal Data Address
19570;0;0;0x0000;02 Illegal Data Address
19571;0;0;0x0000;02 Illegal Data Address
19572;0;0;0x0000;02 Illegal Data Address
19573;0;0;0x0000;02 Illegal Data Address
19574;0;0;0x0000;02 Illegal Data Address
19575;0;0;0x0000;02 Illegal Data Address
19576;0;0;0x0000;02 Illegal Data Address
19577;0;0;0x0000;02 Illegal Data Address
19578;0;0;0x0000;02 Illegal Data Address
19579;0;0;0x0000;02 Illegal Data Address
19580;0;0;0x0000;02 Illegal Data Address
19581;0;0;0x0000;02 Illegal Data Address
19582;0;0;0x0000;02 Illegal Data Address
19583;0;0;0x0000;02 Illegal Data Address
19584;0;0;0x0000;02 Illegal Data Address
19585;0;0;0x0000;02 Illegal Data Address
19586;0;0;0x0000;02 Illegal Data Address
19587;0;0;0x0000;02 Illegal Data Address
19588;0;0;0x0000;02 Illegal Data Address
19589;0;0;0x0000;02 Illegal Data Address
19590;0;0;0x0000;02 Illegal Data Address
19591;0;0;0x0000;02 Illegal Data Address
19592;0;0;0x0000;02 Illegal Data Address
19593;0;0;0x0000;02 Illegal Data Address
19594;0;0;0x0000;02 Illegal Data Address
19595;0;0;0x0000;02 Illegal Data Address
19596;0;0;0x0000;02 Illegal Data Address
19597;0;0;0x0000;02 Illegal Data Address
19598;0;0;0x0000;02 Illegal Data Address
19599;0;0;0x0000;02 Illegal Data Address
19600;0;0;0x0000;02 Illegal Data Address
19601;0;0;0x0000;02 Illegal Data Address
19602;0;0;0x0000;02 Illegal Data Address
19603;0;0;0x0000;02 Illegal Data Address
19604;0;0;0x0000;02 Illegal Data Address
19605;0;0;0x0000;02 Illegal Data Address
19606;0;0;0x0000;02 Illegal Data Address
19607;0;0;0x0000;02 Illegal Data Address
19608;0;0;0x0000;02 Illegal Data Address
19609;0;0;0x0000;02 Illegal Data Address
19610;0;0;0x0000;02 Illegal Data Address
19611;0;0;0x0000;02 Illegal Data Address
19612;0;0;0x0000;02 Illegal Data Address
19613;0;0;0x0000;02 Illegal Data Address
19614;0;0;0x0000;02 Illegal Data Address
19615;0;0;0x0000;02 Illegal Data Address
19616;0;0;0x0000;02 Illegal Data Address
19617;0;0;0x0000;02 Illegal Data Address
19618;0;0;0x0000;02 Illegal Data Address
19619;0;0;0x0000;02 Illegal Data Address
19620;0;0;0x0000;02 Illegal Data Address
19621;0;0;0x0000;02 Illegal Data Address
19622;0;0;0x0000;02 Illegal Data Address
19623;0;0;0x0000;02 Illegal Data Address
19624;0;0;0x0000;02 Illegal Data Address
19625;0;0;0x0000;02 Illegal Data Address
19626;0;0;0x0000;02 Illegal Data Address
19627;0;0;0x0000;02 Illegal Data Address
19628;0;0;0x0000;02 Illegal Data Address
19629;0;0;0x0000;02 Illegal Data Address
19630;0;0;0x0000;02 Illegal Data Address
19631;0;0;0x0000;02 Illegal Data Address
19632;0;0;0x0000;02 Illegal Data Address
19633;0;0;0x0000;02 Illegal Data Address
19634;0;0;0x0000;02 Illegal Data Address
19635;0;0;0x0000;02 Illegal Data Address
19636;0;0;0x0000;02 Illegal Data Address
19637;0;0;0x0000;02 Illegal Data Address
19638;0;0;0x0000;02 Illegal Data Address
19639;0;0;0x0000;02 Illegal Data Address
19640;0;0;0x0000;02 Illegal Data Address
19641;0;0;0x0000;02 Illegal Data Address
19642;0;0;0x0000;02 Illegal Data Address
19643;0;0;0x0000;02 Illegal Data Address
19644;0;0;0x0000;02 Illegal Data Address
19645;0;0;0x0000;02 Illegal Data Address
19646;0;0;0x0000;02 Illegal Data Address
19647;0;0;0x0000;02 Illegal Data Address
19648;0;0;0x0000;02 Illegal Data Address
19649;0;0;0x0000;02 Illegal Data Address
19650;0;0;0x0000;02 Illegal Data Address
19651;0;0;0x0000;02 Illegal Data Address
19652;0;0;0x0000;02 Illegal Data Address
19653;0;0;0x0000;02 Illegal Data Address
19654;0;0;0x0000;02 Illegal Data Address
19655;0;0;0x0000;02 Illegal Data Address
19656;0;0;0x0000;02 Illegal Data Address
19657;0;0;0x0000;02 Illegal Data Address
19658;0;0;0x0000;02 Illegal Data Address
19659;0;0;0x0000;02 Illegal Data Address
19660;0;0;0x0000;02 Illegal Data Address
19661;0;0;0x0000;02 Illegal Data Address
19662;0;0;0x0000;02 Illegal Data Address
19663;0;0;0x0000;02 Illegal Data Address
19664;0;0;0x0000;02 Illegal Data Address
19665;0;0;0x0000;02 Illegal Data Address
19666;0;0;0x0000;02 Illegal Data Address
19667;0;0;0x0000;02 Illegal Data Address
19668;0;0;0x0000;02 Illegal Data Address
19669;0;0;0x0000;02 Illegal Data Address
19670;0;0;0x0000;02 Illegal Data Address
19671;0;0;0x0000;02 Illegal Data Address
19672;0;0;0x0000;02 Illegal Data Address
19673;0;0;0x0000;02 Illegal Data Address
19674;0;0;0x0000;02 Illegal Data Address
19675;0;0;0x0000;02 Illegal Data Address
19676;0;0;0x0000;02 Illegal Data Address
19677;0;0;0x0000;02 Illegal Data Address
19678;0;0;0x0000;02 Illegal Data Address
19679;0;0;0x0000;02 Illegal Data Address
19680;0;0;0x0000;02 Illegal Data Address
19681;0;0;0x0000;02 Illegal Data Address
19682;0;0;0x0000;02 Illegal Data Address
19683;0;0;0x0000;02 Illegal Data Address
19684;0;0;0x0000;02 Illegal Data Address
19685;0;0;0x0000;02 Illegal Data Address
19686;0;0;0x0000;02 Illegal Data Address
19687;0;0;0x0000;02 Illegal Data Address
19688;0;0;0x0000;02 Illegal Data Address
19689;0;0;0x0000;02 Illegal Data Address
19690;0;0;0x0000;02 Illegal Data Address
19691;0;0;0x0000;02 Illegal Data Address
19692;0;0;0x0000;02 Illegal Data Address
19693;0;0;0x0000;02 Illegal Data Address
19694;0;0;0x0000;02 Illegal Data Address
19695;0;0;0x0000;02 Illegal Data Address
19696;0;0;0x0000;02 Illegal Data Address
19697;0;0;0x0000;02 Illegal Data Address
19698;0;0;0x0000;02 Illegal Data Address
19699;0;0;0x0000;02 Illegal Data Address
19700;0;0;0x0000;02 Illegal Data Address
19701;0;0;0x0000;02 Illegal Data Address
19702;0;0;0x0000;02 Illegal Data Address
19703;0;0;0x0000;02 Illegal Data Address
19704;0;0;0x0000;02 Illegal Data Address
19705;0;0;0x0000;02 Illegal Data Address
19706;0;0;0x0000;02 Illegal Data Address
19707;0;0;0x0000;02 Illegal Data Address
19708;0;0;0x0000;02 Illegal Data Address
19709;0;0;0x0000;02 Illegal Data Address
19710;0;0;0x0000;02 Illegal Data Address
19711;0;0;0x0000;02 Illegal Data Address
19712;0;0;0x0000;02 Illegal Data Address
19713;0;0;0x0000;02 Illegal Data Address
19714;0;0;0x0000;02 Illegal Data Address
19715;0;0;0x0000;02 Illegal Data Address
19716;0;0;0x0000;02 Illegal Data Address
19717;0;0;0x0000;02 Illegal Data Address
19718;0;0;0x0000;02 Illegal Data Address
19719;0;0;0x0000;02 Illegal Data Address
19720;0;0;0x0000;02 Illegal Data Address
19721;0;0;0x0000;02 Illegal Data Address
19722;0;0;0x0000;02 Illegal Data Address
19723;0;0;0x0000;02 Illegal Data Address
19724;0;0;0x0000;02 Illegal Data Address
19725;0;0;0x0000;02 Illegal Data Address
19726;0;0;0x0000;02 Illegal Data Address
19727;0;0;0x0000;02 Illegal Data Address
19728;0;0;0x0000;02 Illegal Data Address
19729;0;0;0x0000;02 Illegal Data Address
19730;0;0;0x0000;02 Illegal Data Address
19731;0;0;0x0000;02 Illegal Data Address
19732;0;0;0x0000;02 Illegal Data Address
19733;0;0;0x0000;02 Illegal Data Address
19734;0;0;0x0000;02 Illegal Data Address
19735;0;0;0x0000;02 Illegal Data Address
19736;0;0;0x0000;02 Illegal Data Address
19737;0;0;0x0000;02 Illegal Data Address
19738;0;0;0x0000;02 Illegal Data Address
19739;0;0;0x0000;02 Illegal Data Address
19740;0;0;0x0000;02 Illegal Data Address
19741;0;0;0x0000;02 Illegal Data Address
19742;0;0;0x0000;02 Illegal Data Address
19743;0;0;0x0000;02 Illegal Data Address
19744;0;0;0x0000;02 Illegal Data Address
19745;0;0;0x0000;02 Illegal Data Address
19746;0;0;0x0000;02 Illegal Data Address
19747;0;0;0x0000;02 Illegal Data Address
19748;0;0;0x0000;02 Illegal Data Address
19749;0;0;0x0000;02 Illegal Data Address
19750;0;0;0x0000;02 Illegal Data Address
19751;0;0;0x0000;02 Illegal Data Address
19752;0;0;0x0000;02 Illegal Data Address
19753;0;0;0x0000;02 Illegal Data Address
19754;0;0;0x0000;02 Illegal Data Address
19755;0;0;0x0000;02 Illegal Data Address
19756;0;0;0x0000;02 Illegal Data Address
19757;0;0;0x0000;02 Illegal Data Address
19758;0;0;0x0000;02 Illegal Data Address
19759;0;0;0x0000;02 Illegal Data Address
19760;0;0;0x0000;02 Illegal Data Address
19761;0;0;0x0000;02 Illegal Data Address
19762;0;0;0x0000;02 Illegal Data Address
19763;0;0;0x0000;02 Illegal Data Address
19764;0;0;0x0000;02 Illegal Data Address
19765;0;0;0x0000;02 Illegal Data Address
19766;0;0;0x0000;02 Illegal Data Address
19767;0;0;0x0000;02 Illegal Data Address
19768;0;0;0x0000;02 Illegal Data Address
19769;0;0;0x0000;02 Illegal Data Address
19770;0;0;0x0000;02 Illegal Data Address
19771;0;0;0x0000;02 Illegal Data Address
19772;0;0;0x0000;02 Illegal Data Address
19773;0;0;0x0000;02 Illegal Data Address
19774;0;0;0x0000;02 Illegal Data Address
19775;0;0;0x0000;02 Illegal Data Address
19776;0;0;0x0000;02 Illegal Data Address
19777;0;0;0x0000;02 Illegal Data Address
19778;0;0;0x0000;02 Illegal Data Address
19779;0;0;0x0000;02 Illegal Data Address
19780;0;0;0x0000;02 Illegal Data Address
19781;0;0;0x0000;02 Illegal Data Address
19782;0;0;0x0000;02 Illegal Data Address
19783;0;0;0x0000;02 Illegal Data Address
19784;0;0;0x0000;02 Illegal Data Address
19785;0;0;0x0000;02 Illegal Data Address
19786;0;0;0x0000;02 Illegal Data Address
19787;0;0;0x0000;02 Illegal Data Address
19788;0;0;0x0000;02 Illegal Data Address
19789;0;0;0x0000;02 Illegal Data Address
19790;0;0;0x0000;02 Illegal Data Address
19791;0;0;0x0000;02 Illegal Data Address
19792;0;0;0x0000;02 Illegal Data Address
19793;0;0;0x0000;02 Illegal Data Address
19794;0;0;0x0000;02 Illegal Data Address
19795;0;0;0x0000;02 Illegal Data Address
19796;0;0;0x0000;02 Illegal Data Address
19797;0;0;0x0000;02 Illegal Data Address
19798;0;0;0x0000;02 Illegal Data Address
19799;0;0;0x0000;02 Illegal Data Address
19800;0;0;0x0000;02 Illegal Data Address
19801;0;0;0x0000;02 Illegal Data Address
19802;0;0;0x0000;02 Illegal Data Address
19803;0;0;0x0000;02 Illegal Data Address
19804;0;0;0x0000;02 Illegal Data Address
19805;0;0;0x0000;02 Illegal Data Address
19806;0;0;0x0000;02 Illegal Data Address
19807;0;0;0x0000;02 Illegal Data Address
19808;0;0;0x0000;02 Illegal Data Address
19809;0;0;0x0000;02 Illegal Data Address
19810;0;0;0x0000;02 Illegal Data Address
19811;0;0;0x0000;02 Illegal Data Address
19812;0;0;0x0000;02 Illegal Data Address
19813;0;0;0x0000;02 Illegal Data Address
19814;0;0;0x0000;02 Illegal Data Address
19815;0;0;0x0000;02 Illegal Data Address
19816;0;0;0x0000;02 Illegal Data Address
19817;0;0;0x0000;02 Illegal Data Address
19818;0;0;0x0000;02 Illegal Data Address
19819;0;0;0x0000;02 Illegal Data Address
19820;0;0;0x0000;02 Illegal Data Address
19821;0;0;0x0000;02 Illegal Data Address
19822;0;0;0x0000;02 Illegal Data Address
19823;0;0;0x0000;02 Illegal Data Address
19824;0;0;0x0000;02 Illegal Data Address
19825;0;0;0x0000;02 Illegal Data Address
19826;0;0;0x0000;02 Illegal Data Address
19827;0;0;0x0000;02 Illegal Data Address
19828;0;0;0x0000;02 Illegal Data Address
19829;0;0;0x0000;02 Illegal Data Address
19830;0;0;0x0000;02 Illegal Data Address
19831;0;0;0x0000;02 Illegal Data Address
19832;0;0;0x0000;02 Illegal Data Address
19833;0;0;0x0000;02 Illegal Data Address
19834;0;0;0x0000;02 Illegal Data Address
19835;0;0;0x0000;02 Illegal Data Address
19836;0;0;0x0000;02 Illegal Data Address
19837;0;0;0x0000;02 Illegal Data Address
19838;0;0;0x0000;02 Illegal Data Address
19839;0;0;0x0000;02 Illegal Data Address
19840;0;0;0x0000;02 Illegal Data Address
19841;0;0;0x0000;02 Illegal Data Address
19842;0;0;0x0000;02 Illegal Data Address
19843;0;0;0x0000;02 Illegal Data Address
19844;0;0;0x0000;02 Illegal Data Address
19845;0;0;0x0000;02 Illegal Data Address
19846;0;0;0x0000;02 Illegal Data Address
19847;0;0;0x0000;02 Illegal Data Address
19848;0;0;0x0000;02 Illegal Data Address
19849;0;0;0x0000;02 Illegal Data Address
19850;0;0;0x0000;02 Illegal Data Address
19851;0;0;0x0000;02 Illegal Data Address
19852;0;0;0x0000;02 Illegal Data Address
19853;0;0;0x0000;02 Illegal Data Address
19854;0;0;0x0000;02 Illegal Data Address
19855;0;0;0x0000;02 Illegal Data Address
19856;0;0;0x0000;02 Illegal Data Address
19857;0;0;0x0000;02 Illegal Data Address
19858;0;0;0x0000;02 Illegal Data Address
19859;0;0;0x0000;02 Illegal Data Address
19860;0;0;0x0000;02 Illegal Data Address
19861;0;0;0x0000;02 Illegal Data Address
19862;0;0;0x0000;02 Illegal Data Address
19863;0;0;0x0000;02 Illegal Data Address
19864;0;0;0x0000;02 Illegal Data Address
19865;0;0;0x0000;02 Illegal Data Address
19866;0;0;0x0000;02 Illegal Data Address
19867;0;0;0x0000;02 Illegal Data Address
19868;0;0;0x0000;02 Illegal Data Address
19869;0;0;0x0000;02 Illegal Data Address
19870;0;0;0x0000;02 Illegal Data Address
19871;0;0;0x0000;02 Illegal Data Address
19872;0;0;0x0000;02 Illegal Data Address
19873;0;0;0x0000;02 Illegal Data Address
19874;0;0;0x0000;02 Illegal Data Address
19875;0;0;0x0000;02 Illegal Data Address
19876;0;0;0x0000;02 Illegal Data Address
19877;0;0;0x0000;02 Illegal Data Address
19878;0;0;0x0000;02 Illegal Data Address
19879;0;0;0x0000;02 Illegal Data Address
19880;0;0;0x0000;02 Illegal Data Address
19881;0;0;0x0000;02 Illegal Data Address
19882;0;0;0x0000;02 Illegal Data Address
19883;0;0;0x0000;02 Illegal Data Address
19884;0;0;0x0000;02 Illegal Data Address
19885;0;0;0x0000;02 Illegal Data Address
19886;0;0;0x0000;02 Illegal Data Address
19887;0;0;0x0000;02 Illegal Data Address
19888;0;0;0x0000;02 Illegal Data Address
19889;0;0;0x0000;02 Illegal Data Address
19890;0;0;0x0000;02 Illegal Data Address
19891;0;0;0x0000;02 Illegal Data Address
19892;0;0;0x0000;02 Illegal Data Address
19893;0;0;0x0000;02 Illegal Data Address
19894;0;0;0x0000;02 Illegal Data Address
19895;0;0;0x0000;02 Illegal Data Address
19896;0;0;0x0000;02 Illegal Data Address
19897;0;0;0x0000;02 Illegal Data Address
19898;0;0;0x0000;02 Illegal Data Address
19899;0;0;0x0000;02 Illegal Data Address
19900;0;0;0x0000;02 Illegal Data Address
19901;0;0;0x0000;02 Illegal Data Address
19902;0;0;0x0000;02 Illegal Data Address
19903;0;0;0x0000;02 Illegal Data Address
19904;0;0;0x0000;02 Illegal Data Address
19905;0;0;0x0000;02 Illegal Data Address
19906;0;0;0x0000;02 Illegal Data Address
19907;0;0;0x0000;02 Illegal Data Address
19908;0;0;0x0000;02 Illegal Data Address
19909;0;0;0x0000;02 Illegal Data Address
19910;0;0;0x0000;02 Illegal Data Address
19911;0;0;0x0000;02 Illegal Data Address
19912;0;0;0x0000;02 Illegal Data Address
19913;0;0;0x0000;02 Illegal Data Address
19914;0;0;0x0000;02 Illegal Data Address
19915;0;0;0x0000;02 Illegal Data Address
19916;0;0;0x0000;02 Illegal Data Address
19917;0;0;0x0000;02 Illegal Data Address
19918;0;0;0x0000;02 Illegal Data Address
19919;0;0;0x0000;02 Illegal Data Address
19920;0;0;0x0000;02 Illegal Data Address
19921;0;0;0x0000;02 Illegal Data Address
19922;0;0;0x0000;02 Illegal Data Address
19923;0;0;0x0000;02 Illegal Data Address
19924;0;0;0x0000;02 Illegal Data Address
19925;0;0;0x0000;02 Illegal Data Address
19926;0;0;0x0000;02 Illegal Data Address
19927;0;0;0x0000;02 Illegal Data Address
19928;0;0;0x0000;02 Illegal Data Address
19929;0;0;0x0000;02 Illegal Data Address
19930;0;0;0x0000;02 Illegal Data Address
19931;0;0;0x0000;02 Illegal Data Address
19932;0;0;0x0000;02 Illegal Data Address
19933;0;0;0x0000;02 Illegal Data Address
19934;0;0;0x0000;02 Illegal Data Address
19935;0;0;0x0000;02 Illegal Data Address
19936;0;0;0x0000;02 Illegal Data Address
19937;0;0;0x0000;02 Illegal Data Address
19938;0;0;0x0000;02 Illegal Data Address
19939;0;0;0x0000;02 Illegal Data Address
19940;0;0;0x0000;02 Illegal Data Address
19941;0;0;0x0000;02 Illegal Data Address
19942;0;0;0x0000;02 Illegal Data Address
19943;0;0;0x0000;02 Illegal Data Address
19944;0;0;0x0000;02 Illegal Data Address
19945;0;0;0x0000;02 Illegal Data Address
19946;0;0;0x0000;02 Illegal Data Address
19947;0;0;0x0000;02 Illegal Data Address
19948;0;0;0x0000;02 Illegal Data Address
19949;0;0;0x0000;02 Illegal Data Address
19950;0;0;0x0000;02 Illegal Data Address
19951;0;0;0x0000;02 Illegal Data Address
19952;0;0;0x0000;02 Illegal Data Address
19953;0;0;0x0000;02 Illegal Data Address
19954;0;0;0x0000;02 Illegal Data Address
19955;0;0;0x0000;02 Illegal Data Address
19956;0;0;0x0000;02 Illegal Data Address
19957;0;0;0x0000;02 Illegal Data Address
19958;0;0;0x0000;02 Illegal Data Address
19959;0;0;0x0000;02 Illegal Data Address
19960;0;0;0x0000;02 Illegal Data Address
19961;0;0;0x0000;02 Illegal Data Address
19962;0;0;0x0000;02 Illegal Data Address
19963;0;0;0x0000;02 Illegal Data Address
19964;0;0;0x0000;02 Illegal Data Address
19965;0;0;0x0000;02 Illegal Data Address
19966;0;0;0x0000;02 Illegal Data Address
19967;0;0;0x0000;02 Illegal Data Address
19968;0;0;0x0000;02 Illegal Data Address
19969;0;0;0x0000;02 Illegal Data Address
19970;0;0;0x0000;02 Illegal Data Address
19971;0;0;0x0000;02 Illegal Data Address
19972;0;0;0x0000;02 Illegal Data Address
19973;0;0;0x0000;02 Illegal Data Address
19974;0;0;0x0000;02 Illegal Data Address
19975;0;0;0x0000;02 Illegal Data Address
19976;0;0;0x0000;02 Illegal Data Address
19977;0;0;0x0000;02 Illegal Data Address
19978;0;0;0x0000;02 Illegal Data Address
19979;0;0;0x0000;02 Illegal Data Address
19980;0;0;0x0000;02 Illegal Data Address
19981;0;0;0x0000;02 Illegal Data Address
19982;0;0;0x0000;02 Illegal Data Address
19983;0;0;0x0000;02 Illegal Data Address
19984;0;0;0x0000;02 Illegal Data Address
19985;0;0;0x0000;02 Illegal Data Address
19986;0;0;0x0000;02 Illegal Data Address
19987;0;0;0x0000;02 Illegal Data Address
19988;0;0;0x0000;02 Illegal Data Address
19989;0;0;0x0000;02 Illegal Data Address
19990;0;0;0x0000;02 Illegal Data Address
19991;0;0;0x0000;02 Illegal Data Address
19992;0;0;0x0000;02 Illegal Data Address
19993;0;0;0x0000;02 Illegal Data Address
19994;0;0;0x0000;02 Illegal Data Address
19995;0;0;0x0000;02 Illegal Data Address
19996;0;0;0x0000;02 Illegal Data Address
19997;0;0;0x0000;02 Illegal Data Address
19998;0;0;0x0000;02 Illegal Data Address
19999;0;0;0x0000;02 Illegal Data Address
20000;0;0;0x0000;02 Illegal Data Address
